Historic Data For Mississippi River at Tarbert Landing - Discharge (01100Q) ,
Gage Zero: 0 Ft. Gage,Longitude: -91.62361110
,Latitude: 31.00808330
,
,River Mile: 306.3
Location of Gage:,
,
"The Tarbert Landing Discharge Range is located on the Mississippi River at river mile 306.3, about 4 miles upstream of Red River Landing.  The daily computed flow values are based on and related to corresponding stage values read at the Red River Landing gage.  See link at bottom of page for discharge hydrograph comparing this year vs. prior years high/low/average flows.",
,
NOTE:  The river discharge (flow) data units are CFS (cubic feet per sec).,
,
,
,
CLICK ON TABULATE TO DISPLAY DATA,
,
07:00 Central,
Date / Time,Flow (CFS)
1/1/2006 8:00,"192,000"
1/2/2006 8:00,"185,000"
1/3/2006 8:00,"184,000"
1/4/2006 8:00,"186,000"
1/5/2006 8:00,"190,000"
1/6/2006 8:00,"196,000"
1/7/2006 8:00,"202,000"
1/8/2006 8:00,"210,000"
1/9/2006 8:00,"214,000"
1/10/2006 8:00,"223,000"
1/11/2006 8:00,"233,000"
1/12/2006 8:00,"249,000"
1/13/2006 8:00,"256,000"
1/14/2006 8:00,"269,000"
1/15/2006 8:00,"280,000"
1/16/2006 8:00,"290,000"
1/17/2006 8:00,"296,000"
1/18/2006 8:00,"304,000"
1/19/2006 8:00,"310,000"
1/20/2006 8:00,"313,000"
1/21/2006 8:00,"314,000"
1/22/2006 8:00,"317,000"
1/23/2006 8:00,"320,000"
1/24/2006 8:00,"328,000"
1/25/2006 8:00,"346,000"
1/26/2006 8:00,"375,000"
1/27/2006 8:00,"410,000"
1/28/2006 8:00,"438,000"
1/29/2006 8:00,"474,000"
1/30/2006 8:00,"518,000"
1/31/2006 8:00,"570,000"
2/1/2006 8:00,"581,000"
2/2/2006 8:00,"600,000"
2/3/2006 8:00,"627,000"
2/4/2006 8:00,"646,000"
2/5/2006 8:00,"649,000"
2/6/2006 8:00,"642,000"
2/7/2006 8:00,"588,000"
2/8/2006 8:00,"570,000"
2/9/2006 8:00,"548,000"
2/10/2006 8:00,"524,000"
2/11/2006 8:00,"510,000"
2/12/2006 8:00,"506,000"
2/13/2006 8:00,"490,000"
2/14/2006 8:00,"484,000"
2/15/2006 8:00,"482,000"
2/16/2006 8:00,"473,000"
2/17/2006 8:00,"464,000"
2/18/2006 8:00,"452,000"
2/19/2006 8:00,"438,000"
2/20/2006 8:00,"422,000"
2/21/2006 8:00,"400,000"
2/22/2006 8:00,"380,000"
2/23/2006 8:00,"362,000"
2/24/2006 8:00,"350,000"
2/25/2006 8:00,"352,000"
2/26/2006 8:00,"359,000"
2/27/2006 8:00,"365,000"
2/28/2006 8:00,"372,000"
3/1/2006 8:00,"375,000"
3/2/2006 8:00,"373,000"
3/3/2006 8:00,"365,000"
3/4/2006 8:00,"357,000"
3/5/2006 8:00,"349,000"
3/6/2006 8:00,"339,000"
3/7/2006 8:00,"328,000"
3/8/2006 8:00,"314,000"
3/9/2006 8:00,"304,000"
3/10/2006 8:00,"293,000"
3/11/2006 8:00,"288,000"
3/12/2006 8:00,"277,000"
3/13/2006 8:00,"272,000"
3/14/2006 8:00,"270,000"
3/15/2006 8:00,"272,000"
3/16/2006 8:00,"277,000"
3/17/2006 8:00,"295,000"
3/18/2006 8:00,"320,000"
3/19/2006 8:00,"361,000"
3/20/2006 8:00,"412,000"
3/21/2006 8:00,"500,000"
3/22/2006 8:00,"576,000"
3/23/2006 8:00,"624,000"
3/24/2006 8:00,"660,000"
3/25/2006 8:00,"697,000"
3/26/2006 8:00,"727,000"
3/27/2006 8:00,"734,000"
3/28/2006 8:00,"735,000"
3/29/2006 8:00,"724,000"
3/30/2006 8:00,"705,000"
3/31/2006 8:00,"660,000"
4/1/2006 8:00,"618,000"
4/2/2006 8:00,"582,000"
4/3/2006 8:00,"544,000"
4/4/2006 8:00,"505,000"
4/5/2006 8:00,"470,000"
4/6/2006 8:00,"433,000"
4/7/2006 8:00,"405,000"
4/8/2006 8:00,"381,000"
4/9/2006 8:00,"363,000"
4/10/2006 8:00,"352,000"
4/11/2006 8:00,"344,000"
4/12/2006 8:00,"341,000"
4/13/2006 8:00,"344,000"
4/14/2006 8:00,"348,000"
4/15/2006 8:00,"350,000"
4/16/2006 8:00,"365,000"
4/17/2006 8:00,"388,000"
4/18/2006 8:00,"412,000"
4/19/2006 8:00,"424,000"
4/20/2006 8:00,"432,000"
4/21/2006 8:00,"436,000"
4/22/2006 8:00,"438,000"
4/23/2006 8:00,"434,000"
4/24/2006 8:00,"430,000"
4/25/2006 8:00,"429,000"
4/26/2006 8:00,"434,000"
4/27/2006 8:00,"444,000"
4/28/2006 8:00,"449,000"
4/29/2006 8:00,"454,000"
4/30/2006 8:00,"469,000"
5/1/2006 8:00,"484,000"
5/2/2006 8:00,"505,000"
5/3/2006 8:00,"516,000"
5/4/2006 8:00,"526,000"
5/5/2006 8:00,"526,000"
5/6/2006 8:00,"524,000"
5/7/2006 8:00,"522,000"
5/8/2006 8:00,"516,000"
5/9/2006 8:00,"532,000"
5/10/2006 8:00,"537,000"
5/11/2006 8:00,"532,000"
5/12/2006 8:00,"526,000"
5/13/2006 8:00,"524,000"
5/14/2006 8:00,"524,000"
5/15/2006 8:00,"527,000"
5/16/2006 8:00,"524,000"
5/17/2006 8:00,"522,000"
5/18/2006 8:00,"516,000"
5/19/2006 8:00,"512,000"
5/20/2006 8:00,"500,000"
5/21/2006 8:00,"488,000"
5/22/2006 8:00,"473,000"
5/23/2006 8:00,"450,000"
5/24/2006 8:00,"430,000"
5/25/2006 8:00,"405,000"
5/26/2006 8:00,"395,000"
5/27/2006 8:00,"386,000"
5/28/2006 8:00,"378,000"
5/29/2006 8:00,"375,000"
5/30/2006 8:00,"370,000"
5/31/2006 8:00,"373,000"
6/1/2006 8:00,"373,000"
6/2/2006 8:00,"375,000"
6/3/2006 8:00,"378,000"
6/4/2006 8:00,"374,000"
6/5/2006 8:00,"365,000"
6/6/2006 8:00,"360,000"
6/7/2006 8:00,"349,000"
6/8/2006 8:00,"336,000"
6/9/2006 8:00,"328,000"
6/10/2006 8:00,"324,000"
6/11/2006 8:00,"322,000"
6/12/2006 8:00,"320,000"
6/13/2006 8:00,"321,000"
6/14/2006 8:00,"321,000"
6/15/2006 8:00,"319,000"
6/16/2006 8:00,"314,000"
6/17/2006 8:00,"312,000"
6/18/2006 8:00,"300,000"
6/19/2006 8:00,"286,000"
6/20/2006 8:00,"276,000"
6/21/2006 8:00,"263,000"
6/22/2006 8:00,"253,000"
6/23/2006 8:00,"245,000"
6/24/2006 8:00,"241,000"
6/25/2006 8:00,"238,000"
6/26/2006 8:00,"235,000"
6/27/2006 8:00,"232,000"
6/28/2006 8:00,"229,000"
6/29/2006 8:00,"225,000"
6/30/2006 8:00,"216,000"
7/1/2006 8:00,"215,000"
7/2/2006 8:00,"211,000"
7/3/2006 8:00,"212,000"
7/4/2006 8:00,"212,000"
7/5/2006 8:00,"214,000"
7/6/2006 8:00,"219,000"
7/7/2006 8:00,"227,000"
7/8/2006 8:00,"235,000"
7/9/2006 8:00,"242,000"
7/10/2006 8:00,"248,000"
7/11/2006 8:00,"250,000"
7/12/2006 8:00,"248,000"
7/13/2006 8:00,"240,000"
7/14/2006 8:00,"231,000"
7/15/2006 8:00,"224,000"
7/16/2006 8:00,"220,000"
7/17/2006 8:00,"225,000"
7/18/2006 8:00,"229,000"
7/19/2006 8:00,"229,000"
7/20/2006 8:00,"226,000"
7/21/2006 8:00,"225,000"
7/22/2006 8:00,"225,000"
7/23/2006 8:00,"227,000"
7/24/2006 8:00,"234,000"
7/25/2006 8:00,"242,000"
7/26/2006 8:00,"244,000"
7/27/2006 8:00,"246,000"
7/28/2006 8:00,"245,000"
7/29/2006 8:00,"240,000"
7/30/2006 8:00,"232,000"
7/31/2006 8:00,"223,000"
8/1/2006 8:00,"215,000"
8/2/2006 8:00,"208,000"
8/3/2006 8:00,"202,000"
8/4/2006 8:00,"197,000"
8/5/2006 8:00,"193,000"
8/6/2006 8:00,"188,000"
8/7/2006 8:00,"187,000"
8/8/2006 8:00,"186,000"
8/9/2006 8:00,"187,000"
8/10/2006 8:00,"188,000"
8/11/2006 8:00,"188,000"
8/12/2006 8:00,"188,000"
8/13/2006 8:00,"184,000"
8/14/2006 8:00,"174,000"
8/15/2006 8:00,"169,000"
8/16/2006 8:00,"168,000"
8/17/2006 8:00,"171,000"
8/18/2006 8:00,"171,000"
8/19/2006 8:00,"173,000"
8/20/2006 8:00,"171,000"
8/21/2006 8:00,"168,000"
8/22/2006 8:00,"166,000"
8/23/2006 8:00,"171,000"
8/24/2006 8:00,"168,000"
8/25/2006 8:00,"166,000"
8/26/2006 8:00,"166,000"
8/27/2006 8:00,"163,000"
8/28/2006 8:00,"161,000"
8/29/2006 8:00,"160,000"
8/30/2006 8:00,"158,000"
8/31/2006 8:00,"155,000"
9/1/2006 8:00,"153,000"
9/2/2006 8:00,"151,000"
9/3/2006 8:00,"148,000"
9/4/2006 8:00,"145,000"
9/5/2006 8:00,"145,000"
9/6/2006 8:00,"152,000"
9/7/2006 8:00,"160,000"
9/8/2006 8:00,"165,000"
9/9/2006 8:00,"169,000"
9/10/2006 8:00,"174,000"
9/11/2006 8:00,"177,000"
9/12/2006 8:00,"182,000"
9/13/2006 8:00,"192,000"
9/14/2006 8:00,"191,000"
9/15/2006 8:00,"188,000"
9/16/2006 8:00,"184,000"
9/17/2006 8:00,"179,000"
9/18/2006 8:00,"175,000"
9/19/2006 8:00,"177,000"
9/20/2006 8:00,"179,000"
9/21/2006 8:00,"185,000"
9/22/2006 8:00,"196,000"
9/23/2006 8:00,"207,000"
9/24/2006 8:00,"218,000"
9/25/2006 8:00,"224,000"
9/26/2006 8:00,"227,000"
9/27/2006 8:00,"230,000"
9/28/2006 8:00,"226,000"
9/29/2006 8:00,"227,000"
9/30/2006 8:00,"238,000"
10/1/2006 8:00,"272,000"
10/2/2006 8:00,"314,000"
10/3/2006 8:00,"344,000"
10/4/2006 8:00,"360,000"
10/5/2006 8:00,"365,000"
10/6/2006 8:00,"360,000"
10/7/2006 8:00,"355,000"
10/8/2006 8:00,"337,000"
10/9/2006 8:00,"318,000"
10/10/2006 8:00,"302,000"
10/11/2006 8:00,"286,000"
10/12/2006 8:00,"273,000"
10/13/2006 8:00,"263,000"
10/14/2006 8:00,"257,000"
10/15/2006 8:00,"253,000"
10/16/2006 8:00,"250,000"
10/17/2006 8:00,"265,000"
10/18/2006 8:00,"297,000"
10/19/2006 8:00,"300,000"
10/20/2006 8:00,"294,000"
10/21/2006 8:00,"292,000"
10/22/2006 8:00,"288,000"
10/23/2006 8:00,"281,000"
10/24/2006 8:00,"276,000"
10/25/2006 8:00,"276,000"
10/26/2006 8:00,"286,000"
10/27/2006 8:00,"309,000"
10/28/2006 8:00,"327,000"
10/29/2006 8:00,"344,000"
10/30/2006 8:00,"375,000"
10/31/2006 8:00,"385,000"
11/1/2006 8:00,"392,000"
11/2/2006 8:00,"420,000"
11/3/2006 8:00,"426,000"
11/4/2006 8:00,"427,000"
11/5/2006 8:00,"429,000"
11/6/2006 8:00,"433,000"
11/7/2006 8:00,"437,000"
11/8/2006 8:00,"442,000"
11/9/2006 8:00,"451,000"
11/10/2006 8:00,"456,000"
11/11/2006 8:00,"456,000"
11/12/2006 8:00,"450,000"
11/13/2006 8:00,"440,000"
11/14/2006 8:00,"430,000"
11/15/2006 8:00,"422,000"
11/16/2006 8:00,"405,000"
11/17/2006 8:00,"396,000"
11/18/2006 8:00,"385,000"
11/19/2006 8:00,"378,000"
11/20/2006 8:00,"373,000"
11/21/2006 8:00,"362,000"
11/22/2006 8:00,"354,000"
11/23/2006 8:00,"360,000"
11/24/2006 8:00,"378,000"
11/25/2006 8:00,"400,000"
11/26/2006 8:00,"423,000"
11/27/2006 8:00,"440,000"
11/28/2006 8:00,"447,000"
11/29/2006 8:00,"455,000"
11/30/2006 8:00,"455,000"
12/1/2006 8:00,"455,000"
12/2/2006 8:00,"450,000"
12/3/2006 8:00,"445,000"
12/4/2006 8:00,"442,000"
12/5/2006 8:00,"442,000"
12/6/2006 8:00,"435,000"
12/7/2006 8:00,"415,000"
12/8/2006 8:00,"400,000"
12/9/2006 8:00,"402,000"
12/10/2006 8:00,"412,000"
12/11/2006 8:00,"421,000"
12/12/2006 8:00,"421,000"
12/13/2006 8:00,"416,000"
12/14/2006 8:00,"420,000"
12/15/2006 8:00,"420,000"
12/16/2006 8:00,"416,000"
12/17/2006 8:00,"404,000"
12/18/2006 8:00,"390,000"
12/19/2006 8:00,"375,000"
12/20/2006 8:00,"364,000"
12/21/2006 8:00,"354,000"
12/22/2006 8:00,"353,000"
12/23/2006 8:00,"358,000"
12/24/2006 8:00,"358,000"
12/25/2006 8:00,"362,000"
12/26/2006 8:00,"367,000"
12/27/2006 8:00,"369,000"
12/28/2006 8:00,"370,000"
12/29/2006 8:00,"370,000"
12/30/2006 8:00,"385,000"
12/31/2006 8:00,"423,000"
1/1/2007 8:00,"454,000"
1/2/2007 8:00,"487,000"
1/3/2007 8:00,"547,000"
1/4/2007 8:00,"593,000"
1/5/2007 8:00,"627,000"
1/6/2007 8:00,"669,000"
1/7/2007 8:00,"675,000"
1/8/2007 8:00,"675,000"
1/9/2007 8:00,"684,000"
1/10/2007 8:00,"684,000"
1/11/2007 8:00,"684,000"
1/12/2007 8:00,"684,000"
1/13/2007 8:00,"672,000"
1/14/2007 8:00,"676,000"
1/15/2007 8:00,"690,000"
1/16/2007 8:00,"710,000"
1/17/2007 8:00,"742,000"
1/18/2007 8:00,"774,000"
1/19/2007 8:00,"805,000"
1/20/2007 8:00,"830,000"
1/21/2007 8:00,"855,000"
1/22/2007 8:00,"888,000"
1/23/2007 8:00,"901,000"
1/24/2007 8:00,"906,000"
1/25/2007 8:00,"912,000"
1/26/2007 8:00,"920,000"
1/27/2007 8:00,"923,000"
1/28/2007 8:00,"927,000"
1/29/2007 8:00,"930,000"
1/30/2007 8:00,"927,000"
1/31/2007 8:00,"923,000"
2/1/2007 8:00,"920,000"
2/2/2007 8:00,"915,000"
2/3/2007 8:00,"905,000"
2/4/2007 8:00,"887,000"
2/5/2007 8:00,"854,000"
2/6/2007 8:00,"820,000"
2/7/2007 8:00,"780,000"
2/8/2007 8:00,"751,000"
2/9/2007 8:00,"710,000"
2/10/2007 8:00,"666,000"
2/11/2007 8:00,"616,000"
2/12/2007 8:00,"580,000"
2/13/2007 8:00,"550,000"
2/14/2007 8:00,"520,000"
2/15/2007 8:00,"491,000"
2/16/2007 8:00,"463,000"
2/17/2007 8:00,"438,000"
2/18/2007 8:00,"423,000"
2/19/2007 8:00,"412,000"
2/20/2007 8:00,"400,000"
2/21/2007 8:00,"395,000"
2/22/2007 8:00,"394,000"
2/23/2007 8:00,"393,000"
2/24/2007 8:00,"395,000"
2/25/2007 8:00,"395,000"
2/26/2007 8:00,"387,000"
2/27/2007 8:00,"387,000"
2/28/2007 8:00,"387,000"
3/1/2007 8:00,"386,000"
3/2/2007 8:00,"392,000"
3/3/2007 8:00,"404,000"
3/4/2007 8:00,"440,000"
3/5/2007 8:00,"490,000"
3/6/2007 8:00,"533,000"
3/7/2007 8:00,"566,000"
3/8/2007 8:00,"596,000"
3/9/2007 8:00,"613,000"
3/10/2007 8:00,"625,000"
3/11/2007 8:00,"641,000"
3/12/2007 8:00,"650,000"
3/13/2007 8:00,"658,000"
3/14/2007 8:00,"664,000"
3/15/2007 8:00,"670,000"
3/16/2007 8:00,"670,000"
3/17/2007 8:00,"666,000"
3/18/2007 8:00,"656,000"
3/19/2007 8:00,"633,000"
3/20/2007 8:00,"610,000"
3/21/2007 8:00,"576,000"
3/22/2007 8:00,"553,000"
3/23/2007 8:00,"527,000"
3/24/2007 8:00,"511,000"
3/25/2007 8:00,"501,000"
3/26/2007 8:00,"501,000"
3/27/2007 8:00,"509,000"
3/28/2007 8:00,"520,000"
3/29/2007 8:00,"536,000"
3/30/2007 8:00,"555,000"
3/31/2007 8:00,"577,000"
4/1/2007 8:00,"594,000"
4/2/2007 8:00,"610,000"
4/3/2007 8:00,"623,000"
4/4/2007 8:00,"629,000"
4/5/2007 8:00,"635,000"
4/6/2007 8:00,"635,000"
4/7/2007 8:00,"638,000"
4/8/2007 8:00,"645,000"
4/9/2007 8:00,"653,000"
4/10/2007 8:00,"660,000"
4/11/2007 8:00,"670,000"
4/12/2007 8:00,"670,000"
4/13/2007 8:00,"670,000"
4/14/2007 8:00,"667,000"
4/15/2007 8:00,"664,000"
4/16/2007 8:00,"656,000"
4/17/2007 8:00,"623,000"
4/18/2007 8:00,"611,000"
4/19/2007 8:00,"602,000"
4/20/2007 8:00,"595,000"
4/21/2007 8:00,"590,000"
4/22/2007 8:00,"594,000"
4/23/2007 8:00,"601,000"
4/24/2007 8:00,"613,000"
4/25/2007 8:00,"620,000"
4/26/2007 8:00,"634,000"
4/27/2007 8:00,"650,000"
4/28/2007 8:00,"656,000"
4/29/2007 8:00,"672,000"
4/30/2007 8:00,"686,000"
5/1/2007 8:00,"690,000"
5/2/2007 8:00,"686,000"
5/3/2007 8:00,"672,000"
5/4/2007 8:00,"672,000"
5/5/2007 8:00,"676,000"
5/6/2007 8:00,"657,000"
5/7/2007 8:00,"634,000"
5/8/2007 8:00,"624,000"
5/9/2007 8:00,"620,000"
5/10/2007 8:00,"616,000"
5/11/2007 8:00,"614,000"
5/12/2007 8:00,"614,000"
5/13/2007 8:00,"620,000"
5/14/2007 8:00,"624,000"
5/15/2007 8:00,"630,000"
5/16/2007 8:00,"635,000"
5/17/2007 8:00,"650,000"
5/18/2007 8:00,"660,000"
5/19/2007 8:00,"668,000"
5/20/2007 8:00,"672,000"
5/21/2007 8:00,"665,000"
5/22/2007 8:00,"653,000"
5/23/2007 8:00,"645,000"
5/24/2007 8:00,"633,000"
5/25/2007 8:00,"618,000"
5/26/2007 8:00,"610,000"
5/27/2007 8:00,"592,000"
5/28/2007 8:00,"570,000"
5/29/2007 8:00,"550,000"
5/30/2007 8:00,"527,000"
5/31/2007 8:00,"500,000"
6/1/2007 8:00,"471,000"
6/2/2007 8:00,"445,000"
6/3/2007 8:00,"421,000"
6/4/2007 8:00,"399,000"
6/5/2007 8:00,"393,000"
6/6/2007 8:00,"391,000"
6/7/2007 8:00,"391,000"
6/8/2007 8:00,"391,000"
6/9/2007 8:00,"391,000"
6/10/2007 8:00,"397,000"
6/11/2007 8:00,"400,000"
6/12/2007 8:00,"401,000"
6/13/2007 8:00,"396,000"
6/14/2007 8:00,"392,000"
6/15/2007 8:00,"390,000"
6/16/2007 8:00,"387,000"
6/17/2007 8:00,"384,000"
6/18/2007 8:00,"386,000"
6/19/2007 8:00,"390,000"
6/20/2007 8:00,"399,000"
6/21/2007 8:00,"402,000"
6/22/2007 8:00,"401,000"
6/23/2007 8:00,"401,000"
6/24/2007 8:00,"401,000"
6/25/2007 8:00,"399,000"
6/26/2007 8:00,"400,000"
6/27/2007 8:00,"407,000"
6/28/2007 8:00,"405,000"
6/29/2007 8:00,"398,000"
6/30/2007 8:00,"398,000"
7/1/2007 8:00,"395,000"
7/2/2007 8:00,"391,000"
7/3/2007 8:00,"394,000"
7/4/2007 8:00,"403,000"
7/5/2007 8:00,"414,000"
7/6/2007 8:00,"420,000"
7/7/2007 8:00,"426,000"
7/8/2007 8:00,"436,000"
7/9/2007 8:00,"446,000"
7/10/2007 8:00,"475,000"
7/11/2007 8:00,"494,000"
7/12/2007 8:00,"500,000"
7/13/2007 8:00,"530,000"
7/14/2007 8:00,"541,000"
7/15/2007 8:00,"560,000"
7/16/2007 8:00,"588,000"
7/17/2007 8:00,"586,000"
7/18/2007 8:00,"580,000"
7/19/2007 8:00,"576,000"
7/20/2007 8:00,"570,000"
7/21/2007 8:00,"548,000"
7/22/2007 8:00,"533,000"
7/23/2007 8:00,"515,000"
7/24/2007 8:00,"498,000"
7/25/2007 8:00,"484,000"
7/26/2007 8:00,"470,000"
7/27/2007 8:00,"455,000"
7/28/2007 8:00,"442,000"
7/29/2007 8:00,"430,000"
7/30/2007 8:00,"421,000"
7/31/2007 8:00,"410,000"
8/1/2007 8:00,"401,000"
8/2/2007 8:00,"396,000"
8/3/2007 8:00,"386,000"
8/4/2007 8:00,"378,000"
8/5/2007 8:00,"367,000"
8/6/2007 8:00,"354,000"
8/7/2007 8:00,"345,000"
8/8/2007 8:00,"338,000"
8/9/2007 8:00,"334,000"
8/10/2007 8:00,"330,000"
8/11/2007 8:00,"323,000"
8/12/2007 8:00,"313,000"
8/13/2007 8:00,"296,000"
8/14/2007 8:00,"281,000"
8/15/2007 8:00,"265,000"
8/16/2007 8:00,"264,000"
8/17/2007 8:00,"258,000"
8/18/2007 8:00,"258,000"
8/19/2007 8:00,"258,000"
8/20/2007 8:00,"263,000"
8/21/2007 8:00,"263,000"
8/22/2007 8:00,"263,000"
8/23/2007 8:00,"264,000"
8/24/2007 8:00,"260,000"
8/25/2007 8:00,"270,000"
8/26/2007 8:00,"266,000"
8/27/2007 8:00,"265,000"
8/28/2007 8:00,"257,000"
8/29/2007 8:00,"253,000"
8/30/2007 8:00,"259,000"
8/31/2007 8:00,"274,000"
9/1/2007 8:00,"279,000"
9/2/2007 8:00,"287,000"
9/3/2007 8:00,"296,000"
9/4/2007 8:00,"306,000"
9/5/2007 8:00,"316,000"
9/6/2007 8:00,"328,000"
9/7/2007 8:00,"337,000"
9/8/2007 8:00,"346,000"
9/9/2007 8:00,"351,000"
9/10/2007 8:00,"351,000"
9/11/2007 8:00,"355,000"
9/12/2007 8:00,"351,000"
9/13/2007 8:00,"347,000"
9/14/2007 8:00,"347,000"
9/15/2007 8:00,"345,000"
9/16/2007 8:00,"339,000"
9/17/2007 8:00,"324,000"
9/18/2007 8:00,"305,000"
9/19/2007 8:00,"288,000"
9/20/2007 8:00,"278,000"
9/21/2007 8:00,"270,000"
9/22/2007 8:00,"254,000"
9/23/2007 8:00,"245,000"
9/24/2007 8:00,"237,000"
9/25/2007 8:00,"224,000"
9/26/2007 8:00,"214,000"
9/27/2007 8:00,"207,000"
9/28/2007 8:00,"204,000"
9/29/2007 8:00,"200,000"
9/30/2007 8:00,"197,000"
10/1/2007 8:00,"192,000"
10/2/2007 8:00,"184,000"
10/3/2007 8:00,"180,000"
10/4/2007 8:00,"176,000"
10/5/2007 8:00,"175,000"
10/6/2007 8:00,"175,000"
10/7/2007 8:00,"182,000"
10/8/2007 8:00,"192,000"
10/9/2007 8:00,"190,000"
10/10/2007 8:00,"181,000"
10/11/2007 8:00,"174,000"
10/12/2007 8:00,"169,000"
10/13/2007 8:00,"167,000"
10/14/2007 8:00,"166,000"
10/15/2007 8:00,"166,000"
10/16/2007 8:00,"166,000"
10/17/2007 8:00,"167,000"
10/18/2007 8:00,"172,000"
10/19/2007 8:00,"196,000"
10/20/2007 8:00,"197,000"
10/21/2007 8:00,"201,000"
10/22/2007 8:00,"204,000"
10/23/2007 8:00,"210,000"
10/24/2007 8:00,"217,000"
10/25/2007 8:00,"223,000"
10/26/2007 8:00,"231,000"
10/27/2007 8:00,"244,000"
10/28/2007 8:00,"257,000"
10/29/2007 8:00,"267,000"
10/30/2007 8:00,"287,000"
10/31/2007 8:00,"311,000"
11/1/2007 8:00,"329,000"
11/2/2007 8:00,"340,000"
11/3/2007 8:00,"342,000"
11/4/2007 8:00,"334,000"
11/5/2007 8:00,"324,000"
11/6/2007 8:00,"315,000"
11/7/2007 8:00,"305,000"
11/8/2007 8:00,"295,000"
11/9/2007 8:00,"286,000"
11/10/2007 8:00,"279,000"
11/11/2007 8:00,"270,000"
11/12/2007 8:00,"257,000"
11/13/2007 8:00,"245,000"
11/14/2007 8:00,"238,000"
11/15/2007 8:00,"232,000"
11/16/2007 8:00,"224,000"
11/17/2007 8:00,"213,000"
11/18/2007 8:00,"207,000"
11/19/2007 8:00,"200,000"
11/20/2007 8:00,"195,000"
11/21/2007 8:00,"192,000"
11/22/2007 8:00,"190,000"
11/23/2007 8:00,"190,000"
11/24/2007 8:00,"192,000"
11/25/2007 8:00,"195,000"
11/26/2007 8:00,"201,000"
11/27/2007 8:00,"211,000"
11/28/2007 8:00,"214,000"
11/29/2007 8:00,"207,000"
11/30/2007 8:00,"207,000"
12/1/2007 8:00,"214,000"
12/2/2007 8:00,"213,000"
12/3/2007 8:00,"214,000"
12/4/2007 8:00,"212,000"
12/5/2007 8:00,"228,000"
12/6/2007 8:00,"233,000"
12/7/2007 8:00,"245,000"
12/8/2007 8:00,"256,000"
12/9/2007 8:00,"262,000"
12/10/2007 8:00,"262,000"
12/11/2007 8:00,"264,000"
12/12/2007 8:00,"262,000"
12/13/2007 8:00,"260,000"
12/14/2007 8:00,"262,000"
12/15/2007 8:00,"266,000"
12/16/2007 8:00,"278,000"
12/17/2007 8:00,"302,000"
12/18/2007 8:00,"333,000"
12/19/2007 8:00,"373,000"
12/20/2007 8:00,"420,000"
12/21/2007 8:00,"460,000"
12/22/2007 8:00,"498,000"
12/23/2007 8:00,"533,000"
12/24/2007 8:00,"568,000"
12/25/2007 8:00,"594,000"
12/26/2007 8:00,"607,000"
12/27/2007 8:00,"611,000"
12/28/2007 8:00,"615,000"
12/29/2007 8:00,"618,000"
12/30/2007 8:00,"617,000"
12/31/2007 8:00,"610,000"
1/1/2008 8:00,"590,000"
1/2/2008 8:00,"570,000"
1/3/2008 8:00,"547,000"
1/4/2008 8:00,"527,000"
1/5/2008 8:00,"509,000"
1/6/2008 8:00,"490,000"
1/7/2008 8:00,"470,000"
1/8/2008 8:00,"460,000"
1/9/2008 8:00,"449,000"
1/10/2008 8:00,"432,000"
1/11/2008 8:00,"420,000"
1/12/2008 8:00,"409,000"
1/13/2008 8:00,"400,000"
1/14/2008 8:00,"390,000"
1/15/2008 8:00,"383,000"
1/16/2008 8:00,"383,000"
1/17/2008 8:00,"403,000"
1/18/2008 8:00,"432,000"
1/19/2008 8:00,"462,000"
1/20/2008 8:00,"498,000"
1/21/2008 8:00,"526,000"
1/22/2008 8:00,"545,000"
1/23/2008 8:00,"554,000"
1/24/2008 8:00,"556,000"
1/25/2008 8:00,"556,000"
1/26/2008 8:00,"525,000"
1/27/2008 8:00,"546,000"
1/28/2008 8:00,"493,000"
1/29/2008 8:00,"470,000"
1/30/2008 8:00,"451,000"
1/31/2008 8:00,"436,000"
2/1/2008 8:00,"417,000"
2/2/2008 8:00,"405,000"
2/3/2008 8:00,"390,000"
2/4/2008 8:00,"376,000"
2/5/2008 8:00,"375,000"
2/6/2008 8:00,"372,000"
2/7/2008 8:00,"370,000"
2/8/2008 8:00,"378,000"
2/9/2008 8:00,"394,000"
2/10/2008 8:00,"420,000"
2/11/2008 8:00,"455,000"
2/12/2008 8:00,"488,000"
2/13/2008 8:00,"526,000"
2/14/2008 8:00,"567,000"
2/15/2008 8:00,"600,000"
2/16/2008 8:00,"629,000"
2/17/2008 8:00,"657,000"
2/18/2008 8:00,"686,000"
2/19/2008 8:00,"705,000"
2/20/2008 8:00,"739,000"
2/21/2008 8:00,"765,000"
2/22/2008 8:00,"800,000"
2/23/2008 8:00,"858,000"
2/24/2008 8:00,"885,000"
2/25/2008 8:00,"894,000"
2/26/2008 8:00,"889,000"
2/27/2008 8:00,"882,000"
2/28/2008 8:00,"887,000"
2/29/2008 8:00,"880,000"
3/1/2008 8:00,"862,000"
3/2/2008 8:00,"848,000"
3/3/2008 8:00,"814,000"
3/4/2008 8:00,"760,000"
3/5/2008 8:00,"744,000"
3/6/2008 8:00,"734,000"
3/7/2008 8:00,"730,000"
3/8/2008 8:00,"730,000"
3/9/2008 8:00,"750,000"
3/10/2008 8:00,"782,000"
3/11/2008 8:00,"791,000"
3/12/2008 8:00,"816,000"
3/13/2008 8:00,"835,000"
3/14/2008 8:00,"852,000"
3/15/2008 8:00,"861,000"
3/16/2008 8:00,"879,000"
3/17/2008 8:00,"891,000"
3/18/2008 8:00,"905,000"
3/19/2008 8:00,"910,000"
3/20/2008 8:00,"923,000"
3/21/2008 8:00,"930,000"
3/22/2008 8:00,"933,000"
3/23/2008 8:00,"943,000"
3/24/2008 8:00,"958,000"
3/25/2008 8:00,"981,000"
3/26/2008 8:00,"1,002,000"
3/27/2008 8:00,"1,028,000"
3/28/2008 8:00,"1,050,000"
3/29/2008 8:00,"1,060,000"
3/30/2008 8:00,"1,084,000"
3/31/2008 8:00,"1,107,000"
4/1/2008 8:00,"1,134,000"
4/2/2008 8:00,"1,157,000"
4/3/2008 8:00,"1,184,000"
4/4/2008 8:00,"1,205,000"
4/5/2008 8:00,"1,228,000"
4/6/2008 8:00,"1,252,000"
4/7/2008 8:00,"1,277,000"
4/8/2008 8:00,"1,294,000"
4/9/2008 8:00,"1,317,000"
4/10/2008 8:00,"1,339,000"
4/11/2008 8:00,"1,360,000"
4/12/2008 8:00,"1,372,000"
4/13/2008 8:00,"1,381,000"
4/14/2008 8:00,"1,386,000"
4/15/2008 8:00,"1,400,000"
4/16/2008 8:00,"1,412,000"
4/17/2008 8:00,"1,425,000"
4/18/2008 8:00,"1,426,000"
4/19/2008 8:00,"1,435,000"
4/20/2008 8:00,"1,443,000"
4/21/2008 8:00,"1,449,000"
4/22/2008 8:00,"1,449,000"
4/23/2008 8:00,"1,452,000"
4/24/2008 8:00,"1,454,000"
4/25/2008 8:00,"1,456,000"
4/26/2008 8:00,"1,450,000"
4/27/2008 8:00,"1,449,000"
4/28/2008 8:00,"1,446,000"
4/29/2008 8:00,"1,439,000"
4/30/2008 8:00,"1,427,000"
5/1/2008 8:00,"1,406,000"
5/2/2008 8:00,"1,360,000"
5/3/2008 8:00,"1,323,000"
5/4/2008 8:00,"1,305,000"
5/5/2008 8:00,"1,289,000"
5/6/2008 8:00,"1,270,000"
5/7/2008 8:00,"1,199,000"
5/8/2008 8:00,"1,170,000"
5/9/2008 8:00,"1,147,000"
5/10/2008 8:00,"1,128,000"
5/11/2008 8:00,"1,109,000"
5/12/2008 8:00,"1,090,000"
5/13/2008 8:00,"1,070,000"
5/14/2008 8:00,"1,053,000"
5/15/2008 8:00,"1,047,000"
5/16/2008 8:00,"1,040,000"
5/17/2008 8:00,"1,036,000"
5/18/2008 8:00,"1,027,000"
5/19/2008 8:00,"1,020,000"
5/20/2008 8:00,"1,015,000"
5/21/2008 8:00,"1,011,000"
5/22/2008 8:00,"1,008,000"
5/23/2008 8:00,"1,008,000"
5/24/2008 8:00,"1,004,000"
5/25/2008 8:00,"1,004,000"
5/26/2008 8:00,"1,001,000"
5/27/2008 8:00,"997,000"
5/28/2008 8:00,"990,000"
5/29/2008 8:00,"982,000"
5/30/2008 8:00,"975,000"
5/31/2008 8:00,"926,000"
6/1/2008 8:00,"918,000"
6/2/2008 8:00,"913,000"
6/3/2008 8:00,"904,000"
6/4/2008 8:00,"897,000"
6/5/2008 8:00,"886,000"
6/6/2008 8:00,"872,000"
6/7/2008 8:00,"854,000"
6/8/2008 8:00,"832,000"
6/9/2008 8:00,"806,000"
6/10/2008 8:00,"784,000"
6/11/2008 8:00,"763,000"
6/12/2008 8:00,"746,000"
6/13/2008 8:00,"736,000"
6/14/2008 8:00,"726,000"
6/15/2008 8:00,"722,000"
6/16/2008 8:00,"728,000"
6/17/2008 8:00,"732,000"
6/18/2008 8:00,"743,000"
6/19/2008 8:00,"756,000"
6/20/2008 8:00,"769,000"
6/21/2008 8:00,"782,000"
6/22/2008 8:00,"793,000"
6/23/2008 8:00,"803,000"
6/24/2008 8:00,"810,000"
6/25/2008 8:00,"813,000"
6/26/2008 8:00,"817,000"
6/27/2008 8:00,"824,000"
6/28/2008 8:00,"826,000"
6/29/2008 8:00,"826,000"
6/30/2008 8:00,"828,000"
7/1/2008 8:00,"826,000"
7/2/2008 8:00,"824,000"
7/3/2008 8:00,"820,000"
7/4/2008 8:00,"817,000"
7/5/2008 8:00,"810,000"
7/6/2008 8:00,"803,000"
7/7/2008 8:00,"796,000"
7/8/2008 8:00,"795,000"
7/9/2008 8:00,"793,000"
7/10/2008 8:00,"757,000"
7/11/2008 8:00,"760,000"
7/12/2008 8:00,"760,000"
7/13/2008 8:00,"762,000"
7/14/2008 8:00,"763,000"
7/15/2008 8:00,"765,000"
7/16/2008 8:00,"760,000"
7/17/2008 8:00,"755,000"
7/18/2008 8:00,"747,000"
7/19/2008 8:00,"736,000"
7/20/2008 8:00,"715,000"
7/21/2008 8:00,"682,000"
7/22/2008 8:00,"665,000"
7/23/2008 8:00,"642,000"
7/24/2008 8:00,"619,000"
7/25/2008 8:00,"595,000"
7/26/2008 8:00,"561,000"
7/27/2008 8:00,"528,000"
7/28/2008 8:00,"495,000"
7/29/2008 8:00,"467,000"
7/30/2008 8:00,"450,000"
7/31/2008 8:00,"432,000"
8/1/2008 8:00,"415,000"
8/2/2008 8:00,"404,000"
8/3/2008 8:00,"400,000"
8/4/2008 8:00,"400,000"
8/5/2008 8:00,"430,000"
8/6/2008 8:00,"434,000"
8/7/2008 8:00,"453,000"
8/8/2008 8:00,"465,000"
8/9/2008 8:00,"485,000"
8/10/2008 8:00,"498,000"
8/11/2008 8:00,"510,000"
8/12/2008 8:00,"517,000"
8/13/2008 8:00,"521,000"
8/14/2008 8:00,"524,000"
8/15/2008 8:00,"498,000"
8/16/2008 8:00,"486,000"
8/17/2008 8:00,"466,000"
8/18/2008 8:00,"449,000"
8/19/2008 8:00,"433,000"
8/20/2008 8:00,"420,000"
8/21/2008 8:00,"403,000"
8/22/2008 8:00,"384,000"
8/23/2008 8:00,"373,000"
8/24/2008 8:00,"362,000"
8/25/2008 8:00,"373,000"
8/26/2008 8:00,"353,000"
8/27/2008 8:00,"327,000"
8/28/2008 8:00,"321,000"
8/29/2008 8:00,"310,000"
8/30/2008 8:00,"300,000"
8/31/2008 8:00,"288,000"
9/1/2008 8:00,"280,000"
9/2/2008 8:00,"315,000"
9/3/2008 8:00,"356,000"
9/4/2008 8:00,"408,000"
9/5/2008 8:00,"434,000"
9/6/2008 8:00,"420,000"
9/7/2008 8:00,"427,000"
9/8/2008 8:00,"440,000"
9/9/2008 8:00,"455,000"
9/10/2008 8:00,"448,000"
9/11/2008 8:00,"434,000"
9/12/2008 8:00,"422,000"
9/13/2008 8:00,"420,000"
9/14/2008 8:00,"419,000"
9/15/2008 8:00,"430,000"
9/16/2008 8:00,"439,000"
9/17/2008 8:00,"438,000"
9/18/2008 8:00,"434,000"
9/19/2008 8:00,"431,000"
9/20/2008 8:00,"435,000"
9/21/2008 8:00,"439,000"
9/22/2008 8:00,"462,000"
9/23/2008 8:00,"489,000"
9/24/2008 8:00,"519,000"
9/25/2008 8:00,"546,000"
9/26/2008 8:00,"575,000"
9/27/2008 8:00,"590,000"
9/28/2008 8:00,"606,000"
9/29/2008 8:00,"615,000"
9/30/2008 8:00,"603,000"
10/1/2008 8:00,"582,000"
10/2/2008 8:00,"558,000"
10/3/2008 8:00,"533,000"
10/4/2008 8:00,"508,000"
10/5/2008 8:00,"476,000"
10/6/2008 8:00,"448,000"
10/7/2008 8:00,"402,000"
10/8/2008 8:00,"385,000"
10/9/2008 8:00,"367,000"
10/10/2008 8:00,"352,000"
10/11/2008 8:00,"348,000"
10/12/2008 8:00,"343,000"
10/13/2008 8:00,"334,000"
10/14/2008 8:00,"320,000"
10/15/2008 8:00,"308,000"
10/16/2008 8:00,"294,000"
10/17/2008 8:00,"287,000"
10/18/2008 8:00,"280,000"
10/19/2008 8:00,"278,000"
10/20/2008 8:00,"275,000"
10/21/2008 8:00,"267,000"
10/22/2008 8:00,"259,000"
10/23/2008 8:00,"255,000"
10/24/2008 8:00,"250,000"
10/25/2008 8:00,"246,000"
10/26/2008 8:00,"245,000"
10/27/2008 8:00,"240,000"
10/28/2008 8:00,"237,000"
10/29/2008 8:00,"236,000"
10/30/2008 8:00,"236,000"
10/31/2008 8:00,"234,000"
11/1/2008 8:00,"231,000"
11/2/2008 8:00,"227,000"
11/3/2008 8:00,"223,000"
11/4/2008 8:00,"225,000"
11/5/2008 8:00,"233,000"
11/6/2008 8:00,"240,000"
11/7/2008 8:00,"247,000"
11/8/2008 8:00,"249,000"
11/9/2008 8:00,"245,000"
11/10/2008 8:00,"240,000"
11/11/2008 8:00,"236,000"
11/12/2008 8:00,"233,000"
11/13/2008 8:00,"236,000"
11/14/2008 8:00,"231,000"
11/15/2008 8:00,"229,000"
11/16/2008 8:00,"227,000"
11/17/2008 8:00,"228,000"
11/18/2008 8:00,"226,000"
11/19/2008 8:00,"222,000"
11/20/2008 8:00,"220,000"
11/21/2008 8:00,"219,000"
11/22/2008 8:00,"217,000"
11/23/2008 8:00,"214,000"
11/24/2008 8:00,"214,000"
11/25/2008 8:00,"215,000"
11/26/2008 8:00,"211,000"
11/27/2008 8:00,"210,000"
11/28/2008 8:00,"211,000"
11/29/2008 8:00,"222,000"
11/30/2008 8:00,"245,000"
12/1/2008 8:00,"226,000"
12/2/2008 8:00,"226,000"
12/3/2008 8:00,"219,000"
12/4/2008 8:00,"211,000"
12/5/2008 8:00,"210,000"
12/6/2008 8:00,"212,000"
12/7/2008 8:00,"214,000"
12/8/2008 8:00,"216,000"
12/9/2008 8:00,"213,000"
12/10/2008 8:00,"214,000"
12/11/2008 8:00,"245,000"
12/12/2008 8:00,"305,000"
12/13/2008 8:00,"301,000"
12/14/2008 8:00,"303,000"
12/15/2008 8:00,"304,000"
12/16/2008 8:00,"307,000"
12/17/2008 8:00,"310,000"
12/18/2008 8:00,"311,000"
12/19/2008 8:00,"319,000"
12/20/2008 8:00,"322,000"
12/21/2008 8:00,"365,000"
12/22/2008 8:00,"407,000"
12/23/2008 8:00,"429,000"
12/24/2008 8:00,"442,000"
12/25/2008 8:00,"450,000"
12/26/2008 8:00,"450,000"
12/27/2008 8:00,"455,000"
12/28/2008 8:00,"464,000"
12/29/2008 8:00,"476,000"
12/30/2008 8:00,"514,000"
12/31/2008 8:00,"527,000"
1/1/2009 8:00,"537,000"
1/2/2009 8:00,"554,000"
1/3/2009 8:00,"570,000"
1/4/2009 8:00,"599,000"
1/5/2009 8:00,"623,000"
1/6/2009 8:00,"641,000"
1/7/2009 8:00,"680,000"
1/8/2009 8:00,"706,000"
1/9/2009 8:00,"714,000"
1/10/2009 8:00,"718,000"
1/11/2009 8:00,"712,000"
1/12/2009 8:00,"692,000"
1/13/2009 8:00,"674,000"
1/14/2009 8:00,"655,000"
1/15/2009 8:00,"638,000"
1/16/2009 8:00,"627,000"
1/17/2009 8:00,"620,000"
1/18/2009 8:00,"612,000"
1/19/2009 8:00,"616,000"
1/20/2009 8:00,"623,000"
1/21/2009 8:00,"623,000"
1/22/2009 8:00,"625,000"
1/23/2009 8:00,"609,000"
1/24/2009 8:00,"580,000"
1/25/2009 8:00,"542,000"
1/26/2009 8:00,"506,000"
1/27/2009 8:00,"447,000"
1/28/2009 8:00,"416,000"
1/29/2009 8:00,"389,000"
1/30/2009 8:00,"366,000"
1/31/2009 8:00,"356,000"
2/1/2009 8:00,"360,000"
2/2/2009 8:00,"365,000"
2/3/2009 8:00,"362,000"
2/4/2009 8:00,"355,000"
2/5/2009 8:00,"352,000"
2/6/2009 8:00,"362,000"
2/7/2009 8:00,"385,000"
2/8/2009 8:00,"416,000"
2/9/2009 8:00,"441,000"
2/10/2009 8:00,"457,000"
2/11/2009 8:00,"455,000"
2/12/2009 8:00,"444,000"
2/13/2009 8:00,"433,000"
2/14/2009 8:00,"436,000"
2/15/2009 8:00,"452,000"
2/16/2009 8:00,"456,000"
2/17/2009 8:00,"471,000"
2/18/2009 8:00,"485,000"
2/19/2009 8:00,"507,000"
2/20/2009 8:00,"536,000"
2/21/2009 8:00,"557,000"
2/22/2009 8:00,"576,000"
2/23/2009 8:00,"605,000"
2/24/2009 8:00,"620,000"
2/25/2009 8:00,"630,000"
2/26/2009 8:00,"630,000"
2/27/2009 8:00,"630,000"
2/28/2009 8:00,"598,000"
3/1/2009 8:00,"585,000"
3/2/2009 8:00,"573,000"
3/3/2009 8:00,"561,000"
3/4/2009 8:00,"545,000"
3/5/2009 8:00,"530,000"
3/6/2009 8:00,"523,000"
3/7/2009 8:00,"513,000"
3/8/2009 8:00,"512,000"
3/9/2009 8:00,"510,000"
3/10/2009 8:00,"507,000"
3/11/2009 8:00,"505,000"
3/12/2009 8:00,"497,000"
3/13/2009 8:00,"489,000"
3/14/2009 8:00,"489,000"
3/15/2009 8:00,"501,000"
3/16/2009 8:00,"507,000"
3/17/2009 8:00,"527,000"
3/18/2009 8:00,"542,000"
3/19/2009 8:00,"558,000"
3/20/2009 8:00,"571,000"
3/21/2009 8:00,"586,000"
3/22/2009 8:00,"601,000"
3/23/2009 8:00,"613,000"
3/24/2009 8:00,"624,000"
3/25/2009 8:00,"635,000"
3/26/2009 8:00,"646,000"
3/27/2009 8:00,"670,000"
3/28/2009 8:00,"700,000"
3/29/2009 8:00,"704,000"
3/30/2009 8:00,"700,000"
3/31/2009 8:00,"697,000"
4/1/2009 8:00,"697,000"
4/2/2009 8:00,"693,000"
4/3/2009 8:00,"693,000"
4/4/2009 8:00,"691,000"
4/5/2009 8:00,"697,000"
4/6/2009 8:00,"707,000"
4/7/2009 8:00,"718,000"
4/8/2009 8:00,"729,000"
4/9/2009 8:00,"740,000"
4/10/2009 8:00,"746,000"
4/11/2009 8:00,"755,000"
4/12/2009 8:00,"756,000"
4/13/2009 8:00,"772,000"
4/14/2009 8:00,"789,000"
4/15/2009 8:00,"787,000"
4/16/2009 8:00,"788,000"
4/17/2009 8:00,"786,000"
4/18/2009 8:00,"792,000"
4/19/2009 8:00,"801,000"
4/20/2009 8:00,"801,000"
4/21/2009 8:00,"808,000"
4/22/2009 8:00,"808,000"
4/23/2009 8:00,"808,000"
4/24/2009 8:00,"810,000"
4/25/2009 8:00,"808,000"
4/26/2009 8:00,"808,000"
4/27/2009 8:00,"806,000"
4/28/2009 8:00,"806,000"
4/29/2009 8:00,"801,000"
4/30/2009 8:00,"799,000"
5/1/2009 8:00,"795,000"
5/2/2009 8:00,"790,000"
5/3/2009 8:00,"784,000"
5/4/2009 8:00,"784,000"
5/5/2009 8:00,"789,000"
5/6/2009 8:00,"802,000"
5/7/2009 8:00,"820,000"
5/8/2009 8:00,"837,000"
5/9/2009 8:00,"857,000"
5/10/2009 8:00,"882,000"
5/11/2009 8:00,"908,000"
5/12/2009 8:00,"933,000"
5/13/2009 8:00,"961,000"
5/14/2009 8:00,"989,000"
5/15/2009 8:00,"1,021,000"
5/16/2009 8:00,"1,050,000"
5/17/2009 8:00,"1,088,000"
5/18/2009 8:00,"1,115,000"
5/19/2009 8:00,"1,141,000"
5/20/2009 8:00,"1,167,000"
5/21/2009 8:00,"1,191,000"
5/22/2009 8:00,"1,217,000"
5/23/2009 8:00,"1,236,000"
5/24/2009 8:00,"1,250,000"
5/25/2009 8:00,"1,252,000"
5/26/2009 8:00,"1,254,000"
5/27/2009 8:00,"1,258,000"
5/28/2009 8:00,"1,262,000"
5/29/2009 8:00,"1,268,000"
5/30/2009 8:00,"1,270,000"
5/31/2009 8:00,"1,277,000"
6/1/2009 8:00,"1,274,000"
6/2/2009 8:00,"1,265,000"
6/3/2009 8:00,"1,250,000"
6/4/2009 8:00,"1,230,000"
6/5/2009 8:00,"1,195,000"
6/6/2009 8:00,"1,160,000"
6/7/2009 8:00,"1,120,000"
6/8/2009 8:00,"1,093,000"
6/9/2009 8:00,"1,059,000"
6/10/2009 8:00,"1,035,000"
6/11/2009 8:00,"1,002,000"
6/12/2009 8:00,"967,000"
6/13/2009 8:00,"934,000"
6/14/2009 8:00,"901,000"
6/15/2009 8:00,"870,000"
6/16/2009 8:00,"835,000"
6/17/2009 8:00,"799,000"
6/18/2009 8:00,"771,000"
6/19/2009 8:00,"754,000"
6/20/2009 8:00,"734,000"
6/21/2009 8:00,"725,000"
6/22/2009 8:00,"718,000"
6/23/2009 8:00,"713,000"
6/24/2009 8:00,"709,000"
6/25/2009 8:00,"704,000"
6/26/2009 8:00,"701,000"
6/27/2009 8:00,"699,000"
6/28/2009 8:00,"693,000"
6/29/2009 8:00,"693,000"
6/30/2009 8:00,"692,000"
7/1/2009 8:00,"685,000"
7/2/2009 8:00,"676,000"
7/3/2009 8:00,"669,000"
7/4/2009 8:00,"651,000"
7/5/2009 8:00,"636,000"
7/6/2009 8:00,"615,000"
7/7/2009 8:00,"598,000"
7/8/2009 8:00,"576,000"
7/9/2009 8:00,"545,000"
7/10/2009 8:00,"512,000"
7/11/2009 8:00,"484,000"
7/12/2009 8:00,"461,000"
7/13/2009 8:00,"443,000"
7/14/2009 8:00,"433,000"
7/15/2009 8:00,"421,000"
7/16/2009 8:00,"410,000"
7/17/2009 8:00,"397,000"
7/18/2009 8:00,"389,000"
7/19/2009 8:00,"384,000"
7/20/2009 8:00,"380,000"
7/21/2009 8:00,"366,000"
7/22/2009 8:00,"365,000"
7/23/2009 8:00,"374,000"
7/24/2009 8:00,"381,000"
7/25/2009 8:00,"384,000"
7/26/2009 8:00,"382,000"
7/27/2009 8:00,"384,000"
7/28/2009 8:00,"373,000"
7/29/2009 8:00,"367,000"
7/30/2009 8:00,"370,000"
7/31/2009 8:00,"383,000"
8/1/2009 8:00,"394,000"
8/2/2009 8:00,"405,000"
8/3/2009 8:00,"412,000"
8/4/2009 8:00,"421,000"
8/5/2009 8:00,"429,000"
8/6/2009 8:00,"432,000"
8/7/2009 8:00,"436,000"
8/8/2009 8:00,"449,000"
8/9/2009 8:00,"470,000"
8/10/2009 8:00,"480,000"
8/11/2009 8:00,"482,000"
8/12/2009 8:00,"485,000"
8/13/2009 8:00,"482,000"
8/14/2009 8:00,"479,000"
8/15/2009 8:00,"469,000"
8/16/2009 8:00,"452,000"
8/17/2009 8:00,"426,000"
8/18/2009 8:00,"404,000"
8/19/2009 8:00,"382,000"
8/20/2009 8:00,"362,000"
8/21/2009 8:00,"345,000"
8/22/2009 8:00,"338,000"
8/23/2009 8:00,"333,000"
8/24/2009 8:00,"338,000"
8/25/2009 8:00,"326,000"
8/26/2009 8:00,"318,000"
8/27/2009 8:00,"313,000"
8/28/2009 8:00,"312,000"
8/29/2009 8:00,"313,000"
8/30/2009 8:00,"321,000"
8/31/2009 8:00,"328,000"
9/1/2009 8:00,"331,000"
9/2/2009 8:00,"325,000"
9/3/2009 8:00,"313,000"
9/4/2009 8:00,"305,000"
9/5/2009 8:00,"293,000"
9/6/2009 8:00,"286,000"
9/7/2009 8:00,"283,000"
9/8/2009 8:00,"289,000"
9/9/2009 8:00,"292,000"
9/10/2009 8:00,"300,000"
9/11/2009 8:00,"305,000"
9/12/2009 8:00,"309,000"
9/13/2009 8:00,"304,000"
9/14/2009 8:00,"298,000"
9/15/2009 8:00,"297,000"
9/16/2009 8:00,"299,000"
9/17/2009 8:00,"301,000"
9/18/2009 8:00,"303,000"
9/19/2009 8:00,"310,000"
9/20/2009 8:00,"319,000"
9/21/2009 8:00,"333,000"
9/22/2009 8:00,"346,000"
9/23/2009 8:00,"361,000"
9/24/2009 8:00,"369,000"
9/25/2009 8:00,"380,000"
9/26/2009 8:00,"380,000"
9/27/2009 8:00,"387,000"
9/28/2009 8:00,"403,000"
9/29/2009 8:00,"416,000"
9/30/2009 8:00,"423,000"
10/1/2009 8:00,"424,000"
10/2/2009 8:00,"424,000"
10/3/2009 8:00,"420,000"
10/4/2009 8:00,"425,000"
10/5/2009 8:00,"445,000"
10/6/2009 8:00,"469,000"
10/7/2009 8:00,"493,000"
10/8/2009 8:00,"506,000"
10/9/2009 8:00,"506,000"
10/10/2009 8:00,"507,000"
10/11/2009 8:00,"495,000"
10/12/2009 8:00,"488,000"
10/13/2009 8:00,"484,000"
10/14/2009 8:00,"506,000"
10/15/2009 8:00,"574,000"
10/16/2009 8:00,"640,000"
10/17/2009 8:00,"693,000"
10/18/2009 8:00,"735,000"
10/19/2009 8:00,"777,000"
10/20/2009 8:00,"810,000"
10/21/2009 8:00,"832,000"
10/22/2009 8:00,"841,000"
10/23/2009 8:00,"845,000"
10/24/2009 8:00,"836,000"
10/25/2009 8:00,"820,000"
10/26/2009 8:00,"810,000"
10/27/2009 8:00,"775,000"
10/28/2009 8:00,"750,000"
10/29/2009 8:00,"748,000"
10/30/2009 8:00,"743,000"
10/31/2009 8:00,"751,000"
11/1/2009 8:00,"766,000"
11/2/2009 8:00,"783,000"
11/3/2009 8:00,"824,000"
11/4/2009 8:00,"844,000"
11/5/2009 8:00,"868,000"
11/6/2009 8:00,"893,000"
11/7/2009 8:00,"910,000"
11/8/2009 8:00,"931,000"
11/9/2009 8:00,"950,000"
11/10/2009 8:00,"969,000"
11/11/2009 8:00,"984,000"
11/12/2009 8:00,"996,000"
11/13/2009 8:00,"996,000"
11/14/2009 8:00,"993,000"
11/15/2009 8:00,"989,000"
11/16/2009 8:00,"976,000"
11/17/2009 8:00,"959,000"
11/18/2009 8:00,"950,000"
11/19/2009 8:00,"930,000"
11/20/2009 8:00,"902,000"
11/21/2009 8:00,"878,000"
11/22/2009 8:00,"850,000"
11/23/2009 8:00,"824,000"
11/24/2009 8:00,"804,000"
11/25/2009 8:00,"788,000"
11/26/2009 8:00,"775,000"
11/27/2009 8:00,"766,000"
11/28/2009 8:00,"763,000"
11/29/2009 8:00,"760,000"
11/30/2009 8:00,"750,000"
12/1/2009 8:00,"735,000"
12/2/2009 8:00,"725,000"
12/3/2009 8:00,"691,000"
12/4/2009 8:00,"671,000"
12/5/2009 8:00,"661,000"
12/6/2009 8:00,"639,000"
12/7/2009 8:00,"619,000"
12/8/2009 8:00,"610,000"
12/9/2009 8:00,"608,000"
12/10/2009 8:00,"601,000"
12/11/2009 8:00,"596,000"
12/12/2009 8:00,"600,000"
12/13/2009 8:00,"612,000"
12/14/2009 8:00,"620,000"
12/15/2009 8:00,"644,000"
12/16/2009 8:00,"673,000"
12/17/2009 8:00,"685,000"
12/18/2009 8:00,"708,000"
12/19/2009 8:00,"725,000"
12/20/2009 8:00,"731,000"
12/21/2009 8:00,"738,000"
12/22/2009 8:00,"745,000"
12/23/2009 8:00,"750,000"
12/24/2009 8:00,"750,000"
12/25/2009 8:00,"745,000"
12/26/2009 8:00,"750,000"
12/27/2009 8:00,"759,000"
12/28/2009 8:00,"762,000"
12/29/2009 8:00,"780,000"
12/30/2009 8:00,"797,000"
12/31/2009 8:00,"811,000"
1/1/2010 8:00,"820,000"
1/2/2010 8:00,"837,000"
1/3/2010 8:00,"846,000"
1/4/2010 8:00,"852,000"
1/5/2010 8:00,"860,000"
1/6/2010 8:00,"866,000"
1/7/2010 8:00,"872,000"
1/8/2010 8:00,"875,000"
1/9/2010 8:00,"868,000"
1/10/2010 8:00,"854,000"
1/11/2010 8:00,"819,000"
1/12/2010 8:00,"786,000"
1/13/2010 8:00,"749,000"
1/14/2010 8:00,"706,000"
1/15/2010 8:00,"675,000"
1/16/2010 8:00,"644,000"
1/17/2010 8:00,"622,000"
1/18/2010 8:00,"602,000"
1/19/2010 8:00,"580,000"
1/20/2010 8:00,"559,000"
1/21/2010 8:00,"548,000"
1/22/2010 8:00,"548,000"
1/23/2010 8:00,"543,000"
1/24/2010 8:00,"548,000"
1/25/2010 8:00,"566,000"
1/26/2010 8:00,"585,000"
1/27/2010 8:00,"609,000"
1/28/2010 8:00,"644,000"
1/29/2010 8:00,"698,000"
1/30/2010 8:00,"737,000"
1/31/2010 8:00,"767,000"
2/1/2010 8:00,"796,000"
2/2/2010 8:00,"867,000"
2/3/2010 8:00,"884,000"
2/4/2010 8:00,"912,000"
2/5/2010 8:00,"947,000"
2/6/2010 8:00,"974,000"
2/7/2010 8:00,"993,000"
2/8/2010 8:00,"1,006,000"
2/9/2010 8:00,"955,000"
2/10/2010 8:00,"973,000"
2/11/2010 8:00,"992,000"
2/12/2010 8:00,"1,003,000"
2/13/2010 8:00,"1,014,000"
2/14/2010 8:00,"1,020,000"
2/15/2010 8:00,"1,020,000"
2/16/2010 8:00,"1,020,000"
2/17/2010 8:00,"1,012,000"
2/18/2010 8:00,"1,007,000"
2/19/2010 8:00,"1,003,000"
2/20/2010 8:00,"988,000"
2/21/2010 8:00,"977,000"
2/22/2010 8:00,"958,000"
2/23/2010 8:00,"937,000"
2/24/2010 8:00,"907,000"
2/25/2010 8:00,"881,000"
2/26/2010 8:00,"854,000"
2/27/2010 8:00,"820,000"
2/28/2010 8:00,"795,000"
3/1/2010 8:00,"770,000"
3/2/2010 8:00,"764,000"
3/3/2010 8:00,"754,000"
3/4/2010 8:00,"744,000"
3/5/2010 8:00,"735,000"
3/6/2010 8:00,"726,000"
3/7/2010 8:00,"713,000"
3/8/2010 8:00,"693,000"
3/9/2010 8:00,"673,000"
3/10/2010 8:00,"656,000"
3/11/2010 8:00,"640,000"
3/12/2010 8:00,"622,000"
3/13/2010 8:00,"603,000"
3/14/2010 8:00,"587,000"
3/15/2010 8:00,"575,000"
3/16/2010 8:00,"573,000"
3/17/2010 8:00,"573,000"
3/18/2010 8:00,"582,000"
3/19/2010 8:00,"598,000"
3/20/2010 8:00,"617,000"
3/21/2010 8:00,"637,000"
3/22/2010 8:00,"658,000"
3/23/2010 8:00,"687,000"
3/24/2010 8:00,"705,000"
3/25/2010 8:00,"726,000"
3/26/2010 8:00,"744,000"
3/27/2010 8:00,"766,000"
3/28/2010 8:00,"783,000"
3/29/2010 8:00,"800,000"
3/30/2010 8:00,"817,000"
3/31/2010 8:00,"837,000"
4/1/2010 8:00,"851,000"
4/2/2010 8:00,"868,000"
4/3/2010 8:00,"882,000"
4/4/2010 8:00,"893,000"
4/5/2010 8:00,"900,000"
4/6/2010 8:00,"904,000"
4/7/2010 8:00,"904,000"
4/8/2010 8:00,"904,000"
4/9/2010 8:00,"907,000"
4/10/2010 8:00,"904,000"
4/11/2010 8:00,"904,000"
4/12/2010 8:00,"904,000"
4/13/2010 8:00,"900,000"
4/14/2010 8:00,"851,000"
4/15/2010 8:00,"846,000"
4/16/2010 8:00,"834,000"
4/17/2010 8:00,"826,000"
4/18/2010 8:00,"812,000"
4/19/2010 8:00,"796,000"
4/20/2010 8:00,"741,000"
4/21/2010 8:00,"720,000"
4/22/2010 8:00,"700,000"
4/23/2010 8:00,"673,000"
4/24/2010 8:00,"649,000"
4/25/2010 8:00,"628,000"
4/26/2010 8:00,"598,000"
4/27/2010 8:00,"536,000"
4/28/2010 8:00,"517,000"
4/29/2010 8:00,"510,000"
4/30/2010 8:00,"489,000"
5/1/2010 8:00,"458,000"
5/2/2010 8:00,"451,000"
5/3/2010 8:00,"464,000"
5/4/2010 8:00,"541,000"
5/5/2010 8:00,"582,000"
5/6/2010 8:00,"607,000"
5/7/2010 8:00,"629,000"
5/8/2010 8:00,"658,000"
5/9/2010 8:00,"685,000"
5/10/2010 8:00,"710,000"
5/11/2010 8:00,"730,000"
5/12/2010 8:00,"745,000"
5/13/2010 8:00,"763,000"
5/14/2010 8:00,"781,000"
5/15/2010 8:00,"798,000"
5/16/2010 8:00,"817,000"
5/17/2010 8:00,"831,000"
5/18/2010 8:00,"849,000"
5/19/2010 8:00,"864,000"
5/20/2010 8:00,"876,000"
5/21/2010 8:00,"888,000"
5/22/2010 8:00,"899,000"
5/23/2010 8:00,"907,000"
5/24/2010 8:00,"915,000"
5/25/2010 8:00,"921,000"
5/26/2010 8:00,"925,000"
5/27/2010 8:00,"929,000"
5/28/2010 8:00,"935,000"
5/29/2010 8:00,"939,000"
5/30/2010 8:00,"939,000"
5/31/2010 8:00,"935,000"
6/1/2010 8:00,"929,000"
6/2/2010 8:00,"890,000"
6/3/2010 8:00,"888,000"
6/4/2010 8:00,"884,000"
6/5/2010 8:00,"877,000"
6/6/2010 8:00,"864,000"
6/7/2010 8:00,"846,000"
6/8/2010 8:00,"787,000"
6/9/2010 8:00,"764,000"
6/10/2010 8:00,"736,000"
6/11/2010 8:00,"660,000"
6/12/2010 8:00,"630,000"
6/13/2010 8:00,"602,000"
6/14/2010 8:00,"573,000"
6/15/2010 8:00,"577,000"
6/16/2010 8:00,"562,000"
6/17/2010 8:00,"550,000"
6/18/2010 8:00,"550,000"
6/19/2010 8:00,"572,000"
6/20/2010 8:00,"573,000"
6/21/2010 8:00,"583,000"
6/22/2010 8:00,"619,000"
6/23/2010 8:00,"616,000"
6/24/2010 8:00,"626,000"
6/25/2010 8:00,"640,000"
6/26/2010 8:00,"643,000"
6/27/2010 8:00,"646,000"
6/28/2010 8:00,"649,000"
6/29/2010 8:00,"651,000"
6/30/2010 8:00,"654,000"
7/1/2010 8:00,"651,000"
7/2/2010 8:00,"570,000"
7/3/2010 8:00,"648,000"
7/4/2010 8:00,"649,000"
7/5/2010 8:00,"649,000"
7/6/2010 8:00,"647,000"
7/7/2010 8:00,"621,000"
7/8/2010 8:00,"628,000"
7/9/2010 8:00,"621,000"
7/10/2010 8:00,"624,000"
7/11/2010 8:00,"621,000"
7/12/2010 8:00,"616,000"
7/13/2010 8:00,"613,000"
7/14/2010 8:00,"610,000"
7/15/2010 8:00,"610,000"
7/16/2010 8:00,"603,000"
7/17/2010 8:00,"600,000"
7/18/2010 8:00,"597,000"
7/19/2010 8:00,"595,000"
7/20/2010 8:00,"585,000"
7/21/2010 8:00,"587,000"
7/22/2010 8:00,"581,000"
7/23/2010 8:00,"455,000"
7/24/2010 8:00,"572,000"
7/25/2010 8:00,"562,000"
7/26/2010 8:00,"546,000"
7/27/2010 8:00,"544,000"
7/28/2010 8:00,"539,000"
7/29/2010 8:00,"537,000"
7/30/2010 8:00,"537,000"
7/31/2010 8:00,"537,000"
8/1/2010 8:00,"539,000"
8/2/2010 8:00,"542,000"
8/3/2010 8:00,"541,000"
8/4/2010 8:00,"534,000"
8/5/2010 8:00,"530,000"
8/6/2010 8:00,"521,000"
8/7/2010 8:00,"515,000"
8/8/2010 8:00,"507,000"
8/9/2010 8:00,"499,000"
8/10/2010 8:00,"494,000"
8/11/2010 8:00,"491,000"
8/12/2010 8:00,"484,000"
8/13/2010 8:00,"473,000"
8/14/2010 8:00,"467,000"
8/15/2010 8:00,"457,000"
8/16/2010 8:00,"447,000"
8/17/2010 8:00,"437,000"
8/18/2010 8:00,"434,000"
8/19/2010 8:00,"450,000"
8/20/2010 8:00,"431,000"
8/21/2010 8:00,"424,000"
8/22/2010 8:00,"417,000"
8/23/2010 8:00,"414,000"
8/24/2010 8:00,"414,000"
8/25/2010 8:00,"413,000"
8/26/2010 8:00,"412,000"
8/27/2010 8:00,"414,000"
8/28/2010 8:00,"416,000"
8/29/2010 8:00,"419,000"
8/30/2010 8:00,"421,000"
8/31/2010 8:00,"421,000"
9/1/2010 8:00,"420,000"
9/2/2010 8:00,"412,000"
9/3/2010 8:00,"407,000"
9/4/2010 8:00,"400,000"
9/5/2010 8:00,"392,000"
9/6/2010 8:00,"380,000"
9/7/2010 8:00,"362,000"
9/8/2010 8:00,"345,000"
9/9/2010 8:00,"330,000"
9/10/2010 8:00,"323,000"
9/11/2010 8:00,"318,000"
9/12/2010 8:00,"318,000"
9/13/2010 8:00,"324,000"
9/14/2010 8:00,"331,000"
9/15/2010 8:00,"331,000"
9/16/2010 8:00,"323,000"
9/17/2010 8:00,"319,000"
9/18/2010 8:00,"317,000"
9/19/2010 8:00,"308,000"
9/20/2010 8:00,"303,000"
9/21/2010 8:00,"300,000"
9/22/2010 8:00,"301,000"
9/23/2010 8:00,"303,000"
9/24/2010 8:00,"300,000"
9/25/2010 8:00,"300,000"
9/26/2010 8:00,"298,000"
9/27/2010 8:00,"298,000"
9/28/2010 8:00,"298,000"
9/29/2010 8:00,"296,000"
9/30/2010 8:00,"301,000"
10/1/2010 8:00,"308,000"
10/2/2010 8:00,"317,000"
10/3/2010 8:00,"324,000"
10/4/2010 8:00,"333,000"
10/5/2010 8:00,"336,000"
10/6/2010 8:00,"339,000"
10/7/2010 8:00,"340,000"
10/8/2010 8:00,"340,000"
10/9/2010 8:00,"339,000"
10/10/2010 8:00,"334,000"
10/11/2010 8:00,"330,000"
10/12/2010 8:00,"324,000"
10/13/2010 8:00,"319,000"
10/14/2010 8:00,"313,000"
10/15/2010 8:00,"307,000"
10/16/2010 8:00,"304,000"
10/17/2010 8:00,"303,000"
10/18/2010 8:00,"301,000"
10/19/2010 8:00,"303,000"
10/20/2010 8:00,"305,000"
10/21/2010 8:00,"305,000"
10/22/2010 8:00,"304,000"
10/23/2010 8:00,"301,000"
10/24/2010 8:00,"299,000"
10/25/2010 8:00,"296,000"
10/26/2010 8:00,"293,000"
10/27/2010 8:00,"289,000"
10/28/2010 8:00,"289,000"
10/29/2010 8:00,"285,000"
10/30/2010 8:00,"280,000"
10/31/2010 8:00,"277,000"
11/1/2010 8:00,"269,000"
11/2/2010 8:00,"260,000"
11/3/2010 8:00,"255,000"
11/4/2010 8:00,"255,000"
11/5/2010 8:00,"255,000"
11/6/2010 8:00,"255,000"
11/7/2010 8:00,"255,000"
11/8/2010 8:00,"251,000"
11/9/2010 8:00,"245,000"
11/10/2010 8:00,"242,000"
11/11/2010 8:00,"240,000"
11/12/2010 8:00,"237,000"
11/13/2010 8:00,"237,000"
11/14/2010 8:00,"236,000"
11/15/2010 8:00,"237,000"
11/16/2010 8:00,"245,000"
11/17/2010 8:00,"255,000"
11/18/2010 8:00,"247,000"
11/19/2010 8:00,"253,000"
11/20/2010 8:00,"241,000"
11/21/2010 8:00,"238,000"
11/22/2010 8:00,"236,000"
11/23/2010 8:00,"237,000"
11/24/2010 8:00,"240,000"
11/25/2010 8:00,"243,000"
11/26/2010 8:00,"250,000"
11/27/2010 8:00,"257,000"
11/28/2010 8:00,"263,000"
11/29/2010 8:00,"270,000"
11/30/2010 8:00,"273,000"
12/1/2010 8:00,"280,000"
12/2/2010 8:00,"289,000"
12/3/2010 8:00,"296,000"
12/4/2010 8:00,"309,000"
12/5/2010 8:00,"321,000"
12/6/2010 8:00,"330,000"
12/7/2010 8:00,"334,000"
12/8/2010 8:00,"344,000"
12/9/2010 8:00,"357,000"
12/10/2010 8:00,"378,000"
12/11/2010 8:00,"420,000"
12/12/2010 8:00,"438,000"
12/13/2010 8:00,"451,000"
12/14/2010 8:00,"453,000"
12/15/2010 8:00,"443,000"
12/16/2010 8:00,"417,000"
12/17/2010 8:00,"398,000"
12/18/2010 8:00,"378,000"
12/19/2010 8:00,"356,000"
12/20/2010 8:00,"337,000"
12/21/2010 8:00,"322,000"
12/22/2010 8:00,"312,000"
12/23/2010 8:00,"837,000"
12/24/2010 8:00,"301,000"
12/25/2010 8:00,"299,000"
12/26/2010 8:00,"296,000"
12/27/2010 8:00,"292,000"
12/28/2010 8:00,"286,000"
12/29/2010 8:00,"283,000"
12/30/2010 8:00,"283,000"
12/31/2010 8:00,"279,000"
1/1/2011 8:00,"279,000"
1/2/2011 8:00,"289,000"
1/3/2011 8:00,"280,000"
1/4/2011 8:00,"275,000"
1/5/2011 8:00,"271,000"
1/6/2011 8:00,"266,000"
1/7/2011 8:00,"261,000"
1/8/2011 8:00,"257,000"
1/9/2011 8:00,"261,000"
1/10/2011 8:00,"271,000"
1/11/2011 8:00,"291,000"
1/12/2011 8:00,"316,000"
1/13/2011 8:00,"336,000"
1/14/2011 8:00,"370,000"
1/15/2011 8:00,"380,000"
1/16/2011 8:00,"380,000"
1/17/2011 8:00,"376,000"
1/18/2011 8:00,"357,000"
1/19/2011 8:00,"350,000"
1/20/2011 8:00,"335,000"
1/21/2011 8:00,"317,000"
1/22/2011 8:00,"299,000"
1/23/2011 8:00,"284,000"
1/24/2011 8:00,"276,000"
1/25/2011 8:00,"268,000"
1/26/2011 8:00,"269,000"
1/27/2011 8:00,"272,000"
1/28/2011 8:00,"274,000"
1/29/2011 8:00,"269,000"
1/30/2011 8:00,"266,000"
1/31/2011 8:00,"264,000"
2/1/2011 8:00,"260,000"
2/2/2011 8:00,"261,000"
2/3/2011 8:00,"264,000"
2/4/2011 8:00,"266,000"
2/5/2011 8:00,"271,000"
2/6/2011 8:00,"280,000"
2/7/2011 8:00,"287,000"
2/8/2011 8:00,"287,000"
2/9/2011 8:00,"288,000"
2/10/2011 8:00,"292,000"
2/11/2011 8:00,"302,000"
2/12/2011 8:00,"336,000"
2/13/2011 8:00,"350,000"
2/14/2011 8:00,"364,000"
2/15/2011 8:00,"367,000"
2/16/2011 8:00,"365,000"
2/17/2011 8:00,"357,000"
2/18/2011 8:00,"335,000"
2/19/2011 8:00,"329,000"
2/20/2011 8:00,"318,000"
2/21/2011 8:00,"310,000"
2/22/2011 8:00,"299,000"
2/23/2011 8:00,"284,000"
2/24/2011 8:00,"273,000"
2/25/2011 8:00,"273,000"
2/26/2011 8:00,"300,000"
2/27/2011 8:00,"333,000"
2/28/2011 8:00,"378,000"
3/1/2011 8:00,"437,000"
3/2/2011 8:00,"480,000"
3/3/2011 8:00,"522,000"
3/4/2011 8:00,"574,000"
3/5/2011 8:00,"606,000"
3/6/2011 8:00,"670,000"
3/7/2011 8:00,"691,000"
3/8/2011 8:00,"705,000"
3/9/2011 8:00,"747,000"
3/10/2011 8:00,"800,000"
3/11/2011 8:00,"822,000"
3/12/2011 8:00,"833,000"
3/13/2011 8:00,"842,000"
3/14/2011 8:00,"856,000"
3/15/2011 8:00,"850,000"
3/16/2011 8:00,"862,000"
3/17/2011 8:00,"876,000"
3/18/2011 8:00,"870,000"
3/19/2011 8:00,"885,000"
3/20/2011 8:00,"896,000"
3/21/2011 8:00,"910,000"
3/22/2011 8:00,"906,000"
3/23/2011 8:00,"917,000"
3/24/2011 8:00,"927,000"
3/25/2011 8:00,"938,000"
3/26/2011 8:00,"949,000"
3/27/2011 8:00,"955,000"
3/28/2011 8:00,"967,000"
3/29/2011 8:00,"955,000"
3/30/2011 8:00,"966,000"
3/31/2011 8:00,"977,000"
4/1/2011 8:00,"987,000"
4/2/2011 8:00,"990,000"
4/3/2011 8:00,"1,001,000"
4/4/2011 8:00,"987,000"
4/5/2011 8:00,"963,000"
4/6/2011 8:00,"952,000"
4/7/2011 8:00,"940,000"
4/8/2011 8:00,"926,000"
4/9/2011 8:00,"920,000"
4/10/2011 8:00,"894,000"
4/11/2011 8:00,"865,000"
4/12/2011 8:00,"834,000"
4/13/2011 8:00,"806,000"
4/14/2011 8:00,"782,000"
4/15/2011 8:00,"765,000"
4/16/2011 8:00,"749,000"
4/17/2011 8:00,"739,000"
4/18/2011 8:00,"736,000"
4/19/2011 8:00,"739,000"
4/20/2011 8:00,"739,000"
4/21/2011 8:00,"746,000"
4/22/2011 8:00,"752,000"
4/23/2011 8:00,"763,000"
4/24/2011 8:00,"769,000"
4/25/2011 8:00,"783,000"
4/26/2011 8:00,"806,000"
4/27/2011 8:00,"824,000"
4/28/2011 8:00,"837,000"
4/29/2011 8:00,"859,000"
4/30/2011 8:00,"883,000"
5/1/2011 8:00,"920,000"
5/2/2011 8:00,"972,000"
5/3/2011 8:00,"1,031,000"
5/4/2011 8:00,"1,066,000"
5/5/2011 8:00,"1,105,000"
5/6/2011 8:00,"1,138,000"
5/7/2011 8:00,"1,180,000"
5/8/2011 8:00,"1,240,000"
5/9/2011 8:00,"1,320,000"
5/10/2011 8:00,"1,360,000"
5/11/2011 8:00,"1,394,000"
5/12/2011 8:00,"1,423,000"
5/13/2011 8:00,"1,449,000"
5/14/2011 8:00,"1,470,000"
5/15/2011 8:00,"1,495,000"
5/16/2011 8:00,"1,501,000"
5/17/2011 8:00,"1,524,000"
5/18/2011 8:00,"1,550,000"
5/19/2011 8:00,"1,619,000"
5/20/2011 8:00,"1,619,000"
5/21/2011 8:00,"1,619,000"
5/22/2011 8:00,"1,610,000"
5/23/2011 8:00,"1,590,000"
5/24/2011 8:00,"1,575,000"
5/25/2011 8:00,"1,555,000"
5/26/2011 8:00,"1,540,000"
5/27/2011 8:00,"1,540,000"
5/28/2011 8:00,"1,540,000"
5/29/2011 8:00,"1,500,000"
5/30/2011 8:00,"1,480,000"
5/31/2011 8:00,"1,470,000"
6/1/2011 8:00,"1,455,000"
6/2/2011 8:00,"1,440,000"
6/3/2011 8:00,"1,424,000"
6/4/2011 8:00,"1,404,000"
6/5/2011 8:00,"1,390,000"
6/6/2011 8:00,"1,340,000"
6/7/2011 8:00,"1,302,000"
6/8/2011 8:00,"1,265,000"
6/9/2011 8:00,"1,240,000"
6/10/2011 8:00,"1,215,000"
6/11/2011 8:00,"1,190,000"
6/12/2011 8:00,"1,145,000"
6/13/2011 8:00,"1,094,000"
6/14/2011 8:00,"1,073,000"
6/15/2011 8:00,"1,045,000"
6/16/2011 8:00,"1,039,000"
6/17/2011 8:00,"982,000"
6/18/2011 8:00,"957,000"
6/19/2011 8:00,"926,000"
6/20/2011 8:00,"895,000"
6/21/2011 8:00,"868,000"
6/22/2011 8:00,"818,000"
6/23/2011 8:00,"784,000"
6/24/2011 8:00,"755,000"
6/25/2011 8:00,"728,000"
6/26/2011 8:00,"700,000"
6/27/2011 8:00,"670,000"
6/28/2011 8:00,"660,000"
6/29/2011 8:00,"644,000"
6/30/2011 8:00,"675,000"
7/1/2011 8:00,"668,000"
7/2/2011 8:00,"666,000"
7/3/2011 8:00,"659,000"
7/4/2011 8:00,"655,000"
7/5/2011 8:00,"655,000"
7/6/2011 8:00,"687,000"
7/7/2011 8:00,"687,000"
7/8/2011 8:00,"687,000"
7/9/2011 8:00,"687,000"
7/10/2011 8:00,"690,000"
7/11/2011 8:00,"687,000"
7/12/2011 8:00,"684,000"
7/13/2011 8:00,"681,000"
7/14/2011 8:00,"672,000"
7/15/2011 8:00,"661,000"
7/16/2011 8:00,"654,000"
7/17/2011 8:00,"645,000"
7/18/2011 8:00,"632,000"
7/19/2011 8:00,"627,000"
7/20/2011 8:00,"611,000"
7/21/2011 8:00,"588,000"
7/22/2011 8:00,"579,000"
7/23/2011 8:00,"557,000"
7/24/2011 8:00,"533,000"
7/25/2011 8:00,"505,000"
7/26/2011 8:00,"492,000"
7/27/2011 8:00,"488,000"
7/28/2011 8:00,"475,000"
7/29/2011 8:00,"492,000"
7/30/2011 8:00,"463,000"
7/31/2011 8:00,"443,000"
8/1/2011 8:00,"428,000"
8/2/2011 8:00,"421,000"
8/3/2011 8:00,"412,000"
8/4/2011 8:00,"410,000"
8/5/2011 8:00,"412,000"
8/6/2011 8:00,"436,000"
8/7/2011 8:00,"432,000"
8/8/2011 8:00,"427,000"
8/9/2011 8:00,"423,000"
8/10/2011 8:00,"422,000"
8/11/2011 8:00,"422,000"
8/12/2011 8:00,"422,000"
8/13/2011 8:00,"423,000"
8/14/2011 8:00,"425,000"
8/15/2011 8:00,"425,000"
8/16/2011 8:00,"425,000"
8/17/2011 8:00,"425,000"
8/18/2011 8:00,"416,000"
8/19/2011 8:00,"411,000"
8/20/2011 8:00,"406,000"
8/21/2011 8:00,"397,000"
8/22/2011 8:00,"391,000"
8/23/2011 8:00,"363,000"
8/24/2011 8:00,"357,000"
8/25/2011 8:00,"355,000"
8/26/2011 8:00,"352,000"
8/27/2011 8:00,"351,000"
8/28/2011 8:00,"346,000"
8/29/2011 8:00,"342,000"
8/30/2011 8:00,"336,000"
8/31/2011 8:00,"331,000"
9/1/2011 8:00,"327,000"
9/2/2011 8:00,"325,000"
9/3/2011 8:00,"327,000"
9/4/2011 8:00,"331,000"
9/5/2011 8:00,"340,000"
9/6/2011 8:00,"347,000"
9/7/2011 8:00,"336,000"
9/8/2011 8:00,"330,000"
9/9/2011 8:00,"320,000"
9/10/2011 8:00,"308,000"
9/11/2011 8:00,"302,000"
9/12/2011 8:00,"298,000"
9/13/2011 8:00,"296,000"
9/14/2011 8:00,"298,000"
9/15/2011 8:00,"304,000"
9/16/2011 8:00,"307,000"
9/17/2011 8:00,"311,000"
9/18/2011 8:00,"314,000"
9/19/2011 8:00,"314,000"
9/20/2011 8:00,"313,000"
9/21/2011 8:00,"307,000"
9/22/2011 8:00,"302,000"
9/23/2011 8:00,"297,000"
9/24/2011 8:00,"287,000"
9/25/2011 8:00,"279,000"
9/26/2011 8:00,"272,000"
9/27/2011 8:00,"268,000"
9/28/2011 8:00,"265,000"
9/29/2011 8:00,"264,000"
9/30/2011 8:00,"266,000"
10/1/2011 8:00,"272,000"
10/2/2011 8:00,"271,000"
10/3/2011 8:00,"273,000"
10/4/2011 8:00,"278,000"
10/5/2011 8:00,"280,000"
10/6/2011 8:00,"280,000"
10/7/2011 8:00,"282,000"
10/8/2011 8:00,"282,000"
10/9/2011 8:00,"278,000"
10/10/2011 8:00,"273,000"
10/11/2011 8:00,"268,000"
10/12/2011 8:00,"264,000"
10/13/2011 8:00,"259,000"
10/14/2011 8:00,"257,000"
10/15/2011 8:00,"253,000"
10/16/2011 8:00,"247,000"
10/17/2011 8:00,"238,000"
10/18/2011 8:00,"231,000"
10/19/2011 8:00,"226,000"
10/20/2011 8:00,"217,000"
10/21/2011 8:00,"211,000"
10/22/2011 8:00,"202,000"
10/23/2011 8:00,"202,000"
10/24/2011 8:00,"203,000"
10/25/2011 8:00,"209,000"
10/26/2011 8:00,"212,000"
10/27/2011 8:00,"216,000"
10/28/2011 8:00,"223,000"
10/29/2011 8:00,"229,000"
10/30/2011 8:00,"240,000"
10/31/2011 8:00,"250,000"
11/1/2011 8:00,"256,000"
11/2/2011 8:00,"258,000"
11/3/2011 8:00,"260,000"
11/4/2011 8:00,"260,000"
11/5/2011 8:00,"258,000"
11/6/2011 8:00,"257,000"
11/7/2011 8:00,"260,000"
11/8/2011 8:00,"261,000"
11/9/2011 8:00,"265,000"
11/10/2011 8:00,"267,000"
11/11/2011 8:00,"268,000"
11/12/2011 8:00,"274,000"
11/13/2011 8:00,"278,000"
11/14/2011 8:00,"271,000"
11/15/2011 8:00,"261,000"
11/16/2011 8:00,"253,000"
11/17/2011 8:00,"250,000"
11/18/2011 8:00,"243,000"
11/19/2011 8:00,"245,000"
11/20/2011 8:00,"250,000"
11/21/2011 8:00,"260,000"
11/22/2011 8:00,"273,000"
11/23/2011 8:00,"287,000"
11/24/2011 8:00,"308,000"
11/25/2011 8:00,"343,000"
11/26/2011 8:00,"377,000"
11/27/2011 8:00,"411,000"
11/28/2011 8:00,"443,000"
11/29/2011 8:00,"500,000"
11/30/2011 8:00,"519,000"
12/1/2011 8:00,"541,000"
12/2/2011 8:00,"552,000"
12/3/2011 8:00,"561,000"
12/4/2011 8:00,"574,000"
12/5/2011 8:00,"588,000"
12/6/2011 8:00,"620,000"
12/7/2011 8:00,"644,000"
12/8/2011 8:00,"668,000"
12/9/2011 8:00,"699,000"
12/10/2011 8:00,"721,000"
12/11/2011 8:00,"748,000"
12/12/2011 8:00,"769,000"
12/13/2011 8:00,"790,000"
12/14/2011 8:00,"800,000"
12/15/2011 8:00,"803,000"
12/16/2011 8:00,"817,000"
12/17/2011 8:00,"824,000"
12/18/2011 8:00,"833,000"
12/19/2011 8:00,"837,000"
12/20/2011 8:00,"844,000"
12/21/2011 8:00,"852,000"
12/22/2011 8:00,"856,000"
12/23/2011 8:00,"860,000"
12/24/2011 8:00,"870,000"
12/25/2011 8:00,"877,000"
12/26/2011 8:00,"884,000"
12/27/2011 8:00,"898,000"
12/28/2011 8:00,"892,000"
12/29/2011 8:00,"877,000"
12/30/2011 8:00,"863,000"
12/31/2011 8:00,"852,000"
1/1/2012 8:00,"837,000"
1/2/2012 8:00,"824,000"
1/3/2012 8:00,"806,000"
1/4/2012 8:00,"770,000"
1/5/2012 8:00,"760,000"
1/6/2012 8:00,"753,000"
1/7/2012 8:00,"750,000"
1/8/2012 8:00,"740,000"
1/9/2012 8:00,"734,000"
1/10/2012 8:00,"727,000"
1/11/2012 8:00,"714,000"
1/12/2012 8:00,"692,000"
1/13/2012 8:00,"664,000"
1/14/2012 8:00,"640,000"
1/15/2012 8:00,"607,000"
1/16/2012 8:00,"583,000"
1/17/2012 8:00,"549,000"
1/18/2012 8:00,"511,000"
1/19/2012 8:00,"496,000"
1/20/2012 8:00,"486,000"
1/21/2012 8:00,"474,000"
1/22/2012 8:00,"466,000"
1/23/2012 8:00,"463,000"
1/24/2012 8:00,"462,000"
1/25/2012 8:00,"466,000"
1/26/2012 8:00,"481,000"
1/27/2012 8:00,"546,000"
1/28/2012 8:00,"559,000"
1/29/2012 8:00,"577,000"
1/30/2012 8:00,"605,000"
1/31/2012 8:00,"670,000"
2/1/2012 8:00,"691,000"
2/2/2012 8:00,"712,000"
2/3/2012 8:00,"724,000"
2/4/2012 8:00,"738,000"
2/5/2012 8:00,"760,000"
2/6/2012 8:00,"771,000"
2/7/2012 8:00,"786,000"
2/8/2012 8:00,"796,000"
2/9/2012 8:00,"805,000"
2/10/2012 8:00,"806,000"
2/11/2012 8:00,"806,000"
2/12/2012 8:00,"806,000"
2/13/2012 8:00,"810,000"
2/14/2012 8:00,"814,000"
2/15/2012 8:00,"809,000"
2/16/2012 8:00,"801,000"
2/17/2012 8:00,"789,000"
2/18/2012 8:00,"765,000"
2/19/2012 8:00,"753,000"
2/20/2012 8:00,"736,000"
2/21/2012 8:00,"700,000"
2/22/2012 8:00,"661,000"
2/23/2012 8:00,"640,000"
2/24/2012 8:00,"561,000"
2/25/2012 8:00,"544,000"
2/26/2012 8:00,"519,000"
2/27/2012 8:00,"504,000"
2/28/2012 8:00,"486,000"
2/29/2012 8:00,"470,000"
3/1/2012 8:00,"458,000"
3/2/2012 8:00,"446,000"
3/3/2012 8:00,"437,000"
3/4/2012 8:00,"423,000"
3/5/2012 8:00,"415,000"
3/6/2012 8:00,"407,000"
3/7/2012 8:00,"403,000"
3/8/2012 8:00,"400,000"
3/9/2012 8:00,"400,000"
3/10/2012 8:00,"427,000"
3/11/2012 8:00,"454,000"
3/12/2012 8:00,"497,000"
3/13/2012 8:00,"575,000"
3/14/2012 8:00,"616,000"
3/15/2012 8:00,"648,000"
3/16/2012 8:00,"681,000"
3/17/2012 8:00,"700,000"
3/18/2012 8:00,"715,000"
3/19/2012 8:00,"730,000"
3/20/2012 8:00,"734,000"
3/21/2012 8:00,"740,000"
3/22/2012 8:00,"747,000"
3/23/2012 8:00,"755,000"
3/24/2012 8:00,"763,000"
3/25/2012 8:00,"770,000"
3/26/2012 8:00,"780,000"
3/27/2012 8:00,"795,000"
3/28/2012 8:00,"805,000"
3/29/2012 8:00,"814,000"
3/30/2012 8:00,"816,000"
3/31/2012 8:00,"816,000"
4/1/2012 8:00,"814,000"
4/2/2012 8:00,"811,000"
4/3/2012 8:00,"773,000"
4/4/2012 8:00,"775,000"
4/5/2012 8:00,"770,000"
4/6/2012 8:00,"760,000"
4/7/2012 8:00,"744,000"
4/8/2012 8:00,"723,000"
4/9/2012 8:00,"700,000"
4/10/2012 8:00,"678,000"
4/11/2012 8:00,"655,000"
4/12/2012 8:00,"634,000"
4/13/2012 8:00,"610,000"
4/14/2012 8:00,"576,000"
4/15/2012 8:00,"549,000"
4/16/2012 8:00,"528,000"
4/17/2012 8:00,"484,000"
4/18/2012 8:00,"473,000"
4/19/2012 8:00,"458,000"
4/20/2012 8:00,"444,000"
4/21/2012 8:00,"425,000"
4/22/2012 8:00,"404,000"
4/23/2012 8:00,"396,000"
4/24/2012 8:00,"414,000"
4/25/2012 8:00,"416,000"
4/26/2012 8:00,"414,000"
4/27/2012 8:00,"410,000"
4/28/2012 8:00,"404,000"
4/29/2012 8:00,"397,000"
4/30/2012 8:00,"384,000"
5/1/2012 8:00,"365,000"
5/2/2012 8:00,"352,000"
5/3/2012 8:00,"334,000"
5/4/2012 8:00,"322,000"
5/5/2012 8:00,"310,000"
5/6/2012 8:00,"316,000"
5/7/2012 8:00,"326,000"
5/8/2012 8:00,"336,000"
5/9/2012 8:00,"373,000"
5/10/2012 8:00,"397,000"
5/11/2012 8:00,"410,000"
5/12/2012 8:00,"423,000"
5/13/2012 8:00,"438,000"
5/14/2012 8:00,"457,000"
5/15/2012 8:00,"475,000"
5/16/2012 8:00,"493,000"
5/17/2012 8:00,"492,000"
5/18/2012 8:00,"493,000"
5/19/2012 8:00,"493,000"
5/20/2012 8:00,"490,000"
5/21/2012 8:00,"479,000"
5/22/2012 8:00,"455,000"
5/23/2012 8:00,"450,000"
5/24/2012 8:00,"436,000"
5/25/2012 8:00,"416,000"
5/26/2012 8:00,"395,000"
5/27/2012 8:00,"376,000"
5/28/2012 8:00,"355,000"
5/29/2012 8:00,"335,000"
5/30/2012 8:00,"320,000"
5/31/2012 8:00,"298,000"
6/1/2012 8:00,"285,000"
6/2/2012 8:00,"278,000"
6/3/2012 8:00,"270,000"
6/4/2012 8:00,"257,000"
6/5/2012 8:00,"249,000"
6/6/2012 8:00,"244,000"
6/7/2012 8:00,"239,000"
6/8/2012 8:00,"235,000"
6/9/2012 8:00,"236,000"
6/10/2012 8:00,"236,000"
6/11/2012 8:00,"235,000"
6/12/2012 8:00,"222,000"
6/13/2012 8:00,"226,000"
6/14/2012 8:00,"233,000"
6/15/2012 8:00,"237,000"
6/16/2012 8:00,"238,000"
6/17/2012 8:00,"236,000"
6/18/2012 8:00,"232,000"
6/19/2012 8:00,"229,000"
6/20/2012 8:00,"225,000"
6/21/2012 8:00,"218,000"
6/22/2012 8:00,"214,000"
6/23/2012 8:00,"207,000"
6/24/2012 8:00,"205,000"
6/25/2012 8:00,"204,000"
6/26/2012 8:00,"202,000"
6/27/2012 8:00,"200,000"
6/28/2012 8:00,"196,000"
6/29/2012 8:00,"194,000"
6/30/2012 8:00,"188,000"
7/1/2012 8:00,"185,000"
7/2/2012 8:00,"183,000"
7/3/2012 8:00,"180,000"
7/4/2012 8:00,"177,000"
7/5/2012 8:00,"175,000"
7/6/2012 8:00,"174,000"
7/7/2012 8:00,"173,000"
7/8/2012 8:00,"173,000"
7/9/2012 8:00,"172,000"
7/10/2012 8:00,"174,000"
7/11/2012 8:00,"175,000"
7/12/2012 8:00,"178,000"
7/13/2012 8:00,"187,000"
7/14/2012 8:00,"190,000"
7/15/2012 8:00,"192,000"
7/16/2012 8:00,"192,000"
7/17/2012 8:00,"193,000"
7/18/2012 8:00,"193,000"
7/19/2012 8:00,"188,000"
7/20/2012 8:00,"187,000"
7/21/2012 8:00,"184,000"
7/22/2012 8:00,"179,000"
7/23/2012 8:00,"174,000"
7/24/2012 8:00,"169,000"
7/25/2012 8:00,"169,000"
7/26/2012 8:00,"168,000"
7/27/2012 8:00,"161,000"
7/28/2012 8:00,"160,000"
7/29/2012 8:00,"166,000"
7/30/2012 8:00,"161,000"
7/31/2012 8:00,"151,000"
8/1/2012 8:00,"145,000"
8/2/2012 8:00,"143,000"
8/3/2012 8:00,"142,000"
8/4/2012 8:00,"143,000"
8/5/2012 8:00,"148,000"
8/6/2012 8:00,"156,000"
8/7/2012 8:00,"161,000"
8/8/2012 8:00,"163,000"
8/9/2012 8:00,"162,000"
8/10/2012 8:00,"161,000"
8/11/2012 8:00,"157,000"
8/12/2012 8:00,"154,000"
8/13/2012 8:00,"149,000"
8/14/2012 8:00,"147,000"
8/15/2012 8:00,"145,000"
8/16/2012 8:00,"145,000"
8/17/2012 8:00,"146,000"
8/18/2012 8:00,"146,000"
8/19/2012 8:00,"150,000"
8/20/2012 8:00,"150,000"
8/21/2012 8:00,"147,000"
8/22/2012 8:00,"146,000"
8/23/2012 8:00,"145,000"
8/24/2012 8:00,"144,000"
8/25/2012 8:00,"146,000"
8/26/2012 8:00,"145,000"
8/27/2012 8:00,"144,000"
8/28/2012 8:00,"143,000"
8/29/2012 8:00,"163,000"
8/30/2012 8:00,"160,000"
8/31/2012 8:00,"182,000"
9/1/2012 8:00,"180,000"
9/2/2012 8:00,"172,000"
9/3/2012 8:00,"168,000"
9/4/2012 8:00,"164,000"
9/5/2012 8:00,"159,000"
9/6/2012 8:00,"156,000"
9/7/2012 8:00,"158,000"
9/8/2012 8:00,"158,000"
9/9/2012 8:00,"161,000"
9/10/2012 8:00,"161,000"
9/11/2012 8:00,"160,000"
9/12/2012 8:00,"160,000"
9/13/2012 8:00,"159,000"
9/14/2012 8:00,"159,000"
9/15/2012 8:00,"159,000"
9/16/2012 8:00,"157,000"
9/17/2012 8:00,"156,000"
9/18/2012 8:00,"157,000"
9/19/2012 8:00,"163,000"
9/20/2012 8:00,"160,000"
9/21/2012 8:00,"156,000"
9/22/2012 8:00,"155,000"
9/23/2012 8:00,"151,000"
9/24/2012 8:00,"149,000"
9/25/2012 8:00,"144,000"
9/26/2012 8:00,"142,000"
9/27/2012 8:00,"143,000"
9/28/2012 8:00,"149,000"
9/29/2012 8:00,"155,000"
9/30/2012 8:00,"160,000"
10/1/2012 8:00,"168,000"
10/2/2012 8:00,"186,000"
10/3/2012 8:00,"196,000"
10/4/2012 8:00,"205,000"
10/5/2012 8:00,"209,000"
10/6/2012 8:00,"208,000"
10/7/2012 8:00,"204,000"
10/8/2012 8:00,"197,000"
10/9/2012 8:00,"190,000"
10/10/2012 8:00,"184,000"
10/11/2012 8:00,"175,000"
10/12/2012 8:00,"168,000"
10/13/2012 8:00,"163,000"
10/14/2012 8:00,"159,000"
10/15/2012 8:00,"157,000"
10/16/2012 8:00,"161,000"
10/17/2012 8:00,"161,000"
10/18/2012 8:00,"162,000"
10/19/2012 8:00,"157,000"
10/20/2012 8:00,"152,000"
10/21/2012 8:00,"153,000"
10/22/2012 8:00,"153,000"
10/23/2012 8:00,"154,000"
10/24/2012 8:00,"152,000"
10/25/2012 8:00,"154,000"
10/26/2012 8:00,"158,000"
10/27/2012 8:00,"158,000"
10/28/2012 8:00,"156,000"
10/29/2012 8:00,"154,000"
10/30/2012 8:00,"148,000"
10/31/2012 8:00,"145,000"
11/1/2012 8:00,"152,000"
11/2/2012 8:00,"159,000"
11/3/2012 8:00,"161,000"
11/4/2012 8:00,"163,000"
11/5/2012 8:00,"164,000"
11/6/2012 8:00,"162,000"
11/7/2012 8:00,"162,000"
11/8/2012 8:00,"163,000"
11/9/2012 8:00,"170,000"
11/10/2012 8:00,"184,000"
11/11/2012 8:00,"195,000"
11/12/2012 8:00,"210,000"
11/13/2012 8:00,"219,000"
11/14/2012 8:00,"223,000"
11/15/2012 8:00,"221,000"
11/16/2012 8:00,"212,000"
11/17/2012 8:00,"205,000"
11/18/2012 8:00,"197,000"
11/19/2012 8:00,"191,000"
11/20/2012 8:00,"183,000"
11/21/2012 8:00,"179,000"
11/22/2012 8:00,"175,000"
11/23/2012 8:00,"172,000"
11/24/2012 8:00,"171,000"
11/25/2012 8:00,"171,000"
11/26/2012 8:00,"172,000"
11/27/2012 8:00,"175,000"
11/28/2012 8:00,"175,000"
11/29/2012 8:00,"172,000"
11/30/2012 8:00,"169,000"
12/1/2012 8:00,"164,000"
12/2/2012 8:00,"161,000"
12/3/2012 8:00,"155,000"
12/4/2012 8:00,"156,000"
12/5/2012 8:00,"153,000"
12/6/2012 8:00,"147,000"
12/7/2012 8:00,"145,000"
12/8/2012 8:00,"146,000"
12/9/2012 8:00,"147,000"
12/10/2012 8:00,"147,000"
12/11/2012 8:00,"152,000"
12/12/2012 8:00,"155,000"
12/13/2012 8:00,"160,000"
12/14/2012 8:00,"162,000"
12/15/2012 8:00,"168,000"
12/16/2012 8:00,"179,000"
12/17/2012 8:00,"196,000"
12/18/2012 8:00,"223,000"
12/19/2012 8:00,"241,000"
12/20/2012 8:00,"268,000"
12/21/2012 8:00,"290,000"
12/22/2012 8:00,"296,000"
12/23/2012 8:00,"310,000"
12/24/2012 8:00,"308,000"
12/25/2012 8:00,"308,000"
12/26/2012 8:00,"306,000"
12/27/2012 8:00,"319,000"
12/28/2012 8:00,"321,000"
12/29/2012 8:00,"343,000"
12/30/2012 8:00,"345,000"
12/31/2012 8:00,"354,000"
1/1/2013 8:00,"358,000"
1/2/2013 8:00,"393,000"
1/3/2013 8:00,"414,000"
1/4/2013 8:00,"450,000"
1/5/2013 8:00,"430,000"
1/6/2013 8:00,"430,000"
1/7/2013 8:00,"427,000"
1/8/2013 8:00,"442,000"
1/9/2013 8:00,"434,000"
1/10/2013 8:00,"445,000"
1/11/2013 8:00,"538,000"
1/12/2013 8:00,"532,000"
1/13/2013 8:00,"526,000"
1/14/2013 8:00,"504,000"
1/15/2013 8:00,"523,000"
1/16/2013 8:00,"540,000"
1/17/2013 8:00,"562,000"
1/18/2013 8:00,"574,000"
1/19/2013 8:00,"597,000"
1/20/2013 8:00,"624,000"
1/21/2013 8:00,"650,000"
1/22/2013 8:00,"680,000"
1/23/2013 8:00,"698,000"
1/24/2013 8:00,"707,000"
1/25/2013 8:00,"716,000"
1/26/2013 8:00,"726,000"
1/27/2013 8:00,"734,000"
1/28/2013 8:00,"741,000"
1/29/2013 8:00,"746,000"
1/30/2013 8:00,"746,000"
1/31/2013 8:00,"746,000"
2/1/2013 8:00,"746,000"
2/2/2013 8:00,"735,000"
2/3/2013 8:00,"716,000"
2/4/2013 8:00,"691,000"
2/5/2013 8:00,"667,000"
2/6/2013 8:00,"651,000"
2/7/2013 8:00,"640,000"
2/8/2013 8:00,"617,000"
2/9/2013 8:00,"621,000"
2/10/2013 8:00,"625,000"
2/11/2013 8:00,"636,000"
2/12/2013 8:00,"672,000"
2/13/2013 8:00,"694,000"
2/14/2013 8:00,"707,000"
2/15/2013 8:00,"718,000"
2/16/2013 8:00,"720,000"
2/17/2013 8:00,"713,000"
2/18/2013 8:00,"703,000"
2/19/2013 8:00,"681,000"
2/20/2013 8:00,"664,000"
2/21/2013 8:00,"647,000"
2/22/2013 8:00,"633,000"
2/23/2013 8:00,"630,000"
2/24/2013 8:00,"615,000"
2/25/2013 8:00,"606,000"
2/26/2013 8:00,"592,000"
2/27/2013 8:00,"577,000"
2/28/2013 8:00,"564,000"
3/1/2013 8:00,"552,000"
3/2/2013 8:00,"541,000"
3/3/2013 8:00,"526,000"
3/4/2013 8:00,"514,000"
3/5/2013 8:00,"494,000"
3/6/2013 8:00,"479,000"
3/7/2013 8:00,"472,000"
3/8/2013 8:00,"468,000"
3/9/2013 8:00,"470,000"
3/10/2013 8:00,"470,000"
3/11/2013 8:00,"479,000"
3/12/2013 8:00,"494,000"
3/13/2013 8:00,"496,000"
3/14/2013 8:00,"497,000"
3/15/2013 8:00,"498,000"
3/16/2013 8:00,"500,000"
3/17/2013 8:00,"511,000"
3/18/2013 8:00,"536,000"
3/19/2013 8:00,"561,000"
3/20/2013 8:00,"586,000"
3/21/2013 8:00,"620,000"
3/22/2013 8:00,"638,000"
3/23/2013 8:00,"655,000"
3/24/2013 8:00,"670,000"
3/25/2013 8:00,"685,000"
3/26/2013 8:00,"696,000"
3/27/2013 8:00,"710,000"
3/28/2013 8:00,"723,000"
3/29/2013 8:00,"726,000"
3/30/2013 8:00,"726,000"
3/31/2013 8:00,"724,000"
4/1/2013 8:00,"722,000"
4/2/2013 8:00,"720,000"
4/3/2013 8:00,"707,000"
4/4/2013 8:00,"698,000"
4/5/2013 8:00,"681,000"
4/6/2013 8:00,"665,000"
4/7/2013 8:00,"645,000"
4/8/2013 8:00,"624,000"
4/9/2013 8:00,"586,000"
4/10/2013 8:00,"567,000"
4/11/2013 8:00,"541,000"
4/12/2013 8:00,"527,000"
4/13/2013 8:00,"527,000"
4/14/2013 8:00,"535,000"
4/15/2013 8:00,"548,000"
4/16/2013 8:00,"554,000"
4/17/2013 8:00,"556,000"
4/18/2013 8:00,"559,000"
4/19/2013 8:00,"567,000"
4/20/2013 8:00,"588,000"
4/21/2013 8:00,"609,000"
4/22/2013 8:00,"636,000"
4/23/2013 8:00,"660,000"
4/24/2013 8:00,"681,000"
4/25/2013 8:00,"702,000"
4/26/2013 8:00,"725,000"
4/27/2013 8:00,"750,000"
4/28/2013 8:00,"764,000"
4/29/2013 8:00,"776,000"
4/30/2013 8:00,"807,000"
5/1/2013 8:00,"831,000"
5/2/2013 8:00,"850,000"
5/3/2013 8:00,"865,000"
5/4/2013 8:00,"877,000"
5/5/2013 8:00,"889,000"
5/6/2013 8:00,"902,000"
5/7/2013 8:00,"914,000"
5/8/2013 8:00,"916,000"
5/9/2013 8:00,"923,000"
5/10/2013 8:00,"943,000"
5/11/2013 8:00,"953,000"
5/12/2013 8:00,"960,000"
5/13/2013 8:00,"964,000"
5/14/2013 8:00,"966,000"
5/15/2013 8:00,"974,000"
5/16/2013 8:00,"974,000"
5/17/2013 8:00,"975,000"
5/18/2013 8:00,"975,000"
5/19/2013 8:00,"976,000"
5/20/2013 8:00,"977,000"
5/21/2013 8:00,"978,000"
5/22/2013 8:00,"980,000"
5/23/2013 8:00,"984,000"
5/24/2013 8:00,"990,000"
5/25/2013 8:00,"990,000"
5/26/2013 8:00,"990,000"
5/27/2013 8:00,"990,000"
5/28/2013 8:00,"981,000"
5/29/2013 8:00,"972,000"
5/30/2013 8:00,"954,000"
5/31/2013 8:00,"935,000"
6/1/2013 8:00,"922,000"
6/2/2013 8:00,"904,000"
6/3/2013 8:00,"880,000"
6/4/2013 8:00,"847,000"
6/5/2013 8:00,"800,000"
6/6/2013 8:00,"783,000"
6/7/2013 8:00,"775,000"
6/8/2013 8:00,"770,000"
6/9/2013 8:00,"770,000"
6/10/2013 8:00,"773,000"
6/11/2013 8:00,"778,000"
6/12/2013 8:00,"785,000"
6/13/2013 8:00,"791,000"
6/14/2013 8:00,"797,000"
6/15/2013 8:00,"806,000"
6/16/2013 8:00,"812,000"
6/17/2013 8:00,"840,000"
6/18/2013 8:00,"840,000"
6/19/2013 8:00,"840,000"
6/20/2013 8:00,"840,000"
6/21/2013 8:00,"840,000"
6/22/2013 8:00,"822,000"
6/23/2013 8:00,"815,000"
6/24/2013 8:00,"803,000"
6/25/2013 8:00,"800,000"
6/26/2013 8:00,"797,000"
6/27/2013 8:00,"791,000"
6/28/2013 8:00,"782,000"
6/29/2013 8:00,"774,000"
6/30/2013 8:00,"756,000"
7/1/2013 8:00,"743,000"
7/2/2013 8:00,"722,000"
7/3/2013 8:00,"700,000"
7/4/2013 8:00,"665,000"
7/5/2013 8:00,"640,000"
7/6/2013 8:00,"624,000"
7/7/2013 8:00,"600,000"
7/8/2013 8:00,"576,000"
7/9/2013 8:00,"572,000"
7/10/2013 8:00,"568,000"
7/11/2013 8:00,"565,000"
7/12/2013 8:00,"572,000"
7/13/2013 8:00,"582,000"
7/14/2013 8:00,"600,000"
7/15/2013 8:00,"609,000"
7/16/2013 8:00,"614,000"
7/17/2013 8:00,"640,000"
7/18/2013 8:00,"649,000"
7/19/2013 8:00,"660,000"
7/20/2013 8:00,"670,000"
7/21/2013 8:00,"674,000"
7/22/2013 8:00,"678,000"
7/23/2013 8:00,"679,000"
7/24/2013 8:00,"679,000"
7/25/2013 8:00,"672,000"
7/26/2013 8:00,"667,000"
7/27/2013 8:00,"651,000"
7/28/2013 8:00,"630,000"
7/29/2013 8:00,"593,000"
7/30/2013 8:00,"559,000"
7/31/2013 8:00,"482,000"
8/1/2013 8:00,"453,000"
8/2/2013 8:00,"444,000"
8/3/2013 8:00,"415,000"
8/4/2013 8:00,"399,000"
8/5/2013 8:00,"380,000"
8/6/2013 8:00,"383,000"
8/7/2013 8:00,"365,000"
8/8/2013 8:00,"345,000"
8/9/2013 8:00,"320,000"
8/10/2013 8:00,"304,000"
8/11/2013 8:00,"300,000"
8/12/2013 8:00,"292,000"
8/13/2013 8:00,"283,000"
8/14/2013 8:00,"286,000"
8/15/2013 8:00,"304,000"
8/16/2013 8:00,"320,000"
8/17/2013 8:00,"348,000"
8/18/2013 8:00,"372,000"
8/19/2013 8:00,"404,000"
8/20/2013 8:00,"464,000"
8/21/2013 8:00,"470,000"
8/22/2013 8:00,"477,000"
8/23/2013 8:00,"477,000"
8/24/2013 8:00,"478,000"
8/25/2013 8:00,"453,000"
8/26/2013 8:00,"428,000"
8/27/2013 8:00,"406,000"
8/28/2013 8:00,"373,000"
8/29/2013 8:00,"344,000"
8/30/2013 8:00,"330,000"
8/31/2013 8:00,"314,000"
9/1/2013 8:00,"298,000"
9/2/2013 8:00,"289,000"
9/3/2013 8:00,"282,000"
9/4/2013 8:00,"277,000"
9/5/2013 8:00,"265,000"
9/6/2013 8:00,"258,000"
9/7/2013 8:00,"253,000"
9/8/2013 8:00,"250,000"
9/9/2013 8:00,"246,000"
9/10/2013 8:00,"246,000"
9/11/2013 8:00,"244,000"
9/12/2013 8:00,"242,000"
9/13/2013 8:00,"238,000"
9/14/2013 8:00,"234,000"
9/15/2013 8:00,"229,000"
9/16/2013 8:00,"225,000"
9/17/2013 8:00,"210,000"
9/18/2013 8:00,"205,000"
9/19/2013 8:00,"200,000"
9/20/2013 8:00,"194,000"
9/21/2013 8:00,"198,000"
9/22/2013 8:00,"205,000"
9/23/2013 8:00,"201,000"
9/24/2013 8:00,"201,000"
9/25/2013 8:00,"207,000"
9/26/2013 8:00,"210,000"
9/27/2013 8:00,"209,000"
9/28/2013 8:00,"202,000"
9/29/2013 8:00,"198,000"
9/30/2013 8:00,"196,000"
10/1/2013 8:00,"202,000"
10/2/2013 8:00,"210,000"
10/3/2013 8:00,"210,000"
10/4/2013 8:00,"211,000"
10/5/2013 8:00,"209,000"
10/6/2013 8:00,"206,000"
10/7/2013 8:00,"204,000"
10/8/2013 8:00,"200,000"
10/9/2013 8:00,"198,000"
10/10/2013 8:00,"200,000"
10/11/2013 8:00,"197,000"
10/12/2013 8:00,"197,000"
10/13/2013 8:00,"208,000"
10/14/2013 8:00,"223,000"
10/15/2013 8:00,"246,000"
10/16/2013 8:00,"255,000"
10/17/2013 8:00,"257,000"
10/18/2013 8:00,"255,000"
10/19/2013 8:00,"246,000"
10/20/2013 8:00,"235,000"
10/21/2013 8:00,"224,000"
10/22/2013 8:00,"222,000"
10/23/2013 8:00,"210,000"
10/24/2013 8:00,"197,000"
10/25/2013 8:00,"189,000"
10/26/2013 8:00,"183,000"
10/27/2013 8:00,"178,000"
10/28/2013 8:00,"174,000"
10/29/2013 8:00,"173,000"
10/30/2013 8:00,"171,000"
10/31/2013 8:00,"173,000"
11/1/2013 8:00,"180,000"
11/2/2013 8:00,"200,000"
11/3/2013 8:00,"218,000"
11/4/2013 8:00,"227,000"
11/5/2013 8:00,"230,000"
11/6/2013 8:00,"228,000"
11/7/2013 8:00,"226,000"
11/8/2013 8:00,"224,000"
11/9/2013 8:00,"218,000"
11/10/2013 8:00,"226,000"
11/11/2013 8:00,"234,000"
11/12/2013 8:00,"244,000"
11/13/2013 8:00,"250,000"
11/14/2013 8:00,"254,000"
11/15/2013 8:00,"250,000"
11/16/2013 8:00,"244,000"
11/17/2013 8:00,"240,000"
11/18/2013 8:00,"240,000"
11/19/2013 8:00,"240,000"
11/20/2013 8:00,"238,000"
11/21/2013 8:00,"229,000"
11/22/2013 8:00,"226,000"
11/23/2013 8:00,"222,000"
11/24/2013 8:00,"225,000"
11/25/2013 8:00,"234,000"
11/26/2013 8:00,"266,000"
11/27/2013 8:00,"315,000"
11/28/2013 8:00,"337,000"
11/29/2013 8:00,"353,000"
11/30/2013 8:00,"363,000"
12/1/2013 8:00,"356,000"
12/2/2013 8:00,"345,000"
12/3/2013 8:00,"325,000"
12/4/2013 8:00,"311,000"
12/5/2013 8:00,"299,000"
12/6/2013 8:00,"288,000"
12/7/2013 8:00,"285,000"
12/8/2013 8:00,"288,000"
12/9/2013 8:00,"304,000"
12/10/2013 8:00,"314,000"
12/11/2013 8:00,"309,000"
12/12/2013 8:00,"308,000"
12/13/2013 8:00,"311,000"
12/14/2013 8:00,"309,000"
12/15/2013 8:00,"316,000"
12/16/2013 8:00,"344,000"
12/17/2013 8:00,"384,000"
12/18/2013 8:00,"427,000"
12/19/2013 8:00,"456,000"
12/20/2013 8:00,"484,000"
12/21/2013 8:00,"511,000"
12/22/2013 8:00,"523,000"
12/23/2013 8:00,"531,000"
12/24/2013 8:00,"554,000"
12/25/2013 8:00,"570,000"
12/26/2013 8:00,"584,000"
12/27/2013 8:00,"604,000"
12/28/2013 8:00,"619,000"
12/29/2013 8:00,"642,000"
12/30/2013 8:00,"664,000"
12/31/2013 8:00,"673,000"
1/1/2014 8:00,"677,000"
1/2/2014 8:00,"685,000"
1/3/2014 8:00,"695,000"
1/4/2014 8:00,"700,000"
1/5/2014 8:00,"704,000"
1/6/2014 8:00,"708,000"
1/7/2014 8:00,"720,000"
1/8/2014 8:00,"727,000"
1/9/2014 8:00,"724,000"
1/10/2014 8:00,"715,000"
1/11/2014 8:00,"707,000"
1/12/2014 8:00,"697,000"
1/13/2014 8:00,"685,000"
1/14/2014 8:00,"654,000"
1/15/2014 8:00,"627,000"
1/16/2014 8:00,"613,000"
1/17/2014 8:00,"600,000"
1/18/2014 8:00,"588,000"
1/19/2014 8:00,"576,000"
1/20/2014 8:00,"572,000"
1/21/2014 8:00,"570,000"
1/22/2014 8:00,"570,000"
1/23/2014 8:00,"576,000"
1/24/2014 8:00,"586,000"
1/25/2014 8:00,"595,000"
1/26/2014 8:00,"602,000"
1/27/2014 8:00,"602,000"
1/28/2014 8:00,"590,000"
1/29/2014 8:00,"564,000"
1/30/2014 8:00,"532,000"
1/31/2014 8:00,"490,000"
2/1/2014 8:00,"451,000"
2/2/2014 8:00,"413,000"
2/3/2014 8:00,"389,000"
2/4/2014 8:00,"370,000"
2/5/2014 8:00,"352,000"
2/6/2014 8:00,"345,000"
2/7/2014 8:00,"350,000"
2/8/2014 8:00,"360,000"
2/9/2014 8:00,"374,000"
2/10/2014 8:00,"389,000"
2/11/2014 8:00,"409,000"
2/12/2014 8:00,"460,000"
2/13/2014 8:00,"510,000"
2/14/2014 8:00,"544,000"
2/15/2014 8:00,"572,000"
2/16/2014 8:00,"597,000"
2/17/2014 8:00,"615,000"
2/18/2014 8:00,"628,000"
2/19/2014 8:00,"618,000"
2/20/2014 8:00,"590,000"
2/21/2014 8:00,"575,000"
2/22/2014 8:00,"549,000"
2/23/2014 8:00,"502,000"
2/24/2014 8:00,"464,000"
2/25/2014 8:00,"442,000"
2/26/2014 8:00,"435,000"
2/27/2014 8:00,"433,000"
2/28/2014 8:00,"442,000"
3/1/2014 8:00,"469,000"
3/2/2014 8:00,"516,000"
3/3/2014 8:00,"550,000"
3/4/2014 8:00,"571,000"
3/5/2014 8:00,"600,000"
3/6/2014 8:00,"623,000"
3/7/2014 8:00,"643,000"
3/8/2014 8:00,"654,000"
3/9/2014 8:00,"660,000"
3/10/2014 8:00,"660,000"
3/11/2014 8:00,"656,000"
3/12/2014 8:00,"652,000"
3/13/2014 8:00,"638,000"
3/14/2014 8:00,"607,000"
3/15/2014 8:00,"596,000"
3/16/2014 8:00,"581,000"
3/17/2014 8:00,"567,000"
3/18/2014 8:00,"560,000"
3/19/2014 8:00,"537,000"
3/20/2014 8:00,"537,000"
3/21/2014 8:00,"537,000"
3/22/2014 8:00,"533,000"
3/23/2014 8:00,"533,000"
3/24/2014 8:00,"529,000"
3/25/2014 8:00,"529,000"
3/26/2014 8:00,"525,000"
3/27/2014 8:00,"514,000"
3/28/2014 8:00,"506,000"
3/29/2014 8:00,"520,000"
3/30/2014 8:00,"524,000"
3/31/2014 8:00,"514,000"
4/1/2014 8:00,"516,000"
4/2/2014 8:00,"516,000"
4/3/2014 8:00,"510,000"
4/4/2014 8:00,"500,000"
4/5/2014 8:00,"496,000"
4/6/2014 8:00,"490,000"
4/7/2014 8:00,"499,000"
4/8/2014 8:00,"530,000"
4/9/2014 8:00,"554,000"
4/10/2014 8:00,"586,000"
4/11/2014 8:00,"620,000"
4/12/2014 8:00,"682,000"
4/13/2014 8:00,"704,000"
4/14/2014 8:00,"729,000"
4/15/2014 8:00,"765,000"
4/16/2014 8:00,"790,000"
4/17/2014 8:00,"800,000"
4/18/2014 8:00,"819,000"
4/19/2014 8:00,"833,000"
4/20/2014 8:00,"845,000"
4/21/2014 8:00,"855,000"
4/22/2014 8:00,"860,000"
4/23/2014 8:00,"860,000"
4/24/2014 8:00,"851,000"
4/25/2014 8:00,"840,000"
4/26/2014 8:00,"816,000"
4/27/2014 8:00,"780,000"
4/28/2014 8:00,"744,000"
4/29/2014 8:00,"718,000"
4/30/2014 8:00,"684,000"
5/1/2014 8:00,"658,000"
5/2/2014 8:00,"619,000"
5/3/2014 8:00,"593,000"
5/4/2014 8:00,"568,000"
5/5/2014 8:00,"568,000"
5/6/2014 8:00,"578,000"
5/7/2014 8:00,"593,000"
5/8/2014 8:00,"610,000"
5/9/2014 8:00,"619,000"
5/10/2014 8:00,"639,000"
5/11/2014 8:00,"653,000"
5/12/2014 8:00,"660,000"
5/13/2014 8:00,"666,000"
5/14/2014 8:00,"670,000"
5/15/2014 8:00,"663,000"
5/16/2014 8:00,"660,000"
5/17/2014 8:00,"656,000"
5/18/2014 8:00,"648,000"
5/19/2014 8:00,"639,000"
5/20/2014 8:00,"630,000"
5/21/2014 8:00,"619,000"
5/22/2014 8:00,"614,000"
5/23/2014 8:00,"612,000"
5/24/2014 8:00,"612,000"
5/25/2014 8:00,"619,000"
5/26/2014 8:00,"623,000"
5/27/2014 8:00,"627,000"
5/28/2014 8:00,"634,000"
5/29/2014 8:00,"653,000"
5/30/2014 8:00,"653,000"
5/31/2014 8:00,"660,000"
6/1/2014 8:00,"660,000"
6/2/2014 8:00,"658,000"
6/3/2014 8:00,"648,000"
6/4/2014 8:00,"634,000"
6/5/2014 8:00,"616,000"
6/6/2014 8:00,"574,000"
6/7/2014 8:00,"551,000"
6/8/2014 8:00,"530,000"
6/9/2014 8:00,"502,000"
6/10/2014 8:00,"489,000"
6/11/2014 8:00,"493,000"
6/12/2014 8:00,"505,000"
6/13/2014 8:00,"541,000"
6/14/2014 8:00,"568,000"
6/15/2014 8:00,"587,000"
6/16/2014 8:00,"597,000"
6/17/2014 8:00,"610,000"
6/18/2014 8:00,"616,000"
6/19/2014 8:00,"629,000"
6/20/2014 8:00,"639,000"
6/21/2014 8:00,"637,000"
6/22/2014 8:00,"637,000"
6/23/2014 8:00,"631,000"
6/24/2014 8:00,"620,000"
6/25/2014 8:00,"604,000"
6/26/2014 8:00,"585,000"
6/27/2014 8:00,"568,000"
6/28/2014 8:00,"536,000"
6/29/2014 8:00,"508,000"
6/30/2014 8:00,"486,000"
7/1/2014 8:00,"475,000"
7/2/2014 8:00,"471,000"
7/3/2014 8:00,"474,000"
7/4/2014 8:00,"477,000"
7/5/2014 8:00,"489,000"
7/6/2014 8:00,"495,000"
7/7/2014 8:00,"505,000"
7/8/2014 8:00,"525,000"
7/9/2014 8:00,"530,000"
7/10/2014 8:00,"530,000"
7/11/2014 8:00,"526,000"
7/12/2014 8:00,"523,000"
7/13/2014 8:00,"515,000"
7/14/2014 8:00,"506,000"
7/15/2014 8:00,"504,000"
7/16/2014 8:00,"514,000"
7/17/2014 8:00,"502,000"
7/18/2014 8:00,"505,000"
7/19/2014 8:00,"514,000"
7/20/2014 8:00,"521,000"
7/21/2014 8:00,"527,000"
7/22/2014 8:00,"527,000"
7/23/2014 8:00,"525,000"
7/24/2014 8:00,"523,000"
7/25/2014 8:00,"519,000"
7/26/2014 8:00,"505,000"
7/27/2014 8:00,"492,000"
7/28/2014 8:00,"477,000"
7/29/2014 8:00,"459,000"
7/30/2014 8:00,"441,000"
7/31/2014 8:00,"418,000"
8/1/2014 8:00,"396,000"
8/2/2014 8:00,"381,000"
8/3/2014 8:00,"365,000"
8/4/2014 8:00,"347,000"
8/5/2014 8:00,"339,000"
8/6/2014 8:00,"330,000"
8/7/2014 8:00,"324,000"
8/8/2014 8:00,"314,000"
8/9/2014 8:00,"300,000"
8/10/2014 8:00,"286,000"
8/11/2014 8:00,"274,000"
8/12/2014 8:00,"295,000"
8/13/2014 8:00,"280,000"
8/14/2014 8:00,"279,000"
8/15/2014 8:00,"279,000"
8/16/2014 8:00,"280,000"
8/17/2014 8:00,"276,000"
8/18/2014 8:00,"276,000"
8/19/2014 8:00,"271,000"
8/20/2014 8:00,"264,000"
8/21/2014 8:00,"262,000"
8/22/2014 8:00,"260,000"
8/23/2014 8:00,"261,000"
8/24/2014 8:00,"264,000"
8/25/2014 8:00,"266,000"
8/26/2014 8:00,"274,000"
8/27/2014 8:00,"274,000"
8/28/2014 8:00,"272,000"
8/29/2014 8:00,"274,000"
8/30/2014 8:00,"280,000"
8/31/2014 8:00,"286,000"
9/1/2014 8:00,"291,000"
9/2/2014 8:00,"298,000"
9/3/2014 8:00,"298,000"
9/4/2014 8:00,"301,000"
9/5/2014 8:00,"301,000"
9/6/2014 8:00,"294,000"
9/7/2014 8:00,"286,000"
9/8/2014 8:00,"279,000"
9/9/2014 8:00,"276,000"
9/10/2014 8:00,"276,000"
9/11/2014 8:00,"279,000"
9/12/2014 8:00,"283,000"
9/13/2014 8:00,"289,000"
9/14/2014 8:00,"299,000"
9/15/2014 8:00,"304,000"
9/16/2014 8:00,"308,000"
9/17/2014 8:00,"314,000"
9/18/2014 8:00,"317,000"
9/19/2014 8:00,"322,000"
9/20/2014 8:00,"335,000"
9/21/2014 8:00,"356,000"
9/22/2014 8:00,"370,000"
9/23/2014 8:00,"387,000"
9/24/2014 8:00,"399,000"
9/25/2014 8:00,"397,000"
9/26/2014 8:00,"393,000"
9/27/2014 8:00,"379,000"
9/28/2014 8:00,"363,000"
9/29/2014 8:00,"350,000"
9/30/2014 8:00,"340,000"
10/1/2014 8:00,"332,000"
10/2/2014 8:00,"320,000"
10/3/2014 8:00,"304,000"
10/4/2014 8:00,"294,000"
10/5/2014 8:00,"282,000"
10/6/2014 8:00,"272,000"
10/7/2014 8:00,"261,000"
10/8/2014 8:00,"253,000"
10/9/2014 8:00,"246,000"
10/10/2014 8:00,"245,000"
10/11/2014 8:00,"250,000"
10/12/2014 8:00,"264,000"
10/13/2014 8:00,"282,000"
10/14/2014 8:00,"311,000"
10/15/2014 8:00,"365,000"
10/16/2014 8:00,"383,000"
10/17/2014 8:00,"389,000"
10/18/2014 8:00,"406,000"
10/19/2014 8:00,"415,000"
10/20/2014 8:00,"424,000"
10/21/2014 8:00,"440,000"
10/22/2014 8:00,"460,000"
10/23/2014 8:00,"480,000"
10/24/2014 8:00,"494,000"
10/25/2014 8:00,"507,000"
10/26/2014 8:00,"515,000"
10/27/2014 8:00,"515,000"
10/28/2014 8:00,"493,000"
10/29/2014 8:00,"474,000"
10/30/2014 8:00,"450,000"
10/31/2014 8:00,"414,000"
11/1/2014 8:00,"390,000"
11/2/2014 8:00,"366,000"
11/3/2014 8:00,"343,000"
11/4/2014 8:00,"326,000"
11/5/2014 8:00,"309,000"
11/6/2014 8:00,"297,000"
11/7/2014 8:00,"287,000"
11/8/2014 8:00,"295,000"
11/9/2014 8:00,"287,000"
11/10/2014 8:00,"280,000"
11/11/2014 8:00,"276,000"
11/12/2014 8:00,"273,000"
11/13/2014 8:00,"270,000"
11/14/2014 8:00,"263,000"
11/15/2014 8:00,"256,000"
11/16/2014 8:00,"255,000"
11/17/2014 8:00,"260,000"
11/18/2014 8:00,"274,000"
11/19/2014 8:00,"285,000"
11/20/2014 8:00,"290,000"
11/21/2014 8:00,"290,000"
11/22/2014 8:00,"285,000"
11/23/2014 8:00,"276,000"
11/24/2014 8:00,"269,000"
11/25/2014 8:00,"265,000"
11/26/2014 8:00,"266,000"
11/27/2014 8:00,"265,000"
11/28/2014 8:00,"270,000"
11/29/2014 8:00,"272,000"
11/30/2014 8:00,"274,000"
12/1/2014 8:00,"273,000"
12/2/2014 8:00,"273,000"
12/3/2014 8:00,"273,000"
12/4/2014 8:00,"275,000"
12/5/2014 8:00,"283,000"
12/6/2014 8:00,"287,000"
12/7/2014 8:00,"295,000"
12/8/2014 8:00,"300,000"
12/9/2014 8:00,"305,000"
12/10/2014 8:00,"311,000"
12/11/2014 8:00,"313,000"
12/12/2014 8:00,"339,000"
12/13/2014 8:00,"340,000"
12/14/2014 8:00,"361,000"
12/15/2014 8:00,"395,000"
12/16/2014 8:00,"425,000"
12/17/2014 8:00,"451,000"
12/18/2014 8:00,"471,000"
12/19/2014 8:00,"486,000"
12/20/2014 8:00,"486,000"
12/21/2014 8:00,"471,000"
12/22/2014 8:00,"446,000"
12/23/2014 8:00,"427,000"
12/24/2014 8:00,"408,000"
12/25/2014 8:00,"387,000"
12/26/2014 8:00,"370,000"
12/27/2014 8:00,"343,000"
12/28/2014 8:00,"332,000"
12/29/2014 8:00,"340,000"
12/30/2014 8:00,"340,000"
12/31/2014 8:00,"344,000"
1/1/2015 8:00,"350,000"
1/2/2015 8:00,"354,000"
1/3/2015 8:00,"365,000"
1/4/2015 8:00,"400,000"
1/5/2015 8:00,"445,000"
1/6/2015 8:00,"475,000"
1/7/2015 8:00,"516,000"
1/8/2015 8:00,"533,000"
1/9/2015 8:00,"540,000"
1/10/2015 8:00,"550,000"
1/11/2015 8:00,"557,000"
1/12/2015 8:00,"564,000"
1/13/2015 8:00,"566,000"
1/14/2015 8:00,"564,000"
1/15/2015 8:00,"561,000"
1/16/2015 8:00,"544,000"
1/17/2015 8:00,"526,000"
1/18/2015 8:00,"497,000"
1/19/2015 8:00,"468,000"
1/20/2015 8:00,"450,000"
1/21/2015 8:00,"431,000"
1/22/2015 8:00,"416,000"
1/23/2015 8:00,"406,000"
1/24/2015 8:00,"406,000"
1/25/2015 8:00,"402,000"
1/26/2015 8:00,"394,000"
1/27/2015 8:00,"383,000"
1/28/2015 8:00,"369,000"
1/29/2015 8:00,"354,000"
1/30/2015 8:00,"340,000"
1/31/2015 8:00,"324,000"
2/1/2015 8:00,"313,000"
2/2/2015 8:00,"304,000"
2/3/2015 8:00,"301,000"
2/4/2015 8:00,"298,000"
2/5/2015 8:00,"296,000"
2/6/2015 8:00,"300,000"
2/7/2015 8:00,"298,000"
2/8/2015 8:00,"298,000"
2/9/2015 8:00,"298,000"
2/10/2015 8:00,"298,000"
2/11/2015 8:00,"300,000"
2/12/2015 8:00,"300,000"
2/13/2015 8:00,"322,000"
2/14/2015 8:00,"330,000"
2/15/2015 8:00,"338,000"
2/16/2015 8:00,"343,000"
2/17/2015 8:00,"340,000"
2/18/2015 8:00,"328,000"
2/19/2015 8:00,"324,000"
2/20/2015 8:00,"324,000"
2/21/2015 8:00,"320,000"
2/22/2015 8:00,"318,000"
2/23/2015 8:00,"316,000"
2/24/2015 8:00,"326,000"
2/25/2015 8:00,"347,000"
2/26/2015 8:00,"374,000"
2/27/2015 8:00,"397,000"
2/28/2015 8:00,"411,000"
3/1/2015 8:00,"427,000"
3/2/2015 8:00,"459,000"
3/3/2015 8:00,"497,000"
3/4/2015 8:00,"532,000"
3/5/2015 8:00,"546,000"
3/6/2015 8:00,"551,000"
3/7/2015 8:00,"560,000"
3/8/2015 8:00,"570,000"
3/9/2015 8:00,"579,000"
3/10/2015 8:00,"596,000"
3/11/2015 8:00,"626,000"
3/12/2015 8:00,"664,000"
3/13/2015 8:00,"690,000"
3/14/2015 8:00,"725,000"
3/15/2015 8:00,"748,000"
3/16/2015 8:00,"767,000"
3/17/2015 8:00,"790,000"
3/18/2015 8:00,"846,000"
3/19/2015 8:00,"864,000"
3/20/2015 8:00,"898,000"
3/21/2015 8:00,"917,000"
3/22/2015 8:00,"935,000"
3/23/2015 8:00,"953,000"
3/24/2015 8:00,"970,000"
3/25/2015 8:00,"980,000"
3/26/2015 8:00,"1,000,000"
3/27/2015 8:00,"1,011,000"
3/28/2015 8:00,"1,022,000"
3/29/2015 8:00,"1,030,000"
3/30/2015 8:00,"1,046,000"
3/31/2015 8:00,"1,055,000"
4/1/2015 8:00,"1,060,000"
4/2/2015 8:00,"1,067,000"
4/3/2015 8:00,"1,071,000"
4/4/2015 8:00,"1,062,000"
4/5/2015 8:00,"1,060,000"
4/6/2015 8:00,"1,048,000"
4/7/2015 8:00,"1,015,000"
4/8/2015 8:00,"976,000"
4/9/2015 8:00,"939,000"
4/10/2015 8:00,"897,000"
4/11/2015 8:00,"887,000"
4/12/2015 8:00,"870,000"
4/13/2015 8:00,"855,000"
4/14/2015 8:00,"846,000"
4/15/2015 8:00,"846,000"
4/16/2015 8:00,"840,000"
4/17/2015 8:00,"850,000"
4/18/2015 8:00,"852,000"
4/19/2015 8:00,"861,000"
4/20/2015 8:00,"876,000"
4/21/2015 8:00,"890,000"
4/22/2015 8:00,"900,000"
4/23/2015 8:00,"910,000"
4/24/2015 8:00,"920,000"
4/25/2015 8:00,"927,000"
4/26/2015 8:00,"930,000"
4/27/2015 8:00,"941,000"
4/28/2015 8:00,"948,000"
4/29/2015 8:00,"955,000"
4/30/2015 8:00,"965,000"
5/1/2015 8:00,"970,000"
5/2/2015 8:00,"973,000"
5/3/2015 8:00,"973,000"
5/4/2015 8:00,"973,000"
5/5/2015 8:00,"965,000"
5/6/2015 8:00,"955,000"
5/7/2015 8:00,"944,000"
5/8/2015 8:00,"898,000"
5/9/2015 8:00,"865,000"
5/10/2015 8:00,"836,000"
5/11/2015 8:00,"804,000"
5/12/2015 8:00,"750,000"
5/13/2015 8:00,"700,000"
5/14/2015 8:00,"671,000"
5/15/2015 8:00,"655,000"
5/16/2015 8:00,"646,000"
5/17/2015 8:00,"644,000"
5/18/2015 8:00,"644,000"
5/19/2015 8:00,"653,000"
5/20/2015 8:00,"660,000"
5/21/2015 8:00,"666,000"
5/22/2015 8:00,"669,000"
5/23/2015 8:00,"669,000"
5/24/2015 8:00,"674,000"
5/25/2015 8:00,"676,000"
5/26/2015 8:00,"690,000"
5/27/2015 8:00,"701,000"
5/28/2015 8:00,"710,000"
5/29/2015 8:00,"724,000"
5/30/2015 8:00,"736,000"
5/31/2015 8:00,"748,000"
6/1/2015 8:00,"763,000"
6/2/2015 8:00,"771,000"
6/3/2015 8:00,"775,000"
6/4/2015 8:00,"786,000"
6/5/2015 8:00,"796,000"
6/6/2015 8:00,"808,000"
6/7/2015 8:00,"816,000"
6/8/2015 8:00,"830,000"
6/9/2015 8:00,"838,000"
6/10/2015 8:00,"844,000"
6/11/2015 8:00,"848,000"
6/12/2015 8:00,"841,000"
6/13/2015 8:00,"823,000"
6/14/2015 8:00,"814,000"
6/15/2015 8:00,"810,000"
6/16/2015 8:00,"807,000"
6/17/2015 8:00,"803,000"
6/18/2015 8:00,"794,000"
6/19/2015 8:00,"790,000"
6/20/2015 8:00,"790,000"
6/21/2015 8:00,"786,000"
6/22/2015 8:00,"781,000"
6/23/2015 8:00,"781,000"
6/24/2015 8:00,"778,000"
6/25/2015 8:00,"784,000"
6/26/2015 8:00,"794,000"
6/27/2015 8:00,"803,000"
6/28/2015 8:00,"817,000"
6/29/2015 8:00,"830,000"
6/30/2015 8:00,"850,000"
7/1/2015 8:00,"864,000"
7/2/2015 8:00,"876,000"
7/3/2015 8:00,"890,000"
7/4/2015 8:00,"905,000"
7/5/2015 8:00,"920,000"
7/6/2015 8:00,"936,000"
7/7/2015 8:00,"948,000"
7/8/2015 8:00,"959,000"
7/9/2015 8:00,"970,000"
7/10/2015 8:00,"977,000"
7/11/2015 8:00,"985,000"
7/12/2015 8:00,"994,000"
7/13/2015 8:00,"998,000"
7/14/2015 8:00,"1,010,000"
7/15/2015 8:00,"1,020,000"
7/16/2015 8:00,"1,060,000"
7/17/2015 8:00,"1,074,000"
7/18/2015 8:00,"1,080,000"
7/19/2015 8:00,"1,088,000"
7/20/2015 8:00,"1,100,000"
7/21/2015 8:00,"1,104,000"
7/22/2015 8:00,"1,104,000"
7/23/2015 8:00,"1,104,000"
7/24/2015 8:00,"1,100,000"
7/25/2015 8:00,"1,104,000"
7/26/2015 8:00,"1,109,000"
7/27/2015 8:00,"1,104,000"
7/28/2015 8:00,"1,100,000"
7/29/2015 8:00,"1,100,000"
7/30/2015 8:00,"1,100,000"
7/31/2015 8:00,"1,094,000"
8/1/2015 8:00,"1,076,000"
8/2/2015 8:00,"1,070,000"
8/3/2015 8:00,"1,050,000"
8/4/2015 8:00,"1,037,000"
8/5/2015 8:00,"1,018,000"
8/6/2015 8:00,"985,000"
8/7/2015 8:00,"960,000"
8/8/2015 8:00,"935,000"
8/9/2015 8:00,"896,000"
8/10/2015 8:00,"850,000"
8/11/2015 8:00,"802,000"
8/12/2015 8:00,"756,000"
8/13/2015 8:00,"710,000"
8/14/2015 8:00,"671,000"
8/15/2015 8:00,"630,000"
8/16/2015 8:00,"587,000"
8/17/2015 8:00,"543,000"
8/18/2015 8:00,"490,000"
8/19/2015 8:00,"477,000"
8/20/2015 8:00,"450,000"
8/21/2015 8:00,"416,000"
8/22/2015 8:00,"424,000"
8/23/2015 8:00,"402,000"
8/24/2015 8:00,"383,000"
8/25/2015 8:00,"367,000"
8/26/2015 8:00,"373,000"
8/27/2015 8:00,"356,000"
8/28/2015 8:00,"365,000"
8/29/2015 8:00,"350,000"
8/30/2015 8:00,"340,000"
8/31/2015 8:00,"330,000"
9/1/2015 8:00,"327,000"
9/2/2015 8:00,"322,000"
9/3/2015 8:00,"320,000"
9/4/2015 8:00,"311,000"
9/5/2015 8:00,"303,000"
9/6/2015 8:00,"292,000"
9/7/2015 8:00,"281,000"
9/8/2015 8:00,"270,000"
9/9/2015 8:00,"261,000"
9/10/2015 8:00,"254,000"
9/11/2015 8:00,"252,000"
9/12/2015 8:00,"252,000"
9/13/2015 8:00,"258,000"
9/14/2015 8:00,"257,000"
9/15/2015 8:00,"250,000"
9/16/2015 8:00,"246,000"
9/17/2015 8:00,"245,000"
9/18/2015 8:00,"240,000"
9/19/2015 8:00,"245,000"
9/20/2015 8:00,"248,000"
9/21/2015 8:00,"250,000"
9/22/2015 8:00,"252,000"
9/23/2015 8:00,"253,000"
9/24/2015 8:00,"255,000"
9/25/2015 8:00,"254,000"
9/26/2015 8:00,"249,000"
9/27/2015 8:00,"244,000"
9/28/2015 8:00,"237,000"
9/29/2015 8:00,"235,000"
9/30/2015 8:00,"232,000"
10/1/2015 8:00,"232,000"
10/2/2015 8:00,"230,000"
10/3/2015 8:00,"228,000"
10/4/2015 8:00,"226,000"
10/5/2015 8:00,"223,000"
10/6/2015 8:00,"221,000"
10/7/2015 8:00,"220,000"
10/8/2015 8:00,"224,000"
10/9/2015 8:00,"235,000"
10/10/2015 8:00,"248,000"
10/11/2015 8:00,"257,000"
10/12/2015 8:00,"260,000"
10/13/2015 8:00,"256,000"
10/14/2015 8:00,"250,000"
10/15/2015 8:00,"244,000"
10/16/2015 8:00,"236,000"
10/17/2015 8:00,"230,000"
10/18/2015 8:00,"223,000"
10/19/2015 8:00,"219,000"
10/20/2015 8:00,"219,000"
10/21/2015 8:00,"215,000"
10/22/2015 8:00,"214,000"
10/23/2015 8:00,"214,000"
10/24/2015 8:00,"214,000"
10/25/2015 8:00,"215,000"
10/26/2015 8:00,"222,000"
10/27/2015 8:00,"261,000"
10/28/2015 8:00,"255,000"
10/29/2015 8:00,"248,000"
10/30/2015 8:00,"249,000"
10/31/2015 8:00,"230,000"
11/1/2015 8:00,"236,000"
11/2/2015 8:00,"245,000"
11/3/2015 8:00,"253,000"
11/4/2015 8:00,"264,000"
11/5/2015 8:00,"270,000"
11/6/2015 8:00,"274,000"
11/7/2015 8:00,"274,000"
11/8/2015 8:00,"284,000"
11/9/2015 8:00,"309,000"
11/10/2015 8:00,"327,000"
11/11/2015 8:00,"327,000"
11/12/2015 8:00,"320,000"
11/13/2015 8:00,"311,000"
11/14/2015 8:00,"304,000"
11/15/2015 8:00,"302,000"
11/16/2015 8:00,"300,000"
11/17/2015 8:00,"295,000"
11/18/2015 8:00,"299,000"
11/19/2015 8:00,"336,000"
11/20/2015 8:00,"352,000"
11/21/2015 8:00,"400,000"
11/22/2015 8:00,"435,000"
11/23/2015 8:00,"446,000"
11/24/2015 8:00,"462,000"
11/25/2015 8:00,"484,000"
11/26/2015 8:00,"499,000"
11/27/2015 8:00,"522,000"
11/28/2015 8:00,"542,000"
11/29/2015 8:00,"543,000"
11/30/2015 8:00,"546,000"
12/1/2015 8:00,"551,000"
12/2/2015 8:00,"570,000"
12/3/2015 8:00,"597,000"
12/4/2015 8:00,"626,000"
12/5/2015 8:00,"646,000"
12/6/2015 8:00,"667,000"
12/7/2015 8:00,"688,000"
12/8/2015 8:00,"732,000"
12/9/2015 8:00,"750,000"
12/10/2015 8:00,"766,000"
12/11/2015 8:00,"780,000"
12/12/2015 8:00,"791,000"
12/13/2015 8:00,"807,000"
12/14/2015 8:00,"818,000"
12/15/2015 8:00,"825,000"
12/16/2015 8:00,"825,000"
12/17/2015 8:00,"820,000"
12/18/2015 8:00,"814,000"
12/19/2015 8:00,"810,000"
12/20/2015 8:00,"802,000"
12/21/2015 8:00,"798,000"
12/22/2015 8:00,"791,000"
12/23/2015 8:00,"789,000"
12/24/2015 8:00,"786,000"
12/25/2015 8:00,"782,000"
12/26/2015 8:00,"789,000"
12/27/2015 8:00,"794,000"
12/28/2015 8:00,"807,000"
12/29/2015 8:00,"819,000"
12/30/2015 8:00,"829,000"
12/31/2015 8:00,"843,000"
1/1/2016 8:00,"860,000"
1/2/2016 8:00,"882,000"
1/3/2016 8:00,"910,000"
1/4/2016 8:00,"960,000"
1/5/2016 8:00,"1,030,000"
1/6/2016 8:00,"1,094,000"
1/7/2016 8:00,"1,130,000"
1/8/2016 8:00,"1,165,000"
1/9/2016 8:00,"1,210,000"
1/10/2016 8:00,"1,240,000"
1/11/2016 8:00,"1,296,000"
1/12/2016 8:00,"1,330,000"
1/13/2016 8:00,"1,340,000"
1/14/2016 8:00,"1,357,000"
1/15/2016 8:00,"1,380,000"
1/16/2016 8:00,"1,400,000"
1/17/2016 8:00,"1,410,000"
1/18/2016 8:00,"1,410,000"
1/19/2016 8:00,"1,415,000"
1/20/2016 8:00,"1,415,000"
1/21/2016 8:00,"1,410,000"
1/22/2016 8:00,"1,390,000"
1/23/2016 8:00,"1,350,000"
1/24/2016 8:00,"1,330,000"
1/25/2016 8:00,"1,291,000"
1/26/2016 8:00,"1,240,000"
1/27/2016 8:00,"1,190,000"
1/28/2016 8:00,"1,130,000"
1/29/2016 8:00,"1,074,000"
1/30/2016 8:00,"1,010,000"
1/31/2016 8:00,"955,000"
2/1/2016 8:00,"905,000"
2/2/2016 8:00,"915,000"
2/3/2016 8:00,"890,000"
2/4/2016 8:00,"870,000"
2/5/2016 8:00,"837,000"
2/6/2016 8:00,"804,000"
2/7/2016 8:00,"779,000"
2/8/2016 8:00,"758,000"
2/9/2016 8:00,"737,000"
2/10/2016 8:00,"723,000"
2/11/2016 8:00,"718,000"
2/12/2016 8:00,"718,000"
2/13/2016 8:00,"718,000"
2/14/2016 8:00,"718,000"
2/15/2016 8:00,"730,000"
2/16/2016 8:00,"761,000"
2/17/2016 8:00,"800,000"
2/18/2016 8:00,"810,000"
2/19/2016 8:00,"807,000"
2/20/2016 8:00,"798,000"
2/21/2016 8:00,"780,000"
2/22/2016 8:00,"759,000"
2/23/2016 8:00,"734,000"
2/24/2016 8:00,"690,000"
2/25/2016 8:00,"685,000"
2/26/2016 8:00,"681,000"
2/27/2016 8:00,"683,000"
2/28/2016 8:00,"690,000"
2/29/2016 8:00,"702,000"
3/1/2016 8:00,"748,000"
3/2/2016 8:00,"750,000"
3/3/2016 8:00,"762,000"
3/4/2016 8:00,"772,000"
3/5/2016 8:00,"783,000"
3/6/2016 8:00,"797,000"
3/7/2016 8:00,"808,000"
3/8/2016 8:00,"815,000"
3/9/2016 8:00,"820,000"
3/10/2016 8:00,"834,000"
3/11/2016 8:00,"875,000"
3/12/2016 8:00,"923,000"
3/13/2016 8:00,"970,000"
3/14/2016 8:00,"997,000"
3/15/2016 8:00,"1,020,000"
3/16/2016 8:00,"1,045,000"
3/17/2016 8:00,"1,062,000"
3/18/2016 8:00,"1,084,000"
3/19/2016 8:00,"1,103,000"
3/20/2016 8:00,"1,123,000"
3/21/2016 8:00,"1,123,000"
3/22/2016 8:00,"1,123,000"
3/23/2016 8:00,"1,081,000"
3/24/2016 8:00,"1,078,000"
3/25/2016 8:00,"1,040,000"
3/26/2016 8:00,"1,027,000"
3/27/2016 8:00,"1,022,000"
3/28/2016 8:00,"1,018,000"
3/29/2016 8:00,"1,010,000"
3/30/2016 8:00,"988,000"
3/31/2016 8:00,"970,000"
4/1/2016 8:00,"952,000"
4/2/2016 8:00,"928,000"
4/3/2016 8:00,"901,000"
4/4/2016 8:00,"874,000"
4/5/2016 8:00,"851,000"
4/6/2016 8:00,"834,000"
4/7/2016 8:00,"820,000"
4/8/2016 8:00,"809,000"
4/9/2016 8:00,"801,000"
4/10/2016 8:00,"798,000"
4/11/2016 8:00,"792,000"
4/12/2016 8:00,"786,000"
4/13/2016 8:00,"780,000"
4/14/2016 8:00,"770,000"
4/15/2016 8:00,"760,000"
4/16/2016 8:00,"751,000"
4/17/2016 8:00,"740,000"
4/18/2016 8:00,"730,000"
4/19/2016 8:00,"717,000"
4/20/2016 8:00,"710,000"
4/21/2016 8:00,"712,000"
4/22/2016 8:00,"715,000"
4/23/2016 8:00,"715,000"
4/24/2016 8:00,"719,000"
4/25/2016 8:00,"719,000"
4/26/2016 8:00,"715,000"
4/27/2016 8:00,"712,000"
4/28/2016 8:00,"704,000"
4/29/2016 8:00,"695,000"
4/30/2016 8:00,"680,000"
5/1/2016 8:00,"662,000"
5/2/2016 8:00,"651,000"
5/3/2016 8:00,"644,000"
5/4/2016 8:00,"647,000"
5/5/2016 8:00,"656,000"
5/6/2016 8:00,"667,000"
5/7/2016 8:00,"684,000"
5/8/2016 8:00,"700,000"
5/9/2016 8:00,"715,000"
5/10/2016 8:00,"729,000"
5/11/2016 8:00,"740,000"
5/12/2016 8:00,"749,000"
5/13/2016 8:00,"755,000"
5/14/2016 8:00,"760,000"
5/15/2016 8:00,"763,000"
5/16/2016 8:00,"766,000"
5/17/2016 8:00,"772,000"
5/18/2016 8:00,"775,000"
5/19/2016 8:00,"775,000"
5/20/2016 8:00,"772,000"
5/21/2016 8:00,"770,000"
5/22/2016 8:00,"767,000"
5/23/2016 8:00,"764,000"
5/24/2016 8:00,"760,000"
5/25/2016 8:00,"755,000"
5/26/2016 8:00,"746,000"
5/27/2016 8:00,"737,000"
5/28/2016 8:00,"726,000"
5/29/2016 8:00,"716,000"
5/30/2016 8:00,"710,000"
5/31/2016 8:00,"702,000"
6/1/2016 8:00,"697,000"
6/2/2016 8:00,"695,000"
6/3/2016 8:00,"695,000"
6/4/2016 8:00,"695,000"
6/5/2016 8:00,"698,000"
6/6/2016 8:00,"695,000"
6/7/2016 8:00,"695,000"
6/8/2016 8:00,"695,000"
6/9/2016 8:00,"695,000"
6/10/2016 8:00,"690,000"
6/11/2016 8:00,"677,000"
6/12/2016 8:00,"655,000"
6/13/2016 8:00,"630,000"
6/14/2016 8:00,"604,000"
6/15/2016 8:00,"591,000"
6/16/2016 8:00,"573,000"
6/17/2016 8:00,"550,000"
6/18/2016 8:00,"534,000"
6/19/2016 8:00,"514,000"
6/20/2016 8:00,"496,000"
6/21/2016 8:00,"482,000"
6/22/2016 8:00,"480,000"
6/23/2016 8:00,"460,000"
6/24/2016 8:00,"450,000"
6/25/2016 8:00,"441,000"
6/26/2016 8:00,"430,000"
6/27/2016 8:00,"413,000"
6/28/2016 8:00,"404,000"
6/29/2016 8:00,"404,000"
6/30/2016 8:00,"397,000"
7/1/2016 8:00,"417,000"
7/2/2016 8:00,"415,000"
7/3/2016 8:00,"422,000"
7/4/2016 8:00,"430,000"
7/5/2016 8:00,"434,000"
7/6/2016 8:00,"441,000"
7/7/2016 8:00,"440,000"
7/8/2016 8:00,"434,000"
7/9/2016 8:00,"417,000"
7/10/2016 8:00,"411,000"
7/11/2016 8:00,"400,000"
7/12/2016 8:00,"408,000"
7/13/2016 8:00,"430,000"
7/14/2016 8:00,"460,000"
7/15/2016 8:00,"490,000"
7/16/2016 8:00,"508,000"
7/17/2016 8:00,"512,000"
7/18/2016 8:00,"517,000"
7/19/2016 8:00,"520,000"
7/20/2016 8:00,"503,000"
7/21/2016 8:00,"490,000"
7/22/2016 8:00,"467,000"
7/23/2016 8:00,"447,000"
7/24/2016 8:00,"430,000"
7/25/2016 8:00,"417,000"
7/26/2016 8:00,"401,000"
7/27/2016 8:00,"385,000"
7/28/2016 8:00,"367,000"
7/29/2016 8:00,"354,000"
7/30/2016 8:00,"352,000"
7/31/2016 8:00,"354,000"
8/1/2016 8:00,"361,000"
8/2/2016 8:00,"369,000"
8/3/2016 8:00,"375,000"
8/4/2016 8:00,"381,000"
8/5/2016 8:00,"389,000"
8/6/2016 8:00,"394,000"
8/7/2016 8:00,"394,000"
8/8/2016 8:00,"403,000"
8/9/2016 8:00,"410,000"
8/10/2016 8:00,"413,000"
8/11/2016 8:00,"423,000"
8/12/2016 8:00,"433,000"
8/13/2016 8:00,"495,000"
8/14/2016 8:00,"486,000"
8/15/2016 8:00,"467,000"
8/16/2016 8:00,"452,000"
8/17/2016 8:00,"442,000"
8/18/2016 8:00,"436,000"
8/19/2016 8:00,"436,000"
8/20/2016 8:00,"438,000"
8/21/2016 8:00,"438,000"
8/22/2016 8:00,"444,000"
8/23/2016 8:00,"458,000"
8/24/2016 8:00,"471,000"
8/25/2016 8:00,"479,000"
8/26/2016 8:00,"492,000"
8/27/2016 8:00,"494,000"
8/28/2016 8:00,"486,000"
8/29/2016 8:00,"483,000"
8/30/2016 8:00,"477,000"
8/31/2016 8:00,"471,000"
9/1/2016 8:00,"458,000"
9/2/2016 8:00,"443,000"
9/3/2016 8:00,"430,000"
9/4/2016 8:00,"413,000"
9/5/2016 8:00,"403,000"
9/6/2016 8:00,"390,000"
9/7/2016 8:00,"378,000"
9/8/2016 8:00,"383,000"
9/9/2016 8:00,"388,000"
9/10/2016 8:00,"388,000"
9/11/2016 8:00,"385,000"
9/12/2016 8:00,"388,000"
9/13/2016 8:00,"383,000"
9/14/2016 8:00,"374,000"
9/15/2016 8:00,"369,000"
9/16/2016 8:00,"362,000"
9/17/2016 8:00,"360,000"
9/18/2016 8:00,"359,000"
9/19/2016 8:00,"372,000"
9/20/2016 8:00,"379,000"
9/21/2016 8:00,"383,000"
9/22/2016 8:00,"383,000"
9/23/2016 8:00,"382,000"
9/24/2016 8:00,"385,000"
9/25/2016 8:00,"389,000"
9/26/2016 8:00,"392,000"
9/27/2016 8:00,"402,000"
9/28/2016 8:00,"403,000"
9/29/2016 8:00,"400,000"
9/30/2016 8:00,"396,000"
10/1/2016 8:00,"387,000"
10/2/2016 8:00,"380,000"
10/3/2016 8:00,"373,000"
10/4/2016 8:00,"363,000"
10/5/2016 8:00,"350,000"
10/6/2016 8:00,"348,000"
10/7/2016 8:00,"337,000"
10/8/2016 8:00,"335,000"
10/9/2016 8:00,"337,000"
10/10/2016 8:00,"333,000"
10/11/2016 8:00,"340,000"
10/12/2016 8:00,"348,000"
10/13/2016 8:00,"353,000"
10/14/2016 8:00,"350,000"
10/15/2016 8:00,"350,000"
10/16/2016 8:00,"353,000"
10/17/2016 8:00,"355,000"
10/18/2016 8:00,"360,000"
10/19/2016 8:00,"365,000"
10/20/2016 8:00,"365,000"
10/21/2016 8:00,"365,000"
10/22/2016 8:00,"360,000"
10/23/2016 8:00,"350,000"
10/24/2016 8:00,"340,000"
10/25/2016 8:00,"328,000"
10/26/2016 8:00,"319,000"
10/27/2016 8:00,"302,000"
10/28/2016 8:00,"296,000"
10/29/2016 8:00,"293,000"
10/30/2016 8:00,"297,000"
10/31/2016 8:00,"305,000"
11/1/2016 8:00,"313,000"
11/2/2016 8:00,"320,000"
11/3/2016 8:00,"317,000"
11/4/2016 8:00,"313,000"
11/5/2016 8:00,"303,000"
11/6/2016 8:00,"288,000"
11/7/2016 8:00,"270,000"
11/8/2016 8:00,"260,000"
11/9/2016 8:00,"272,000"
11/10/2016 8:00,"265,000"
11/11/2016 8:00,"265,000"
11/12/2016 8:00,"267,000"
11/13/2016 8:00,"263,000"
11/14/2016 8:00,"262,000"
11/15/2016 8:00,"263,000"
11/16/2016 8:00,"260,000"
11/17/2016 8:00,"260,000"
11/18/2016 8:00,"254,000"
11/19/2016 8:00,"251,000"
11/20/2016 8:00,"246,000"
11/21/2016 8:00,"239,000"
11/22/2016 8:00,"236,000"
11/23/2016 8:00,"238,000"
11/24/2016 8:00,"232,000"
11/25/2016 8:00,"228,000"
11/26/2016 8:00,"222,000"
11/27/2016 8:00,"221,000"
11/28/2016 8:00,"218,000"
11/29/2016 8:00,"220,000"
11/30/2016 8:00,"219,000"
12/1/2016 8:00,"222,000"
12/2/2016 8:00,"221,000"
12/3/2016 8:00,"227,000"
12/4/2016 8:00,"232,000"
12/5/2016 8:00,"250,000"
12/6/2016 8:00,"272,000"
12/7/2016 8:00,"286,000"
12/8/2016 8:00,"296,000"
12/9/2016 8:00,"301,000"
12/10/2016 8:00,"299,000"
12/11/2016 8:00,"303,000"
12/12/2016 8:00,"319,000"
12/13/2016 8:00,"325,000"
12/14/2016 8:00,"335,000"
12/15/2016 8:00,"337,000"
12/16/2016 8:00,"335,000"
12/17/2016 8:00,"323,000"
12/18/2016 8:00,"316,000"
12/19/2016 8:00,"320,000"
12/20/2016 8:00,"320,000"
12/21/2016 8:00,"316,000"
12/22/2016 8:00,"314,000"
12/23/2016 8:00,"314,000"
12/25/2016 8:00,"316,000"
12/26/2016 8:00,"314,000"
12/27/2016 8:00,"328,000"
12/28/2016 8:00,"348,000"
12/29/2016 8:00,"376,000"
12/30/2016 8:00,"405,000"
12/31/2016 8:00,"426,000"
1/1/2017 8:00,"442,000"
1/2/2017 8:00,"453,000"
1/3/2017 8:00,"463,000"
1/4/2017 8:00,"474,000"
1/5/2017 8:00,"477,000"
1/6/2017 8:00,"481,000"
1/7/2017 8:00,"488,000"
1/8/2017 8:00,"494,000"
1/9/2017 8:00,"497,000"
1/10/2017 8:00,"494,000"
1/11/2017 8:00,"490,000"
1/12/2017 8:00,"480,000"
1/13/2017 8:00,"474,000"
1/14/2017 8:00,"467,000"
1/15/2017 8:00,"465,000"
1/16/2017 8:00,"463,000"
1/17/2017 8:00,"459,000"
1/18/2017 8:00,"444,000"
1/19/2017 8:00,"437,000"
1/20/2017 8:00,"470,000"
1/21/2017 8:00,"490,000"
1/22/2017 8:00,"518,000"
1/23/2017 8:00,"534,000"
1/24/2017 8:00,"554,000"
1/25/2017 8:00,"572,000"
1/26/2017 8:00,"596,000"
1/27/2017 8:00,"616,000"
1/28/2017 8:00,"627,000"
1/29/2017 8:00,"640,000"
1/30/2017 8:00,"660,000"
1/31/2017 8:00,"666,000"
2/1/2017 8:00,"671,000"
2/2/2017 8:00,"676,000"
2/3/2017 8:00,"676,000"
2/4/2017 8:00,"674,000"
2/5/2017 8:00,"670,000"
2/6/2017 8:00,"670,000"
2/7/2017 8:00,"662,000"
2/8/2017 8:00,"650,000"
2/9/2017 8:00,"634,000"
2/10/2017 8:00,"607,000"
2/11/2017 8:00,"580,000"
2/12/2017 8:00,"554,000"
2/13/2017 8:00,"526,000"
2/14/2017 8:00,"494,000"
2/15/2017 8:00,"420,000"
2/16/2017 8:00,"410,000"
2/17/2017 8:00,"405,000"
2/18/2017 8:00,"403,000"
2/19/2017 8:00,"410,000"
2/20/2017 8:00,"408,000"
2/21/2017 8:00,"410,000"
2/22/2017 8:00,"407,000"
2/23/2017 8:00,"410,000"
2/24/2017 8:00,"401,000"
2/25/2017 8:00,"397,000"
2/26/2017 8:00,"392,000"
2/27/2017 8:00,"382,000"
2/28/2017 8:00,"377,000"
3/1/2017 8:00,"363,000"
3/2/2017 8:00,"361,000"
3/3/2017 8:00,"361,000"
3/4/2017 8:00,"352,000"
3/5/2017 8:00,"338,000"
3/6/2017 8:00,"330,000"
3/7/2017 8:00,"327,000"
3/8/2017 8:00,"340,000"
3/9/2017 8:00,"371,000"
3/10/2017 8:00,"452,000"
3/11/2017 8:00,"493,000"
3/12/2017 8:00,"534,000"
3/13/2017 8:00,"559,000"
3/14/2017 8:00,"590,000"
3/15/2017 8:00,"604,000"
3/16/2017 8:00,"614,000"
3/17/2017 8:00,"625,000"
3/18/2017 8:00,"630,000"
3/19/2017 8:00,"630,000"
3/20/2017 8:00,"626,000"
3/21/2017 8:00,"616,000"
3/22/2017 8:00,"600,000"
3/23/2017 8:00,"580,000"
3/24/2017 8:00,"547,000"
3/25/2017 8:00,"510,000"
3/26/2017 8:00,"476,000"
3/27/2017 8:00,"460,000"
3/28/2017 8:00,"446,000"
3/29/2017 8:00,"435,000"
3/30/2017 8:00,"440,000"
3/31/2017 8:00,"452,000"
4/1/2017 8:00,"464,000"
4/2/2017 8:00,"461,000"
4/3/2017 8:00,"460,000"
4/4/2017 8:00,"531,000"
4/5/2017 8:00,"577,000"
4/6/2017 8:00,"592,000"
4/7/2017 8:00,"602,000"
4/8/2017 8:00,"614,000"
4/9/2017 8:00,"628,000"
4/10/2017 8:00,"637,000"
4/11/2017 8:00,"653,000"
4/12/2017 8:00,"666,000"
4/13/2017 8:00,"683,000"
4/14/2017 8:00,"696,000"
4/15/2017 8:00,"710,000"
4/16/2017 8:00,"729,000"
4/17/2017 8:00,"736,000"
4/18/2017 8:00,"741,000"
4/19/2017 8:00,"741,000"
4/20/2017 8:00,"738,000"
4/21/2017 8:00,"732,000"
4/22/2017 8:00,"730,000"
4/23/2017 8:00,"722,000"
4/24/2017 8:00,"712,000"
4/25/2017 8:00,"705,000"
4/26/2017 8:00,"690,000"
4/27/2017 8:00,"676,000"
4/28/2017 8:00,"671,000"
4/29/2017 8:00,"674,000"
4/30/2017 8:00,"686,000"
5/1/2017 8:00,"700,000"
5/2/2017 8:00,"720,000"
5/3/2017 8:00,"736,000"
5/4/2017 8:00,"760,000"
5/5/2017 8:00,"780,000"
5/6/2017 8:00,"801,000"
5/7/2017 8:00,"822,000"
5/8/2017 8:00,"844,000"
5/9/2017 8:00,"863,000"
5/10/2017 8:00,"904,000"
5/11/2017 8:00,"922,000"
5/12/2017 8:00,"940,000"
5/13/2017 8:00,"965,000"
5/14/2017 8:00,"988,000"
5/15/2017 8:00,"1,017,000"
5/16/2017 8:00,"1,040,000"
5/17/2017 8:00,"1,065,000"
5/18/2017 8:00,"1,088,000"
5/19/2017 8:00,"1,105,000"
5/20/2017 8:00,"1,130,000"
5/21/2017 8:00,"1,152,000"
5/22/2017 8:00,"1,180,000"
5/23/2017 8:00,"1,198,000"
5/24/2017 8:00,"1,208,000"
5/25/2017 8:00,"1,220,000"
5/26/2017 8:00,"1,220,000"
5/27/2017 8:00,"1,222,000"
5/28/2017 8:00,"1,222,000"
5/29/2017 8:00,"1,220,000"
5/30/2017 8:00,"1,205,000"
5/31/2017 8:00,"1,197,000"
6/1/2017 8:00,"1,190,000"
6/2/2017 8:00,"1,190,000"
6/3/2017 8:00,"1,175,000"
6/4/2017 8:00,"1,155,000"
6/5/2017 8:00,"1,135,000"
6/6/2017 8:00,"1,126,000"
6/7/2017 8:00,"1,126,000"
6/8/2017 8:00,"1,107,000"
6/9/2017 8:00,"1,086,000"
6/10/2017 8:00,"1,055,000"
6/11/2017 8:00,"1,030,000"
6/12/2017 8:00,"992,000"
6/13/2017 8:00,"970,000"
6/14/2017 8:00,"947,000"
6/15/2017 8:00,"912,000"
6/16/2017 8:00,"910,000"
6/17/2017 8:00,"888,000"
6/18/2017 8:00,"862,000"
6/19/2017 8:00,"828,000"
6/20/2017 8:00,"800,000"
6/21/2017 8:00,"766,000"
6/22/2017 8:00,"735,000"
6/23/2017 8:00,"701,000"
6/24/2017 8:00,"672,000"
6/25/2017 8:00,"650,000"
6/26/2017 8:00,"628,000"
6/27/2017 8:00,"608,000"
6/28/2017 8:00,"590,000"
6/29/2017 8:00,"586,000"
6/30/2017 8:00,"583,000"
7/1/2017 8:00,"577,000"
7/2/2017 8:00,"570,000"
7/3/2017 8:00,"567,000"
7/4/2017 8:00,"564,000"
7/5/2017 8:00,"560,000"
7/6/2017 8:00,"560,000"
7/7/2017 8:00,"553,000"
7/8/2017 8:00,"544,000"
7/9/2017 8:00,"537,000"
7/10/2017 8:00,"531,000"
7/11/2017 8:00,"531,000"
7/12/2017 8:00,"570,000"
7/13/2017 8:00,"575,000"
7/14/2017 8:00,"580,000"
7/15/2017 8:00,"578,000"
7/16/2017 8:00,"574,000"
7/17/2017 8:00,"565,000"
7/18/2017 8:00,"553,000"
7/19/2017 8:00,"537,000"
7/20/2017 8:00,"508,000"
7/21/2017 8:00,"490,000"
7/22/2017 8:00,"473,000"
7/23/2017 8:00,"455,000"
7/24/2017 8:00,"444,000"
7/25/2017 8:00,"435,000"
7/26/2017 8:00,"444,000"
7/27/2017 8:00,"432,000"
7/28/2017 8:00,"415,000"
7/29/2017 8:00,"393,000"
7/30/2017 8:00,"389,000"
7/31/2017 8:00,"372,000"
8/1/2017 8:00,"362,000"
8/2/2017 8:00,"360,000"
8/3/2017 8:00,"370,000"
8/4/2017 8:00,"375,000"
8/5/2017 8:00,"386,000"
8/6/2017 8:00,"398,000"
8/7/2017 8:00,"410,000"
8/8/2017 8:00,"427,000"
8/9/2017 8:00,"461,000"
8/10/2017 8:00,"464,000"
8/11/2017 8:00,"478,000"
8/12/2017 8:00,"485,000"
8/13/2017 8:00,"463,000"
8/14/2017 8:00,"438,000"
8/15/2017 8:00,"407,000"
8/16/2017 8:00,"382,000"
8/17/2017 8:00,"367,000"
8/18/2017 8:00,"370,000"
8/19/2017 8:00,"375,000"
8/20/2017 8:00,"390,000"
8/21/2017 8:00,"403,000"
8/22/2017 8:00,"403,000"
8/23/2017 8:00,"372,000"
8/24/2017 8:00,"364,000"
8/25/2017 8:00,"343,000"
8/26/2017 8:00,"327,000"
8/27/2017 8:00,"313,000"
8/28/2017 8:00,"303,000"
8/29/2017 8:00,"300,000"
8/30/2017 8:00,"340,000"
8/31/2017 8:00,"337,000"
9/1/2017 8:00,"364,000"
9/2/2017 8:00,"382,000"
9/3/2017 8:00,"399,000"
9/4/2017 8:00,"416,000"
9/5/2017 8:00,"423,000"
9/6/2017 8:00,"430,000"
9/7/2017 8:00,"435,000"
9/8/2017 8:00,"438,000"
9/9/2017 8:00,"442,000"
9/10/2017 8:00,"442,000"
9/11/2017 8:00,"438,000"
9/12/2017 8:00,"427,000"
9/13/2017 8:00,"404,000"
9/14/2017 8:00,"391,000"
9/15/2017 8:00,"373,000"
9/16/2017 8:00,"316,000"
9/17/2017 8:00,"314,000"
9/18/2017 8:00,"305,000"
9/19/2017 8:00,"290,000"
9/20/2017 8:00,"264,000"
9/21/2017 8:00,"260,000"
9/22/2017 8:00,"250,000"
9/23/2017 8:00,"232,000"
9/24/2017 8:00,"221,000"
9/25/2017 8:00,"211,000"
9/26/2017 8:00,"239,000"
9/27/2017 8:00,"237,000"
9/28/2017 8:00,"231,000"
9/29/2017 8:00,"224,000"
9/30/2017 8:00,"220,000"
10/1/2017 8:00,"214,000"
10/2/2017 8:00,"210,000"
10/3/2017 8:00,"209,000"
10/4/2017 8:00,"208,000"
10/5/2017 8:00,"203,000"
10/6/2017 8:00,"200,000"
10/7/2017 8:00,"199,000"
10/8/2017 8:00,"198,000"
10/9/2017 8:00,"200,000"
10/10/2017 8:00,"202,000"
10/11/2017 8:00,"202,000"
10/12/2017 8:00,"199,000"
10/13/2017 8:00,"201,000"
10/14/2017 8:00,"202,000"
10/15/2017 8:00,"207,000"
10/16/2017 8:00,"213,000"
10/17/2017 8:00,"222,000"
10/18/2017 8:00,"233,000"
10/19/2017 8:00,"250,000"
10/20/2017 8:00,"267,000"
10/21/2017 8:00,"278,000"
10/22/2017 8:00,"290,000"
10/23/2017 8:00,"295,000"
10/24/2017 8:00,"300,000"
10/25/2017 8:00,"302,000"
10/26/2017 8:00,"304,000"
10/27/2017 8:00,"300,000"
10/28/2017 8:00,"302,000"
10/29/2017 8:00,"301,000"
10/30/2017 8:00,"298,000"
10/31/2017 8:00,"298,000"
11/1/2017 8:00,"295,000"
11/2/2017 8:00,"302,000"
11/3/2017 8:00,"310,000"
11/4/2017 8:00,"320,000"
11/5/2017 8:00,"333,000"
11/6/2017 8:00,"324,000"
11/7/2017 8:00,"330,000"
11/8/2017 8:00,"331,000"
11/9/2017 8:00,"330,000"
11/10/2017 8:00,"331,000"
11/11/2017 8:00,"335,000"
11/12/2017 8:00,"335,000"
11/13/2017 8:00,"341,000"
11/14/2017 8:00,"350,000"
11/15/2017 8:00,"363,000"
11/16/2017 8:00,"384,000"
11/17/2017 8:00,"402,000"
11/18/2017 8:00,"417,000"
11/19/2017 8:00,"429,000"
11/20/2017 8:00,"437,000"
11/21/2017 8:00,"425,000"
11/22/2017 8:00,"409,000"
11/23/2017 8:00,"394,000"
11/24/2017 8:00,"373,000"
11/25/2017 8:00,"355,000"
11/26/2017 8:00,"335,000"
11/27/2017 8:00,"320,000"
11/28/2017 8:00,"310,000"
11/29/2017 8:00,"308,000"
11/30/2017 8:00,"310,000"
12/1/2017 8:00,"310,000"
12/2/2017 8:00,"317,000"
12/3/2017 8:00,"320,000"
12/4/2017 8:00,"322,000"
12/5/2017 8:00,"324,000"
12/6/2017 8:00,"320,000"
12/7/2017 8:00,"312,000"
12/8/2017 8:00,"302,000"
12/9/2017 8:00,"297,000"
12/10/2017 8:00,"290,000"
12/11/2017 8:00,"276,000"
12/12/2017 8:00,"268,000"
12/13/2017 8:00,"256,000"
12/14/2017 8:00,"251,000"
12/15/2017 8:00,"247,000"
12/16/2017 8:00,"231,000"
12/17/2017 8:00,"226,000"
12/18/2017 8:00,"221,000"
12/19/2017 8:00,"222,000"
12/20/2017 8:00,"219,000"
12/21/2017 8:00,"218,000"
12/22/2017 8:00,"226,000"
12/23/2017 8:00,"238,000"
12/24/2017 8:00,"246,000"
12/25/2017 8:00,"261,000"
12/26/2017 8:00,"271,000"
12/27/2017 8:00,"289,000"
12/28/2017 8:00,"304,000"
12/29/2017 8:00,"320,000"
12/30/2017 8:00,"343,000"
12/31/2017 8:00,"372,000"
1/1/2018 8:00,"400,000"
1/2/2018 8:00,"426,000"
1/3/2018 8:00,"437,000"
1/4/2018 8:00,"447,000"
1/5/2018 8:00,"440,000"
1/6/2018 8:00,"415,000"
1/7/2018 8:00,"403,000"
1/8/2018 8:00,"383,000"
1/9/2018 8:00,"370,000"
1/10/2018 8:00,"345,000"
1/11/2018 8:00,"318,000"
1/12/2018 8:00,"299,000"
1/13/2018 8:00,"284,000"
1/14/2018 8:00,"276,000"
1/15/2018 8:00,"264,000"
1/16/2018 8:00,"262,000"
1/17/2018 8:00,"255,000"
1/18/2018 8:00,"243,000"
1/19/2018 8:00,"243,000"
1/20/2018 8:00,"253,000"
1/21/2018 8:00,"266,000"
1/22/2018 8:00,"281,000"
1/23/2018 8:00,"315,000"
1/24/2018 8:00,"344,000"
1/25/2018 8:00,"370,000"
1/26/2018 8:00,"390,000"
1/27/2018 8:00,"413,000"
1/28/2018 8:00,"428,000"
1/29/2018 8:00,"424,000"
1/30/2018 8:00,"414,000"
1/31/2018 8:00,"396,000"
2/1/2018 8:00,"383,000"
2/2/2018 8:00,"383,000"
2/3/2018 8:00,"392,000"
2/4/2018 8:00,"395,000"
2/5/2018 8:00,"414,000"
2/6/2018 8:00,"428,000"
2/7/2018 8:00,"437,000"
2/8/2018 8:00,"456,000"
2/9/2018 8:00,"470,000"
2/10/2018 8:00,"480,000"
2/11/2018 8:00,"487,000"
2/12/2018 8:00,"497,000"
2/13/2018 8:00,"503,000"
2/14/2018 8:00,"507,000"
2/15/2018 8:00,"505,000"
2/16/2018 8:00,"524,000"
2/17/2018 8:00,"558,000"
2/18/2018 8:00,"585,000"
2/19/2018 8:00,"610,000"
2/20/2018 8:00,"625,000"
2/21/2018 8:00,"642,000"
2/22/2018 8:00,"697,000"
2/23/2018 8:00,"726,000"
2/24/2018 8:00,"775,000"
2/25/2018 8:00,"802,000"
2/26/2018 8:00,"841,000"
2/27/2018 8:00,"885,000"
2/28/2018 8:00,"960,000"
3/1/2018 8:00,"984,000"
3/2/2018 8:00,"1,007,000"
3/3/2018 8:00,"1,064,000"
3/4/2018 8:00,"1,094,000"
3/5/2018 8:00,"1,127,000"
3/6/2018 8:00,"1,166,000"
3/7/2018 8:00,"1,185,000"
3/8/2018 8:00,"1,226,000"
3/9/2018 8:00,"1,260,000"
3/10/2018 8:00,"1,296,000"
3/11/2018 8:00,"1,320,000"
3/12/2018 8:00,"1,354,000"
3/13/2018 8:00,"1,383,000"
3/14/2018 8:00,"1,394,000"
3/15/2018 8:00,"1,405,000"
3/16/2018 8:00,"1,405,000"
3/17/2018 8:00,"1,420,000"
3/18/2018 8:00,"1,438,000"
3/19/2018 8:00,"1,444,000"
3/20/2018 8:00,"1,438,000"
3/21/2018 8:00,"1,415,000"
3/22/2018 8:00,"1,400,000"
3/23/2018 8:00,"1,375,000"
3/24/2018 8:00,"1,335,000"
3/25/2018 8:00,"1,290,000"
3/26/2018 8:00,"1,247,000"
3/27/2018 8:00,"1,188,000"
3/28/2018 8:00,"1,135,000"
3/29/2018 8:00,"1,060,000"
3/30/2018 8:00,"1,026,000"
3/31/2018 8:00,"995,000"
4/1/2018 8:00,"956,000"
4/2/2018 8:00,"930,000"
4/3/2018 8:00,"903,000"
4/4/2018 8:00,"900,000"
4/5/2018 8:00,"895,000"
4/6/2018 8:00,"890,000"
4/7/2018 8:00,"910,000"
4/8/2018 8:00,"941,000"
4/9/2018 8:00,"974,000"
4/10/2018 8:00,"990,000"
4/11/2018 8:00,"1,041,000"
4/12/2018 8:00,"1,041,000"
4/13/2018 8:00,"1,041,000"
4/14/2018 8:00,"1,041,000"
4/15/2018 8:00,"1,041,000"
4/16/2018 8:00,"1,041,000"
4/17/2018 8:00,"1,041,000"
4/18/2018 8:00,"1,060,000"
4/19/2018 8:00,"1,060,000"
4/20/2018 8:00,"1,060,000"
4/21/2018 8:00,"1,060,000"
4/22/2018 8:00,"1,075,000"
4/23/2018 8:00,"1,092,000"
4/24/2018 8:00,"1,092,000"
4/25/2018 8:00,"1,075,000"
4/26/2018 8:00,"1,041,000"
4/27/2018 8:00,"1,015,000"
4/28/2018 8:00,"1,004,000"
4/29/2018 8:00,"998,000"
4/30/2018 8:00,"988,000"
5/1/2018 8:00,"980,000"
5/2/2018 8:00,"972,000"
5/3/2018 8:00,"969,000"
5/4/2018 8:00,"960,000"
5/5/2018 8:00,"955,000"
5/6/2018 8:00,"952,000"
5/7/2018 8:00,"945,000"
5/8/2018 8:00,"941,000"
5/9/2018 8:00,"934,000"
5/10/2018 8:00,"922,000"
5/11/2018 8:00,"904,000"
5/12/2018 8:00,"883,000"
5/13/2018 8:00,"863,000"
5/14/2018 8:00,"844,000"
5/15/2018 8:00,"820,000"
5/16/2018 8:00,"796,000"
5/17/2018 8:00,"781,000"
5/18/2018 8:00,"764,000"
5/19/2018 8:00,"702,000"
5/20/2018 8:00,"687,000"
5/21/2018 8:00,"671,000"
5/22/2018 8:00,"656,000"
5/23/2018 8:00,"641,000"
5/24/2018 8:00,"628,000"
5/25/2018 8:00,"613,000"
5/26/2018 8:00,"611,000"
5/27/2018 8:00,"609,000"
5/28/2018 8:00,"611,000"
5/29/2018 8:00,"613,000"
5/30/2018 8:00,"613,000"
5/31/2018 8:00,"611,000"
6/1/2018 8:00,"611,000"
6/2/2018 8:00,"609,000"
6/3/2018 8:00,"607,000"
6/4/2018 8:00,"603,000"
6/5/2018 8:00,"600,000"
6/6/2018 8:00,"595,000"
6/7/2018 8:00,"586,000"
6/8/2018 8:00,"581,000"
6/9/2018 8:00,"574,000"
6/10/2018 8:00,"568,000"
6/11/2018 8:00,"561,000"
6/12/2018 8:00,"551,000"
6/13/2018 8:00,"540,000"
6/14/2018 8:00,"513,000"
6/15/2018 8:00,"491,000"
6/16/2018 8:00,"471,000"
6/17/2018 8:00,"450,000"
6/18/2018 8:00,"431,000"
6/19/2018 8:00,"419,000"
6/20/2018 8:00,"410,000"
6/21/2018 8:00,"410,000"
6/22/2018 8:00,"416,000"
6/23/2018 8:00,"423,000"
6/24/2018 8:00,"433,000"
6/25/2018 8:00,"444,000"
6/26/2018 8:00,"450,000"
6/27/2018 8:00,"490,000"
6/28/2018 8:00,"486,000"
6/29/2018 8:00,"480,000"
6/30/2018 8:00,"471,000"
7/1/2018 8:00,"475,000"
7/2/2018 8:00,"483,000"
7/3/2018 8:00,"510,000"
7/4/2018 8:00,"533,000"
7/5/2018 8:00,"554,000"
7/6/2018 8:00,"574,000"
7/7/2018 8:00,"592,000"
7/8/2018 8:00,"607,000"
7/9/2018 8:00,"614,000"
7/10/2018 8:00,"616,000"
7/11/2018 8:00,"616,000"
7/12/2018 8:00,"610,000"
7/13/2018 8:00,"600,000"
7/14/2018 8:00,"548,000"
7/15/2018 8:00,"535,000"
7/16/2018 8:00,"523,000"
7/17/2018 8:00,"511,000"
7/18/2018 8:00,"489,000"
7/19/2018 8:00,"467,000"
7/20/2018 8:00,"448,000"
7/21/2018 8:00,"431,000"
7/22/2018 8:00,"412,000"
7/23/2018 8:00,"400,000"
7/24/2018 8:00,"384,000"
7/25/2018 8:00,"370,000"
7/26/2018 8:00,"358,000"
7/27/2018 8:00,"349,000"
7/28/2018 8:00,"343,000"
7/29/2018 8:00,"340,000"
7/30/2018 8:00,"338,000"
7/31/2018 8:00,"332,000"
8/1/2018 8:00,"322,000"
8/2/2018 8:00,"320,000"
8/3/2018 8:00,"314,000"
8/4/2018 8:00,"348,000"
8/5/2018 8:00,"337,000"
8/6/2018 8:00,"323,000"
8/7/2018 8:00,"321,000"
8/8/2018 8:00,"318,000"
8/9/2018 8:00,"318,000"
8/10/2018 8:00,"318,000"
8/11/2018 8:00,"320,000"
8/12/2018 8:00,"320,000"
8/13/2018 8:00,"322,000"
8/14/2018 8:00,"318,000"
8/15/2018 8:00,"314,000"
8/16/2018 8:00,"314,000"
8/17/2018 8:00,"310,000"
8/18/2018 8:00,"302,000"
8/19/2018 8:00,"310,000"
8/20/2018 8:00,"328,000"
8/21/2018 8:00,"340,000"
8/22/2018 8:00,"347,000"
8/23/2018 8:00,"348,000"
8/24/2018 8:00,"355,000"
8/25/2018 8:00,"355,000"
8/26/2018 8:00,"352,000"
8/27/2018 8:00,"352,000"
8/28/2018 8:00,"348,000"
8/29/2018 8:00,"341,000"
8/30/2018 8:00,"335,000"
8/31/2018 8:00,"328,000"
9/1/2018 8:00,"320,000"
9/2/2018 8:00,"318,000"
9/3/2018 8:00,"316,000"
9/4/2018 8:00,"314,000"
9/5/2018 8:00,"310,000"
9/6/2018 8:00,"306,000"
9/7/2018 8:00,"303,000"
9/8/2018 8:00,"303,000"
9/9/2018 8:00,"311,000"
9/10/2018 8:00,"316,000"
9/11/2018 8:00,"323,000"
9/12/2018 8:00,"330,000"
9/13/2018 8:00,"335,000"
9/14/2018 8:00,"348,000"
9/15/2018 8:00,"377,000"
9/16/2018 8:00,"420,000"
9/17/2018 8:00,"467,000"
9/18/2018 8:00,"507,000"
9/19/2018 8:00,"545,000"
9/20/2018 8:00,"567,000"
9/22/2018 8:00,"603,000"
9/23/2018 8:00,"622,000"
9/24/2018 8:00,"643,000"
9/25/2018 8:00,"646,000"
9/26/2018 8:00,"653,000"
9/27/2018 8:00,"660,000"
9/28/2018 8:00,"667,000"
9/29/2018 8:00,"672,000"
9/30/2018 8:00,"672,000"
10/1/2018 8:00,"670,000"
10/2/2018 8:00,"672,000"
10/3/2018 8:00,"672,000"
10/4/2018 8:00,"667,000"
10/5/2018 8:00,"670,000"
10/6/2018 8:00,"670,000"
10/7/2018 8:00,"672,000"
10/8/2018 8:00,"674,000"
10/9/2018 8:00,"674,000"
10/10/2018 8:00,"676,000"
10/11/2018 8:00,"679,000"
10/12/2018 8:00,"679,000"
10/13/2018 8:00,"679,000"
10/14/2018 8:00,"672,000"
10/15/2018 8:00,"663,000"
10/16/2018 8:00,"655,000"
10/17/2018 8:00,"648,000"
10/18/2018 8:00,"648,000"
10/19/2018 8:00,"658,000"
10/20/2018 8:00,"672,000"
10/21/2018 8:00,"685,000"
10/22/2018 8:00,"703,000"
10/23/2018 8:00,"716,000"
10/24/2018 8:00,"728,000"
10/25/2018 8:00,"740,000"
10/26/2018 8:00,"743,000"
10/27/2018 8:00,"751,000"
10/28/2018 8:00,"754,000"
10/29/2018 8:00,"751,000"
10/30/2018 8:00,"740,000"
10/31/2018 8:00,"725,000"
11/1/2018 8:00,"710,000"
11/2/2018 8:00,"690,000"
11/3/2018 8:00,"627,000"
11/4/2018 8:00,"619,000"
11/5/2018 8:00,"621,000"
11/6/2018 8:00,"676,000"
11/7/2018 8:00,"685,000"
11/8/2018 8:00,"703,000"
11/9/2018 8:00,"715,000"
11/10/2018 8:00,"728,000"
11/11/2018 8:00,"743,000"
11/12/2018 8:00,"757,000"
11/13/2018 8:00,"776,000"
11/14/2018 8:00,"796,000"
11/15/2018 8:00,"835,000"
11/16/2018 8:00,"843,000"
11/17/2018 8:00,"852,000"
11/18/2018 8:00,"858,000"
11/19/2018 8:00,"858,000"
11/20/2018 8:00,"858,000"
11/21/2018 8:00,"855,000"
11/22/2018 8:00,"850,000"
11/23/2018 8:00,"840,000"
11/24/2018 8:00,"834,000"
11/25/2018 8:00,"826,000"
11/26/2018 8:00,"810,000"
11/27/2018 8:00,"797,000"
11/28/2018 8:00,"785,000"
11/29/2018 8:00,"775,000"
11/30/2018 8:00,"765,000"
12/1/2018 8:00,"754,000"
12/2/2018 8:00,"736,000"
12/3/2018 8:00,"721,000"
12/4/2018 8:00,"707,000"
12/5/2018 8:00,"702,000"
12/6/2018 8:00,"694,000"
12/7/2018 8:00,"686,000"
12/8/2018 8:00,"689,000"
12/9/2018 8:00,"703,000"
12/10/2018 8:00,"721,000"
12/11/2018 8:00,"744,000"
12/12/2018 8:00,"767,000"
12/13/2018 8:00,"791,000"
12/14/2018 8:00,"807,000"
12/15/2018 8:00,"822,000"
12/16/2018 8:00,"836,000"
12/17/2018 8:00,"843,000"
12/18/2018 8:00,"861,000"
12/19/2018 8:00,"852,000"
12/20/2018 8:00,"850,000"
12/21/2018 8:00,"840,000"
12/22/2018 8:00,"837,000"
12/23/2018 8:00,"837,000"
12/24/2018 8:00,"834,000"
12/25/2018 8:00,"829,000"
12/26/2018 8:00,"829,000"
12/27/2018 8:00,"823,000"
12/28/2018 8:00,"840,000"
12/29/2018 8:00,"882,000"
12/30/2018 8:00,"882,000"
12/31/2018 8:00,"889,000"
1/1/2019 8:00,"896,000"
1/2/2019 8:00,"908,000"
1/3/2019 8:00,"929,000"
1/4/2019 8:00,"955,000"
1/5/2019 8:00,"980,000"
1/6/2019 8:00,"990,000"
1/7/2019 8:00,"1,000,000"
1/8/2019 8:00,"1,012,000"
1/9/2019 8:00,"1,028,000"
1/10/2019 8:00,"1,042,000"
1/11/2019 8:00,"1,054,000"
1/12/2019 8:00,"1,075,000"
1/13/2019 8:00,"1,092,000"
1/14/2019 8:00,"1,107,000"
1/15/2019 8:00,"1,120,000"
1/16/2019 8:00,"1,133,000"
1/17/2019 8:00,"1,138,000"
1/18/2019 8:00,"1,143,000"
1/19/2019 8:00,"1,148,000"
1/20/2019 8:00,"1,152,000"
1/21/2019 8:00,"1,152,000"
1/22/2019 8:00,"1,152,000"
1/23/2019 8:00,"1,143,000"
1/24/2019 8:00,"1,123,000"
1/25/2019 8:00,"1,050,000"
1/26/2019 8:00,"1,032,000"
1/27/2019 8:00,"1,032,000"
1/28/2019 8:00,"1,028,000"
1/29/2019 8:00,"1,024,000"
1/30/2019 8:00,"1,020,000"
1/31/2019 8:00,"1,015,000"
2/1/2019 8:00,"1,006,000"
2/2/2019 8:00,"1,002,000"
2/3/2019 8:00,"1,006,000"
2/4/2019 8:00,"998,000"
2/5/2019 8:00,"998,000"
2/6/2019 8:00,"1,050,000"
2/7/2019 8:00,"1,044,000"
2/8/2019 8:00,"1,034,000"
2/9/2019 8:00,"1,026,000"
2/10/2019 8:00,"1,014,000"
2/11/2019 8:00,"1,010,000"
2/12/2019 8:00,"1,003,000"
2/13/2019 8:00,"1,003,000"
2/14/2019 8:00,"1,000,000"
2/15/2019 8:00,"1,000,000"
2/16/2019 8:00,"1,003,000"
2/17/2019 8:00,"1,020,000"
2/18/2019 8:00,"1,034,000"
2/19/2019 8:00,"1,054,000"
2/20/2019 8:00,"1,062,000"
2/21/2019 8:00,"1,084,000"
2/22/2019 8:00,"1,101,000"
2/23/2019 8:00,"1,155,000"
2/24/2019 8:00,"1,169,000"
2/25/2019 8:00,"1,169,000"
2/26/2019 8:00,"1,225,000"
2/27/2019 8:00,"1,261,000"
2/28/2019 8:00,"1,276,000"
3/1/2019 8:00,"1,312,000"
3/2/2019 8:00,"1,324,000"
3/3/2019 8:00,"1,340,000"
3/4/2019 8:00,"1,370,000"
3/5/2019 8:00,"1,390,000"
3/6/2019 8:00,"1,390,000"
3/7/2019 8:00,"1,405,000"
3/8/2019 8:00,"1,425,000"
3/9/2019 8:00,"1,430,000"
3/10/2019 8:00,"1,445,000"
3/11/2019 8:00,"1,445,000"
3/12/2019 8:00,"1,445,000"
3/13/2019 8:00,"1,445,000"
3/14/2019 8:00,"1,445,000"
3/15/2019 8:00,"1,410,000"
3/16/2019 8:00,"1,385,000"
3/17/2019 8:00,"1,385,000"
3/19/2019 8:00,"1,410,000"
3/20/2019 8:00,"1,400,000"
3/21/2019 8:00,"1,393,000"
3/22/2019 8:00,"1,385,000"
3/23/2019 8:00,"1,385,000"
3/24/2019 8:00,"1,370,000"
3/25/2019 8:00,"1,360,000"
3/26/2019 8:00,"1,347,000"
3/27/2019 8:00,"1,347,000"
3/28/2019 8:00,"1,347,000"
3/29/2019 8:00,"1,347,000"
3/30/2019 8:00,"1,342,000"
3/31/2019 8:00,"1,323,000"
4/1/2019 8:00,"1,310,000"
4/2/2019 8:00,"1,295,000"
4/3/2019 8:00,"1,268,000"
4/4/2019 8:00,"1,240,000"
4/5/2019 8:00,"1,221,000"
4/6/2019 8:00,"1,200,000"
4/7/2019 8:00,"1,185,000"
4/8/2019 8:00,"1,172,000"
4/9/2019 8:00,"1,150,000"
4/10/2019 8:00,"1,138,000"
4/11/2019 8:00,"1,126,000"
4/12/2019 8:00,"1,121,000"
4/13/2019 8:00,"1,117,000"
4/14/2019 8:00,"1,107,000"
4/15/2019 8:00,"1,104,000"
4/16/2019 8:00,"1,100,000"
4/17/2019 8:00,"1,100,000"
4/18/2019 8:00,"1,100,000"
4/19/2019 8:00,"1,117,000"
4/20/2019 8:00,"1,132,000"
4/21/2019 8:00,"1,143,000"
4/22/2019 8:00,"1,143,000"
4/23/2019 8:00,"1,150,000"
4/24/2019 8:00,"1,155,000"
4/25/2019 8:00,"1,166,000"
4/26/2019 8:00,"1,166,000"
4/27/2019 8:00,"1,172,000"
4/28/2019 8:00,"1,172,000"
4/29/2019 8:00,"1,172,000"
4/30/2019 8:00,"1,172,000"
5/1/2019 8:00,"1,180,000"
5/2/2019 8:00,"1,180,000"
5/3/2019 8:00,"1,180,000"
5/4/2019 8:00,"1,180,000"
5/5/2019 8:00,"1,180,000"
5/6/2019 8:00,"1,180,000"
5/7/2019 8:00,"1,185,000"
5/8/2019 8:00,"1,203,000"
5/9/2019 8:00,"1,220,000"
5/10/2019 8:00,"1,248,000"
5/11/2019 8:00,"1,287,000"
5/12/2019 8:00,"1,310,000"
5/13/2019 8:00,"1,315,000"
5/14/2019 8:00,"1,324,000"
5/15/2019 8:00,"1,293,000"
5/16/2019 8:00,"1,300,000"
5/17/2019 8:00,"1,300,000"
5/18/2019 8:00,"1,315,000"
5/19/2019 8:00,"1,322,000"
5/20/2019 8:00,"1,345,000"
5/21/2019 8:00,"1,355,000"
5/22/2019 8:00,"1,362,000"
5/23/2019 8:00,"1,362,000"
5/24/2019 8:00,"1,355,000"
5/25/2019 8:00,"1,291,000"
5/26/2019 8:00,"1,291,000"
5/27/2019 8:00,"1,280,000"
5/28/2019 8:00,"1,270,000"
5/29/2019 8:00,"1,250,000"
5/30/2019 8:00,"1,250,000"
5/31/2019 8:00,"1,240,000"
6/1/2019 8:00,"1,233,000"
6/2/2019 8:00,"1,224,000"
6/3/2019 8:00,"1,215,000"
6/4/2019 8:00,"1,215,000"
6/5/2019 8:00,"1,215,000"
6/6/2019 8:00,"1,225,000"
6/7/2019 8:00,"1,225,000"
6/10/2019 8:00,"1,250,000"
6/11/2019 8:00,"1,250,000"
6/12/2019 8:00,"1,250,000"
6/13/2019 8:00,"1,260,000"
6/14/2019 8:00,"1,270,000"
6/15/2019 8:00,"1,270,000"
6/16/2019 8:00,"1,270,000"
6/17/2019 8:00,"1,270,000"
6/18/2019 8:00,"1,250,000"
6/19/2019 8:00,"1,241,000"
6/20/2019 8:00,"1,225,000"
6/21/2019 8:00,"1,210,000"
6/22/2019 8:00,"1,194,000"
6/23/2019 8:00,"1,177,000"
6/24/2019 8:00,"1,170,000"
6/25/2019 8:00,"1,154,000"
6/26/2019 8:00,"1,148,000"
6/27/2019 8:00,"1,142,000"
6/28/2019 8:00,"1,127,000"
6/29/2019 8:00,"1,127,000"
6/30/2019 8:00,"1,127,000"
7/1/2019 8:00,"1,212,000"
7/2/2019 8:00,"1,212,000"
7/3/2019 8:00,"1,212,000"
7/4/2019 8:00,"1,220,000"
7/5/2019 8:00,"1,220,000"
7/6/2019 8:00,"1,220,000"
7/7/2019 8:00,"1,220,000"
7/8/2019 8:00,"1,220,000"
7/9/2019 8:00,"1,220,000"
7/10/2019 8:00,"1,220,000"
7/11/2019 8:00,"1,220,000"
7/12/2019 8:00,"1,220,000"
7/13/2019 8:00,"1,220,000"
7/14/2019 8:00,"1,220,000"
7/15/2019 8:00,"1,225,000"
7/16/2019 8:00,"1,240,000"
7/17/2019 8:00,"1,220,000"
7/18/2019 8:00,"1,200,000"
7/19/2019 8:00,"1,180,000"
7/20/2019 8:00,"1,156,000"
7/21/2019 8:00,"1,130,000"
7/22/2019 8:00,"1,115,000"
7/23/2019 8:00,"1,060,000"
7/24/2019 8:00,"1,010,000"
7/25/2019 8:00,"987,000"
7/26/2019 8:00,"970,000"
7/27/2019 8:00,"954,000"
7/28/2019 8:00,"933,000"
7/29/2019 8:00,"912,000"
7/30/2019 8:00,"896,000"
7/31/2019 8:00,"884,000"
8/1/2019 8:00,"870,000"
8/2/2019 8:00,"854,000"
8/3/2019 8:00,"844,000"
8/4/2019 8:00,"827,000"
8/5/2019 8:00,"816,000"
8/6/2019 8:00,"805,000"
8/7/2019 8:00,"790,000"
8/8/2019 8:00,"775,000"
8/9/2019 8:00,"750,000"
8/10/2019 8:00,"722,000"
8/11/2019 8:00,"696,000"
8/12/2019 8:00,"670,000"
8/13/2019 8:00,"648,000"
8/14/2019 8:00,"626,000"
8/15/2019 8:00,"604,000"
8/16/2019 8:00,"580,000"
8/17/2019 8:00,"552,000"
8/18/2019 8:00,"526,000"
8/19/2019 8:00,"502,000"
8/20/2019 8:00,"483,000"
8/21/2019 8:00,"466,000"
8/22/2019 8:00,"452,000"
8/23/2019 8:00,"440,000"
8/24/2019 8:00,"427,000"
8/25/2019 8:00,"421,000"
8/26/2019 8:00,"417,000"
8/27/2019 8:00,"410,000"
8/28/2019 8:00,"410,000"
8/29/2019 8:00,"423,000"
8/30/2019 8:00,"427,000"
8/31/2019 8:00,"471,000"
9/1/2019 8:00,"469,000"
9/2/2019 8:00,"473,000"
9/3/2019 8:00,"475,000"
9/4/2019 8:00,"480,000"
9/5/2019 8:00,"473,000"
9/6/2019 8:00,"471,000"
9/7/2019 8:00,"469,000"
9/8/2019 8:00,"465,000"
9/9/2019 8:00,"457,000"
9/10/2019 8:00,"445,000"
9/11/2019 8:00,"441,000"
9/12/2019 8:00,"427,000"
9/13/2019 8:00,"420,000"
9/14/2019 8:00,"407,000"
9/15/2019 8:00,"392,000"
9/16/2019 8:00,"380,000"
9/17/2019 8:00,"370,000"
9/18/2019 8:00,"361,000"
9/19/2019 8:00,"345,000"
9/20/2019 8:00,"350,000"
9/21/2019 8:00,"342,000"
9/22/2019 8:00,"342,000"
9/23/2019 8:00,"341,000"
9/24/2019 8:00,"347,000"
9/25/2019 8:00,"350,000"
9/26/2019 8:00,"357,000"
9/27/2019 8:00,"357,000"
9/28/2019 8:00,"361,000"
9/29/2019 8:00,"363,000"
9/30/2019 8:00,"380,000"
10/1/2019 8:00,"390,000"
10/2/2019 8:00,"400,000"
10/3/2019 8:00,"402,000"
10/4/2019 8:00,"414,000"
10/5/2019 8:00,"418,000"
10/6/2019 8:00,"416,000"
10/7/2019 8:00,"420,000"
10/8/2019 8:00,"424,000"
10/9/2019 8:00,"432,000"
10/10/2019 8:00,"452,000"
10/11/2019 8:00,"469,000"
10/12/2019 8:00,"474,000"
10/13/2019 8:00,"477,000"
10/14/2019 8:00,"477,000"
10/15/2019 8:00,"492,000"
10/16/2019 8:00,"505,000"
10/17/2019 8:00,"524,000"
10/18/2019 8:00,"524,000"
10/19/2019 8:00,"517,000"
10/20/2019 8:00,"512,000"
10/21/2019 8:00,"510,000"
10/22/2019 8:00,"510,000"
10/23/2019 8:00,"503,000"
10/24/2019 8:00,"503,000"
10/25/2019 8:00,"505,000"
10/26/2019 8:00,"512,000"
10/27/2019 8:00,"520,000"
10/28/2019 8:00,"527,000"
10/29/2019 8:00,"535,000"
10/30/2019 8:00,"552,000"
10/31/2019 8:00,"575,000"
11/1/2019 8:00,"594,000"
11/2/2019 8:00,"612,000"
11/3/2019 8:00,"624,000"
11/4/2019 8:00,"635,000"
11/5/2019 8:00,"644,000"
11/6/2019 8:00,"650,000"
11/7/2019 8:00,"647,000"
11/8/2019 8:00,"647,000"
11/9/2019 8:00,"647,000"
11/10/2019 8:00,"647,000"
11/11/2019 8:00,"647,000"
11/12/2019 8:00,"653,000"
11/13/2019 8:00,"662,000"
11/14/2019 8:00,"666,000"
11/15/2019 8:00,"664,000"
11/16/2019 8:00,"658,000"
11/17/2019 8:00,"645,000"
11/18/2019 8:00,"631,000"
11/19/2019 8:00,"614,000"
11/20/2019 8:00,"590,000"
11/21/2019 8:00,"568,000"
11/22/2019 8:00,"552,000"
11/23/2019 8:00,"542,000"
11/24/2019 8:00,"528,000"
11/25/2019 8:00,"512,000"
11/26/2019 8:00,"507,000"
11/27/2019 8:00,"503,000"
11/28/2019 8:00,"499,000"
11/29/2019 8:00,"499,000"
11/30/2019 8:00,"499,000"
12/1/2019 8:00,"503,000"
12/2/2019 8:00,"508,000"
12/3/2019 8:00,"520,000"
12/4/2019 8:00,"537,000"
12/5/2019 8:00,"555,000"
12/6/2019 8:00,"570,000"
12/7/2019 8:00,"592,000"
12/8/2019 8:00,"612,000"
12/9/2019 8:00,"633,000"
12/10/2019 8:00,"655,000"
12/11/2019 8:00,"712,000"
12/12/2019 8:00,"722,000"
12/13/2019 8:00,"733,000"
12/14/2019 8:00,"735,000"
12/15/2019 8:00,"731,000"
12/16/2019 8:00,"713,000"
12/17/2019 8:00,"703,000"
12/18/2019 8:00,"696,000"
12/19/2019 8:00,"674,000"
12/20/2019 8:00,"663,000"
12/21/2019 8:00,"650,000"
12/22/2019 8:00,"648,000"
12/23/2019 8:00,"646,000"
12/24/2019 8:00,"639,000"
12/25/2019 8:00,"639,000"
12/26/2019 8:00,"641,000"
12/27/2019 8:00,"643,000"
12/28/2019 8:00,"648,000"
12/29/2019 8:00,"653,000"
12/30/2019 8:00,"658,000"
12/31/2019 8:00,"658,000"
1/1/2020 8:00,"670,000"
1/2/2020 8:00,"672,000"
1/3/2020 8:00,"690,000"
1/4/2020 8:00,"700,000"
1/5/2020 8:00,"705,000"
1/6/2020 8:00,"712,000"
1/7/2020 8:00,"722,000"
1/8/2020 8:00,"733,000"
1/9/2020 8:00,"741,000"
1/10/2020 8:00,"752,000"
1/11/2020 8:00,"768,000"
1/12/2020 8:00,"784,000"
1/13/2020 8:00,"804,000"
1/14/2020 8:00,"822,000"
1/15/2020 8:00,"847,000"
1/16/2020 8:00,"880,000"
1/17/2020 8:00,"908,000"
1/18/2020 8:00,"934,000"
1/19/2020 8:00,"965,000"
1/20/2020 8:00,"985,000"
1/21/2020 8:00,"1,000,000"
1/22/2020 8:00,"1,023,000"
1/23/2020 8:00,"1,040,000"
1/24/2020 8:00,"1,054,000"
1/25/2020 8:00,"1,100,000"
1/26/2020 8:00,"1,170,000"
1/27/2020 8:00,"1,162,000"
1/28/2020 8:00,"1,172,000"
1/29/2020 8:00,"1,192,000"
1/30/2020 8:00,"1,197,000"
1/31/2020 8:00,"1,202,000"
2/1/2020 8:00,"1,198,000"
2/2/2020 8:00,"1,187,000"
2/3/2020 8:00,"1,176,000"
2/4/2020 8:00,"1,162,000"
2/5/2020 8:00,"1,090,000"
2/6/2020 8:00,"1,073,000"
2/7/2020 8:00,"1,055,000"
2/8/2020 8:00,"1,033,000"
2/9/2020 8:00,"1,019,000"
2/10/2020 8:00,"1,005,000"
2/11/2020 8:00,"993,000"
2/12/2020 8:00,"985,000"
2/13/2020 8:00,"985,000"
2/14/2020 8:00,"1,000,000"
2/15/2020 8:00,"1,010,000"
2/16/2020 8:00,"1,074,000"
2/17/2020 8:00,"1,083,000"
2/18/2020 8:00,"1,095,000"
2/19/2020 8:00,"1,120,000"
2/20/2020 8:00,"1,141,000"
2/21/2020 8:00,"1,176,000"
2/22/2020 8:00,"1,202,000"
2/23/2020 8:00,"1,223,000"
2/24/2020 8:00,"1,245,000"
2/25/2020 8:00,"1,263,000"
2/26/2020 8:00,"1,274,000"
2/27/2020 8:00,"1,240,000"
2/28/2020 8:00,"1,243,000"
2/29/2020 8:00,"1,250,000"
3/1/2020 8:00,"1,259,000"
3/2/2020 8:00,"1,259,000"
3/3/2020 8:00,"1,262,000"
3/4/2020 8:00,"1,270,000"
3/5/2020 8:00,"1,282,000"
3/6/2020 8:00,"1,295,000"
3/7/2020 8:00,"1,288,000"
3/8/2020 8:00,"1,275,000"
3/9/2020 8:00,"1,255,000"
3/10/2020 8:00,"1,210,000"
3/11/2020 8:00,"1,175,000"
3/12/2020 8:00,"1,132,000"
3/13/2020 8:00,"1,102,000"
3/14/2020 8:00,"1,081,000"
3/15/2020 8:00,"1,065,000"
3/16/2020 8:00,"1,045,000"
3/17/2020 8:00,"1,030,000"
3/18/2020 8:00,"1,013,000"
3/19/2020 8:00,"1,003,000"
3/20/2020 8:00,"1,000,000"
3/21/2020 8:00,"1,064,000"
3/22/2020 8:00,"1,064,000"
3/23/2020 8:00,"1,074,000"
3/24/2020 8:00,"1,084,000"
3/25/2020 8:00,"1,094,000"
3/26/2020 8:00,"1,104,000"
3/27/2020 8:00,"1,120,000"
3/28/2020 8:00,"1,135,000"
3/29/2020 8:00,"1,150,000"
3/30/2020 8:00,"1,162,000"
3/31/2020 8:00,"1,173,000"
4/1/2020 8:00,"1,190,000"
4/2/2020 8:00,"1,200,000"
4/3/2020 8:00,"1,225,000"
4/4/2020 8:00,"1,245,000"
4/5/2020 8:00,"1,263,000"
4/6/2020 8:00,"1,288,000"
4/7/2020 8:00,"1,307,000"
4/8/2020 8:00,"1,330,000"
4/9/2020 8:00,"1,312,000"
4/10/2020 8:00,"1,318,000"
4/11/2020 8:00,"1,320,000"
4/12/2020 8:00,"1,325,000"
4/13/2020 8:00,"1,330,000"
4/14/2020 8:00,"1,346,000"
4/15/2020 8:00,"1,330,000"
4/16/2020 8:00,"1,340,000"
4/17/2020 8:00,"1,320,000"
4/18/2020 8:00,"1,320,000"
4/19/2020 8:00,"1,300,000"
4/20/2020 8:00,"1,280,000"
4/21/2020 8:00,"1,273,000"
4/22/2020 8:00,"1,260,000"
4/23/2020 8:00,"1,240,000"
4/24/2020 8:00,"1,240,000"
4/25/2020 8:00,"1,232,000"
4/26/2020 8:00,"1,210,000"
4/27/2020 8:00,"1,193,000"
4/28/2020 8:00,"1,175,000"
4/29/2020 8:00,"1,175,000"
4/30/2020 8:00,"1,170,000"
5/1/2020 8:00,"1,155,000"
5/2/2020 8:00,"1,145,000"
5/3/2020 8:00,"1,130,000"
5/4/2020 8:00,"1,115,000"
5/5/2020 8:00,"1,104,000"
5/6/2020 8:00,"1,090,000"
5/7/2020 8:00,"1,075,000"
5/8/2020 8:00,"1,058,000"
5/9/2020 8:00,"1,052,000"
5/10/2020 8:00,"1,066,000"
5/11/2020 8:00,"1,055,000"
5/12/2020 8:00,"1,045,000"
5/13/2020 8:00,"1,030,000"
5/14/2020 8:00,"1,020,000"
5/15/2020 8:00,"1,012,000"
5/16/2020 8:00,"1,007,000"
5/17/2020 8:00,"987,000"
5/18/2020 8:00,"983,000"
5/19/2020 8:00,"970,000"
5/20/2020 8:00,"960,000"
5/21/2020 8:00,"950,000"
5/22/2020 8:00,"940,000"
5/23/2020 8:00,"932,000"
5/24/2020 8:00,"926,000"
5/25/2020 8:00,"918,000"
5/26/2020 8:00,"908,000"
5/27/2020 8:00,"903,000"
5/28/2020 8:00,"900,000"
5/29/2020 8:00,"895,000"
5/30/2020 8:00,"900,000"
5/31/2020 8:00,"950,000"
6/1/2020 8:00,"980,000"
6/2/2020 8:00,"990,000"
6/3/2020 8:00,"1,000,000"
6/4/2020 8:00,"1,015,000"
6/5/2020 8:00,"1,024,000"
6/6/2020 8:00,"1,032,000"
6/7/2020 8:00,"1,040,000"
6/8/2020 8:00,"1,050,000"
6/9/2020 8:00,"1,064,000"
6/10/2020 8:00,"1,074,000"
6/11/2020 8:00,"1,078,000"
6/12/2020 8:00,"1,078,000"
6/13/2020 8:00,"1,074,000"
6/14/2020 8:00,"1,065,000"
6/15/2020 8:00,"1,058,000"
6/16/2020 8:00,"1,042,000"
6/17/2020 8:00,"1,024,000"
6/18/2020 8:00,"1,000,000"
6/19/2020 8:00,"981,000"
6/20/2020 8:00,"953,000"
6/21/2020 8:00,"922,000"
6/22/2020 8:00,"898,000"
6/23/2020 8:00,"867,000"
6/24/2020 8:00,"837,000"
6/25/2020 8:00,"813,000"
6/26/2020 8:00,"781,000"
6/27/2020 8:00,"753,000"
6/28/2020 8:00,"739,000"
6/29/2020 8:00,"705,000"
6/30/2020 8:00,"681,000"
7/1/2020 8:00,"577,000"
7/2/2020 8:00,"556,000"
7/3/2020 8:00,"538,000"
7/4/2020 8:00,"530,000"
7/5/2020 8:00,"525,000"
7/6/2020 8:00,"522,000"
7/7/2020 8:00,"528,000"
7/8/2020 8:00,"545,000"
7/9/2020 8:00,"563,000"
7/10/2020 8:00,"576,000"
7/11/2020 8:00,"580,000"
7/12/2020 8:00,"584,000"
7/13/2020 8:00,"587,000"
7/14/2020 8:00,"574,000"
7/15/2020 8:00,"554,000"
7/16/2020 8:00,"522,000"
7/17/2020 8:00,"491,000"
7/18/2020 8:00,"467,000"
7/19/2020 8:00,"443,000"
7/20/2020 8:00,"413,000"
7/21/2020 8:00,"404,000"
7/22/2020 8:00,"396,000"
7/23/2020 8:00,"375,000"
7/24/2020 8:00,"368,000"
7/25/2020 8:00,"354,000"
7/26/2020 8:00,"350,000"
7/27/2020 8:00,"345,000"
7/28/2020 8:00,"345,000"
7/29/2020 8:00,"345,000"
7/30/2020 8:00,"345,000"
7/31/2020 8:00,"347,000"
8/1/2020 8:00,"345,000"
8/2/2020 8:00,"345,000"
8/3/2020 8:00,"343,000"
8/4/2020 8:00,"335,000"
8/5/2020 8:00,"330,000"
8/6/2020 8:00,"323,000"
8/7/2020 8:00,"340,000"
8/8/2020 8:00,"398,000"
8/9/2020 8:00,"416,000"
8/10/2020 8:00,"436,000"
8/11/2020 8:00,"450,000"
8/12/2020 8:00,"455,000"
8/13/2020 8:00,"455,000"
8/14/2020 8:00,"442,000"
8/15/2020 8:00,"437,000"
8/16/2020 8:00,"433,000"
8/17/2020 8:00,"428,000"
8/18/2020 8:00,"436,000"
8/19/2020 8:00,"420,000"
8/20/2020 8:00,"402,000"
8/21/2020 8:00,"386,000"
8/22/2020 8:00,"379,000"
8/23/2020 8:00,"370,000"
8/24/2020 8:00,"357,000"
8/25/2020 8:00,"348,000"
8/26/2020 8:00,"336,000"
8/27/2020 8:00,"323,000"
8/28/2020 8:00,"310,000"
8/29/2020 8:00,"303,000"
8/30/2020 8:00,"300,000"
8/31/2020 8:00,"314,000"
9/1/2020 8:00,"318,000"
9/2/2020 8:00,"322,000"
9/3/2020 8:00,"324,000"
9/4/2020 8:00,"330,000"
9/5/2020 8:00,"350,000"
9/6/2020 8:00,"368,000"
9/7/2020 8:00,"374,000"
9/8/2020 8:00,"371,000"
9/9/2020 8:00,"365,000"
9/10/2020 8:00,"370,000"
9/11/2020 8:00,"370,000"
9/12/2020 8:00,"370,000"
9/13/2020 8:00,"371,000"
9/14/2020 8:00,"368,000"
9/15/2020 8:00,"368,000"
9/16/2020 8:00,"362,000"
9/17/2020 8:00,"350,000"
9/18/2020 8:00,"340,000"
9/19/2020 8:00,"327,000"
9/20/2020 8:00,"324,000"
9/21/2020 8:00,"315,000"
9/22/2020 8:00,"308,000"
9/23/2020 8:00,"318,000"
9/24/2020 8:00,"342,000"
9/25/2020 8:00,"386,000"
9/26/2020 8:00,"374,000"
9/27/2020 8:00,"373,000"
9/28/2020 8:00,"377,000"
9/29/2020 8:00,"365,000"
9/30/2020 8:00,"348,000"
10/1/2020 8:00,"338,000"
10/2/2020 8:00,"330,000"
10/3/2020 8:00,"320,000"
10/4/2020 8:00,"306,000"
10/5/2020 8:00,"292,000"
10/6/2020 8:00,"278,000"
10/7/2020 8:00,"270,000"
10/8/2020 8:00,"263,000"
10/9/2020 8:00,"252,000"
10/10/2020 8:00,"289,000"
10/11/2020 8:00,"285,000"
10/12/2020 8:00,"286,000"
10/13/2020 8:00,"298,000"
10/14/2020 8:00,"306,000"
10/15/2020 8:00,"310,000"
10/16/2020 8:00,"314,000"
10/17/2020 8:00,"314,000"
10/18/2020 8:00,"306,000"
10/19/2020 8:00,"301,000"
10/20/2020 8:00,"290,000"
10/21/2020 8:00,"284,000"
10/22/2020 8:00,"278,000"
10/23/2020 8:00,"268,000"
10/24/2020 8:00,"266,000"
10/25/2020 8:00,"257,000"
10/26/2020 8:00,"252,000"
10/27/2020 8:00,"247,000"
10/28/2020 8:00,"255,000"
10/29/2020 8:00,"257,000"
10/30/2020 8:00,"257,000"
10/31/2020 8:00,"259,000"
11/1/2020 8:00,"270,000"
11/2/2020 8:00,"301,000"
11/3/2020 8:00,"324,000"
11/4/2020 8:00,"348,000"
11/5/2020 8:00,"377,000"
11/6/2020 8:00,"406,000"
11/7/2020 8:00,"467,000"
11/8/2020 8:00,"479,000"
11/9/2020 8:00,"480,000"
11/10/2020 8:00,"477,000"
11/11/2020 8:00,"464,000"
11/12/2020 8:00,"440,000"
11/13/2020 8:00,"383,000"
11/14/2020 8:00,"363,000"
11/15/2020 8:00,"343,000"
11/16/2020 8:00,"327,000"
11/17/2020 8:00,"315,000"
11/18/2020 8:00,"300,000"
11/19/2020 8:00,"290,000"
11/20/2020 8:00,"286,000"
11/21/2020 8:00,"292,000"
11/22/2020 8:00,"296,000"
11/23/2020 8:00,"296,000"
11/24/2020 8:00,"308,000"
11/25/2020 8:00,"316,000"
11/26/2020 8:00,"316,000"
11/27/2020 8:00,"316,000"
11/28/2020 8:00,"332,000"
11/29/2020 8:00,"341,000"
11/30/2020 8:00,"370,000"
12/1/2020 8:00,"363,000"
12/2/2020 8:00,"365,000"
12/3/2020 8:00,"381,000"
12/4/2020 8:00,"390,000"
12/5/2020 8:00,"411,000"
12/6/2020 8:00,"407,000"
12/7/2020 8:00,"412,000"
12/8/2020 8:00,"415,000"
12/9/2020 8:00,"412,000"
12/10/2020 8:00,"402,000"
12/11/2020 8:00,"388,000"
12/12/2020 8:00,"384,000"
12/13/2020 8:00,"384,000"
12/14/2020 8:00,"384,000"
12/15/2020 8:00,"386,000"
12/16/2020 8:00,"390,000"
12/17/2020 8:00,"397,000"
12/18/2020 8:00,"394,000"
12/19/2020 8:00,"394,000"
12/20/2020 8:00,"394,000"
12/21/2020 8:00,"389,000"
12/22/2020 8:00,"386,000"
12/23/2020 8:00,"381,000"
12/24/2020 8:00,"384,000"
12/25/2020 8:00,"402,000"
12/26/2020 8:00,"402,000"
12/27/2020 8:00,"400,000"
12/28/2020 8:00,"390,000"
12/29/2020 8:00,"388,000"
12/30/2020 8:00,"388,000"
12/31/2020 8:00,"381,000"
1/1/2021 8:00,"383,000"
1/2/2021 8:00,"392,000"
1/3/2021 8:00,"419,000"
1/4/2021 8:00,"459,000"
1/5/2021 8:00,"498,000"
1/6/2021 8:00,"535,000"
1/7/2021 8:00,"557,000"
1/8/2021 8:00,"574,000"
1/9/2021 8:00,"593,000"
1/10/2021 8:00,"607,000"
1/11/2021 8:00,"626,000"
1/12/2021 8:00,"643,000"
1/13/2021 8:00,"650,000"
1/14/2021 8:00,"655,000"
1/15/2021 8:00,"655,000"
1/16/2021 8:00,"645,000"
1/17/2021 8:00,"628,000"
1/18/2021 8:00,"605,000"
1/19/2021 8:00,"577,000"
1/20/2021 8:00,"550,000"
1/21/2021 8:00,"514,000"
1/22/2021 8:00,"495,000"
1/23/2021 8:00,"483,000"
1/24/2021 8:00,"457,000"
1/25/2021 8:00,"432,000"
1/26/2021 8:00,"412,000"
1/27/2021 8:00,"396,000"
1/28/2021 8:00,"383,000"
1/29/2021 8:00,"370,000"
1/30/2021 8:00,"368,000"
1/31/2021 8:00,"377,000"
2/1/2021 8:00,"390,000"
2/2/2021 8:00,"414,000"
2/3/2021 8:00,"442,000"
2/4/2021 8:00,"467,000"
2/5/2021 8:00,"495,000"
2/6/2021 8:00,"520,000"
2/7/2021 8:00,"543,000"
2/8/2021 8:00,"562,000"
2/9/2021 8:00,"569,000"
2/10/2021 8:00,"573,000"
2/11/2021 8:00,"577,000"
2/12/2021 8:00,"589,000"
2/13/2021 8:00,"587,000"
2/14/2021 8:00,"573,000"
2/15/2021 8:00,"560,000"
2/16/2021 8:00,"532,000"
2/17/2021 8:00,"508,000"
2/18/2021 8:00,"500,000"
2/19/2021 8:00,"491,000"
2/20/2021 8:00,"483,000"
2/21/2021 8:00,"460,000"
2/22/2021 8:00,"448,000"
2/23/2021 8:00,"444,000"
2/24/2021 8:00,"442,000"
2/25/2021 8:00,"446,000"
2/26/2021 8:00,"453,000"
2/27/2021 8:00,"460,000"
2/28/2021 8:00,"508,000"
3/1/2021 8:00,"520,000"
3/2/2021 8:00,"544,000"
3/3/2021 8:00,"581,000"
3/4/2021 8:00,"625,000"
3/5/2021 8:00,"658,000"
3/6/2021 8:00,"740,000"
3/7/2021 8:00,"770,000"
3/8/2021 8:00,"800,000"
3/9/2021 8:00,"819,000"
3/10/2021 8:00,"835,000"
3/11/2021 8:00,"856,000"
3/12/2021 8:00,"867,000"
3/13/2021 8:00,"884,000"
3/14/2021 8:00,"895,000"
3/15/2021 8:00,"904,000"
3/16/2021 8:00,"911,000"
3/17/2021 8:00,"924,000"
3/18/2021 8:00,"934,000"
3/19/2021 8:00,"947,000"
3/20/2021 8:00,"963,000"
3/21/2021 8:00,"972,000"
3/22/2021 8:00,"981,000"
3/23/2021 8:00,"996,000"
3/24/2021 8:00,"1,010,000"
3/25/2021 8:00,"1,021,000"
3/26/2021 8:00,"1,025,000"
3/27/2021 8:00,"1,028,000"
3/28/2021 8:00,"1,033,000"
3/29/2021 8:00,"1,040,000"
3/30/2021 8:00,"1,048,000"
3/31/2021 8:00,"1,060,000"
4/1/2021 8:00,"1,080,000"
4/2/2021 8:00,"1,097,000"
4/3/2021 8:00,"1,107,000"
4/4/2021 8:00,"1,110,000"
4/5/2021 8:00,"1,110,000"
4/6/2021 8:00,"1,110,000"
4/7/2021 8:00,"1,080,000"
4/8/2021 8:00,"1,084,000"
4/9/2021 8:00,"1,090,000"
4/10/2021 8:00,"1,092,000"
4/11/2021 8:00,"1,102,000"
4/12/2021 8:00,"1,102,000"
4/13/2021 8:00,"1,080,000"
4/14/2021 8:00,"1,080,000"
4/15/2021 8:00,"1,092,000"
4/16/2021 8:00,"1,100,000"
4/17/2021 8:00,"1,090,000"
4/18/2021 8:00,"1,072,000"
4/19/2021 8:00,"1,060,000"
4/20/2021 8:00,"1,037,000"
4/21/2021 8:00,"1,020,000"
4/22/2021 8:00,"1,000,000"
4/23/2021 8:00,"980,000"
4/24/2021 8:00,"940,000"
4/25/2021 8:00,"922,000"
4/26/2021 8:00,"867,000"
4/27/2021 8:00,"832,000"
4/28/2021 8:00,"800,000"
4/29/2021 8:00,"763,000"
4/30/2021 8:00,"731,000"
5/1/2021 8:00,"700,000"
5/2/2021 8:00,"677,000"
5/3/2021 8:00,"660,000"
5/4/2021 8:00,"653,000"
5/5/2021 8:00,"666,000"
5/6/2021 8:00,"680,000"
5/7/2021 8:00,"686,000"
5/8/2021 8:00,"694,000"
5/9/2021 8:00,"697,000"
5/10/2021 8:00,"706,000"
5/11/2021 8:00,"720,000"
5/12/2021 8:00,"737,000"
5/13/2021 8:00,"785,000"
5/14/2021 8:00,"828,000"
5/15/2021 8:00,"832,000"
5/16/2021 8:00,"835,000"
5/17/2021 8:00,"835,000"
5/18/2021 8:00,"840,000"
5/19/2021 8:00,"838,000"
5/20/2021 8:00,"832,000"
5/21/2021 8:00,"832,000"
5/22/2021 8:00,"822,000"
5/23/2021 8:00,"808,000"
5/24/2021 8:00,"793,000"
5/25/2021 8:00,"782,000"
5/26/2021 8:00,"775,000"
5/27/2021 8:00,"768,000"
5/28/2021 8:00,"763,000"
5/29/2021 8:00,"754,000"
5/30/2021 8:00,"748,000"
5/31/2021 8:00,"732,000"
6/1/2021 8:00,"720,000"
6/2/2021 8:00,"718,000"
6/3/2021 8:00,"712,000"
6/4/2021 8:00,"705,000"
6/5/2021 8:00,"700,000"
6/6/2021 8:00,"693,000"
6/7/2021 8:00,"688,000"
6/8/2021 8:00,"688,000"
6/9/2021 8:00,"688,000"
6/10/2021 8:00,"693,000"
6/11/2021 8:00,"700,000"
6/12/2021 8:00,"705,000"
6/13/2021 8:00,"715,000"
6/14/2021 8:00,"728,000"
6/15/2021 8:00,"732,000"
6/16/2021 8:00,"735,000"
6/17/2021 8:00,"735,000"
6/18/2021 8:00,"732,000"
6/19/2021 8:00,"730,000"
6/20/2021 8:00,"728,000"
6/21/2021 8:00,"718,000"
6/22/2021 8:00,"709,000"
6/23/2021 8:00,"703,000"
6/24/2021 8:00,"640,000"
6/25/2021 8:00,"623,000"
6/26/2021 8:00,"602,000"
6/27/2021 8:00,"585,000"
6/28/2021 8:00,"566,000"
6/29/2021 8:00,"550,000"
6/30/2021 8:00,"538,000"
7/1/2021 8:00,"526,000"
7/2/2021 8:00,"517,000"
7/3/2021 8:00,"517,000"
7/4/2021 8:00,"522,000"
7/5/2021 8:00,"542,000"
7/6/2021 8:00,"564,000"
7/7/2021 8:00,"587,000"
7/8/2021 8:00,"598,000"
7/9/2021 8:00,"619,000"
7/10/2021 8:00,"632,000"
7/11/2021 8:00,"650,000"
7/12/2021 8:00,"658,000"
7/13/2021 8:00,"664,000"
7/14/2021 8:00,"658,000"
7/15/2021 8:00,"636,000"
7/16/2021 8:00,"613,000"
7/17/2021 8:00,"592,000"
7/18/2021 8:00,"573,000"
7/19/2021 8:00,"569,000"
7/20/2021 8:00,"569,000"
7/21/2021 8:00,"580,000"
7/23/2021 8:00,"605,000"
7/24/2021 8:00,"615,000"
7/25/2021 8:00,"626,000"
7/26/2021 8:00,"632,000"
7/27/2021 8:00,"640,000"
7/28/2021 8:00,"644,000"
7/29/2021 8:00,"637,000"
7/30/2021 8:00,"624,000"
7/31/2021 8:00,"605,000"
8/1/2021 8:00,"580,000"
8/2/2021 8:00,"556,000"
8/4/2021 8:00,"487,000"
8/5/2021 8:00,"448,000"
8/6/2021 8:00,"432,000"
8/7/2021 8:00,"408,000"
8/8/2021 8:00,"385,000"
8/9/2021 8:00,"377,000"
8/10/2021 8:00,"355,000"
8/11/2021 8:00,"347,000"
8/12/2021 8:00,"336,000"
8/13/2021 8:00,"316,000"
8/14/2021 8:00,"303,000"
8/15/2021 8:00,"297,000"
8/16/2021 8:00,"286,000"
8/17/2021 8:00,"286,000"
8/18/2021 8:00,"281,000"
8/19/2021 8:00,"280,000"
8/20/2021 8:00,"273,000"
8/21/2021 8:00,"275,000"
8/22/2021 8:00,"285,000"
8/23/2021 8:00,"288,000"
8/24/2021 8:00,"300,000"
8/25/2021 8:00,"306,000"
8/26/2021 8:00,"318,000"
8/27/2021 8:00,"328,000"
8/28/2021 8:00,"343,000"
8/29/2021 8:00,"355,000"
8/30/2021 8:00,"364,000"
8/31/2021 8:00,"362,000"
9/1/2021 8:00,"355,000"
9/2/2021 8:00,"338,000"
9/3/2021 8:00,"326,000"
9/4/2021 8:00,"326,000"
9/5/2021 8:00,"300,000"
9/6/2021 8:00,"288,000"
9/7/2021 8:00,"285,000"
9/8/2021 8:00,"290,000"
9/9/2021 8:00,"300,000"
9/10/2021 8:00,"313,000"
9/11/2021 8:00,"334,000"
9/12/2021 8:00,"351,000"
9/13/2021 8:00,"375,000"
9/14/2021 8:00,"382,000"
9/15/2021 8:00,"384,000"
9/16/2021 8:00,"394,000"
9/17/2021 8:00,"362,000"
9/18/2021 8:00,"340,000"
9/19/2021 8:00,"314,000"
9/20/2021 8:00,"296,000"
9/21/2021 8:00,"288,000"
9/22/2021 8:00,"264,000"
9/23/2021 8:00,"254,000"
9/24/2021 8:00,"243,000"
9/25/2021 8:00,"236,000"
9/26/2021 8:00,"242,000"
9/27/2021 8:00,"234,000"
9/28/2021 8:00,"264,000"
9/29/2021 8:00,"264,000"
9/30/2021 8:00,"270,000"
10/1/2021 8:00,"325,000"
10/2/2021 8:00,"340,000"
10/3/2021 8:00,"348,000"
10/4/2021 8:00,"350,000"
10/5/2021 8:00,"348,000"
10/6/2021 8:00,"330,000"
10/7/2021 8:00,"301,000"
10/8/2021 8:00,"294,000"
10/9/2021 8:00,"283,000"
10/10/2021 8:00,"268,000"
10/11/2021 8:00,"262,000"
10/12/2021 8:00,"258,000"
10/13/2021 8:00,"258,000"
10/14/2021 8:00,"262,000"
10/15/2021 8:00,"271,000"
10/16/2021 8:00,"279,000"
10/17/2021 8:00,"298,000"
10/18/2021 8:00,"303,000"
10/19/2021 8:00,"308,000"
10/20/2021 8:00,"313,000"
10/21/2021 8:00,"298,000"
10/22/2021 8:00,"290,000"
10/23/2021 8:00,"287,000"
10/24/2021 8:00,"283,000"
10/25/2021 8:00,"282,000"
10/26/2021 8:00,"285,000"
10/27/2021 8:00,"282,000"
10/28/2021 8:00,"276,000"
10/29/2021 8:00,"275,000"
10/30/2021 8:00,"270,000"
10/31/2021 8:00,"266,000"
11/1/2021 8:00,"269,000"
11/2/2021 8:00,"271,000"
11/3/2021 8:00,"274,000"
11/4/2021 8:00,"282,000"
11/5/2021 8:00,"300,000"
11/6/2021 8:00,"318,000"
11/7/2021 7:00,"344,000"
11/8/2021 7:00,"372,000"
11/9/2021 7:00,"390,000"
11/10/2021 7:00,"403,000"
11/11/2021 7:00,"412,000"
11/12/2021 7:00,"415,000"
11/13/2021 7:00,"410,000"
11/14/2021 7:00,"403,000"
11/15/2021 7:00,"387,000"
11/16/2021 7:00,"372,000"
11/17/2021 7:00,"356,000"
11/18/2021 7:00,"343,000"
11/19/2021 7:00,"329,000"
11/20/2021 7:00,"318,000"
11/21/2021 7:00,"306,000"
11/22/2021 7:00,"304,000"
11/23/2021 7:00,"303,000"
11/24/2021 7:00,"300,000"
11/25/2021 7:00,"297,000"
11/26/2021 7:00,"297,000"
11/27/2021 7:00,"293,000"
11/28/2021 7:00,"293,000"
11/29/2021 7:00,"295,000"
11/30/2021 7:00,"297,000"
12/1/2021 7:00,"299,000"
12/2/2021 7:00,"299,000"
12/3/2021 7:00,"295,000"
12/4/2021 7:00,"281,000"
12/5/2021 7:00,"282,000"
12/6/2021 7:00,"274,000"
12/7/2021 7:00,"279,000"
12/8/2021 7:00,"268,000"
12/9/2021 7:00,"257,000"
12/10/2021 7:00,"252,000"
12/11/2021 7:00,"249,000"
12/12/2021 7:00,"248,000"
12/13/2021 7:00,"251,000"
12/14/2021 7:00,"261,000"
12/15/2021 7:00,"282,000"
12/16/2021 7:00,"300,000"
12/17/2021 7:00,"324,000"
12/18/2021 7:00,"337,000"
12/19/2021 7:00,"346,000"
12/20/2021 7:00,"356,000"
12/21/2021 7:00,"380,000"
12/22/2021 7:00,"401,000"
12/23/2021 7:00,"415,000"
12/24/2021 7:00,"417,000"
12/25/2021 7:00,"427,000"
12/26/2021 7:00,"427,000"
12/27/2021 7:00,"423,000"
12/28/2021 7:00,"420,000"
12/29/2021 7:00,"415,000"
12/30/2021 7:00,"405,000"
12/31/2021 7:00,"397,000"
1/1/2022 7:00,"389,000"
1/2/2022 7:00,"387,000"
1/3/2022 7:00,"383,000"
1/4/2022 7:00,"381,000"
1/5/2022 7:00,"389,000"
1/6/2022 7:00,"403,000"
1/7/2022 7:00,"434,000"
1/8/2022 7:00,"467,000"
1/9/2022 7:00,"507,000"
1/10/2022 7:00,"548,000"
1/11/2022 7:00,"579,000"
1/12/2022 7:00,"603,000"
1/13/2022 7:00,"619,000"
1/14/2022 7:00,"640,000"
1/15/2022 7:00,"658,000"
1/16/2022 7:00,"672,000"
1/17/2022 7:00,"682,000"
1/18/2022 7:00,"698,000"
1/19/2022 7:00,"700,000"
1/20/2022 7:00,"708,000"
1/21/2022 7:00,"716,000"
1/22/2022 7:00,"720,000"
1/23/2022 7:00,"720,000"
1/24/2022 7:00,"710,000"
1/25/2022 7:00,"693,000"
1/26/2022 7:00,"671,000"
1/27/2022 7:00,"644,000"
1/28/2022 7:00,"616,000"
1/29/2022 7:00,"594,000"
1/30/2022 7:00,"573,000"
1/31/2022 7:00,"557,000"
2/1/2022 7:00,"537,000"
2/2/2022 7:00,"518,000"
2/3/2022 7:00,"497,000"
2/4/2022 7:00,"480,000"
2/5/2022 7:00,"461,000"
2/6/2022 7:00,"440,000"
2/7/2022 7:00,"425,000"
2/8/2022 7:00,"409,000"
2/9/2022 7:00,"400,000"
2/10/2022 7:00,"393,000"
2/11/2022 7:00,"399,000"
2/12/2022 7:00,"420,000"
2/13/2022 7:00,"448,000"
2/14/2022 7:00,"486,000"
2/15/2022 7:00,"516,000"
2/16/2022 7:00,"537,000"
2/17/2022 7:00,"557,000"
2/18/2022 7:00,"573,000"
2/19/2022 7:00,"580,000"
2/20/2022 7:00,"582,000"
2/21/2022 7:00,"576,000"
2/22/2022 7:00,"568,000"
2/23/2022 7:00,"563,000"
2/24/2022 7:00,"570,000"
2/25/2022 7:00,"592,000"
2/26/2022 7:00,"620,000"
2/27/2022 7:00,"653,000"
2/28/2022 7:00,"688,000"
3/1/2022 7:00,"713,000"
3/2/2022 7:00,"731,000"
3/3/2022 7:00,"750,000"
3/4/2022 7:00,"766,000"
3/5/2022 7:00,"781,000"
3/6/2022 7:00,"795,000"
3/7/2022 7:00,"810,000"
3/8/2022 7:00,"822,000"
3/9/2022 7:00,"844,000"
3/10/2022 7:00,"860,000"
3/11/2022 7:00,"877,000"
3/12/2022 7:00,"890,000"
3/13/2022 8:00,"900,000"
3/14/2022 8:00,"908,000"
3/15/2022 8:00,"920,000"
3/16/2022 8:00,"923,000"
3/18/2022 8:00,"938,000"
3/19/2022 8:00,"940,000"
3/20/2022 8:00,"942,000"
3/21/2022 8:00,"942,000"
3/22/2022 8:00,"941,000"
3/23/2022 8:00,"952,000"
3/24/2022 8:00,"956,000"
3/25/2022 8:00,"952,000"
3/26/2022 8:00,"950,000"
3/27/2022 8:00,"948,000"
3/28/2022 8:00,"941,000"
3/29/2022 8:00,"934,000"
3/30/2022 8:00,"890,000"
3/31/2022 8:00,"886,000"
4/1/2022 8:00,"878,000"
4/2/2022 8:00,"872,000"
4/3/2022 8:00,"865,000"
4/4/2022 8:00,"850,000"
4/5/2022 8:00,"847,000"
4/6/2022 8:00,"850,000"
4/7/2022 8:00,"840,000"
4/8/2022 8:00,"827,000"
4/9/2022 8:00,"821,000"
4/10/2022 8:00,"806,000"
4/11/2022 8:00,"800,000"
4/12/2022 8:00,"785,000"
4/13/2022 8:00,"776,000"
4/14/2022 8:00,"771,000"
4/15/2022 8:00,"763,000"
4/16/2022 8:00,"760,000"
4/17/2022 8:00,"766,000"
4/18/2022 8:00,"760,000"
4/19/2022 8:00,"765,000"
4/20/2022 8:00,"771,000"
4/21/2022 8:00,"780,000"
4/22/2022 8:00,"948,000"
4/23/2022 8:00,"794,000"
4/24/2022 8:00,"809,000"
4/25/2022 8:00,"821,000"
4/26/2022 8:00,"827,000"
4/27/2022 8:00,"830,000"
4/28/2022 8:00,"837,000"
4/29/2022 8:00,"837,000"
4/30/2022 8:00,"837,000"
5/1/2022 8:00,"840,000"
5/2/2022 8:00,"840,000"
5/3/2022 8:00,"833,000"
5/4/2022 8:00,"822,000"
5/5/2022 8:00,"810,000"
5/6/2022 8:00,"795,000"
5/7/2022 8:00,"780,000"
5/8/2022 8:00,"766,000"
5/9/2022 8:00,"760,000"
5/10/2022 8:00,"752,000"
5/11/2022 8:00,"752,000"
5/12/2022 8:00,"754,000"
5/13/2022 8:00,"760,000"
5/14/2022 8:00,"766,000"
5/15/2022 8:00,"775,000"
5/16/2022 8:00,"780,000"
5/17/2022 8:00,"788,000"
5/18/2022 8:00,"797,000"
5/19/2022 8:00,"803,000"
5/20/2022 8:00,"809,000"
5/21/2022 8:00,"815,000"
5/22/2022 8:00,"821,000"
5/23/2022 8:00,"824,000"
5/24/2022 8:00,"824,000"
5/25/2022 8:00,"815,000"
5/26/2022 8:00,"806,000"
5/27/2022 8:00,"792,000"
5/28/2022 8:00,"777,000"
5/29/2022 8:00,"760,000"
5/30/2022 8:00,"747,000"
5/31/2022 8:00,"733,000"
6/1/2022 8:00,"722,000"
6/2/2022 8:00,"717,000"
6/3/2022 8:00,"708,000"
6/4/2022 8:00,"697,000"
6/5/2022 8:00,"693,000"
6/6/2022 8:00,"690,000"
6/7/2022 8:00,"690,000"
6/8/2022 8:00,"690,000"
6/9/2022 8:00,"695,000"
6/10/2022 8:00,"690,000"
6/11/2022 8:00,"690,000"
6/12/2022 8:00,"690,000"
6/13/2022 8:00,"690,000"
6/14/2022 8:00,"683,000"
6/15/2022 8:00,"683,000"
6/16/2022 8:00,"680,000"
6/17/2022 8:00,"677,000"
6/18/2022 8:00,"673,000"
6/19/2022 8:00,"663,000"
6/20/2022 8:00,"655,000"
6/21/2022 8:00,"637,000"
6/22/2022 8:00,"630,000"
6/23/2022 8:00,"595,000"
6/24/2022 8:00,"570,000"
6/25/2022 8:00,"545,000"
6/26/2022 8:00,"520,000"
6/27/2022 8:00,"497,000"
6/28/2022 8:00,"473,000"
6/29/2022 8:00,"456,000"
6/30/2022 8:00,"434,000"
7/1/2022 8:00,"412,000"
7/2/2022 8:00,"397,000"
7/3/2022 8:00,"372,000"
7/4/2022 8:00,"352,000"
7/5/2022 8:00,"337,000"
7/6/2022 8:00,"326,000"
7/7/2022 8:00,"320,000"
7/8/2022 8:00,"313,000"
7/9/2022 8:00,"301,000"
7/10/2022 8:00,"290,000"
7/11/2022 8:00,"283,000"
7/12/2022 8:00,"272,000"
7/13/2022 8:00,"260,000"
7/14/2022 8:00,"253,000"
7/15/2022 8:00,"251,000"
7/16/2022 8:00,"255,000"
7/17/2022 8:00,"258,000"
7/18/2022 8:00,"266,000"
7/19/2022 8:00,"273,000"
7/20/2022 8:00,"276,000"
7/21/2022 8:00,"275,000"
7/22/2022 8:00,"272,000"
7/23/2022 8:00,"270,000"
7/24/2022 8:00,"272,000"
7/25/2022 8:00,"273,000"
7/26/2022 8:00,"266,000"
7/27/2022 8:00,"266,000"
7/28/2022 8:00,"268,000"
7/29/2022 8:00,"260,000"
7/30/2022 8:00,"256,000"
7/31/2022 8:00,"251,000"
8/1/2022 8:00,"251,000"
8/2/2022 8:00,"258,000"
8/3/2022 8:00,"270,000"
8/4/2022 8:00,"288,000"
8/5/2022 8:00,"307,000"
8/6/2022 8:00,"323,000"
8/7/2022 8:00,"333,000"
8/8/2022 8:00,"340,000"
8/9/2022 8:00,"344,000"
8/10/2022 8:00,"348,000"
8/11/2022 8:00,"348,000"
8/12/2022 8:00,"344,000"
8/13/2022 8:00,"344,000"
8/14/2022 8:00,"336,000"
8/15/2022 8:00,"331,000"
8/16/2022 8:00,"322,000"
8/17/2022 8:00,"309,000"
8/18/2022 8:00,"298,000"
8/19/2022 8:00,"314,000"
8/20/2022 8:00,"309,000"
8/21/2022 8:00,"303,000"
8/22/2022 8:00,"303,000"
8/23/2022 8:00,"298,000"
8/24/2022 8:00,"310,000"
8/25/2022 8:00,"335,000"
8/26/2022 8:00,"336,000"
8/27/2022 8:00,"338,000"
8/28/2022 8:00,"331,000"
8/29/2022 8:00,"320,000"
8/30/2022 8:00,"305,000"
8/31/2022 8:00,"303,000"
9/1/2022 8:00,"296,000"
9/2/2022 8:00,"288,000"
9/3/2022 8:00,"280,000"
9/4/2022 8:00,"270,000"
9/5/2022 8:00,"256,000"
9/6/2022 8:00,"248,000"
9/7/2022 8:00,"234,000"
9/8/2022 8:00,"221,000"
9/10/2022 8:00,"215,000"
9/11/2022 8:00,"213,000"
9/12/2022 8:00,"221,000"
9/13/2022 8:00,"222,000"
9/14/2022 8:00,"226,000"
9/15/2022 8:00,"226,000"
9/16/2022 8:00,"228,000"
9/17/2022 8:00,"219,000"
9/18/2022 8:00,"215,000"
9/19/2022 8:00,"205,000"
9/20/2022 8:00,"198,000"
9/21/2022 8:00,"195,000"
9/22/2022 8:00,"186,000"
9/23/2022 8:00,"181,000"
9/24/2022 8:00,"176,000"
9/25/2022 8:00,"172,000"
9/26/2022 8:00,"169,000"
9/27/2022 8:00,"168,000"
9/28/2022 8:00,"166,000"
9/29/2022 8:00,"163,000"
9/30/2022 8:00,"158,000"
10/1/2022 8:00,"152,000"
10/2/2022 8:00,"156,000"
10/3/2022 8:00,"150,000"
10/4/2022 8:00,"147,000"
10/5/2022 8:00,"143,000"
10/6/2022 8:00,"145,000"
10/7/2022 8:00,"144,000"
10/8/2022 8:00,"143,000"
10/9/2022 8:00,"141,000"
10/10/2022 8:00,"143,000"
10/11/2022 8:00,"151,000"
10/12/2022 8:00,"155,000"
10/13/2022 8:00,"157,000"
10/14/2022 8:00,"159,000"
10/15/2022 8:00,"155,000"
10/16/2022 8:00,"154,000"
10/17/2022 8:00,"146,000"
10/18/2022 8:00,"142,000"
10/19/2022 8:00,"134,000"
10/20/2022 8:00,"130,000"
10/21/2022 8:00,"125,000"
10/22/2022 8:00,"121,000"
10/23/2022 8:00,"120,000"
10/24/2022 8:00,"121,000"
10/25/2022 8:00,"120,000"
10/26/2022 8:00,"123,000"
10/27/2022 8:00,"124,000"
10/28/2022 8:00,"126,000"
10/29/2022 8:00,"131,000"
10/30/2022 8:00,"135,000"
10/31/2022 8:00,"136,000"
11/1/2022 8:00,"134,000"
11/2/2022 8:00,"134,000"
11/3/2022 8:00,"132,000"
11/4/2022 8:00,"136,000"
11/5/2022 8:00,"140,000"
11/6/2022 7:00,"149,000"
11/7/2022 7:00,"153,000"
11/8/2022 7:00,"155,000"
11/9/2022 7:00,"154,000"
11/10/2022 7:00,"159,000"
11/11/2022 7:00,"161,000"
11/12/2022 7:00,"162,000"
11/13/2022 7:00,"157,000"
11/14/2022 7:00,"147,000"
11/15/2022 7:00,"147,000"
11/16/2022 7:00,"151,000"
11/17/2022 7:00,"153,000"
11/18/2022 7:00,"150,000"
11/19/2022 7:00,"157,000"
11/20/2022 7:00,"157,000"
11/21/2022 7:00,"169,000"
11/22/2022 7:00,"182,000"
11/23/2022 7:00,"194,000"
11/24/2022 7:00,"200,000"
11/25/2022 7:00,"215,000"
11/26/2022 7:00,"220,000"
11/27/2022 7:00,"223,000"
11/28/2022 7:00,"221,000"
11/29/2022 7:00,"221,000"
11/30/2022 7:00,"224,000"
12/1/2022 7:00,"221,000"
12/2/2022 7:00,"220,000"
12/3/2022 7:00,"216,000"
12/4/2022 7:00,"212,000"
12/5/2022 7:00,"201,000"
12/6/2022 7:00,"193,000"
12/7/2022 7:00,"193,000"
12/8/2022 7:00,"196,000"
12/9/2022 7:00,"199,000"
12/10/2022 7:00,"203,000"
12/11/2022 7:00,"226,000"
12/12/2022 7:00,"249,000"
12/13/2022 7:00,"275,000"
12/14/2022 7:00,"283,000"
12/15/2022 7:00,"340,000"
12/16/2022 7:00,"344,000"
12/17/2022 7:00,"356,000"
12/18/2022 7:00,"372,000"
12/19/2022 7:00,"383,000"
12/20/2022 7:00,"395,000"
12/21/2022 7:00,"416,000"
12/22/2022 7:00,"410,000"
12/23/2022 7:00,"408,000"
12/24/2022 7:00,"410,000"
12/25/2022 7:00,"403,000"
12/26/2022 7:00,"399,000"
12/27/2022 7:00,"389,000"
12/28/2022 7:00,"375,000"
12/29/2022 7:00,"364,000"
12/30/2022 7:00,"340,000"
12/31/2022 7:00,"333,000"
1/1/2023 7:00,"338,000"
1/2/2023 7:00,"340,000"
1/3/2023 7:00,"336,000"
1/4/2023 7:00,"333,000"
1/5/2023 7:00,"336,000"
1/6/2023 7:00,"346,000"
1/7/2023 7:00,"370,000"
1/8/2023 7:00,"404,000"
1/9/2023 7:00,"412,000"
1/10/2023 7:00,"430,000"
1/11/2023 7:00,"456,000"
1/12/2023 7:00,"490,000"
1/13/2023 7:00,"524,000"
1/14/2023 7:00,"541,000"
1/15/2023 7:00,"565,000"
1/16/2023 7:00,"574,000"
1/17/2023 7:00,"567,000"
1/18/2023 7:00,"545,000"
1/19/2023 7:00,"525,000"
1/20/2023 7:00,"507,000"
1/21/2023 7:00,"487,000"
1/22/2023 7:00,"485,000"
1/23/2023 7:00,"475,000"
1/24/2023 7:00,"470,000"
1/25/2023 7:00,"480,000"
1/26/2023 7:00,"512,000"
1/27/2023 7:00,"530,000"
1/28/2023 7:00,"546,000"
1/29/2023 7:00,"567,000"
1/30/2023 7:00,"588,000"
1/31/2023 7:00,"604,000"
2/1/2023 7:00,"606,000"
2/2/2023 7:00,"622,000"
2/3/2023 7:00,"636,000"
2/4/2023 7:00,"648,000"
2/5/2023 7:00,"650,000"
2/6/2023 7:00,"655,000"
2/7/2023 7:00,"655,000"
2/8/2023 7:00,"648,000"
2/9/2023 7:00,"642,000"
2/10/2023 7:00,"642,000"
2/11/2023 7:00,"636,000"
2/12/2023 7:00,"636,000"
2/13/2023 7:00,"645,000"
2/14/2023 7:00,"658,000"
2/15/2023 7:00,"665,000"
2/16/2023 7:00,"665,000"
2/17/2023 7:00,"665,000"
2/18/2023 7:00,"658,000"
2/19/2023 7:00,"647,000"
2/20/2023 7:00,"634,000"
2/21/2023 7:00,"628,000"
2/22/2023 7:00,"625,000"
2/23/2023 7:00,"627,000"
2/24/2023 7:00,"635,000"
2/25/2023 7:00,"645,000"
2/26/2023 7:00,"660,000"
2/27/2023 7:00,"683,000"
2/28/2023 7:00,"695,000"
3/1/2023 7:00,"706,000"
3/2/2023 7:00,"715,000"
3/3/2023 7:00,"725,000"
3/4/2023 7:00,"727,000"
3/5/2023 7:00,"731,000"
3/6/2023 7:00,"745,000"
3/7/2023 7:00,"750,000"
3/8/2023 7:00,"760,000"
3/9/2023 7:00,"774,000"
3/10/2023 7:00,"789,000"
3/11/2023 7:00,"810,000"
3/12/2023 8:00,"827,000"
3/13/2023 8:00,"847,000"
3/14/2023 8:00,"865,000"
3/15/2023 8:00,"887,000"
3/16/2023 8:00,"912,000"
3/17/2023 8:00,"935,000"
3/18/2023 8:00,"952,000"
3/19/2023 8:00,"965,000"
3/20/2023 8:00,"965,000"
3/21/2023 8:00,"960,000"
3/22/2023 8:00,"952,000"
3/23/2023 8:00,"932,000"
3/24/2023 8:00,"905,000"
3/25/2023 8:00,"883,000"
3/26/2023 8:00,"845,000"
3/27/2023 8:00,"810,000"
3/28/2023 8:00,"788,000"
3/29/2023 8:00,"782,000"
3/30/2023 8:00,"774,000"
3/31/2023 8:00,"780,000"
4/1/2023 8:00,"784,000"
4/2/2023 8:00,"788,000"
4/3/2023 8:00,"820,000"
4/4/2023 8:00,"837,000"
4/5/2023 8:00,"852,000"
4/6/2023 8:00,"870,000"
4/7/2023 8:00,"890,000"
4/8/2023 8:00,"910,000"
4/9/2023 8:00,"927,000"
4/10/2023 8:00,"937,000"
4/11/2023 8:00,"946,000"
4/12/2023 8:00,"946,000"
4/13/2023 8:00,"946,000"
4/14/2023 8:00,"942,000"
4/15/2023 8:00,"935,000"
4/16/2023 8:00,"927,000"
4/17/2023 8:00,"918,000"
4/18/2023 8:00,"900,000"
4/19/2023 8:00,"880,000"
4/20/2023 8:00,"852,000"
4/21/2023 8:00,"820,000"
4/22/2023 8:00,"785,000"
4/23/2023 8:00,"758,000"
4/24/2023 8:00,"722,000"
4/25/2023 8:00,"692,000"
4/26/2023 8:00,"663,000"
4/27/2023 8:00,"609,000"
4/28/2023 8:00,"560,000"
4/29/2023 8:00,"548,000"
4/30/2023 8:00,"533,000"
5/1/2023 8:00,"523,000"
5/2/2023 8:00,"514,000"
5/3/2023 8:00,"507,000"
5/4/2023 8:00,"494,000"
5/5/2023 8:00,"480,000"
5/6/2023 8:00,"473,000"
5/7/2023 8:00,"469,000"
5/8/2023 8:00,"467,000"
5/9/2023 8:00,"469,000"
5/10/2023 8:00,"473,000"
5/11/2023 8:00,"480,000"
5/12/2023 8:00,"485,000"
5/13/2023 8:00,"495,000"
5/14/2023 8:00,"512,000"
5/15/2023 8:00,"527,000"
5/16/2023 8:00,"542,000"
5/17/2023 8:00,"555,000"
5/18/2023 8:00,"555,000"
5/19/2023 8:00,"557,000"
5/20/2023 8:00,"560,000"
5/21/2023 8:00,"566,000"
5/22/2023 8:00,"568,000"
5/23/2023 8:00,"568,000"
5/24/2023 8:00,"568,000"
5/25/2023 8:00,"566,000"
5/26/2023 8:00,"560,000"
5/27/2023 8:00,"548,000"
5/28/2023 8:00,"532,000"
5/29/2023 8:00,"518,000"
5/30/2023 8:00,"500,000"
5/31/2023 8:00,"478,000"
6/1/2023 8:00,"453,000"
6/2/2023 8:00,"425,000"
6/3/2023 8:00,"405,000"
6/4/2023 8:00,"381,000"
6/5/2023 8:00,"354,000"
6/6/2023 8:00,"335,000"
6/7/2023 8:00,"325,000"
6/8/2023 8:00,"319,000"
6/9/2023 8:00,"305,000"
6/10/2023 8:00,"295,000"
6/11/2023 8:00,"289,000"
6/12/2023 8:00,"272,000"
6/13/2023 8:00,"265,000"
6/14/2023 8:00,"256,000"
6/15/2023 8:00,"250,000"
6/16/2023 8:00,"243,000"
6/17/2023 8:00,"243,000"
6/18/2023 8:00,"236,000"
6/19/2023 8:00,"230,000"
6/20/2023 8:00,"227,000"
6/21/2023 8:00,"229,000"
6/22/2023 8:00,"255,000"
6/23/2023 8:00,"247,000"
6/24/2023 8:00,"244,000"
6/25/2023 8:00,"240,000"
6/26/2023 8:00,"238,000"
6/27/2023 8:00,"234,000"
6/28/2023 8:00,"231,000"
6/29/2023 8:00,"230,000"
6/30/2023 8:00,"225,000"
7/1/2023 8:00,"216,000"
7/2/2023 8:00,"219,000"
7/3/2023 8:00,"214,000"
7/4/2023 8:00,"216,000"
7/5/2023 8:00,"216,000"
7/6/2023 8:00,"219,000"
7/7/2023 8:00,"225,000"
7/8/2023 8:00,"228,000"
7/9/2023 8:00,"235,000"
7/10/2023 8:00,"244,000"
7/11/2023 8:00,"253,000"
7/12/2023 8:00,"268,000"
7/13/2023 8:00,"282,000"
7/14/2023 8:00,"284,000"
7/15/2023 8:00,"291,000"
7/16/2023 8:00,"282,000"
7/17/2023 8:00,"308,000"
7/18/2023 8:00,"300,000"
7/19/2023 8:00,"295,000"
7/20/2023 8:00,"292,000"
7/21/2023 8:00,"287,000"
7/22/2023 8:00,"274,000"
7/23/2023 8:00,"268,000"
7/24/2023 8:00,"266,000"
7/25/2023 8:00,"268,000"
7/26/2023 8:00,"278,000"
7/27/2023 8:00,"292,000"
7/28/2023 8:00,"295,000"
7/29/2023 8:00,"297,000"
7/30/2023 8:00,"294,000"
7/31/2023 8:00,"282,000"
8/1/2023 8:00,"272,000"
8/2/2023 8:00,"267,000"
8/3/2023 8:00,"250,000"
8/4/2023 8:00,"239,000"
8/5/2023 8:00,"225,000"
8/6/2023 8:00,"220,000"
8/7/2023 8:00,"217,000"
8/8/2023 8:00,"215,000"
8/9/2023 8:00,"215,000"
8/10/2023 8:00,"217,000"
8/11/2023 8:00,"230,000"
8/12/2023 8:00,"262,000"
8/13/2023 8:00,"274,000"
8/14/2023 8:00,"295,000"
8/15/2023 8:00,"307,000"
8/16/2023 8:00,"312,000"
8/17/2023 8:00,"308,000"
8/18/2023 8:00,"308,000"
8/19/2023 8:00,"301,000"
8/20/2023 8:00,"301,000"
8/21/2023 8:00,"305,000"
8/22/2023 8:00,"306,000"
8/23/2023 8:00,"308,000"
8/24/2023 8:00,"315,000"
8/25/2023 8:00,"310,000"
8/26/2023 8:00,"305,000"
8/27/2023 8:00,"298,000"
8/28/2023 8:00,"288,000"
8/29/2023 8:00,"278,000"
8/30/2023 8:00,"260,000"
8/31/2023 8:00,"242,000"
9/1/2023 8:00,"230,000"
9/2/2023 8:00,"217,000"
9/3/2023 8:00,"214,000"
9/4/2023 8:00,"214,000"
9/5/2023 8:00,"216,000"
9/6/2023 8:00,"217,000"
9/7/2023 8:00,"217,000"
9/8/2023 8:00,"210,000"
9/9/2023 8:00,"203,000"
9/10/2023 8:00,"192,000"
9/11/2023 8:00,"188,000"
9/12/2023 8:00,"182,000"
9/13/2023 8:00,"173,000"
9/14/2023 8:00,"166,000"
9/15/2023 8:00,"158,000"
9/16/2023 8:00,"155,000"
9/17/2023 8:00,"150,000"
9/18/2023 8:00,"146,000"
9/19/2023 8:00,"146,000"
9/20/2023 8:00,"149,000"
9/21/2023 8:00,"152,000"
9/22/2023 8:00,"153,000"
9/23/2023 8:00,"153,000"
9/24/2023 8:00,"152,000"
9/25/2023 8:00,"150,000"
9/26/2023 8:00,"150,000"
9/27/2023 8:00,"153,000"
9/28/2023 8:00,"154,000"
9/29/2023 8:00,"156,000"
9/30/2023 8:00,"155,000"
10/1/2023 8:00,"152,000"
10/2/2023 8:00,"152,000"
10/3/2023 8:00,"153,000"
10/4/2023 8:00,"149,000"
10/5/2023 8:00,"156,000"
10/6/2023 8:00,"155,000"
10/7/2023 8:00,"157,000"
10/8/2023 8:00,"155,000"
10/9/2023 8:00,"168,000"
10/10/2023 8:00,"172,000"
10/11/2023 8:00,"172,000"
10/12/2023 8:00,"164,000"
10/13/2023 8:00,"160,000"
10/14/2023 8:00,"155,000"
10/15/2023 8:00,"155,000"
10/16/2023 8:00,"144,000"
10/17/2023 8:00,"136,000"
10/18/2023 8:00,"136,000"
10/19/2023 8:00,"134,000"
10/20/2023 8:00,"135,000"
10/21/2023 8:00,"134,000"
10/22/2023 8:00,"132,000"
10/23/2023 8:00,"134,000"
10/24/2023 8:00,"138,000"
10/25/2023 8:00,"137,000"
10/26/2023 8:00,"137,000"
10/27/2023 8:00,"140,000"
10/28/2023 8:00,"140,000"
10/29/2023 8:00,"143,000"
10/30/2023 8:00,"147,000"
10/31/2023 8:00,"155,000"
11/1/2023 8:00,"156,000"
11/2/2023 8:00,"159,000"
11/3/2023 8:00,"160,000"
11/4/2023 8:00,"166,000"
11/5/2023 7:00,"172,000"
11/6/2023 7:00,"177,000"
11/7/2023 7:00,"181,000"
11/8/2023 7:00,"181,000"
11/9/2023 7:00,"188,000"
11/10/2023 7:00,"194,000"
11/11/2023 7:00,"197,000"
11/12/2023 7:00,"196,000"
11/13/2023 7:00,"198,000"
11/14/2023 7:00,"198,000"
11/15/2023 7:00,"198,000"
11/16/2023 7:00,"198,000"
11/17/2023 7:00,"194,000"
11/18/2023 7:00,"188,000"
11/19/2023 7:00,"181,000"
11/20/2023 7:00,"173,000"
11/21/2023 7:00,"172,000"
11/22/2023 7:00,"172,000"
11/23/2023 7:00,"165,000"
11/24/2023 7:00,"161,000"
11/25/2023 7:00,"165,000"
11/26/2023 7:00,"160,000"
11/27/2023 7:00,"159,000"
11/28/2023 7:00,"160,000"
11/29/2023 7:00,"163,000"
11/30/2023 7:00,"170,000"
12/1/2023 7:00,"177,000"
12/2/2023 7:00,"190,000"
12/3/2023 7:00,"192,000"
12/4/2023 7:00,"200,000"
12/5/2023 7:00,"205,000"
12/6/2023 7:00,"203,000"
12/7/2023 7:00,"197,000"
12/8/2023 7:00,"194,000"
12/9/2023 7:00,"193,000"
12/10/2023 7:00,"193,000"
12/11/2023 7:00,"185,000"
12/12/2023 7:00,"184,000"
12/13/2023 7:00,"182,000"
12/14/2023 7:00,"184,000"
12/15/2023 7:00,"192,000"
12/16/2023 7:00,"189,000"
12/17/2023 7:00,"195,000"
12/18/2023 7:00,"192,000"
12/19/2023 7:00,"188,000"
12/20/2023 7:00,"186,000"
12/21/2023 7:00,"186,000"
12/22/2023 7:00,"193,000"
12/23/2023 7:00,"196,000"
12/24/2023 7:00,"194,000"
12/25/2023 7:00,"196,000"
12/26/2023 7:00,"196,000"
12/27/2023 7:00,"186,000"
12/28/2023 7:00,"175,000"
12/29/2023 7:00,"175,000"
12/30/2023 7:00,"175,000"
12/31/2023 7:00,"180,000"
1/1/2024 7:00,"186,000"
1/2/2024 7:00,"188,000"
1/3/2024 7:00,"189,000"
1/4/2024 7:00,"186,000"
1/5/2024 7:00,"188,000"
1/6/2024 7:00,"203,000"
1/7/2024 7:00,"225,000"
1/8/2024 7:00,"233,000"
1/9/2024 7:00,"245,000"
1/10/2024 7:00,"268,000"
1/11/2024 7:00,"254,000"
1/12/2024 7:00,"260,000"
1/13/2024 7:00,"264,000"
1/14/2024 7:00,"267,000"
1/15/2024 7:00,"272,000"
1/16/2024 7:00,"284,000"
1/17/2024 7:00,"304,000"
1/18/2024 7:00,"340,000"
1/19/2024 7:00,"382,000"
1/20/2024 7:00,"415,000"
1/21/2024 7:00,"443,000"
1/22/2024 7:00,"471,000"
1/23/2024 7:00,"480,000"
1/24/2024 7:00,"486,000"
1/25/2024 7:00,"524,000"
1/26/2024 7:00,"537,000"
1/27/2024 7:00,"545,000"
1/28/2024 7:00,"554,000"
1/29/2024 7:00,"547,000"
1/30/2024 7:00,"545,000"
1/31/2024 7:00,"557,000"
2/1/2024 7:00,"575,000"
2/2/2024 7:00,"597,000"
2/3/2024 7:00,"620,000"
2/4/2024 7:00,"627,000"
2/5/2024 7:00,"665,000"
2/6/2024 7:00,"689,000"
2/7/2024 7:00,"710,000"
2/8/2024 7:00,"722,000"
2/9/2024 7:00,"735,000"
2/10/2024 7:00,"741,000"
2/11/2024 7:00,"771,000"
2/12/2024 7:00,"785,000"
2/13/2024 7:00,"793,000"
2/14/2024 7:00,"793,000"
2/15/2024 7:00,"787,000"
2/16/2024 7:00,"773,000"
2/17/2024 7:00,"757,000"
2/18/2024 7:00,"740,000"
2/19/2024 7:00,"721,000"
2/20/2024 7:00,"705,000"
2/21/2024 7:00,"687,000"
2/22/2024 7:00,"648,000"
2/23/2024 7:00,"645,000"
2/24/2024 7:00,"645,000"
2/25/2024 7:00,"639,000"
2/26/2024 7:00,"629,000"
2/27/2024 7:00,"612,000"
2/28/2024 7:00,"597,000"
2/29/2024 7:00,"575,000"
3/1/2024 7:00,"550,000"
3/2/2024 7:00,"508,000"
3/3/2024 7:00,"463,000"
3/4/2024 7:00,"445,000"
3/5/2024 7:00,"433,000"
3/6/2024 7:00,"442,000"
3/7/2024 7:00,"430,000"
3/8/2024 7:00,"420,000"
3/9/2024 7:00,"434,000"
3/10/2024 8:00,"452,000"
3/11/2024 8:00,"455,000"
3/12/2024 8:00,"460,000"
3/13/2024 8:00,"460,000"
3/14/2024 8:00,"462,000"
3/15/2024 8:00,"460,000"
3/16/2024 8:00,"492,000"
3/17/2024 8:00,"500,000"
3/18/2024 8:00,"535,000"
3/19/2024 8:00,"562,000"
3/20/2024 8:00,"577,000"
3/21/2024 8:00,"587,000"
3/22/2024 8:00,"594,000"
3/23/2024 8:00,"597,000"
3/24/2024 8:00,"603,000"
3/25/2024 8:00,"605,000"
3/26/2024 8:00,"608,000"
3/27/2024 8:00,"612,000"
3/28/2024 8:00,"610,000"
3/29/2024 8:00,"610,000"
3/30/2024 8:00,"608,000"
3/31/2024 8:00,"597,000"
4/1/2024 8:00,"575,000"
4/2/2024 8:00,"550,000"
4/3/2024 8:00,"531,000"
4/4/2024 8:00,"509,000"
4/5/2024 8:00,"486,000"
4/6/2024 8:00,"440,000"
4/7/2024 8:00,"424,000"
4/8/2024 8:00,"410,000"
4/9/2024 8:00,"406,000"
4/10/2024 8:00,"412,000"
4/11/2024 8:00,"476,000"
4/12/2024 8:00,"535,000"
4/13/2024 8:00,"580,000"
4/14/2024 8:00,"615,000"
4/15/2024 8:00,"650,000"
4/16/2024 8:00,"732,000"
4/17/2024 8:00,"757,000"
4/18/2024 8:00,"774,000"
4/19/2024 8:00,"790,000"
4/20/2024 8:00,"792,000"
4/21/2024 8:00,"796,000"
4/22/2024 8:00,"810,000"
4/23/2024 8:00,"814,000"
4/24/2024 8:00,"810,000"
4/25/2024 8:00,"810,000"
4/26/2024 8:00,"802,000"
4/27/2024 8:00,"796,000"
4/28/2024 8:00,"794,000"
4/29/2024 8:00,"794,000"
4/30/2024 8:00,"794,000"
5/1/2024 8:00,"740,000"
5/2/2024 8:00,"732,000"
5/3/2024 8:00,"717,000"
5/4/2024 8:00,"703,000"
5/5/2024 8:00,"692,000"
5/6/2024 8:00,"682,000"
5/7/2024 8:00,"676,000"
5/8/2024 8:00,"676,000"
5/9/2024 8:00,"682,000"
5/10/2024 8:00,"690,000"
5/11/2024 8:00,"703,000"
5/12/2024 8:00,"712,000"
5/13/2024 8:00,"729,000"
5/14/2024 8:00,"760,000"
5/15/2024 8:00,"835,000"
5/16/2024 8:00,"850,000"
5/17/2024 8:00,"870,000"
5/18/2024 8:00,"885,000"
5/19/2024 8:00,"900,000"
5/20/2024 8:00,"909,000"
5/21/2024 8:00,"915,000"
5/22/2024 8:00,"920,000"
5/23/2024 8:00,"923,000"
5/24/2024 8:00,"923,000"
5/25/2024 8:00,"920,000"
5/26/2024 8:00,"912,000"
5/27/2024 8:00,"905,000"
5/28/2024 8:00,"899,000"
5/29/2024 8:00,"886,000"
5/30/2024 8:00,"845,000"
5/31/2024 8:00,"830,000"
6/1/2024 8:00,"796,000"
6/2/2024 8:00,"787,000"
6/3/2024 8:00,"783,000"
6/4/2024 8:00,"778,000"
6/5/2024 8:00,"781,000"
6/6/2024 8:00,"786,000"
6/7/2024 8:00,"790,000"
6/8/2024 8:00,"804,000"
6/9/2024 8:00,"820,000"
6/10/2024 8:00,"840,000"
6/11/2024 8:00,"840,000"
6/12/2024 8:00,"830,000"
6/13/2024 8:00,"804,000"
6/14/2024 8:00,"787,000"
6/15/2024 8:00,"776,000"
6/16/2024 8:00,"766,000"
6/17/2024 8:00,"743,000"
6/18/2024 8:00,"720,000"
6/19/2024 8:00,"694,000"
6/20/2024 8:00,"663,000"
6/21/2024 8:00,"630,000"
6/22/2024 8:00,"570,000"
6/23/2024 8:00,"531,000"
6/24/2024 8:00,"500,000"
6/25/2024 8:00,"470,000"
6/26/2024 8:00,"441,000"
6/27/2024 8:00,"415,000"
6/28/2024 8:00,"397,000"
6/29/2024 8:00,"381,000"
6/30/2024 8:00,"367,000"
7/1/2024 8:00,"357,000"
7/2/2024 8:00,"352,000"
7/3/2024 8:00,"350,000"
7/4/2024 8:00,"342,000"
7/5/2024 8:00,"356,000"
7/7/2024 8:00,"379,000"
7/8/2024 8:00,"382,000"
7/9/2024 8:00,"384,000"
7/10/2024 8:00,"392,000"
7/11/2024 8:00,"412,000"
7/12/2024 8:00,"434,000"
7/13/2024 8:00,"459,000"
7/14/2024 8:00,"485,000"
7/15/2024 8:00,"505,000"
7/16/2024 8:00,"514,000"
7/17/2024 8:00,"520,000"
7/18/2024 8:00,"522,000"
7/19/2024 8:00,"528,000"
7/20/2024 8:00,"536,000"
7/21/2024 8:00,"536,000"
7/22/2024 8:00,"533,000"
7/23/2024 8:00,"527,000"
7/24/2024 8:00,"518,000"
7/25/2024 8:00,"522,000"
7/26/2024 8:00,"524,000"
7/27/2024 8:00,"524,000"
7/28/2024 8:00,"524,000"
7/29/2024 8:00,"514,000"
7/30/2024 8:00,"501,000"
7/31/2024 8:00,"490,000"
8/1/2024 8:00,"474,000"
8/2/2024 8:00,"460,000"
8/3/2024 8:00,"446,000"
8/4/2024 8:00,"432,000"
8/5/2024 8:00,"415,000"
8/6/2024 8:00,"404,000"
8/7/2024 8:00,"394,000"
8/8/2024 8:00,"385,000"
8/9/2024 8:00,"377,000"
8/10/2024 8:00,"369,000"
8/11/2024 8:00,"361,000"
8/12/2024 8:00,"348,000"
8/13/2024 8:00,"340,000"
8/14/2024 8:00,"331,000"
8/15/2024 8:00,"321,000"
8/16/2024 8:00,"308,000"
8/17/2024 8:00,"295,000"
8/18/2024 8:00,"291,000"
8/19/2024 8:00,"272,000"
8/20/2024 8:00,"267,000"
8/21/2024 8:00,"264,000"
8/22/2024 8:00,"256,000"
8/23/2024 8:00,"251,000"
8/24/2024 8:00,"245,000"
8/25/2024 8:00,"239,000"
8/26/2024 8:00,"231,000"
8/27/2024 8:00,"231,000"
8/28/2024 8:00,"229,000"
8/29/2024 8:00,"229,000"
8/30/2024 8:00,"229,000"
8/31/2024 8:00,"229,000"
9/1/2024 8:00,"225,000"
9/2/2024 8:00,"217,000"
9/3/2024 8:00,"204,000"
9/4/2024 8:00,"200,000"
9/5/2024 8:00,"195,000"
9/6/2024 8:00,"199,000"
9/7/2024 8:00,"194,000"
9/8/2024 8:00,"194,000"
9/9/2024 8:00,"193,000"
9/10/2024 8:00,"192,000"
9/11/2024 8:00,"194,000"
9/12/2024 8:00,"188,000"
9/13/2024 8:00,"197,000"
9/14/2024 8:00,"196,000"
9/15/2024 8:00,"195,000"
9/16/2024 8:00,"193,000"
9/17/2024 8:00,"199,000"
9/18/2024 8:00,"194,000"
9/19/2024 8:00,"199,000"
9/20/2024 8:00,"197,000"
9/21/2024 8:00,"200,000"
9/22/2024 8:00,"200,000"
9/23/2024 8:00,"197,000"
9/24/2024 8:00,"196,000"
9/25/2024 8:00,"192,000"
9/26/2024 8:00,"188,000"
9/27/2024 8:00,"180,000"
9/28/2024 8:00,"175,000"
9/29/2024 8:00,"172,000"
9/30/2024 8:00,"170,000"
10/1/2024 8:00,"171,000"
10/2/2024 8:00,"181,000"
10/3/2024 8:00,"193,000"
10/4/2024 8:00,"216,000"
10/5/2024 8:00,"245,000"
10/6/2024 8:00,"269,000"
10/7/2024 8:00,"286,000"
10/8/2024 8:00,"290,000"
10/9/2024 8:00,"300,000"
10/10/2024 8:00,"284,000"
10/11/2024 8:00,"275,000"
10/12/2024 8:00,"264,000"
10/13/2024 8:00,"256,000"
10/14/2024 8:00,"245,000"
10/15/2024 8:00,"242,000"
10/16/2024 8:00,"225,000"
10/17/2024 8:00,"210,000"
10/18/2024 8:00,"200,000"
10/19/2024 8:00,"193,000"
10/20/2024 8:00,"184,000"
10/21/2024 8:00,"178,000"
10/22/2024 8:00,"172,000"
10/23/2024 8:00,"168,000"
10/24/2024 8:00,"165,000"
10/25/2024 8:00,"163,000"
10/26/2024 8:00,"161,000"
10/27/2024 8:00,"160,000"
10/28/2024 8:00,"159,000"
10/29/2024 8:00,"157,000"
10/30/2024 8:00,"150,000"
10/31/2024 8:00,"147,000"
11/1/2024 8:00,"146,000"
11/2/2024 8:00,"148,000"
11/3/2024 7:00,"149,000"
11/4/2024 7:00,"148,000"
11/5/2024 7:00,"149,000"
11/6/2024 7:00,"153,000"
11/7/2024 7:00,"161,000"
11/8/2024 7:00,"172,000"
11/9/2024 7:00,"197,000"
11/10/2024 7:00,"224,000"
11/11/2024 7:00,"253,000"
11/12/2024 7:00,"261,000"
11/13/2024 7:00,"276,000"
11/14/2024 7:00,"301,000"
11/15/2024 7:00,"328,000"
11/16/2024 7:00,"342,000"
11/17/2024 7:00,"355,000"
11/18/2024 7:00,"365,000"
11/19/2024 7:00,"375,000"
11/20/2024 7:00,"385,000"
11/21/2024 7:00,"385,000"
11/22/2024 7:00,"388,000"
11/23/2024 7:00,"382,000"
11/24/2024 7:00,"375,000"
11/25/2024 7:00,"367,000"
11/26/2024 7:00,"353,000"
11/27/2024 7:00,"340,000"
11/28/2024 7:00,"328,000"
11/29/2024 7:00,"318,000"
11/30/2024 7:00,"304,000"
12/1/2024 7:00,"284,000"
12/2/2024 7:00,"274,000"
12/3/2024 7:00,"272,000"
12/4/2024 7:00,"270,000"
12/5/2024 7:00,"266,000"
12/6/2024 7:00,"274,000"
12/7/2024 7:00,"277,000"
12/8/2024 7:00,"274,000"
12/9/2024 7:00,"268,000"
12/10/2024 7:00,"270,000"
12/11/2024 7:00,"268,000"
12/12/2024 7:00,"256,000"
12/13/2024 7:00,"242,000"
12/14/2024 7:00,"233,000"
12/15/2024 7:00,"224,000"
12/16/2024 7:00,"217,000"
12/17/2024 7:00,"216,000"
12/18/2024 7:00,"216,000"
12/19/2024 7:00,"226,000"
12/20/2024 7:00,"233,000"
12/21/2024 7:00,"262,000"
12/22/2024 7:00,"286,000"
12/23/2024 7:00,"310,000"
12/24/2024 7:00,"340,000"
12/25/2024 7:00,"374,000"
12/26/2024 7:00,"409,000"
12/27/2024 7:00,"434,000"
12/28/2024 7:00,"476,000"
12/29/2024 7:00,"528,000"
12/30/2024 7:00,"536,000"
12/31/2024 7:00,"530,000"
1/1/2025 7:00,"536,000"
1/2/2025 7:00,"536,000"
1/3/2025 7:00,"536,000"
1/4/2025 7:00,"530,000"
1/5/2025 7:00,"532,000"
1/6/2025 7:00,"530,000"
1/7/2025 7:00,"534,000"
1/8/2025 7:00,"535,000"
1/9/2025 7:00,"538,000"
1/10/2025 7:00,"540,000"
1/11/2025 7:00,"543,000"
1/12/2025 7:00,"560,000"
1/13/2025 7:00,"570,000"
1/14/2025 7:00,"570,000"
1/15/2025 7:00,"562,000"
1/16/2025 7:00,"544,000"
1/17/2025 7:00,"534,000"
1/18/2025 7:00,"518,000"
1/19/2025 7:00,"502,000"
1/20/2025 7:00,"473,000"
1/21/2025 7:00,"457,000"
1/22/2025 7:00,"434,000"
1/23/2025 7:00,"412,000"
1/24/2025 7:00,"391,000"
1/25/2025 7:00,"375,000"
1/26/2025 7:00,"367,000"
1/27/2025 7:00,"367,000"
1/28/2025 7:00,"383,000"
1/29/2025 7:00,"389,000"
1/30/2025 7:00,"389,000"
1/31/2025 7:00,"385,000"
2/1/2025 7:00,"392,000"
2/2/2025 7:00,"381,000"
2/3/2025 7:00,"381,000"
2/4/2025 7:00,"402,000"
2/5/2025 7:00,"420,000"
2/6/2025 7:00,"427,000"
2/7/2025 7:00,"440,000"
2/8/2025 7:00,"455,000"
2/9/2025 7:00,"478,000"
2/10/2025 7:00,"496,000"
2/11/2025 7:00,"516,000"
2/12/2025 7:00,"534,000"
2/13/2025 7:00,"580,000"
2/14/2025 7:00,"613,000"
2/15/2025 7:00,"682,000"
2/16/2025 7:00,"715,000"
2/17/2025 7:00,"725,000"
2/18/2025 7:00,"763,000"
2/19/2025 7:00,"784,000"
2/20/2025 7:00,"800,000"
2/21/2025 7:00,"820,000"
2/22/2025 7:00,"830,000"
2/23/2025 7:00,"857,000"
2/24/2025 7:00,"881,000"
2/25/2025 7:00,"904,000"
2/26/2025 7:00,"920,000"
2/27/2025 7:00,"935,000"
2/28/2025 7:00,"945,000"
3/1/2025 7:00,"951,000"
3/2/2025 7:00,"962,000"
3/3/2025 7:00,"962,000"
3/4/2025 7:00,"960,000"
3/5/2025 7:00,"962,000"
3/6/2025 7:00,"960,000"
3/7/2025 7:00,"953,000"
3/8/2025 7:00,"901,000"
3/9/2025 8:00,"887,000"
3/10/2025 8:00,"866,000"
3/11/2025 8:00,"844,000"
3/12/2025 8:00,"810,000"
3/13/2025 8:00,"783,000"
3/14/2025 8:00,"752,000"
3/15/2025 8:00,"718,000"
3/16/2025 8:00,"690,000"
3/17/2025 8:00,"672,000"
3/18/2025 8:00,"650,000"
3/19/2025 8:00,"632,000"
3/20/2025 8:00,"615,000"
3/21/2025 8:00,"590,000"
3/22/2025 8:00,"576,000"
3/23/2025 8:00,"574,000"
3/24/2025 8:00,"582,000"
3/25/2025 8:00,"605,000"
3/26/2025 8:00,"625,000"
3/27/2025 8:00,"636,000"
3/28/2025 8:00,"640,000"
3/29/2025 8:00,"640,000"
3/30/2025 8:00,"633,000"
3/31/2025 8:00,"615,000"
4/1/2025 8:00,"597,000"
4/2/2025 8:00,"575,000"
4/3/2025 8:00,"547,000"
4/4/2025 8:00,"526,000"
4/5/2025 8:00,"508,000"
4/6/2025 8:00,"506,000"
4/7/2025 8:00,"557,000"
4/8/2025 8:00,"606,000"
4/9/2025 8:00,"677,000"
4/10/2025 8:00,"743,000"
4/11/2025 8:00,"795,000"
4/12/2025 8:00,"833,000"
4/13/2025 8:00,"877,000"
4/14/2025 8:00,"912,000"
4/15/2025 8:00,"950,000"
4/16/2025 8:00,"982,000"
4/17/2025 8:00,"1,013,000"
4/18/2025 8:00,"1,040,000"
4/19/2025 8:00,"1,062,000"
4/20/2025 8:00,"1,081,000"
4/21/2025 8:00,"1,107,000"
4/22/2025 8:00,"1,130,000"
4/23/2025 8:00,"1,153,000"
4/24/2025 8:00,"1,170,000"
4/25/2025 8:00,"1,195,000"
4/26/2025 8:00,"1,223,000"
4/27/2025 8:00,"1,232,000"
4/28/2025 8:00,"1,240,000"
4/29/2025 8:00,"1,245,000"
4/30/2025 8:00,"1,245,000"
5/1/2025 8:00,"1,245,000"
5/2/2025 8:00,"1,236,000"
5/3/2025 8:00,"1,230,000"
5/4/2025 8:00,"1,220,000"
5/5/2025 8:00,"1,195,000"
5/6/2025 8:00,"1,170,000"
5/7/2025 8:00,"1,075,000"
5/8/2025 8:00,"1,072,000"
5/9/2025 8:00,"1,040,000"
5/10/2025 8:00,"1,027,000"
5/11/2025 8:00,"1,005,000"
5/12/2025 8:00,"983,000"
5/13/2025 8:00,"964,000"
5/14/2025 8:00,"947,000"
5/15/2025 8:00,"937,000"
5/16/2025 8:00,"929,000"
5/17/2025 8:00,"923,000"
5/18/2025 8:00,"915,000"
5/19/2025 8:00,"912,000"
5/20/2025 8:00,"902,000"
5/21/2025 8:00,"877,000"
5/22/2025 8:00,"864,000"
5/23/2025 8:00,"851,000"
5/24/2025 8:00,"838,000"
5/25/2025 8:00,"825,000"
5/26/2025 8:00,"819,000"
5/27/2025 8:00,"817,000"
5/28/2025 8:00,"819,000"
5/29/2025 8:00,"819,000"
5/30/2025 8:00,"819,000"
5/31/2025 8:00,"820,000"
6/1/2025 8:00,"820,000"
6/2/2025 8:00,"819,000"
6/3/2025 8:00,"819,000"
6/4/2025 8:00,"817,000"
6/5/2025 8:00,"807,000"
6/6/2025 8:00,"797,000"
6/7/2025 8:00,"789,000"
6/8/2025 8:00,"773,000"
6/9/2025 8:00,"757,000"
6/10/2025 8:00,"745,000"
6/11/2025 8:00,"737,000"
6/12/2025 8:00,"737,000"
6/13/2025 8:00,"737,000"
6/14/2025 8:00,"742,000"
6/15/2025 8:00,"748,000"
6/16/2025 8:00,"760,000"
6/17/2025 8:00,"766,000"
6/18/2025 8:00,"773,000"
6/19/2025 8:00,"781,000"
6/20/2025 8:00,"782,000"
6/21/2025 8:00,"787,000"
6/22/2025 8:00,"790,000"
6/23/2025 8:00,"790,000"
6/24/2025 8:00,"790,000"
6/25/2025 8:00,"790,000"
6/26/2025 8:00,"797,000"
6/27/2025 8:00,"795,000"
6/28/2025 8:00,"790,000"
6/29/2025 8:00,"790,000"
6/30/2025 8:00,"795,000"
7/1/2025 8:00,"790,000"
7/2/2025 8:00,"786,000"
7/3/2025 8:00,"778,000"
7/4/2025 8:00,"762,000"
7/5/2025 8:00,"750,000"
7/6/2025 8:00,"742,000"
7/7/2025 8:00,"710,000"
7/8/2025 8:00,"690,000"
7/9/2025 8:00,"670,000"
7/10/2025 8:00,"655,000"
7/11/2025 8:00,"643,000"
7/12/2025 8:00,"627,000"
7/13/2025 8:00,"615,000"
7/14/2025 8:00,"600,000"
7/15/2025 8:00,"585,000"
7/16/2025 8:00,"563,000"
7/17/2025 8:00,"543,000"
7/18/2025 8:00,"526,000"
7/19/2025 8:00,"510,000"
7/20/2025 8:00,"486,000"
7/21/2025 8:00,"465,000"
7/22/2025 8:00,"454,000"
7/23/2025 8:00,"445,000"
7/24/2025 8:00,"435,000"
7/25/2025 8:00,"432,000"
7/26/2025 8:00,"435,000"
7/27/2025 8:00,"450,000"
7/28/2025 8:00,"445,000"
7/29/2025 8:00,"447,000"
7/30/2025 8:00,"457,000"
7/31/2025 8:00,"457,000"
8/1/2025 8:00,"475,000"
8/2/2025 8:00,"486,000"
8/3/2025 8:00,"475,000"
8/4/2025 8:00,"461,000"
8/5/2025 8:00,"459,000"
8/6/2025 8:00,"457,000"
8/7/2025 8:00,"461,000"
8/8/2025 8:00,"457,000"
8/9/2025 8:00,"449,000"
8/10/2025 8:00,"441,000"
8/11/2025 8:00,"433,000"
8/12/2025 8:00,"422,000"
8/13/2025 8:00,"408,000"
8/14/2025 8:00,"397,000"
8/15/2025 8:00,"390,000"
8/16/2025 8:00,"383,000"
8/17/2025 8:00,"370,000"
8/18/2025 8:00,"363,000"
8/19/2025 8:00,"352,000"
8/20/2025 8:00,"339,000"
8/21/2025 8:00,"335,000"
8/22/2025 8:00,"337,000"
8/23/2025 8:00,"333,000"
8/24/2025 8:00,"331,000"
8/25/2025 8:00,"324,000"
8/26/2025 8:00,"317,000"
8/27/2025 8:00,"311,000"
8/28/2025 8:00,"305,000"
8/29/2025 8:00,"300,000"
8/30/2025 8:00,"309,000"
8/31/2025 8:00,"311,000"
9/1/2025 8:00,"304,000"
US Army Corps of Engineers - New Orleans District - Water Control Center - Contact Us ,
,
