Etgrid,1,2
20250101,1.91,0
20250102,1.91,0
20250103,1.91,0
20250104,1.92,0
20250105,1.93,0
20250106,1.93,0
20250107,1.93,0
20250108,1.95,0
20250109,1.95,0
20250110,1.96,0
20250111,1.97,0
20250112,1.98,0
20250113,1.98,0
20250114,2.00,0
20250115,2.00,0
20250116,2.01,0
20250117,2.03,0
20250118,2.04,0
20250119,2.05,0
20250120,2.06,0
20250121,2.07,0
20250122,2.08,0
20250123,2.10,0
20250124,2.11,0
20250125,2.13,0
20250126,2.14,0
20250127,2.15,0
20250128,2.17,0
20250129,2.18,0
20250130,2.19,0
20250131,2.21,0
20250201,2.16,0
20250202,2.18,0
20250203,2.20,0
20250204,2.21,0
20250205,2.23,0
20250206,2.25,0
20250207,2.27,0
20250208,2.28,0
20250209,2.30,0
20250210,2.32,0
20250211,2.33,0
20250212,2.35,0
20250213,2.37,0
20250214,2.39,0
20250215,2.41,0
20250216,2.43,0
20250217,2.45,0
20250218,2.47,0
20250219,2.48,0
20250220,2.50,0
20250221,2.53,0
20250222,2.55,0
20250223,2.56,0
20250224,2.59,0
20250225,2.62,0
20250226,2.63,0
20250227,2.65,0
20250228,2.67,0
20250301,2.74,0
20250302,2.78,0
20250303,2.81,0
20250304,2.82,0
20250305,2.85,0
20250306,2.87,0
20250307,2.89,0
20250308,2.91,0
20250309,2.93,0
20250310,2.96,0
20250311,2.98,0
20250312,3.00,0
20250313,3.03,0
20250314,3.04,0
20250315,3.06,0
20250316,3.09,0
20250317,3.10,0
20250318,3.13,0
20250319,3.16,0
20250320,3.18,0
20250321,3.19,0
20250322,3.21,0
20250323,3.24,0
20250324,3.26,0
20250325,3.28,0
20250326,3.29,0
20250327,3.31,0
20250328,3.34,0
20250329,3.36,0
20250330,3.38,0
20250331,3.40,0
20250401,3.42,0
20250402,3.47,0
20250403,3.49,0
20250404,3.51,0
20250405,3.54,0
20250406,3.55,0
20250407,3.57,0
20250408,3.58,0
20250409,3.60,0
20250410,3.62,0
20250411,3.64,0
20250412,3.65,0
20250413,3.67,0
20250414,3.68,0
20250415,3.69,0
20250416,3.71,0
20250417,3.73,0
20250418,3.75,0
20250419,3.76,0
20250420,3.78,0
20250421,3.80,0
20250422,3.82,0
20250423,3.83,0
20250424,3.84,0
20250425,3.86,0
20250426,3.87,0
20250427,3.89,0
20250428,3.90,0
20250429,3.91,0
20250430,3.93,0
20250501,3.85,0
20250502,3.88,0
20250503,3.89,0
20250504,3.91,0
20250505,3.93,0
20250506,3.93,0
20250507,3.94,0
20250508,3.97,0
20250509,3.98,0
20250510,3.98,0
20250511,3.99,0
20250512,4.02,0
20250513,4.02,0
20250514,4.03,0
20250515,4.05,0
20250516,4.07,0
20250517,4.07,0
20250518,4.09,0
20250519,4.09,0
20250520,4.09,0
20250521,4.11,0
20250522,4.11,0
20250523,4.12,0
20250524,4.13,0
20250525,4.14,0
20250526,4.16,0
20250527,4.15,0
20250528,4.17,0
20250529,4.18,0
20250530,4.19,0
20250531,4.18,0
20250601,4.19,0
20250602,4.21,0
20250603,4.20,0
20250604,4.23,0
20250605,4.23,0
20250606,4.23,0
20250607,4.23,0
20250608,4.24,0
20250609,4.25,0
20250610,4.25,0
20250611,4.25,0
20250612,4.26,0
20250613,4.26,0
20250614,4.27,0
20250615,4.26,0
20250616,4.26,0
20250617,4.27,0
20250618,4.27,0
20250619,4.28,0
20250620,4.28,0
20250621,4.28,0
20250622,4.29,0
20250623,4.28,0
20250624,4.29,0
20250625,4.30,0
20250626,4.30,0
20250627,4.30,0
20250628,4.30,0
20250629,4.30,0
20250630,4.30,0
20250701,4.35,0
20250702,4.35,0
20250703,4.34,0
20250704,4.35,0
20250705,4.35,0
20250706,4.36,0
20250707,4.35,0
20250708,4.34,0
20250709,4.36,0
20250710,4.36,0
20250711,4.34,0
20250712,4.35,0
20250713,4.36,0
20250714,4.35,0
20250715,4.35,0
20250716,4.35,0
20250717,4.35,0
20250718,4.36,0
20250719,4.34,0
20250720,4.34,0
20250721,4.34,0
20250722,4.35,0
20250723,4.33,0
20250724,4.32,0
20250725,4.32,0
20250726,4.33,0
20250727,4.33,0
20250728,4.32,0
20250729,4.30,0
20250730,4.32,0
20250731,4.31,0
20250801,4.27,0
20250802,4.27,0
20250803,4.26,0
20250804,4.26,0
20250805,4.25,0
20250806,4.24,0
20250807,4.24,0
20250808,4.23,0
20250809,4.22,0
20250810,4.21,0
20250811,4.21,0
20250812,4.20,0
20250813,4.19,0
20250814,4.18,0
20250815,4.17,0
20250816,4.16,0
20250817,4.15,0
20250818,4.14,0
20250819,4.13,0
20250820,4.11,0
20250821,4.10,0
20250822,4.09,0
20250823,4.08,0
20250824,4.06,0
20250825,4.05,0
20250826,4.04,0
20250827,4.02,0
20250828,4.01,0
20250829,3.99,0
20250830,3.98,0
20250831,3.96,0
20250901,3.94,0
20250902,3.91,0
20250903,3.90,0
20250904,3.88,0
20250905,3.87,0
20250906,3.84,0
20250907,3.82,0
20250908,3.81,0
20250909,3.80,0
20250910,3.77,0
20250911,3.76,0
20250912,3.74,0
20250913,3.72,0
20250914,3.71,0
20250915,3.67,0
20250916,3.66,0
20250917,3.64,0
20250918,3.62,0
20250919,3.60,0
20250920,3.59,0
20250921,3.57,0
20250922,3.55,0
20250923,3.53,0
20250924,3.51,0
20250925,3.49,0
20250926,3.47,0
20250927,3.46,0
20250928,3.44,0
20250929,3.43,0
20250930,3.41,0
20251001,3.39,0
20251002,3.37,0
20251003,3.35,0
20251004,3.33,0
20251005,3.31,0
20251006,3.30,0
20251007,3.27,0
20251008,3.26,0
20251009,3.24,0
20251010,3.23,0
20251011,3.21,0
20251012,3.18,0
20251013,3.18,0
20251014,3.16,0
20251015,3.14,0
20251016,3.12,0
20251017,3.10,0
20251018,3.08,0
20251019,3.05,0
20251020,3.04,0
20251021,3.03,0
20251022,3.00,0
20251023,2.98,0
20251024,2.96,0
20251025,2.94,0
20251026,2.92,0
20251027,2.90,0
20251028,2.87,0
20251029,2.86,0
20251030,2.83,0
20251031,2.81,0
20251101,2.87,0
20251102,2.83,0
20251103,2.81,0
20251104,2.78,0
20251105,2.76,0
20251106,2.74,0
20251107,2.72,0
20251108,2.69,0
20251109,2.67,0
20251110,2.64,0
20251111,2.62,0
20251112,2.60,0
20251113,2.58,0
20251114,2.55,0
20251115,2.53,0
20251116,2.50,0
20251117,2.48,0
20251118,2.46,0
20251119,2.44,0
20251120,2.41,0
20251121,2.39,0
20251122,2.37,0
20251123,2.35,0
20251124,2.32,0
20251125,2.30,0
20251126,2.29,0
20251127,2.26,0
20251128,2.24,0
20251129,2.22,0
20251130,2.21,0
20251201,2.12,0
20251202,2.08,0
20251203,2.07,0
20251204,2.05,0
20251205,2.04,0
20251206,2.02,0
20251207,2.01,0
20251208,2.00,0
20251209,1.98,0
20251210,1.97,0
20251211,1.96,0
20251212,1.95,0
20251213,1.94,0
20251214,1.92,0
20251215,1.91,0
20251216,1.91,0
20251217,1.90,0
20251218,1.89,0
20251219,1.88,0
20251220,1.88,0
20251221,1.88,0
20251222,1.87,0
20251223,1.87,0
20251224,1.87,0
20251225,1.86,0
20251226,1.86,0
20251227,1.86,0
20251228,1.86,0
20251229,1.86,0
20251230,1.86,0
20251231,1.86,0
20260101,1.93,0
20260102,1.93,0
20260103,1.93,0
20260104,1.94,0
20260105,1.95,0
20260106,1.95,0
20260107,1.95,0
20260108,1.97,0
20260109,1.97,0
20260110,1.98,0
20260111,1.99,0
20260112,2.00,0
20260113,2.00,0
20260114,2.02,0
20260115,2.02,0
20260116,2.03,0
20260117,2.05,0
20260118,2.06,0
20260119,2.07,0
20260120,2.08,0
20260121,2.10,0
20260122,2.10,0
20260123,2.12,0
20260124,2.13,0
20260125,2.15,0
20260126,2.16,0
20260127,2.18,0
20260128,2.19,0
20260129,2.21,0
20260130,2.22,0
20260131,2.24,0
20260201,2.13,0
20260202,2.16,0
20260203,2.17,0
20260204,2.18,0
20260205,2.21,0
20260206,2.22,0
20260207,2.24,0
20260208,2.25,0
20260209,2.27,0
20260210,2.29,0
20260211,2.30,0
20260212,2.32,0
20260213,2.34,0
20260214,2.36,0
20260215,2.38,0
20260216,2.40,0
20260217,2.42,0
20260218,2.44,0
20260219,2.45,0
20260220,2.47,0
20260221,2.49,0
20260222,2.52,0
20260223,2.53,0
20260224,2.56,0
20260225,2.58,0
20260226,2.60,0
20260227,2.61,0
20260228,2.64,0
20260301,2.71,0
20260302,2.75,0
20260303,2.77,0
20260304,2.79,0
20260305,2.81,0
20260306,2.84,0
20260307,2.86,0
20260308,2.88,0
20260309,2.90,0
20260310,2.92,0
20260311,2.94,0
20260312,2.97,0
20260313,2.99,0
20260314,3.01,0
20260315,3.03,0
20260316,3.05,0
20260317,3.07,0
20260318,3.10,0
20260319,3.12,0
20260320,3.14,0
20260321,3.16,0
20260322,3.18,0
20260323,3.20,0
20260324,3.22,0
20260325,3.25,0
20260326,3.25,0
20260327,3.28,0
20260328,3.30,0
20260329,3.32,0
20260330,3.34,0
20260331,3.36,0
20260401,3.39,0
20260402,3.44,0
20260403,3.45,0
20260404,3.47,0
20260405,3.51,0
20260406,3.51,0
20260407,3.53,0
20260408,3.55,0
20260409,3.57,0
20260410,3.59,0
20260411,3.60,0
20260412,3.61,0
20260413,3.64,0
20260414,3.65,0
20260415,3.65,0
20260416,3.67,0
20260417,3.69,0
20260418,3.71,0
20260419,3.72,0
20260420,3.74,0
20260421,3.76,0
20260422,3.79,0
20260423,3.79,0
20260424,3.80,0
20260425,3.82,0
20260426,3.84,0
20260427,3.85,0
20260428,3.87,0
20260429,3.87,0
20260430,3.90,0
20260501,3.90,0
20260502,3.93,0
20260503,3.94,0
20260504,3.96,0
20260505,3.98,0
20260506,3.99,0
20260507,3.99,0
20260508,4.02,0
20260509,4.03,0
20260510,4.04,0
20260511,4.04,0
20260512,4.07,0
20260513,4.08,0
20260514,4.08,0
20260515,4.10,0
20260516,4.12,0
20260517,4.12,0
20260518,4.14,0
20260519,4.14,0
20260520,4.14,0
20260521,4.16,0
20260522,4.16,0
20260523,4.18,0
20260524,4.18,0
20260525,4.19,0
20260526,4.21,0
20260527,4.21,0
20260528,4.22,0
20260529,4.23,0
20260530,4.25,0
20260531,4.23,0
20260601,4.19,0
20260602,4.21,0
20260603,4.20,0
20260604,4.23,0
20260605,4.22,0
20260606,4.23,0
20260607,4.23,0
20260608,4.23,0
20260609,4.24,0
20260610,4.25,0
20260611,4.24,0
20260612,4.25,0
20260613,4.26,0
20260614,4.26,0
20260615,4.25,0
20260616,4.26,0
20260617,4.27,0
20260618,4.27,0
20260619,4.28,0
20260620,4.28,0
20260621,4.28,0
20260622,4.29,0
20260623,4.27,0
20260624,4.29,0
20260625,4.29,0
20260626,4.29,0
20260627,4.30,0
20260628,4.30,0
20260629,4.30,0
20260630,4.30,0
20260701,4.33,0
20260702,4.32,0
20260703,4.32,0
20260704,4.33,0
20260705,4.32,0
20260706,4.34,0
20260707,4.32,0
20260708,4.32,0
20260709,4.33,0
20260710,4.34,0
20260711,4.32,0
20260712,4.33,0
20260713,4.33,0
20260714,4.33,0
20260715,4.33,0
20260716,4.32,0
20260717,4.32,0
20260718,4.34,0
20260719,4.32,0
20260720,4.32,0
20260721,4.31,0
20260722,4.32,0
20260723,4.30,0
20260724,4.30,0
20260725,4.30,0
20260726,4.31,0
20260727,4.31,0
20260728,4.30,0
20260729,4.28,0
20260730,4.29,0
20260731,4.29,0
20260801,4.29,0
20260802,4.29,0
20260803,4.28,0
20260804,4.27,0
20260805,4.27,0
20260806,4.26,0
20260807,4.25,0
20260808,4.24,0
20260809,4.24,0
20260810,4.23,0
20260811,4.22,0
20260812,4.21,0
20260813,4.21,0
20260814,4.19,0
20260815,4.18,0
20260816,4.18,0
20260817,4.16,0
20260818,4.15,0
20260819,4.14,0
20260820,4.13,0
20260821,4.12,0
20260822,4.10,0
20260823,4.09,0
20260824,4.08,0
20260825,4.06,0
20260826,4.05,0
20260827,4.04,0
20260828,4.02,0
20260829,4.01,0
20260830,3.99,0
20260831,3.98,0
20260901,3.96,0
20260902,3.93,0
20260903,3.92,0
20260904,3.90,0
20260905,3.89,0
20260906,3.86,0
20260907,3.84,0
20260908,3.82,0
20260909,3.82,0
20260910,3.78,0
20260911,3.78,0
20260912,3.76,0
20260913,3.74,0
20260914,3.73,0
20260915,3.69,0
20260916,3.67,0
20260917,3.66,0
20260918,3.64,0
20260919,3.61,0
20260920,3.60,0
20260921,3.59,0
20260922,3.57,0
20260923,3.54,0
20260924,3.53,0
20260925,3.50,0
20260926,3.49,0
20260927,3.48,0
20260928,3.46,0
20260929,3.45,0
20260930,3.43,0
20261001,3.43,0
20261002,3.40,0
20261003,3.39,0
20261004,3.37,0
20261005,3.35,0
20261006,3.34,0
20261007,3.31,0
20261008,3.30,0
20261009,3.28,0
20261010,3.27,0
20261011,3.25,0
20261012,3.22,0
20261013,3.22,0
20261014,3.19,0
20261015,3.17,0
20261016,3.16,0
20261017,3.14,0
20261018,3.11,0
20261019,3.09,0
20261020,3.08,0
20261021,3.06,0
20261022,3.04,0
20261023,3.02,0
20261024,3.00,0
20261025,2.98,0
20261026,2.95,0
20261027,2.93,0
20261028,2.91,0
20261029,2.90,0
20261030,2.87,0
20261031,2.85,0
20261101,2.82,0
20261102,2.78,0
20261103,2.76,0
20261104,2.73,0
20261105,2.71,0
20261106,2.69,0
20261107,2.67,0
20261108,2.65,0
20261109,2.62,0
20261110,2.59,0
20261111,2.58,0
20261112,2.55,0
20261113,2.53,0
20261114,2.50,0
20261115,2.48,0
20261116,2.45,0
20261117,2.44,0
20261118,2.41,0
20261119,2.39,0
20261120,2.36,0
20261121,2.35,0
20261122,2.32,0
20261123,2.31,0
20261124,2.28,0
20261125,2.26,0
20261126,2.24,0
20261127,2.22,0
20261128,2.20,0
20261129,2.18,0
20261130,2.16,0
20261201,2.15,0
20261202,2.11,0
20261203,2.10,0
20261204,2.08,0
20261205,2.07,0
20261206,2.05,0
20261207,2.03,0
20261208,2.03,0
20261209,2.01,0
20261210,2.00,0
20261211,1.99,0
20261212,1.97,0
20261213,1.96,0
20261214,1.95,0
20261215,1.94,0
20261216,1.93,0
20261217,1.93,0
20261218,1.92,0
20261219,1.91,0
20261220,1.91,0
20261221,1.91,0
20261222,1.90,0
20261223,1.89,0
20261224,1.90,0
20261225,1.89,0
20261226,1.89,0
20261227,1.88,0
20261228,1.89,0
20261229,1.89,0
20261230,1.89,0
20261231,1.89,0
20270101,1.89,0
20270102,1.89,0
20270103,1.89,0
20270104,1.90,0
20270105,1.90,0
20270106,1.91,0
20270107,1.91,0
20270108,1.92,0
20270109,1.93,0
20270110,1.94,0
20270111,1.94,0
20270112,1.95,0
20270113,1.96,0
20270114,1.97,0
20270115,1.98,0
20270116,1.99,0
20270117,2.00,0
20270118,2.02,0
20270119,2.03,0
20270120,2.03,0
20270121,2.05,0
20270122,2.06,0
20270123,2.07,0
20270124,2.09,0
20270125,2.10,0
20270126,2.12,0
20270127,2.13,0
20270128,2.15,0
20270129,2.16,0
20270130,2.17,0
20270131,2.19,0
20270201,2.20,0
20270202,2.22,0
20270203,2.24,0
20270204,2.25,0
20270205,2.28,0
20270206,2.29,0
20270207,2.31,0
20270208,2.32,0
20270209,2.34,0
20270210,2.36,0
20270211,2.37,0
20270212,2.39,0
20270213,2.42,0
20270214,2.43,0
20270215,2.45,0
20270216,2.47,0
20270217,2.49,0
20270218,2.52,0
20270219,2.52,0
20270220,2.55,0
20270221,2.57,0
20270222,2.59,0
20270223,2.61,0
20270224,2.63,0
20270225,2.66,0
20270226,2.68,0
20270227,2.69,0
20270228,2.72,0
20270301,2.71,0
20270302,2.75,0
20270303,2.78,0
20270304,2.79,0
20270305,2.81,0
20270306,2.84,0
20270307,2.86,0
20270308,2.88,0
20270309,2.90,0
20270310,2.93,0
20270311,2.95,0
20270312,2.97,0
20270313,2.99,0
20270314,3.01,0
20270315,3.03,0
20270316,3.06,0
20270317,3.07,0
20270318,3.10,0
20270319,3.12,0
20270320,3.15,0
20270321,3.16,0
20270322,3.18,0
20270323,3.20,0
20270324,3.23,0
20270325,3.25,0
20270326,3.26,0
20270327,3.28,0
20270328,3.30,0
20270329,3.32,0
20270330,3.34,0
20270331,3.37,0
20270401,3.45,0
20270402,3.50,0
20270403,3.51,0
20270404,3.54,0
20270405,3.57,0
20270406,3.58,0
20270407,3.60,0
20270408,3.61,0
20270409,3.63,0
20270410,3.65,0
20270411,3.67,0
20270412,3.68,0
20270413,3.70,0
20270414,3.71,0
20270415,3.72,0
20270416,3.74,0
20270417,3.76,0
20270418,3.78,0
20270419,3.79,0
20270420,3.81,0
20270421,3.83,0
20270422,3.85,0
20270423,3.86,0
20270424,3.87,0
20270425,3.88,0
20270426,3.90,0
20270427,3.92,0
20270428,3.93,0
20270429,3.94,0
20270430,3.96,0
20270501,3.90,0
20270502,3.93,0
20270503,3.94,0
20270504,3.96,0
20270505,3.98,0
20270506,3.99,0
20270507,3.99,0
20270508,4.02,0
20270509,4.03,0
20270510,4.04,0
20270511,4.04,0
20270512,4.07,0
20270513,4.08,0
20270514,4.08,0
20270515,4.10,0
20270516,4.12,0
20270517,4.12,0
20270518,4.14,0
20270519,4.14,0
20270520,4.14,0
20270521,4.16,0
20270522,4.16,0
20270523,4.18,0
20270524,4.18,0
20270525,4.19,0
20270526,4.21,0
20270527,4.21,0
20270528,4.22,0
20270529,4.23,0
20270530,4.25,0
20270531,4.23,0
20270601,4.22,0
20270602,4.24,0
20270603,4.23,0
20270604,4.26,0
20270605,4.26,0
20270606,4.26,0
20270607,4.26,0
20270608,4.27,0
20270609,4.28,0
20270610,4.28,0
20270611,4.27,0
20270612,4.29,0
20270613,4.29,0
20270614,4.30,0
20270615,4.29,0
20270616,4.29,0
20270617,4.30,0
20270618,4.30,0
20270619,4.31,0
20270620,4.31,0
20270621,4.31,0
20270622,4.32,0
20270623,4.31,0
20270624,4.32,0
20270625,4.33,0
20270626,4.33,0
20270627,4.33,0
20270628,4.33,0
20270629,4.33,0
20270630,4.33,0
20270701,4.38,0
20270702,4.37,0
20270703,4.37,0
20270704,4.38,0
20270705,4.37,0
20270706,4.39,0
20270707,4.37,0
20270708,4.37,0
20270709,4.38,0
20270710,4.39,0
20270711,4.37,0
20270712,4.38,0
20270713,4.38,0
20270714,4.38,0
20270715,4.38,0
20270716,4.37,0
20270717,4.37,0
20270718,4.39,0
20270719,4.37,0
20270720,4.37,0
20270721,4.36,0
20270722,4.37,0
20270723,4.35,0
20270724,4.35,0
20270725,4.35,0
20270726,4.36,0
20270727,4.36,0
20270728,4.35,0
20270729,4.33,0
20270730,4.34,0
20270731,4.34,0
20270801,4.28,0
20270802,4.27,0
20270803,4.27,0
20270804,4.26,0
20270805,4.26,0
20270806,4.25,0
20270807,4.24,0
20270808,4.23,0
20270809,4.23,0
20270810,4.22,0
20270811,4.21,0
20270812,4.20,0
20270813,4.20,0
20270814,4.18,0
20270815,4.17,0
20270816,4.16,0
20270817,4.15,0
20270818,4.14,0
20270819,4.13,0
20270820,4.12,0
20270821,4.11,0
20270822,4.09,0
20270823,4.08,0
20270824,4.07,0
20270825,4.05,0
20270826,4.04,0
20270827,4.03,0
20270828,4.01,0
20270829,4.00,0
20270830,3.98,0
20270831,3.97,0
20270901,3.95,0
20270902,3.93,0
20270903,3.91,0
20270904,3.89,0
20270905,3.88,0
20270906,3.85,0
20270907,3.84,0
20270908,3.82,0
20270909,3.81,0
20270910,3.78,0
20270911,3.77,0
20270912,3.75,0
20270913,3.73,0
20270914,3.72,0
20270915,3.69,0
20270916,3.67,0
20270917,3.66,0
20270918,3.63,0
20270919,3.61,0
20270920,3.60,0
20270921,3.59,0
20270922,3.56,0
20270923,3.54,0
20270924,3.53,0
20270925,3.50,0
20270926,3.48,0
20270927,3.47,0
20270928,3.45,0
20270929,3.44,0
20270930,3.42,0
20271001,3.44,0
20271002,3.42,0
20271003,3.40,0
20271004,3.38,0
20271005,3.36,0
20271006,3.35,0
20271007,3.32,0
20271008,3.31,0
20271009,3.29,0
20271010,3.28,0
20271011,3.26,0
20271012,3.23,0
20271013,3.23,0
20271014,3.20,0
20271015,3.18,0
20271016,3.17,0
20271017,3.15,0
20271018,3.12,0
20271019,3.10,0
20271020,3.09,0
20271021,3.07,0
20271022,3.05,0
20271023,3.03,0
20271024,3.01,0
20271025,2.99,0
20271026,2.97,0
20271027,2.94,0
20271028,2.92,0
20271029,2.91,0
20271030,2.88,0
20271031,2.86,0
20271101,2.79,0
20271102,2.76,0
20271103,2.74,0
20271104,2.70,0
20271105,2.68,0
20271106,2.66,0
20271107,2.64,0
20271108,2.62,0
20271109,2.59,0
20271110,2.57,0
20271111,2.55,0
20271112,2.52,0
20271113,2.50,0
20271114,2.48,0
20271115,2.45,0
20271116,2.43,0
20271117,2.41,0
20271118,2.39,0
20271119,2.37,0
20271120,2.34,0
20271121,2.32,0
20271122,2.30,0
20271123,2.28,0
20271124,2.25,0
20271125,2.23,0
20271126,2.22,0
20271127,2.19,0
20271128,2.18,0
20271129,2.15,0
20271130,2.14,0
20271201,2.17,0
20271202,2.13,0
20271203,2.11,0
20271204,2.09,0
20271205,2.08,0
20271206,2.07,0
20271207,2.05,0
20271208,2.04,0
20271209,2.02,0
20271210,2.01,0
20271211,2.00,0
20271212,1.99,0
20271213,1.98,0
20271214,1.97,0
20271215,1.95,0
20271216,1.95,0
20271217,1.94,0
20271218,1.93,0
20271219,1.92,0
20271220,1.92,0
20271221,1.92,0
20271222,1.91,0
20271223,1.91,0
20271224,1.91,0
20271225,1.90,0
20271226,1.90,0
20271227,1.90,0
20271228,1.90,0
20271229,1.90,0
20271230,1.90,0
20271231,1.90,0
20280101,1.90,0
20280102,1.91,0
20280103,1.91,0
20280104,1.91,0
20280105,1.92,0
20280106,1.92,0
20280107,1.93,0
20280108,1.94,0
20280109,1.94,0
20280110,1.95,0
20280111,1.96,0
20280112,1.97,0
20280113,1.97,0
20280114,1.99,0
20280115,1.99,0
20280116,2.00,0
20280117,2.02,0
20280118,2.03,0
20280119,2.04,0
20280120,2.05,0
20280121,2.07,0
20280122,2.07,0
20280123,2.09,0
20280124,2.10,0
20280125,2.12,0
20280126,2.13,0
20280127,2.15,0
20280128,2.16,0
20280129,2.18,0
20280130,2.19,0
20280131,2.20,0
20280201,2.12,0
20280202,2.14,0
20280203,2.15,0
20280204,2.16,0
20280205,2.19,0
20280206,2.20,0
20280207,2.22,0
20280208,2.24,0
20280209,2.26,0
20280210,2.28,0
20280211,2.29,0
20280212,2.31,0
20280213,2.33,0
20280214,2.34,0
20280215,2.37,0
20280216,2.38,0
20280217,2.40,0
20280218,2.42,0
20280219,2.43,0
20280220,2.46,0
20280221,2.48,0
20280222,2.50,0
20280223,2.52,0
20280224,2.54,0
20280225,2.57,0
20280226,2.58,0
20280227,2.60,0
20280228,2.62,0
20280229,2.64,0
20280301,2.75,0
20280302,2.78,0
20280303,2.79,0
20280304,2.82,0
20280305,2.84,0
20280306,2.87,0
20280307,2.88,0
20280308,2.90,0
20280309,2.93,0
20280310,2.95,0
20280311,2.97,0
20280312,3.00,0
20280313,3.01,0
20280314,3.03,0
20280315,3.06,0
20280316,3.07,0
20280317,3.10,0
20280318,3.13,0
20280319,3.15,0
20280320,3.16,0
20280321,3.18,0
20280322,3.20,0
20280323,3.23,0
20280324,3.25,0
20280325,3.26,0
20280326,3.28,0
20280327,3.31,0
20280328,3.32,0
20280329,3.35,0
20280330,3.37,0
20280331,3.38,0
20280401,3.42,0
20280402,3.43,0
20280403,3.46,0
20280404,3.49,0
20280405,3.50,0
20280406,3.52,0
20280407,3.53,0
20280408,3.55,0
20280409,3.57,0
20280410,3.59,0
20280411,3.60,0
20280412,3.62,0
20280413,3.63,0
20280414,3.64,0
20280415,3.66,0
20280416,3.68,0
20280417,3.70,0
20280418,3.71,0
20280419,3.73,0
20280420,3.74,0
20280421,3.77,0
20280422,3.78,0
20280423,3.78,0
20280424,3.80,0
20280425,3.82,0
20280426,3.83,0
20280427,3.85,0
20280428,3.86,0
20280429,3.88,0
20280430,3.89,0
20280501,3.90,0
20280502,3.91,0
20280503,3.93,0
20280504,3.95,0
20280505,3.95,0
20280506,3.96,0
20280507,3.99,0
20280508,4.00,0
20280509,4.01,0
20280510,4.01,0
20280511,4.04,0
20280512,4.04,0
20280513,4.05,0
20280514,4.07,0
20280515,4.09,0
20280516,4.09,0
20280517,4.11,0
20280518,4.11,0
20280519,4.11,0
20280520,4.13,0
20280521,4.13,0
20280522,4.14,0
20280523,4.15,0
20280524,4.16,0
20280525,4.18,0
20280526,4.18,0
20280527,4.19,0
20280528,4.20,0
20280529,4.22,0
20280530,4.20,0
20280531,4.21,0
20280601,4.26,0
20280602,4.25,0
20280603,4.28,0
20280604,4.27,0
20280605,4.28,0
20280606,4.28,0
20280607,4.28,0
20280608,4.30,0
20280609,4.30,0
20280610,4.29,0
20280611,4.30,0
20280612,4.31,0
20280613,4.32,0
20280614,4.31,0
20280615,4.31,0
20280616,4.32,0
20280617,4.32,0
20280618,4.33,0
20280619,4.33,0
20280620,4.33,0
20280621,4.34,0
20280622,4.33,0
20280623,4.34,0
20280624,4.35,0
20280625,4.34,0
20280626,4.35,0
20280627,4.35,0
20280628,4.35,0
20280629,4.35,0
20280630,4.35,0
20280701,4.32,0
20280702,4.32,0
20280703,4.32,0
20280704,4.32,0
20280705,4.34,0
20280706,4.32,0
20280707,4.32,0
20280708,4.33,0
20280709,4.34,0
20280710,4.32,0
20280711,4.33,0
20280712,4.33,0
20280713,4.33,0
20280714,4.33,0
20280715,4.32,0
20280716,4.32,0
20280717,4.34,0
20280718,4.32,0
20280719,4.32,0
20280720,4.31,0
20280721,4.32,0
20280722,4.30,0
20280723,4.30,0
20280724,4.30,0
20280725,4.31,0
20280726,4.30,0
20280727,4.30,0
20280728,4.28,0
20280729,4.29,0
20280730,4.29,0
20280731,4.28,0
20280801,4.24,0
20280802,4.23,0
20280803,4.22,0
20280804,4.22,0
20280805,4.21,0
20280806,4.20,0
20280807,4.19,0
20280808,4.19,0
20280809,4.18,0
20280810,4.17,0
20280811,4.16,0
20280812,4.16,0
20280813,4.14,0
20280814,4.13,0
20280815,4.13,0
20280816,4.11,0
20280817,4.10,0
20280818,4.09,0
20280819,4.08,0
20280820,4.07,0
20280821,4.06,0
20280822,4.05,0
20280823,4.03,0
20280824,4.02,0
20280825,4.00,0
20280826,3.99,0
20280827,3.97,0
20280828,3.96,0
20280829,3.95,0
20280830,3.93,0
20280831,3.91,0
20280901,3.90,0
20280902,3.88,0
20280903,3.87,0
20280904,3.86,0
20280905,3.83,0
20280906,3.81,0
20280907,3.79,0
20280908,3.78,0
20280909,3.75,0
20280910,3.75,0
20280911,3.72,0
20280912,3.71,0
20280913,3.70,0
20280914,3.66,0
20280915,3.64,0
20280916,3.63,0
20280917,3.61,0
20280918,3.58,0
20280919,3.57,0
20280920,3.56,0
20280921,3.54,0
20280922,3.51,0
20280923,3.50,0
20280924,3.47,0
20280925,3.46,0
20280926,3.45,0
20280927,3.43,0
20280928,3.42,0
20280929,3.40,0
20280930,3.37,0
20281001,3.38,0
20281002,3.36,0
20281003,3.34,0
20281004,3.32,0
20281005,3.31,0
20281006,3.28,0
20281007,3.28,0
20281008,3.26,0
20281009,3.24,0
20281010,3.22,0
20281011,3.19,0
20281012,3.19,0
20281013,3.17,0
20281014,3.15,0
20281015,3.13,0
20281016,3.11,0
20281017,3.09,0
20281018,3.07,0
20281019,3.05,0
20281020,3.04,0
20281021,3.01,0
20281022,2.99,0
20281023,2.97,0
20281024,2.95,0
20281025,2.93,0
20281026,2.91,0
20281027,2.88,0
20281028,2.87,0
20281029,2.84,0
20281030,2.82,0
20281031,2.80,0
20281101,2.82,0
20281102,2.80,0
20281103,2.77,0
20281104,2.75,0
20281105,2.73,0
20281106,2.71,0
20281107,2.68,0
20281108,2.66,0
20281109,2.63,0
20281110,2.61,0
20281111,2.59,0
20281112,2.57,0
20281113,2.54,0
20281114,2.52,0
20281115,2.49,0
20281116,2.47,0
20281117,2.45,0
20281118,2.43,0
20281119,2.40,0
20281120,2.38,0
20281121,2.36,0
20281122,2.34,0
20281123,2.31,0
20281124,2.29,0
20281125,2.28,0
20281126,2.25,0
20281127,2.23,0
20281128,2.21,0
20281129,2.20,0
20281130,2.18,0
20281201,2.07,0
20281202,2.06,0
20281203,2.04,0
20281204,2.03,0
20281205,2.01,0
20281206,2.00,0
20281207,1.99,0
20281208,1.97,0
20281209,1.96,0
20281210,1.95,0
20281211,1.94,0
20281212,1.93,0
20281213,1.91,0
20281214,1.90,0
20281215,1.90,0
20281216,1.89,0
20281217,1.88,0
20281218,1.87,0
20281219,1.87,0
20281220,1.87,0
20281221,1.86,0
20281222,1.86,0
20281223,1.86,0
20281224,1.85,0
20281225,1.85,0
20281226,1.85,0
20281227,1.85,0
20281228,1.85,0
20281229,1.85,0
20281230,1.85,0
20281231,1.86,0
20290101,1.92,0
20290102,1.93,0
20290103,1.93,0
20290104,1.94,0
20290105,1.94,0
20290106,1.95,0
20290107,1.95,0
20290108,1.96,0
20290109,1.96,0
20290110,1.98,0
20290111,1.98,0
20290112,1.99,0
20290113,2.00,0
20290114,2.01,0
20290115,2.02,0
20290116,2.03,0
20290117,2.04,0
20290118,2.05,0
20290119,2.07,0
20290120,2.07,0
20290121,2.09,0
20290122,2.10,0
20290123,2.11,0
20290124,2.13,0
20290125,2.14,0
20290126,2.16,0
20290127,2.17,0
20290128,2.19,0
20290129,2.20,0
20290130,2.21,0
20290131,2.23,0
20290201,2.21,0
20290202,2.23,0
20290203,2.24,0
20290204,2.25,0
20290205,2.28,0
20290206,2.29,0
20290207,2.31,0
20290208,2.32,0
20290209,2.35,0
20290210,2.37,0
20290211,2.38,0
20290212,2.40,0
20290213,2.42,0
20290214,2.44,0
20290215,2.46,0
20290216,2.47,0
20290217,2.50,0
20290218,2.52,0
20290219,2.53,0
20290220,2.55,0
20290221,2.57,0
20290222,2.60,0
20290223,2.61,0
20290224,2.64,0
20290225,2.66,0
20290226,2.68,0
20290227,2.70,0
20290228,2.72,0
20290301,2.70,0
20290302,2.74,0
20290303,2.77,0
20290304,2.78,0
20290305,2.80,0
20290306,2.83,0
20290307,2.85,0
20290308,2.87,0
20290309,2.89,0
20290310,2.92,0
20290311,2.94,0
20290312,2.96,0
20290313,2.98,0
20290314,3.00,0
20290315,3.02,0
20290316,3.05,0
20290317,3.06,0
20290318,3.09,0
20290319,3.11,0
20290320,3.14,0
20290321,3.15,0
20290322,3.17,0
20290323,3.19,0
20290324,3.21,0
20290325,3.24,0
20290326,3.25,0
20290327,3.27,0
20290328,3.29,0
20290329,3.31,0
20290330,3.33,0
20290331,3.36,0
20290401,3.36,0
20290402,3.42,0
20290403,3.43,0
20290404,3.45,0
20290405,3.48,0
20290406,3.49,0
20290407,3.51,0
20290408,3.52,0
20290409,3.54,0
20290410,3.56,0
20290411,3.58,0
20290412,3.59,0
20290413,3.61,0
20290414,3.62,0
20290415,3.63,0
20290416,3.65,0
20290417,3.67,0
20290418,3.69,0
20290419,3.70,0
20290420,3.72,0
20290421,3.74,0
20290422,3.76,0
20290423,3.77,0
20290424,3.78,0
20290425,3.79,0
20290426,3.81,0
20290427,3.82,0
20290428,3.84,0
20290429,3.85,0
20290430,3.87,0
20290501,3.86,0
20290502,3.89,0
20290503,3.90,0
20290504,3.92,0
20290505,3.94,0
20290506,3.94,0
20290507,3.95,0
20290508,3.98,0
20290509,3.99,0
20290510,3.99,0
20290511,4.00,0
20290512,4.03,0
20290513,4.03,0
20290514,4.04,0
20290515,4.06,0
20290516,4.08,0
20290517,4.08,0
20290518,4.10,0
20290519,4.10,0
20290520,4.10,0
20290521,4.12,0
20290522,4.12,0
20290523,4.13,0
20290524,4.14,0
20290525,4.15,0
20290526,4.17,0
20290527,4.16,0
20290528,4.18,0
20290529,4.19,0
20290530,4.20,0
20290531,4.19,0
20290601,4.24,0
20290602,4.26,0
20290603,4.25,0
20290604,4.28,0
20290605,4.27,0
20290606,4.28,0
20290607,4.28,0
20290608,4.28,0
20290609,4.29,0
20290610,4.30,0
20290611,4.29,0
20290612,4.30,0
20290613,4.31,0
20290614,4.31,0
20290615,4.30,0
20290616,4.31,0
20290617,4.31,0
20290618,4.32,0
20290619,4.33,0
20290620,4.33,0
20290621,4.33,0
20290622,4.33,0
20290623,4.32,0
20290624,4.34,0
20290625,4.34,0
20290626,4.34,0
20290627,4.35,0
20290628,4.35,0
20290629,4.35,0
20290630,4.35,0
20290701,4.35,0
20290702,4.34,0
20290703,4.34,0
20290704,4.34,0
20290705,4.34,0
20290706,4.36,0
20290707,4.34,0
20290708,4.34,0
20290709,4.35,0
20290710,4.35,0
20290711,4.33,0
20290712,4.35,0
20290713,4.35,0
20290714,4.35,0
20290715,4.34,0
20290716,4.34,0
20290717,4.34,0
20290718,4.35,0
20290719,4.33,0
20290720,4.33,0
20290721,4.33,0
20290722,4.34,0
20290723,4.32,0
20290724,4.32,0
20290725,4.32,0
20290726,4.33,0
20290727,4.32,0
20290728,4.32,0
20290729,4.29,0
20290730,4.31,0
20290731,4.30,0
20290801,4.30,0
20290802,4.29,0
20290803,4.29,0
20290804,4.28,0
20290805,4.27,0
20290806,4.27,0
20290807,4.26,0
20290808,4.25,0
20290809,4.24,0
20290810,4.24,0
20290811,4.23,0
20290812,4.22,0
20290813,4.21,0
20290814,4.20,0
20290815,4.19,0
20290816,4.18,0
20290817,4.17,0
20290818,4.16,0
20290819,4.15,0
20290820,4.13,0
20290821,4.13,0
20290822,4.11,0
20290823,4.10,0
20290824,4.09,0
20290825,4.07,0
20290826,4.06,0
20290827,4.04,0
20290828,4.03,0
20290829,4.01,0
20290830,4.00,0
20290831,3.98,0
20290901,3.95,0
20290902,3.92,0
20290903,3.91,0
20290904,3.89,0
20290905,3.88,0
20290906,3.85,0
20290907,3.83,0
20290908,3.82,0
20290909,3.81,0
20290910,3.77,0
20290911,3.77,0
20290912,3.75,0
20290913,3.73,0
20290914,3.72,0
20290915,3.68,0
20290916,3.66,0
20290917,3.65,0
20290918,3.63,0
20290919,3.61,0
20290920,3.59,0
20290921,3.58,0
20290922,3.56,0
20290923,3.53,0
20290924,3.52,0
20290925,3.49,0
20290926,3.48,0
20290927,3.47,0
20290928,3.45,0
20290929,3.44,0
20290930,3.42,0
20291001,3.45,0
20291002,3.42,0
20291003,3.40,0
20291004,3.38,0
20291005,3.37,0
20291006,3.36,0
20291007,3.33,0
20291008,3.32,0
20291009,3.30,0
20291010,3.29,0
20291011,3.27,0
20291012,3.24,0
20291013,3.24,0
20291014,3.21,0
20291015,3.19,0
20291016,3.18,0
20291017,3.16,0
20291018,3.13,0
20291019,3.11,0
20291020,3.09,0
20291021,3.08,0
20291022,3.06,0
20291023,3.03,0
20291024,3.02,0
20291025,3.00,0
20291026,2.97,0
20291027,2.95,0
20291028,2.93,0
20291029,2.91,0
20291030,2.89,0
20291031,2.87,0
20291101,2.85,0
20291102,2.81,0
20291103,2.79,0
20291104,2.76,0
20291105,2.74,0
20291106,2.72,0
20291107,2.70,0
20291108,2.67,0
20291109,2.65,0
20291110,2.62,0
20291111,2.60,0
20291112,2.58,0
20291113,2.55,0
20291114,2.53,0
20291115,2.51,0
20291116,2.48,0
20291117,2.46,0
20291118,2.44,0
20291119,2.42,0
20291120,2.39,0
20291121,2.37,0
20291122,2.35,0
20291123,2.33,0
20291124,2.30,0
20291125,2.28,0
20291126,2.27,0
20291127,2.24,0
20291128,2.22,0
20291129,2.20,0
20291130,2.19,0
20291201,2.13,0
20291202,2.09,0
20291203,2.08,0
20291204,2.06,0
20291205,2.05,0
20291206,2.03,0
20291207,2.02,0
20291208,2.01,0
20291209,1.99,0
20291210,1.98,0
20291211,1.97,0
20291212,1.96,0
20291213,1.95,0
20291214,1.93,0
20291215,1.92,0
20291216,1.92,0
20291217,1.91,0
20291218,1.90,0
20291219,1.89,0
20291220,1.89,0
20291221,1.89,0
20291222,1.88,0
20291223,1.88,0
20291224,1.88,0
20291225,1.87,0
20291226,1.87,0
20291227,1.87,0
20291228,1.87,0
20291229,1.87,0
20291230,1.87,0
20291231,1.87,0
20300101,1.91,0
20300102,1.92,0
20300103,1.92,0
20300104,1.93,0
20300105,1.93,0
20300106,1.94,0
20300107,1.94,0
20300108,1.95,0
20300109,1.95,0
20300110,1.96,0
20300111,1.97,0
20300112,1.98,0
20300113,1.99,0
20300114,2.00,0
20300115,2.01,0
20300116,2.02,0
20300117,2.03,0
20300118,2.04,0
20300119,2.06,0
20300120,2.06,0
20300121,2.08,0
20300122,2.09,0
20300123,2.10,0
20300124,2.12,0
20300125,2.13,0
20300126,2.15,0
20300127,2.16,0
20300128,2.18,0
20300129,2.19,0
20300130,2.20,0
20300131,2.22,0
20300201,2.18,0
20300202,2.20,0
20300203,2.22,0
20300204,2.23,0
20300205,2.25,0
20300206,2.27,0
20300207,2.29,0
20300208,2.30,0
20300209,2.32,0
20300210,2.34,0
20300211,2.35,0
20300212,2.37,0
20300213,2.39,0
20300214,2.41,0
20300215,2.43,0
20300216,2.45,0
20300217,2.47,0
20300218,2.49,0
20300219,2.50,0
20300220,2.52,0
20300221,2.55,0
20300222,2.57,0
20300223,2.59,0
20300224,2.61,0
20300225,2.64,0
20300226,2.65,0
20300227,2.67,0
20300228,2.69,0
20300301,2.76,0
20300302,2.80,0
20300303,2.83,0
20300304,2.84,0
20300305,2.87,0
20300306,2.89,0
20300307,2.91,0
20300308,2.93,0
20300309,2.95,0
20300310,2.98,0
20300311,3.00,0
20300312,3.02,0
20300313,3.05,0
20300314,3.06,0
20300315,3.09,0
20300316,3.11,0
20300317,3.12,0
20300318,3.15,0
20300319,3.18,0
20300320,3.20,0
20300321,3.21,0
20300322,3.23,0
20300323,3.26,0
20300324,3.28,0
20300325,3.30,0
20300326,3.31,0
20300327,3.34,0
20300328,3.36,0
20300329,3.38,0
20300330,3.40,0
20300331,3.42,0
20300401,3.42,0
20300402,3.47,0
20300403,3.49,0
20300404,3.51,0
20300405,3.54,0
20300406,3.55,0
20300407,3.57,0
20300408,3.58,0
20300409,3.60,0
20300410,3.62,0
20300411,3.64,0
20300412,3.65,0
20300413,3.67,0
20300414,3.68,0
20300415,3.69,0
20300416,3.71,0
20300417,3.73,0
20300418,3.75,0
20300419,3.76,0
20300420,3.78,0
20300421,3.80,0
20300422,3.82,0
20300423,3.83,0
20300424,3.84,0
20300425,3.86,0
20300426,3.87,0
20300427,3.89,0
20300428,3.90,0
20300429,3.91,0
20300430,3.93,0
20300501,3.89,0
20300502,3.92,0
20300503,3.93,0
20300504,3.94,0
20300505,3.97,0
20300506,3.97,0
20300507,3.98,0
20300508,4.01,0
20300509,4.02,0
20300510,4.02,0
20300511,4.02,0
20300512,4.06,0
20300513,4.06,0
20300514,4.07,0
20300515,4.08,0
20300516,4.10,0
20300517,4.10,0
20300518,4.12,0
20300519,4.12,0
20300520,4.13,0
20300521,4.15,0
20300522,4.15,0
20300523,4.16,0
20300524,4.16,0
20300525,4.18,0
20300526,4.19,0
20300527,4.19,0
20300528,4.20,0
20300529,4.22,0
20300530,4.23,0
20300531,4.21,0
20300601,4.22,0
20300602,4.24,0
20300603,4.23,0
20300604,4.26,0
20300605,4.26,0
20300606,4.26,0
20300607,4.26,0
20300608,4.27,0
20300609,4.28,0
20300610,4.29,0
20300611,4.28,0
20300612,4.29,0
20300613,4.29,0
20300614,4.30,0
20300615,4.29,0
20300616,4.30,0
20300617,4.30,0
20300618,4.31,0
20300619,4.31,0
20300620,4.31,0
20300621,4.32,0
20300622,4.32,0
20300623,4.31,0
20300624,4.32,0
20300625,4.33,0
20300626,4.33,0
20300627,4.33,0
20300628,4.33,0
20300629,4.34,0
20300630,4.33,0
20300701,4.35,0
20300702,4.34,0
20300703,4.34,0
20300704,4.34,0
20300705,4.34,0
20300706,4.36,0
20300707,4.34,0
20300708,4.34,0
20300709,4.35,0
20300710,4.35,0
20300711,4.33,0
20300712,4.35,0
20300713,4.35,0
20300714,4.34,0
20300715,4.34,0
20300716,4.34,0
20300717,4.34,0
20300718,4.35,0
20300719,4.33,0
20300720,4.33,0
20300721,4.33,0
20300722,4.34,0
20300723,4.32,0
20300724,4.31,0
20300725,4.31,0
20300726,4.33,0
20300727,4.32,0
20300728,4.31,0
20300729,4.29,0
20300730,4.31,0
20300731,4.30,0
20300801,4.27,0
20300802,4.27,0
20300803,4.26,0
20300804,4.25,0
20300805,4.25,0
20300806,4.24,0
20300807,4.23,0
20300808,4.22,0
20300809,4.22,0
20300810,4.21,0
20300811,4.20,0
20300812,4.19,0
20300813,4.19,0
20300814,4.17,0
20300815,4.16,0
20300816,4.16,0
20300817,4.14,0
20300818,4.13,0
20300819,4.12,0
20300820,4.11,0
20300821,4.10,0
20300822,4.08,0
20300823,4.07,0
20300824,4.06,0
20300825,4.04,0
20300826,4.03,0
20300827,4.02,0
20300828,4.00,0
20300829,3.99,0
20300830,3.97,0
20300831,3.96,0
20300901,3.92,0
20300902,3.89,0
20300903,3.87,0
20300904,3.86,0
20300905,3.85,0
20300906,3.82,0
20300907,3.80,0
20300908,3.78,0
20300909,3.77,0
20300910,3.74,0
20300911,3.74,0
20300912,3.71,0
20300913,3.70,0
20300914,3.69,0
20300915,3.65,0
20300916,3.63,0
20300917,3.62,0
20300918,3.60,0
20300919,3.57,0
20300920,3.56,0
20300921,3.55,0
20300922,3.53,0
20300923,3.50,0
20300924,3.49,0
20300925,3.46,0
20300926,3.45,0
20300927,3.44,0
20300928,3.42,0
20300929,3.41,0
20300930,3.39,0
20301001,3.43,0
20301002,3.40,0
20301003,3.39,0
20301004,3.37,0
20301005,3.35,0
20301006,3.34,0
20301007,3.31,0
20301008,3.30,0
20301009,3.28,0
20301010,3.27,0
20301011,3.25,0
20301012,3.22,0
20301013,3.22,0
20301014,3.19,0
20301015,3.17,0
20301016,3.16,0
20301017,3.14,0
20301018,3.11,0
20301019,3.09,0
20301020,3.08,0
20301021,3.06,0
20301022,3.04,0
20301023,3.02,0
20301024,3.00,0
20301025,2.98,0
20301026,2.96,0
20301027,2.93,0
20301028,2.91,0
20301029,2.90,0
20301030,2.87,0
20301031,2.85,0
20301101,2.88,0
20301102,2.84,0
20301103,2.82,0
20301104,2.78,0
20301105,2.76,0
20301106,2.74,0
20301107,2.72,0
20301108,2.70,0
20301109,2.67,0
20301110,2.65,0
20301111,2.63,0
20301112,2.60,0
20301113,2.58,0
20301114,2.56,0
20301115,2.53,0
20301116,2.50,0
20301117,2.49,0
20301118,2.46,0
20301119,2.44,0
20301120,2.41,0
20301121,2.40,0
20301122,2.37,0
20301123,2.35,0
20301124,2.32,0
20301125,2.31,0
20301126,2.29,0
20301127,2.26,0
20301128,2.25,0
20301129,2.23,0
20301130,2.21,0
20301201,2.08,0
20301202,2.04,0
20301203,2.03,0
20301204,2.01,0
20301205,2.00,0
20301206,1.98,0
20301207,1.97,0
20301208,1.96,0
20301209,1.94,0
20301210,1.93,0
20301211,1.92,0
20301212,1.91,0
20301213,1.90,0
20301214,1.89,0
20301215,1.88,0
20301216,1.87,0
20301217,1.86,0
20301218,1.85,0
20301219,1.85,0
20301220,1.84,0
20301221,1.84,0
20301222,1.83,0
20301223,1.83,0
20301224,1.83,0
20301225,1.83,0
20301226,1.82,0
20301227,1.82,0
20301228,1.82,0
20301229,1.83,0
20301230,1.83,0
20301231,1.83,0
20310101,1.89,0
20310102,1.90,0
20310103,1.90,0
20310104,1.91,0
20310105,1.91,0
20310106,1.92,0
20310107,1.92,0
20310108,1.93,0
20310109,1.93,0
20310110,1.95,0
20310111,1.95,0
20310112,1.96,0
20310113,1.97,0
20310114,1.98,0
20310115,1.99,0
20310116,2.00,0
20310117,2.01,0
20310118,2.02,0
20310119,2.04,0
20310120,2.04,0
20310121,2.06,0
20310122,2.07,0
20310123,2.08,0
20310124,2.10,0
20310125,2.11,0
20310126,2.12,0
20310127,2.14,0
20310128,2.15,0
20310129,2.17,0
20310130,2.18,0
20310131,2.20,0
20310201,2.20,0
20310202,2.22,0
20310203,2.23,0
20310204,2.24,0
20310205,2.27,0
20310206,2.28,0
20310207,2.31,0
20310208,2.32,0
20310209,2.34,0
20310210,2.36,0
20310211,2.37,0
20310212,2.39,0
20310213,2.41,0
20310214,2.43,0
20310215,2.45,0
20310216,2.46,0
20310217,2.49,0
20310218,2.51,0
20310219,2.52,0
20310220,2.54,0
20310221,2.56,0
20310222,2.59,0
20310223,2.60,0
20310224,2.63,0
20310225,2.65,0
20310226,2.67,0
20310227,2.69,0
20310228,2.71,0
20310301,2.71,0
20310302,2.75,0
20310303,2.77,0
20310304,2.79,0
20310305,2.81,0
20310306,2.84,0
20310307,2.86,0
20310308,2.88,0
20310309,2.90,0
20310310,2.92,0
20310311,2.94,0
20310312,2.97,0
20310313,2.99,0
20310314,3.01,0
20310315,3.03,0
20310316,3.05,0
20310317,3.07,0
20310318,3.10,0
20310319,3.12,0
20310320,3.14,0
20310321,3.16,0
20310322,3.18,0
20310323,3.20,0
20310324,3.22,0
20310325,3.25,0
20310326,3.26,0
20310327,3.28,0
20310328,3.30,0
20310329,3.32,0
20310330,3.34,0
20310331,3.36,0
20310401,3.41,0
20310402,3.46,0
20310403,3.47,0
20310404,3.49,0
20310405,3.53,0
20310406,3.53,0
20310407,3.55,0
20310408,3.56,0
20310409,3.59,0
20310410,3.61,0
20310411,3.62,0
20310412,3.63,0
20310413,3.65,0
20310414,3.66,0
20310415,3.67,0
20310416,3.69,0
20310417,3.71,0
20310418,3.73,0
20310419,3.74,0
20310420,3.76,0
20310421,3.78,0
20310422,3.81,0
20310423,3.81,0
20310424,3.82,0
20310425,3.84,0
20310426,3.86,0
20310427,3.87,0
20310428,3.89,0
20310429,3.89,0
20310430,3.92,0
20310501,3.87,0
20310502,3.90,0
20310503,3.91,0
20310504,3.93,0
20310505,3.95,0
20310506,3.95,0
20310507,3.96,0
20310508,3.99,0
20310509,4.00,0
20310510,4.00,0
20310511,4.01,0
20310512,4.04,0
20310513,4.04,0
20310514,4.05,0
20310515,4.07,0
20310516,4.09,0
20310517,4.09,0
20310518,4.11,0
20310519,4.11,0
20310520,4.11,0
20310521,4.13,0
20310522,4.13,0
20310523,4.14,0
20310524,4.15,0
20310525,4.16,0
20310526,4.18,0
20310527,4.17,0
20310528,4.19,0
20310529,4.20,0
20310530,4.21,0
20310531,4.20,0
20310601,4.23,0
20310602,4.25,0
20310603,4.24,0
20310604,4.27,0
20310605,4.26,0
20310606,4.27,0
20310607,4.27,0
20310608,4.27,0
20310609,4.29,0
20310610,4.29,0
20310611,4.28,0
20310612,4.29,0
20310613,4.30,0
20310614,4.31,0
20310615,4.30,0
20310616,4.30,0
20310617,4.31,0
20310618,4.31,0
20310619,4.32,0
20310620,4.32,0
20310621,4.32,0
20310622,4.33,0
20310623,4.32,0
20310624,4.33,0
20310625,4.34,0
20310626,4.33,0
20310627,4.34,0
20310628,4.34,0
20310629,4.34,0
20310630,4.34,0
20310701,4.33,0
20310702,4.32,0
20310703,4.32,0
20310704,4.32,0
20310705,4.32,0
20310706,4.34,0
20310707,4.32,0
20310708,4.32,0
20310709,4.33,0
20310710,4.33,0
20310711,4.32,0
20310712,4.33,0
20310713,4.33,0
20310714,4.33,0
20310715,4.32,0
20310716,4.32,0
20310717,4.32,0
20310718,4.33,0
20310719,4.31,0
20310720,4.32,0
20310721,4.31,0
20310722,4.32,0
20310723,4.30,0
20310724,4.30,0
20310725,4.30,0
20310726,4.31,0
20310727,4.30,0
20310728,4.30,0
20310729,4.28,0
20310730,4.29,0
20310731,4.29,0
20310801,4.25,0
20310802,4.24,0
20310803,4.24,0
20310804,4.23,0
20310805,4.23,0
20310806,4.22,0
20310807,4.21,0
20310808,4.20,0
20310809,4.20,0
20310810,4.19,0
20310811,4.18,0
20310812,4.17,0
20310813,4.17,0
20310814,4.15,0
20310815,4.14,0
20310816,4.14,0
20310817,4.12,0
20310818,4.11,0
20310819,4.10,0
20310820,4.09,0
20310821,4.08,0
20310822,4.06,0
20310823,4.05,0
20310824,4.04,0
20310825,4.02,0
20310826,4.01,0
20310827,4.00,0
20310828,3.98,0
20310829,3.97,0
20310830,3.96,0
20310831,3.94,0
20310901,3.98,0
20310902,3.95,0
20310903,3.93,0
20310904,3.92,0
20310905,3.91,0
20310906,3.88,0
20310907,3.86,0
20310908,3.84,0
20310909,3.83,0
20310910,3.80,0
20310911,3.80,0
20310912,3.77,0
20310913,3.76,0
20310914,3.75,0
20310915,3.71,0
20310916,3.69,0
20310917,3.68,0
20310918,3.66,0
20310919,3.63,0
20310920,3.62,0
20310921,3.61,0
20310922,3.58,0
20310923,3.56,0
20310924,3.55,0
20310925,3.52,0
20310926,3.51,0
20310927,3.49,0
20310928,3.48,0
20310929,3.46,0
20310930,3.45,0
20311001,3.40,0
20311002,3.37,0
20311003,3.35,0
20311004,3.34,0
20311005,3.32,0
20311006,3.31,0
20311007,3.28,0
20311008,3.27,0
20311009,3.25,0
20311010,3.24,0
20311011,3.22,0
20311012,3.19,0
20311013,3.19,0
20311014,3.16,0
20311015,3.14,0
20311016,3.13,0
20311017,3.11,0
20311018,3.08,0
20311019,3.06,0
20311020,3.05,0
20311021,3.03,0
20311022,3.01,0
20311023,2.99,0
20311024,2.97,0
20311025,2.95,0
20311026,2.92,0
20311027,2.90,0
20311028,2.88,0
20311029,2.87,0
20311030,2.84,0
20311031,2.82,0
20311101,2.89,0
20311102,2.85,0
20311103,2.83,0
20311104,2.80,0
20311105,2.78,0
20311106,2.76,0
20311107,2.74,0
20311108,2.71,0
20311109,2.69,0
20311110,2.66,0
20311111,2.64,0
20311112,2.62,0
20311113,2.59,0
20311114,2.57,0
20311115,2.55,0
20311116,2.52,0
20311117,2.50,0
20311118,2.48,0
20311119,2.46,0
20311120,2.43,0
20311121,2.41,0
20311122,2.38,0
20311123,2.37,0
20311124,2.34,0
20311125,2.32,0
20311126,2.30,0
20311127,2.28,0
20311128,2.26,0
20311129,2.24,0
20311130,2.22,0
20311201,2.19,0
20311202,2.16,0
20311203,2.14,0
20311204,2.12,0
20311205,2.11,0
20311206,2.09,0
20311207,2.08,0
20311208,2.07,0
20311209,2.05,0
20311210,2.04,0
20311211,2.03,0
20311212,2.01,0
20311213,2.01,0
20311214,1.99,0
20311215,1.98,0
20311216,1.97,0
20311217,1.97,0
20311218,1.96,0
20311219,1.95,0
20311220,1.95,0
20311221,1.95,0
20311222,1.94,0
20311223,1.93,0
20311224,1.94,0
20311225,1.93,0
20311226,1.93,0
20311227,1.92,0
20311228,1.93,0
20311229,1.93,0
20311230,1.93,0
20311231,1.93,0
20320101,1.84,0
20320102,1.85,0
20320103,1.85,0
20320104,1.85,0
20320105,1.86,0
20320106,1.86,0
20320107,1.87,0
20320108,1.88,0
20320109,1.88,0
20320110,1.89,0
20320111,1.90,0
20320112,1.90,0
20320113,1.91,0
20320114,1.92,0
20320115,1.93,0
20320116,1.94,0
20320117,1.95,0
20320118,1.96,0
20320119,1.98,0
20320120,1.98,0
20320121,2.00,0
20320122,2.01,0
20320123,2.02,0
20320124,2.04,0
20320125,2.05,0
20320126,2.06,0
20320127,2.08,0
20320128,2.09,0
20320129,2.11,0
20320130,2.12,0
20320131,2.14,0
20320201,2.19,0
20320202,2.22,0
20320203,2.23,0
20320204,2.24,0
20320205,2.27,0
20320206,2.28,0
20320207,2.30,0
20320208,2.31,0
20320209,2.33,0
20320210,2.36,0
20320211,2.36,0
20320212,2.39,0
20320213,2.41,0
20320214,2.42,0
20320215,2.45,0
20320216,2.46,0
20320217,2.48,0
20320218,2.51,0
20320219,2.51,0
20320220,2.54,0
20320221,2.56,0
20320222,2.58,0
20320223,2.60,0
20320224,2.62,0
20320225,2.65,0
20320226,2.67,0
20320227,2.68,0
20320228,2.71,0
20320229,2.72,0
20320301,2.75,0
20320302,2.77,0
20320303,2.79,0
20320304,2.81,0
20320305,2.84,0
20320306,2.86,0
20320307,2.88,0
20320308,2.90,0
20320309,2.92,0
20320310,2.94,0
20320311,2.97,0
20320312,2.99,0
20320313,3.01,0
20320314,3.03,0
20320315,3.05,0
20320316,3.07,0
20320317,3.10,0
20320318,3.12,0
20320319,3.14,0
20320320,3.16,0
20320321,3.18,0
20320322,3.20,0
20320323,3.22,0
20320324,3.25,0
20320325,3.25,0
20320326,3.28,0
20320327,3.30,0
20320328,3.32,0
20320329,3.34,0
20320330,3.36,0
20320331,3.38,0
20320401,3.47,0
20320402,3.48,0
20320403,3.50,0
20320404,3.54,0
20320405,3.54,0
20320406,3.57,0
20320407,3.58,0
20320408,3.60,0
20320409,3.62,0
20320410,3.64,0
20320411,3.65,0
20320412,3.67,0
20320413,3.68,0
20320414,3.69,0
20320415,3.71,0
20320416,3.73,0
20320417,3.75,0
20320418,3.75,0
20320419,3.77,0
20320420,3.79,0
20320421,3.82,0
20320422,3.83,0
20320423,3.83,0
20320424,3.85,0
20320425,3.87,0
20320426,3.88,0
20320427,3.90,0
20320428,3.91,0
20320429,3.93,0
20320430,3.93,0
20320501,3.93,0
20320502,3.94,0
20320503,3.95,0
20320504,3.98,0
20320505,3.98,0
20320506,3.99,0
20320507,4.02,0
20320508,4.03,0
20320509,4.03,0
20320510,4.03,0
20320511,4.07,0
20320512,4.07,0
20320513,4.08,0
20320514,4.09,0
20320515,4.11,0
20320516,4.11,0
20320517,4.13,0
20320518,4.14,0
20320519,4.14,0
20320520,4.16,0
20320521,4.16,0
20320522,4.17,0
20320523,4.17,0
20320524,4.19,0
20320525,4.20,0
20320526,4.20,0
20320527,4.21,0
20320528,4.23,0
20320529,4.24,0
20320530,4.22,0
20320531,4.24,0
20320601,4.23,0
20320602,4.23,0
20320603,4.25,0
20320604,4.25,0
20320605,4.26,0
20320606,4.25,0
20320607,4.26,0
20320608,4.27,0
20320609,4.28,0
20320610,4.27,0
20320611,4.28,0
20320612,4.29,0
20320613,4.29,0
20320614,4.28,0
20320615,4.29,0
20320616,4.29,0
20320617,4.30,0
20320618,4.30,0
20320619,4.30,0
20320620,4.31,0
20320621,4.31,0
20320622,4.30,0
20320623,4.32,0
20320624,4.32,0
20320625,4.32,0
20320626,4.33,0
20320627,4.32,0
20320628,4.33,0
20320629,4.33,0
20320630,4.33,0
20320701,4.34,0
20320702,4.34,0
20320703,4.34,0
20320704,4.34,0
20320705,4.36,0
20320706,4.34,0
20320707,4.33,0
20320708,4.35,0
20320709,4.35,0
20320710,4.33,0
20320711,4.34,0
20320712,4.35,0
20320713,4.34,0
20320714,4.34,0
20320715,4.34,0
20320716,4.34,0
20320717,4.35,0
20320718,4.33,0
20320719,4.33,0
20320720,4.33,0
20320721,4.34,0
20320722,4.32,0
20320723,4.31,0
20320724,4.31,0
20320725,4.32,0
20320726,4.32,0
20320727,4.31,0
20320728,4.29,0
20320729,4.31,0
20320730,4.30,0
20320731,4.30,0
20320801,4.29,0
20320802,4.28,0
20320803,4.27,0
20320804,4.27,0
20320805,4.26,0
20320806,4.25,0
20320807,4.25,0
20320808,4.24,0
20320809,4.23,0
20320810,4.22,0
20320811,4.21,0
20320812,4.21,0
20320813,4.19,0
20320814,4.18,0
20320815,4.18,0
20320816,4.16,0
20320817,4.15,0
20320818,4.14,0
20320819,4.13,0
20320820,4.12,0
20320821,4.11,0
20320822,4.09,0
20320823,4.08,0
20320824,4.06,0
20320825,4.05,0
20320826,4.04,0
20320827,4.02,0
20320828,4.01,0
20320829,3.99,0
20320830,3.98,0
20320831,3.96,0
20320901,3.93,0
20320902,3.91,0
20320903,3.90,0
20320904,3.89,0
20320905,3.86,0
20320906,3.84,0
20320907,3.82,0
20320908,3.81,0
20320909,3.78,0
20320910,3.78,0
20320911,3.75,0
20320912,3.73,0
20320913,3.73,0
20320914,3.69,0
20320915,3.67,0
20320916,3.66,0
20320917,3.64,0
20320918,3.61,0
20320919,3.60,0
20320920,3.59,0
20320921,3.56,0
20320922,3.54,0
20320923,3.53,0
20320924,3.50,0
20320925,3.49,0
20320926,3.47,0
20320927,3.46,0
20320928,3.44,0
20320929,3.43,0
20320930,3.40,0
20321001,3.43,0
20321002,3.41,0
20321003,3.39,0
20321004,3.37,0
20321005,3.36,0
20321006,3.33,0
20321007,3.32,0
20321008,3.31,0
20321009,3.29,0
20321010,3.27,0
20321011,3.24,0
20321012,3.24,0
20321013,3.22,0
20321014,3.20,0
20321015,3.18,0
20321016,3.16,0
20321017,3.14,0
20321018,3.11,0
20321019,3.10,0
20321020,3.09,0
20321021,3.06,0
20321022,3.04,0
20321023,3.02,0
20321024,3.00,0
20321025,2.98,0
20321026,2.96,0
20321027,2.93,0
20321028,2.92,0
20321029,2.89,0
20321030,2.87,0
20321031,2.85,0
20321101,2.83,0
20321102,2.81,0
20321103,2.78,0
20321104,2.76,0
20321105,2.74,0
20321106,2.72,0
20321107,2.69,0
20321108,2.67,0
20321109,2.64,0
20321110,2.62,0
20321111,2.60,0
20321112,2.58,0
20321113,2.55,0
20321114,2.53,0
20321115,2.50,0
20321116,2.48,0
20321117,2.46,0
20321118,2.44,0
20321119,2.41,0
20321120,2.39,0
20321121,2.37,0
20321122,2.35,0
20321123,2.32,0
20321124,2.30,0
20321125,2.29,0
20321126,2.26,0
20321127,2.24,0
20321128,2.22,0
20321129,2.21,0
20321130,2.19,0
20321201,2.17,0
20321202,2.16,0
20321203,2.14,0
20321204,2.12,0
20321205,2.11,0
20321206,2.09,0
20321207,2.08,0
20321208,2.07,0
20321209,2.05,0
20321210,2.04,0
20321211,2.03,0
20321212,2.02,0
20321213,2.01,0
20321214,2.00,0
20321215,1.99,0
20321216,1.98,0
20321217,1.98,0
20321218,1.97,0
20321219,1.96,0
20321220,1.96,0
20321221,1.95,0
20321222,1.95,0
20321223,1.95,0
20321224,1.95,0
20321225,1.95,0
20321226,1.94,0
20321227,1.94,0
20321228,1.95,0
20321229,1.95,0
20321230,1.95,0
20321231,1.96,0
20330101,1.90,0
20330102,1.91,0
20330103,1.91,0
20330104,1.91,0
20330105,1.92,0
20330106,1.92,0
20330107,1.93,0
20330108,1.94,0
20330109,1.94,0
20330110,1.95,0
20330111,1.96,0
20330112,1.97,0
20330113,1.97,0
20330114,1.99,0
20330115,2.00,0
20330116,2.00,0
20330117,2.02,0
20330118,2.03,0
20330119,2.04,0
20330120,2.05,0
20330121,2.07,0
20330122,2.07,0
20330123,2.09,0
20330124,2.10,0
20330125,2.12,0
20330126,2.13,0
20330127,2.15,0
20330128,2.16,0
20330129,2.18,0
20330130,2.19,0
20330131,2.21,0
20330201,2.14,0
20330202,2.16,0
20330203,2.17,0
20330204,2.18,0
20330205,2.21,0
20330206,2.22,0
20330207,2.24,0
20330208,2.25,0
20330209,2.27,0
20330210,2.29,0
20330211,2.30,0
20330212,2.32,0
20330213,2.35,0
20330214,2.36,0
20330215,2.38,0
20330216,2.40,0
20330217,2.42,0
20330218,2.44,0
20330219,2.45,0
20330220,2.47,0
20330221,2.50,0
20330222,2.52,0
20330223,2.54,0
20330224,2.56,0
20330225,2.59,0
20330226,2.60,0
20330227,2.62,0
20330228,2.64,0
20330301,2.68,0
20330302,2.72,0
20330303,2.74,0
20330304,2.76,0
20330305,2.78,0
20330306,2.80,0
20330307,2.83,0
20330308,2.84,0
20330309,2.87,0
20330310,2.89,0
20330311,2.91,0
20330312,2.93,0
20330313,2.96,0
20330314,2.97,0
20330315,3.00,0
20330316,3.02,0
20330317,3.03,0
20330318,3.06,0
20330319,3.09,0
20330320,3.11,0
20330321,3.12,0
20330322,3.14,0
20330323,3.16,0
20330324,3.19,0
20330325,3.21,0
20330326,3.22,0
20330327,3.24,0
20330328,3.27,0
20330329,3.28,0
20330330,3.31,0
20330331,3.33,0
20330401,3.40,0
20330402,3.45,0
20330403,3.46,0
20330404,3.48,0
20330405,3.51,0
20330406,3.52,0
20330407,3.54,0
20330408,3.55,0
20330409,3.58,0
20330410,3.60,0
20330411,3.61,0
20330412,3.62,0
20330413,3.64,0
20330414,3.65,0
20330415,3.66,0
20330416,3.68,0
20330417,3.70,0
20330418,3.72,0
20330419,3.73,0
20330420,3.75,0
20330421,3.77,0
20330422,3.80,0
20330423,3.80,0
20330424,3.81,0
20330425,3.83,0
20330426,3.85,0
20330427,3.86,0
20330428,3.88,0
20330429,3.88,0
20330430,3.91,0
20330501,3.88,0
20330502,3.91,0
20330503,3.92,0
20330504,3.94,0
20330505,3.96,0
20330506,3.96,0
20330507,3.97,0
20330508,4.00,0
20330509,4.01,0
20330510,4.01,0
20330511,4.02,0
20330512,4.05,0
20330513,4.05,0
20330514,4.06,0
20330515,4.08,0
20330516,4.10,0
20330517,4.10,0
20330518,4.12,0
20330519,4.12,0
20330520,4.12,0
20330521,4.14,0
20330522,4.14,0
20330523,4.15,0
20330524,4.16,0
20330525,4.17,0
20330526,4.18,0
20330527,4.18,0
20330528,4.20,0
20330529,4.21,0
20330530,4.22,0
20330531,4.21,0
20330601,4.26,0
20330602,4.28,0
20330603,4.27,0
20330604,4.30,0
20330605,4.29,0
20330606,4.30,0
20330607,4.30,0
20330608,4.30,0
20330609,4.31,0
20330610,4.32,0
20330611,4.31,0
20330612,4.32,0
20330613,4.33,0
20330614,4.33,0
20330615,4.32,0
20330616,4.33,0
20330617,4.34,0
20330618,4.34,0
20330619,4.35,0
20330620,4.35,0
20330621,4.35,0
20330622,4.36,0
20330623,4.34,0
20330624,4.36,0
20330625,4.36,0
20330626,4.36,0
20330627,4.37,0
20330628,4.37,0
20330629,4.37,0
20330630,4.37,0
20330701,4.35,0
20330702,4.35,0
20330703,4.35,0
20330704,4.35,0
20330705,4.35,0
20330706,4.37,0
20330707,4.35,0
20330708,4.34,0
20330709,4.36,0
20330710,4.36,0
20330711,4.34,0
20330712,4.35,0
20330713,4.36,0
20330714,4.35,0
20330715,4.35,0
20330716,4.35,0
20330717,4.35,0
20330718,4.36,0
20330719,4.34,0
20330720,4.34,0
20330721,4.34,0
20330722,4.35,0
20330723,4.33,0
20330724,4.32,0
20330725,4.32,0
20330726,4.33,0
20330727,4.33,0
20330728,4.32,0
20330729,4.30,0
20330730,4.32,0
20330731,4.31,0
20330801,4.27,0
20330802,4.27,0
20330803,4.26,0
20330804,4.25,0
20330805,4.25,0
20330806,4.24,0
20330807,4.23,0
20330808,4.23,0
20330809,4.22,0
20330810,4.21,0
20330811,4.20,0
20330812,4.20,0
20330813,4.19,0
20330814,4.17,0
20330815,4.17,0
20330816,4.16,0
20330817,4.14,0
20330818,4.13,0
20330819,4.13,0
20330820,4.11,0
20330821,4.10,0
20330822,4.09,0
20330823,4.08,0
20330824,4.06,0
20330825,4.05,0
20330826,4.04,0
20330827,4.02,0
20330828,4.00,0
20330829,3.99,0
20330830,3.98,0
20330831,3.96,0
20330901,4.01,0
20330902,3.98,0
20330903,3.96,0
20330904,3.95,0
20330905,3.94,0
20330906,3.91,0
20330907,3.89,0
20330908,3.87,0
20330909,3.86,0
20330910,3.83,0
20330911,3.83,0
20330912,3.80,0
20330913,3.79,0
20330914,3.78,0
20330915,3.74,0
20330916,3.72,0
20330917,3.71,0
20330918,3.68,0
20330919,3.66,0
20330920,3.65,0
20330921,3.64,0
20330922,3.61,0
20330923,3.59,0
20330924,3.58,0
20330925,3.55,0
20330926,3.54,0
20330927,3.52,0
20330928,3.51,0
20330929,3.49,0
20330930,3.47,0
20331001,3.45,0
20331002,3.43,0
20331003,3.41,0
20331004,3.39,0
20331005,3.37,0
20331006,3.36,0
20331007,3.33,0
20331008,3.32,0
20331009,3.30,0
20331010,3.29,0
20331011,3.27,0
20331012,3.24,0
20331013,3.24,0
20331014,3.22,0
20331015,3.20,0
20331016,3.18,0
20331017,3.16,0
20331018,3.13,0
20331019,3.11,0
20331020,3.10,0
20331021,3.09,0
20331022,3.06,0
20331023,3.04,0
20331024,3.02,0
20331025,3.00,0
20331026,2.98,0
20331027,2.95,0
20331028,2.93,0
20331029,2.92,0
20331030,2.89,0
20331031,2.87,0
20331101,2.83,0
20331102,2.79,0
20331103,2.77,0
20331104,2.74,0
20331105,2.72,0
20331106,2.70,0
20331107,2.68,0
20331108,2.66,0
20331109,2.63,0
20331110,2.60,0
20331111,2.59,0
20331112,2.56,0
20331113,2.54,0
20331114,2.52,0
20331115,2.49,0
20331116,2.46,0
20331117,2.45,0
20331118,2.42,0
20331119,2.40,0
20331120,2.37,0
20331121,2.36,0
20331122,2.33,0
20331123,2.32,0
20331124,2.29,0
20331125,2.27,0
20331126,2.25,0
20331127,2.23,0
20331128,2.21,0
20331129,2.19,0
20331130,2.17,0
20331201,2.21,0
20331202,2.17,0
20331203,2.15,0
20331204,2.13,0
20331205,2.12,0
20331206,2.10,0
20331207,2.09,0
20331208,2.08,0
20331209,2.06,0
20331210,2.05,0
20331211,2.04,0
20331212,2.02,0
20331213,2.02,0
20331214,2.00,0
20331215,1.99,0
20331216,1.98,0
20331217,1.98,0
20331218,1.97,0
20331219,1.96,0
20331220,1.96,0
20331221,1.96,0
20331222,1.95,0
20331223,1.94,0
20331224,1.95,0
20331225,1.94,0
20331226,1.94,0
20331227,1.93,0
20331228,1.94,0
20331229,1.94,0
20331230,1.94,0
20331231,1.94,0
20340101,1.92,0
20340102,1.93,0
20340103,1.93,0
20340104,1.94,0
20340105,1.94,0
20340106,1.95,0
20340107,1.95,0
20340108,1.96,0
20340109,1.97,0
20340110,1.98,0
20340111,1.98,0
20340112,1.99,0
20340113,2.00,0
20340114,2.01,0
20340115,2.02,0
20340116,2.03,0
20340117,2.04,0
20340118,2.06,0
20340119,2.07,0
20340120,2.07,0
20340121,2.09,0
20340122,2.10,0
20340123,2.12,0
20340124,2.13,0
20340125,2.14,0
20340126,2.16,0
20340127,2.17,0
20340128,2.19,0
20340129,2.20,0
20340130,2.21,0
20340131,2.23,0
20340201,2.17,0
20340202,2.19,0
20340203,2.21,0
20340204,2.22,0
20340205,2.24,0
20340206,2.26,0
20340207,2.28,0
20340208,2.29,0
20340209,2.31,0
20340210,2.33,0
20340211,2.34,0
20340212,2.36,0
20340213,2.38,0
20340214,2.40,0
20340215,2.42,0
20340216,2.44,0
20340217,2.46,0
20340218,2.48,0
20340219,2.49,0
20340220,2.51,0
20340221,2.54,0
20340222,2.56,0
20340223,2.57,0
20340224,2.60,0
20340225,2.63,0
20340226,2.64,0
20340227,2.66,0
20340228,2.68,0
20340301,2.70,0
20340302,2.74,0
20340303,2.77,0
20340304,2.78,0
20340305,2.81,0
20340306,2.83,0
20340307,2.85,0
20340308,2.87,0
20340309,2.89,0
20340310,2.92,0
20340311,2.94,0
20340312,2.96,0
20340313,2.99,0
20340314,3.00,0
20340315,3.02,0
20340316,3.05,0
20340317,3.06,0
20340318,3.09,0
20340319,3.11,0
20340320,3.14,0
20340321,3.15,0
20340322,3.17,0
20340323,3.19,0
20340324,3.22,0
20340325,3.24,0
20340326,3.25,0
20340327,3.27,0
20340328,3.29,0
20340329,3.31,0
20340330,3.34,0
20340331,3.36,0
20340401,3.37,0
20340402,3.42,0
20340403,3.43,0
20340404,3.46,0
20340405,3.49,0
20340406,3.50,0
20340407,3.52,0
20340408,3.53,0
20340409,3.55,0
20340410,3.57,0
20340411,3.59,0
20340412,3.60,0
20340413,3.62,0
20340414,3.63,0
20340415,3.64,0
20340416,3.66,0
20340417,3.68,0
20340418,3.70,0
20340419,3.70,0
20340420,3.72,0
20340421,3.74,0
20340422,3.77,0
20340423,3.78,0
20340424,3.78,0
20340425,3.80,0
20340426,3.82,0
20340427,3.83,0
20340428,3.85,0
20340429,3.86,0
20340430,3.88,0
20340501,3.89,0
20340502,3.92,0
20340503,3.93,0
20340504,3.95,0
20340505,3.97,0
20340506,3.97,0
20340507,3.98,0
20340508,4.01,0
20340509,4.02,0
20340510,4.02,0
20340511,4.03,0
20340512,4.06,0
20340513,4.06,0
20340514,4.07,0
20340515,4.09,0
20340516,4.11,0
20340517,4.11,0
20340518,4.13,0
20340519,4.13,0
20340520,4.13,0
20340521,4.15,0
20340522,4.15,0
20340523,4.16,0
20340524,4.17,0
20340525,4.18,0
20340526,4.19,0
20340527,4.19,0
20340528,4.21,0
20340529,4.22,0
20340530,4.23,0
20340531,4.22,0
20340601,4.22,0
20340602,4.24,0
20340603,4.23,0
20340604,4.26,0
20340605,4.26,0
20340606,4.26,0
20340607,4.26,0
20340608,4.27,0
20340609,4.28,0
20340610,4.29,0
20340611,4.28,0
20340612,4.29,0
20340613,4.29,0
20340614,4.30,0
20340615,4.29,0
20340616,4.29,0
20340617,4.30,0
20340618,4.31,0
20340619,4.31,0
20340620,4.31,0
20340621,4.32,0
20340622,4.32,0
20340623,4.31,0
20340624,4.32,0
20340625,4.33,0
20340626,4.33,0
20340627,4.33,0
20340628,4.33,0
20340629,4.33,0
20340630,4.33,0
20340701,4.33,0
20340702,4.33,0
20340703,4.32,0
20340704,4.33,0
20340705,4.33,0
20340706,4.34,0
20340707,4.33,0
20340708,4.32,0
20340709,4.34,0
20340710,4.34,0
20340711,4.32,0
20340712,4.33,0
20340713,4.34,0
20340714,4.33,0
20340715,4.33,0
20340716,4.33,0
20340717,4.33,0
20340718,4.34,0
20340719,4.32,0
20340720,4.32,0
20340721,4.32,0
20340722,4.33,0
20340723,4.31,0
20340724,4.30,0
20340725,4.30,0
20340726,4.31,0
20340727,4.31,0
20340728,4.30,0
20340729,4.28,0
20340730,4.30,0
20340731,4.29,0
20340801,4.28,0
20340802,4.27,0
20340803,4.26,0
20340804,4.26,0
20340805,4.25,0
20340806,4.24,0
20340807,4.24,0
20340808,4.23,0
20340809,4.22,0
20340810,4.22,0
20340811,4.21,0
20340812,4.20,0
20340813,4.19,0
20340814,4.18,0
20340815,4.17,0
20340816,4.16,0
20340817,4.15,0
20340818,4.14,0
20340819,4.13,0
20340820,4.11,0
20340821,4.10,0
20340822,4.09,0
20340823,4.08,0
20340824,4.07,0
20340825,4.05,0
20340826,4.04,0
20340827,4.02,0
20340828,4.01,0
20340829,3.99,0
20340830,3.98,0
20340831,3.96,0
20340901,3.98,0
20340902,3.95,0
20340903,3.93,0
20340904,3.91,0
20340905,3.91,0
20340906,3.87,0
20340907,3.86,0
20340908,3.84,0
20340909,3.83,0
20340910,3.80,0
20340911,3.79,0
20340912,3.77,0
20340913,3.75,0
20340914,3.74,0
20340915,3.71,0
20340916,3.69,0
20340917,3.68,0
20340918,3.65,0
20340919,3.63,0
20340920,3.62,0
20340921,3.61,0
20340922,3.58,0
20340923,3.56,0
20340924,3.55,0
20340925,3.52,0
20340926,3.50,0
20340927,3.49,0
20340928,3.47,0
20340929,3.46,0
20340930,3.44,0
20341001,3.40,0
20341002,3.38,0
20341003,3.36,0
20341004,3.34,0
20341005,3.32,0
20341006,3.31,0
20341007,3.28,0
20341008,3.27,0
20341009,3.25,0
20341010,3.24,0
20341011,3.22,0
20341012,3.19,0
20341013,3.19,0
20341014,3.17,0
20341015,3.15,0
20341016,3.13,0
20341017,3.11,0
20341018,3.08,0
20341019,3.06,0
20341020,3.05,0
20341021,3.04,0
20341022,3.01,0
20341023,2.99,0
20341024,2.97,0
20341025,2.95,0
20341026,2.93,0
20341027,2.91,0
20341028,2.88,0
20341029,2.87,0
20341030,2.84,0
20341031,2.82,0
20341101,2.88,0
20341102,2.84,0
20341103,2.82,0
20341104,2.78,0
20341105,2.76,0
20341106,2.74,0
20341107,2.72,0
20341108,2.70,0
20341109,2.67,0
20341110,2.65,0
20341111,2.63,0
20341112,2.60,0
20341113,2.58,0
20341114,2.56,0
20341115,2.53,0
20341116,2.50,0
20341117,2.49,0
20341118,2.46,0
20341119,2.44,0
20341120,2.41,0
20341121,2.40,0
20341122,2.37,0
20341123,2.35,0
20341124,2.32,0
20341125,2.31,0
20341126,2.29,0
20341127,2.26,0
20341128,2.25,0
20341129,2.23,0
20341130,2.21,0
20341201,2.16,0
20341202,2.12,0
20341203,2.11,0
20341204,2.09,0
20341205,2.08,0
20341206,2.06,0
20341207,2.04,0
20341208,2.04,0
20341209,2.02,0
20341210,2.01,0
20341211,2.00,0
20341212,1.98,0
20341213,1.97,0
20341214,1.96,0
20341215,1.95,0
20341216,1.94,0
20341217,1.94,0
20341218,1.93,0
20341219,1.92,0
20341220,1.92,0
20341221,1.91,0
20341222,1.91,0
20341223,1.90,0
20341224,1.91,0
20341225,1.90,0
20341226,1.90,0
20341227,1.89,0
20341228,1.90,0
20341229,1.90,0
20341230,1.90,0
20341231,1.90,0
20350101,1.88,0
20350102,1.89,0
20350103,1.89,0
20350104,1.90,0
20350105,1.90,0
20350106,1.91,0
20350107,1.91,0
20350108,1.92,0
20350109,1.92,0
20350110,1.93,0
20350111,1.94,0
20350112,1.95,0
20350113,1.96,0
20350114,1.97,0
20350115,1.98,0
20350116,1.99,0
20350117,2.00,0
20350118,2.01,0
20350119,2.03,0
20350120,2.03,0
20350121,2.05,0
20350122,2.06,0
20350123,2.07,0
20350124,2.08,0
20350125,2.10,0
20350126,2.11,0
20350127,2.13,0
20350128,2.14,0
20350129,2.16,0
20350130,2.17,0
20350131,2.19,0
20350201,2.17,0
20350202,2.19,0
20350203,2.21,0
20350204,2.22,0
20350205,2.24,0
20350206,2.26,0
20350207,2.28,0
20350208,2.29,0
20350209,2.31,0
20350210,2.33,0
20350211,2.34,0
20350212,2.36,0
20350213,2.38,0
20350214,2.40,0
20350215,2.42,0
20350216,2.44,0
20350217,2.46,0
20350218,2.48,0
20350219,2.49,0
20350220,2.51,0
20350221,2.54,0
20350222,2.56,0
20350223,2.58,0
20350224,2.60,0
20350225,2.63,0
20350226,2.64,0
20350227,2.66,0
20350228,2.68,0
20350301,2.71,0
20350302,2.75,0
20350303,2.77,0
20350304,2.79,0
20350305,2.81,0
20350306,2.84,0
20350307,2.86,0
20350308,2.88,0
20350309,2.90,0
20350310,2.92,0
20350311,2.94,0
20350312,2.97,0
20350313,2.99,0
20350314,3.01,0
20350315,3.03,0
20350316,3.05,0
20350317,3.07,0
20350318,3.10,0
20350319,3.12,0
20350320,3.14,0
20350321,3.16,0
20350322,3.18,0
20350323,3.20,0
20350324,3.22,0
20350325,3.25,0
20350326,3.26,0
20350327,3.28,0
20350328,3.30,0
20350329,3.32,0
20350330,3.34,0
20350331,3.37,0
20350401,3.43,0
20350402,3.48,0
20350403,3.50,0
20350404,3.52,0
20350405,3.55,0
20350406,3.56,0
20350407,3.58,0
20350408,3.59,0
20350409,3.61,0
20350410,3.63,0
20350411,3.65,0
20350412,3.66,0
20350413,3.68,0
20350414,3.69,0
20350415,3.70,0
20350416,3.72,0
20350417,3.74,0
20350418,3.76,0
20350419,3.77,0
20350420,3.79,0
20350421,3.81,0
20350422,3.83,0
20350423,3.84,0
20350424,3.85,0
20350425,3.87,0
20350426,3.89,0
20350427,3.90,0
20350428,3.92,0
20350429,3.92,0
20350430,3.94,0
20350501,3.91,0
20350502,3.94,0
20350503,3.95,0
20350504,3.97,0
20350505,3.99,0
20350506,4.00,0
20350507,4.00,0
20350508,4.03,0
20350509,4.04,0
20350510,4.05,0
20350511,4.05,0
20350512,4.08,0
20350513,4.09,0
20350514,4.09,0
20350515,4.11,0
20350516,4.13,0
20350517,4.13,0
20350518,4.15,0
20350519,4.15,0
20350520,4.15,0
20350521,4.17,0
20350522,4.17,0
20350523,4.19,0
20350524,4.19,0
20350525,4.20,0
20350526,4.22,0
20350527,4.22,0
20350528,4.23,0
20350529,4.24,0
20350530,4.26,0
20350531,4.24,0
20350601,4.23,0
20350602,4.25,0
20350603,4.25,0
20350604,4.27,0
20350605,4.27,0
20350606,4.28,0
20350607,4.27,0
20350608,4.28,0
20350609,4.29,0
20350610,4.30,0
20350611,4.29,0
20350612,4.30,0
20350613,4.31,0
20350614,4.31,0
20350615,4.30,0
20350616,4.31,0
20350617,4.31,0
20350618,4.32,0
20350619,4.32,0
20350620,4.32,0
20350621,4.33,0
20350622,4.33,0
20350623,4.32,0
20350624,4.34,0
20350625,4.34,0
20350626,4.34,0
20350627,4.34,0
20350628,4.34,0
20350629,4.35,0
20350630,4.35,0
20350701,4.35,0
20350702,4.35,0
20350703,4.34,0
20350704,4.35,0
20350705,4.35,0
20350706,4.36,0
20350707,4.35,0
20350708,4.34,0
20350709,4.36,0
20350710,4.36,0
20350711,4.34,0
20350712,4.35,0
20350713,4.36,0
20350714,4.35,0
20350715,4.35,0
20350716,4.35,0
20350717,4.35,0
20350718,4.36,0
20350719,4.34,0
20350720,4.34,0
20350721,4.34,0
20350722,4.35,0
20350723,4.33,0
20350724,4.32,0
20350725,4.32,0
20350726,4.33,0
20350727,4.33,0
20350728,4.32,0
20350729,4.30,0
20350730,4.32,0
20350731,4.31,0
20350801,4.30,0
20350802,4.30,0
20350803,4.29,0
20350804,4.29,0
20350805,4.28,0
20350806,4.27,0
20350807,4.27,0
20350808,4.26,0
20350809,4.25,0
20350810,4.24,0
20350811,4.24,0
20350812,4.23,0
20350813,4.22,0
20350814,4.21,0
20350815,4.20,0
20350816,4.19,0
20350817,4.18,0
20350818,4.17,0
20350819,4.16,0
20350820,4.14,0
20350821,4.13,0
20350822,4.12,0
20350823,4.11,0
20350824,4.09,0
20350825,4.08,0
20350826,4.07,0
20350827,4.05,0
20350828,4.04,0
20350829,4.02,0
20350830,4.01,0
20350831,3.99,0
20350901,3.99,0
20350902,3.96,0
20350903,3.94,0
20350904,3.93,0
20350905,3.92,0
20350906,3.89,0
20350907,3.87,0
20350908,3.85,0
20350909,3.84,0
20350910,3.81,0
20350911,3.81,0
20350912,3.78,0
20350913,3.76,0
20350914,3.75,0
20350915,3.72,0
20350916,3.70,0
20350917,3.69,0
20350918,3.66,0
20350919,3.64,0
20350920,3.63,0
20350921,3.62,0
20350922,3.59,0
20350923,3.57,0
20350924,3.56,0
20350925,3.53,0
20350926,3.52,0
20350927,3.50,0
20350928,3.49,0
20350929,3.47,0
20350930,3.45,0
20351001,3.38,0
20351002,3.36,0
20351003,3.34,0
20351004,3.32,0
20351005,3.30,0
20351006,3.29,0
20351007,3.26,0
20351008,3.26,0
20351009,3.24,0
20351010,3.22,0
20351011,3.20,0
20351012,3.17,0
20351013,3.17,0
20351014,3.15,0
20351015,3.13,0
20351016,3.11,0
20351017,3.09,0
20351018,3.07,0
20351019,3.05,0
20351020,3.03,0
20351021,3.02,0
20351022,2.99,0
20351023,2.97,0
20351024,2.96,0
20351025,2.93,0
20351026,2.91,0
20351027,2.89,0
20351028,2.86,0
20351029,2.85,0
20351030,2.83,0
20351031,2.81,0
20351101,2.82,0
20351102,2.78,0
20351103,2.76,0
20351104,2.73,0
20351105,2.71,0
20351106,2.69,0
20351107,2.67,0
20351108,2.65,0
20351109,2.62,0
20351110,2.59,0
20351111,2.58,0
20351112,2.55,0
20351113,2.53,0
20351114,2.51,0
20351115,2.48,0
20351116,2.45,0
20351117,2.44,0
20351118,2.41,0
20351119,2.39,0
20351120,2.36,0
20351121,2.35,0
20351122,2.32,0
20351123,2.31,0
20351124,2.28,0
20351125,2.26,0
20351126,2.24,0
20351127,2.22,0
20351128,2.20,0
20351129,2.18,0
20351130,2.16,0
20351201,2.17,0
20351202,2.13,0
20351203,2.12,0
20351204,2.10,0
20351205,2.09,0
20351206,2.07,0
20351207,2.05,0
20351208,2.05,0
20351209,2.03,0
20351210,2.02,0
20351211,2.01,0
20351212,1.99,0
20351213,1.98,0
20351214,1.97,0
20351215,1.96,0
20351216,1.95,0
20351217,1.95,0
20351218,1.94,0
20351219,1.93,0
20351220,1.93,0
20351221,1.93,0
20351222,1.92,0
20351223,1.91,0
20351224,1.92,0
20351225,1.91,0
20351226,1.91,0
20351227,1.90,0
20351228,1.91,0
20351229,1.91,0
20351230,1.91,0
20351231,1.91,0
20360101,1.91,0
20360102,1.91,0
20360103,1.91,0
20360104,1.92,0
20360105,1.92,0
20360106,1.93,0
20360107,1.93,0
20360108,1.94,0
20360109,1.95,0
20360110,1.96,0
20360111,1.97,0
20360112,1.97,0
20360113,1.98,0
20360114,1.99,0
20360115,2.00,0
20360116,2.01,0
20360117,2.02,0
20360118,2.04,0
20360119,2.05,0
20360120,2.05,0
20360121,2.07,0
20360122,2.08,0
20360123,2.10,0
20360124,2.11,0
20360125,2.13,0
20360126,2.14,0
20360127,2.15,0
20360128,2.17,0
20360129,2.18,0
20360130,2.19,0
20360131,2.21,0
20360201,2.23,0
20360202,2.25,0
20360203,2.26,0
20360204,2.27,0
20360205,2.30,0
20360206,2.31,0
20360207,2.33,0
20360208,2.35,0
20360209,2.37,0
20360210,2.39,0
20360211,2.40,0
20360212,2.42,0
20360213,2.44,0
20360214,2.46,0
20360215,2.48,0
20360216,2.49,0
20360217,2.52,0
20360218,2.54,0
20360219,2.55,0
20360220,2.57,0
20360221,2.60,0
20360222,2.62,0
20360223,2.63,0
20360224,2.66,0
20360225,2.69,0
20360226,2.70,0
20360227,2.72,0
20360228,2.74,0
20360229,2.76,0
20360301,2.78,0
20360302,2.80,0
20360303,2.82,0
20360304,2.84,0
20360305,2.87,0
20360306,2.89,0
20360307,2.91,0
20360308,2.93,0
20360309,2.95,0
20360310,2.97,0
20360311,3.00,0
20360312,3.02,0
20360313,3.04,0
20360314,3.06,0
20360315,3.08,0
20360316,3.10,0
20360317,3.13,0
20360318,3.15,0
20360319,3.17,0
20360320,3.19,0
20360321,3.21,0
20360322,3.23,0
20360323,3.26,0
20360324,3.28,0
20360325,3.29,0
20360326,3.31,0
20360327,3.33,0
20360328,3.35,0
20360329,3.37,0
20360330,3.40,0
20360331,3.41,0
20360401,3.53,0
20360402,3.54,0
20360403,3.56,0
20360404,3.59,0
20360405,3.60,0
20360406,3.62,0
20360407,3.63,0
20360408,3.65,0
20360409,3.68,0
20360410,3.69,0
20360411,3.70,0
20360412,3.72,0
20360413,3.73,0
20360414,3.74,0
20360415,3.76,0
20360416,3.78,0
20360417,3.80,0
20360418,3.81,0
20360419,3.83,0
20360420,3.85,0
20360421,3.88,0
20360422,3.88,0
20360423,3.89,0
20360424,3.91,0
20360425,3.93,0
20360426,3.94,0
20360427,3.96,0
20360428,3.96,0
20360429,3.99,0
20360430,3.99,0
20360501,3.94,0
20360502,3.95,0
20360503,3.96,0
20360504,3.99,0
20360505,3.99,0
20360506,4.00,0
20360507,4.03,0
20360508,4.04,0
20360509,4.04,0
20360510,4.04,0
20360511,4.08,0
20360512,4.08,0
20360513,4.09,0
20360514,4.10,0
20360515,4.12,0
20360516,4.12,0
20360517,4.15,0
20360518,4.15,0
20360519,4.15,0
20360520,4.17,0
20360521,4.17,0
20360522,4.18,0
20360523,4.18,0
20360524,4.20,0
20360525,4.21,0
20360526,4.21,0
20360527,4.22,0
20360528,4.24,0
20360529,4.25,0
20360530,4.23,0
20360531,4.25,0
20360601,4.25,0
20360602,4.25,0
20360603,4.27,0
20360604,4.27,0
20360605,4.28,0
20360606,4.27,0
20360607,4.28,0
20360608,4.29,0
20360609,4.30,0
20360610,4.29,0
20360611,4.30,0
20360612,4.31,0
20360613,4.31,0
20360614,4.30,0
20360615,4.31,0
20360616,4.31,0
20360617,4.32,0
20360618,4.32,0
20360619,4.32,0
20360620,4.33,0
20360621,4.33,0
20360622,4.32,0
20360623,4.34,0
20360624,4.34,0
20360625,4.34,0
20360626,4.34,0
20360627,4.34,0
20360628,4.35,0
20360629,4.35,0
20360630,4.35,0
20360701,4.39,0
20360702,4.39,0
20360703,4.39,0
20360704,4.39,0
20360705,4.41,0
20360706,4.39,0
20360707,4.38,0
20360708,4.40,0
20360709,4.40,0
20360710,4.38,0
20360711,4.39,0
20360712,4.40,0
20360713,4.39,0
20360714,4.39,0
20360715,4.39,0
20360716,4.39,0
20360717,4.40,0
20360718,4.38,0
20360719,4.38,0
20360720,4.38,0
20360721,4.39,0
20360722,4.37,0
20360723,4.36,0
20360724,4.36,0
20360725,4.37,0
20360726,4.37,0
20360727,4.36,0
20360728,4.34,0
20360729,4.36,0
20360730,4.35,0
20360731,4.34,0
20360801,4.31,0
20360802,4.31,0
20360803,4.30,0
20360804,4.29,0
20360805,4.29,0
20360806,4.28,0
20360807,4.27,0
20360808,4.27,0
20360809,4.26,0
20360810,4.25,0
20360811,4.24,0
20360812,4.23,0
20360813,4.22,0
20360814,4.21,0
20360815,4.20,0
20360816,4.19,0
20360817,4.18,0
20360818,4.17,0
20360819,4.16,0
20360820,4.15,0
20360821,4.13,0
20360822,4.12,0
20360823,4.11,0
20360824,4.09,0
20360825,4.08,0
20360826,4.06,0
20360827,4.05,0
20360828,4.03,0
20360829,4.02,0
20360830,4.00,0
20360831,3.99,0
20360901,3.95,0
20360902,3.93,0
20360903,3.92,0
20360904,3.91,0
20360905,3.88,0
20360906,3.86,0
20360907,3.84,0
20360908,3.83,0
20360909,3.80,0
20360910,3.80,0
20360911,3.77,0
20360912,3.75,0
20360913,3.74,0
20360914,3.71,0
20360915,3.69,0
20360916,3.68,0
20360917,3.65,0
20360918,3.63,0
20360919,3.62,0
20360920,3.61,0
20360921,3.58,0
20360922,3.56,0
20360923,3.55,0
20360924,3.52,0
20360925,3.51,0
20360926,3.49,0
20360927,3.48,0
20360928,3.46,0
20360929,3.44,0
20360930,3.41,0
20361001,3.40,0
20361002,3.39,0
20361003,3.37,0
20361004,3.35,0
20361005,3.34,0
20361006,3.31,0
20361007,3.30,0
20361008,3.28,0
20361009,3.27,0
20361010,3.25,0
20361011,3.22,0
20361012,3.22,0
20361013,3.19,0
20361014,3.17,0
20361015,3.16,0
20361016,3.14,0
20361017,3.11,0
20361018,3.09,0
20361019,3.08,0
20361020,3.06,0
20361021,3.04,0
20361022,3.02,0
20361023,3.00,0
20361024,2.98,0
20361025,2.95,0
20361026,2.93,0
20361027,2.91,0
20361028,2.90,0
20361029,2.87,0
20361030,2.85,0
20361031,2.82,0
20361101,2.83,0
20361102,2.81,0
20361103,2.78,0
20361104,2.76,0
20361105,2.74,0
20361106,2.72,0
20361107,2.69,0
20361108,2.66,0
20361109,2.64,0
20361110,2.62,0
20361111,2.59,0
20361112,2.57,0
20361113,2.55,0
20361114,2.52,0
20361115,2.50,0
20361116,2.48,0
20361117,2.45,0
20361118,2.43,0
20361119,2.41,0
20361120,2.39,0
20361121,2.36,0
20361122,2.35,0
20361123,2.32,0
20361124,2.30,0
20361125,2.28,0
20361126,2.26,0
20361127,2.24,0
20361128,2.22,0
20361129,2.20,0
20361130,2.19,0
20361201,2.06,0
20361202,2.05,0
20361203,2.03,0
20361204,2.02,0
20361205,2.00,0
20361206,1.98,0
20361207,1.98,0
20361208,1.96,0
20361209,1.95,0
20361210,1.94,0
20361211,1.92,0
20361212,1.92,0
20361213,1.90,0
20361214,1.89,0
20361215,1.88,0
20361216,1.88,0
20361217,1.87,0
20361218,1.86,0
20361219,1.86,0
20361220,1.86,0
20361221,1.85,0
20361222,1.85,0
20361223,1.85,0
20361224,1.84,0
20361225,1.84,0
20361226,1.83,0
20361227,1.84,0
20361228,1.84,0
20361229,1.84,0
20361230,1.84,0
20361231,1.85,0
20370101,1.87,0
20370102,1.88,0
20370103,1.88,0
20370104,1.89,0
20370105,1.89,0
20370106,1.90,0
20370107,1.90,0
20370108,1.91,0
20370109,1.91,0
20370110,1.93,0
20370111,1.93,0
20370112,1.94,0
20370113,1.95,0
20370114,1.96,0
20370115,1.97,0
20370116,1.98,0
20370117,1.99,0
20370118,2.00,0
20370119,2.02,0
20370120,2.02,0
20370121,2.04,0
20370122,2.05,0
20370123,2.06,0
20370124,2.08,0
20370125,2.09,0
20370126,2.10,0
20370127,2.12,0
20370128,2.13,0
20370129,2.15,0
20370130,2.16,0
20370131,2.18,0
20370201,2.20,0
20370202,2.22,0
20370203,2.23,0
20370204,2.24,0
20370205,2.27,0
20370206,2.28,0
20370207,2.31,0
20370208,2.32,0
20370209,2.34,0
20370210,2.36,0
20370211,2.37,0
20370212,2.39,0
20370213,2.41,0
20370214,2.43,0
20370215,2.45,0
20370216,2.46,0
20370217,2.49,0
20370218,2.51,0
20370219,2.52,0
20370220,2.54,0
20370221,2.56,0
20370222,2.59,0
20370223,2.60,0
20370224,2.63,0
20370225,2.65,0
20370226,2.67,0
20370227,2.69,0
20370228,2.71,0
20370301,2.70,0
20370302,2.74,0
20370303,2.76,0
20370304,2.77,0
20370305,2.80,0
20370306,2.82,0
20370307,2.85,0
20370308,2.86,0
20370309,2.89,0
20370310,2.91,0
20370311,2.93,0
20370312,2.95,0
20370313,2.98,0
20370314,2.99,0
20370315,3.01,0
20370316,3.04,0
20370317,3.05,0
20370318,3.08,0
20370319,3.10,0
20370320,3.13,0
20370321,3.14,0
20370322,3.16,0
20370323,3.18,0
20370324,3.21,0
20370325,3.23,0
20370326,3.24,0
20370327,3.26,0
20370328,3.29,0
20370329,3.30,0
20370330,3.33,0
20370331,3.35,0
20370401,3.41,0
20370402,3.46,0
20370403,3.47,0
20370404,3.49,0
20370405,3.53,0
20370406,3.53,0
20370407,3.55,0
20370408,3.56,0
20370409,3.59,0
20370410,3.61,0
20370411,3.62,0
20370412,3.63,0
20370413,3.65,0
20370414,3.66,0
20370415,3.67,0
20370416,3.69,0
20370417,3.71,0
20370418,3.73,0
20370419,3.74,0
20370420,3.76,0
20370421,3.78,0
20370422,3.81,0
20370423,3.81,0
20370424,3.82,0
20370425,3.84,0
20370426,3.86,0
20370427,3.87,0
20370428,3.89,0
20370429,3.89,0
20370430,3.92,0
20370501,3.91,0
20370502,3.94,0
20370503,3.95,0
20370504,3.97,0
20370505,3.99,0
20370506,3.99,0
20370507,4.00,0
20370508,4.03,0
20370509,4.04,0
20370510,4.04,0
20370511,4.05,0
20370512,4.08,0
20370513,4.08,0
20370514,4.09,0
20370515,4.11,0
20370516,4.13,0
20370517,4.13,0
20370518,4.15,0
20370519,4.15,0
20370520,4.15,0
20370521,4.17,0
20370522,4.17,0
20370523,4.18,0
20370524,4.19,0
20370525,4.20,0
20370526,4.22,0
20370527,4.21,0
20370528,4.23,0
20370529,4.24,0
20370530,4.25,0
20370531,4.24,0
20370601,4.23,0
20370602,4.25,0
20370603,4.24,0
20370604,4.27,0
20370605,4.27,0
20370606,4.27,0
20370607,4.27,0
20370608,4.28,0
20370609,4.29,0
20370610,4.29,0
20370611,4.29,0
20370612,4.30,0
20370613,4.30,0
20370614,4.31,0
20370615,4.30,0
20370616,4.30,0
20370617,4.31,0
20370618,4.31,0
20370619,4.32,0
20370620,4.32,0
20370621,4.32,0
20370622,4.33,0
20370623,4.32,0
20370624,4.33,0
20370625,4.34,0
20370626,4.34,0
20370627,4.34,0
20370628,4.34,0
20370629,4.34,0
20370630,4.34,0
20370701,4.39,0
20370702,4.38,0
20370703,4.38,0
20370704,4.39,0
20370705,4.38,0
20370706,4.40,0
20370707,4.38,0
20370708,4.38,0
20370709,4.40,0
20370710,4.40,0
20370711,4.38,0
20370712,4.39,0
20370713,4.39,0
20370714,4.39,0
20370715,4.39,0
20370716,4.38,0
20370717,4.38,0
20370718,4.40,0
20370719,4.38,0
20370720,4.38,0
20370721,4.37,0
20370722,4.39,0
20370723,4.36,0
20370724,4.36,0
20370725,4.36,0
20370726,4.37,0
20370727,4.37,0
20370728,4.36,0
20370729,4.34,0
20370730,4.35,0
20370731,4.35,0
20370801,4.32,0
20370802,4.31,0
20370803,4.31,0
20370804,4.30,0
20370805,4.29,0
20370806,4.29,0
20370807,4.28,0
20370808,4.27,0
20370809,4.27,0
20370810,4.26,0
20370811,4.25,0
20370812,4.24,0
20370813,4.23,0
20370814,4.22,0
20370815,4.21,0
20370816,4.20,0
20370817,4.19,0
20370818,4.18,0
20370819,4.17,0
20370820,4.16,0
20370821,4.15,0
20370822,4.13,0
20370823,4.12,0
20370824,4.11,0
20370825,4.09,0
20370826,4.08,0
20370827,4.06,0
20370828,4.05,0
20370829,4.03,0
20370830,4.02,0
20370831,4.00,0
20370901,4.00,0
20370902,3.97,0
20370903,3.95,0
20370904,3.93,0
20370905,3.93,0
20370906,3.89,0
20370907,3.88,0
20370908,3.86,0
20370909,3.85,0
20370910,3.82,0
20370911,3.81,0
20370912,3.79,0
20370913,3.77,0
20370914,3.76,0
20370915,3.72,0
20370916,3.71,0
20370917,3.69,0
20370918,3.67,0
20370919,3.65,0
20370920,3.64,0
20370921,3.62,0
20370922,3.60,0
20370923,3.58,0
20370924,3.56,0
20370925,3.53,0
20370926,3.52,0
20370927,3.51,0
20370928,3.49,0
20370929,3.48,0
20370930,3.46,0
20371001,3.38,0
20371002,3.36,0
20371003,3.34,0
20371004,3.32,0
20371005,3.30,0
20371006,3.29,0
20371007,3.26,0
20371008,3.26,0
20371009,3.24,0
20371010,3.22,0
20371011,3.20,0
20371012,3.17,0
20371013,3.17,0
20371014,3.15,0
20371015,3.13,0
20371016,3.11,0
20371017,3.09,0
20371018,3.07,0
20371019,3.05,0
20371020,3.03,0
20371021,3.02,0
20371022,2.99,0
20371023,2.97,0
20371024,2.96,0
20371025,2.93,0
20371026,2.91,0
20371027,2.89,0
20371028,2.86,0
20371029,2.85,0
20371030,2.83,0
20371031,2.81,0
20371101,2.85,0
20371102,2.81,0
20371103,2.79,0
20371104,2.76,0
20371105,2.74,0
20371106,2.72,0
20371107,2.70,0
20371108,2.67,0
20371109,2.65,0
20371110,2.62,0
20371111,2.60,0
20371112,2.58,0
20371113,2.55,0
20371114,2.53,0
20371115,2.51,0
20371116,2.48,0
20371117,2.46,0
20371118,2.44,0
20371119,2.42,0
20371120,2.39,0
20371121,2.37,0
20371122,2.35,0
20371123,2.33,0
20371124,2.30,0
20371125,2.28,0
20371126,2.27,0
20371127,2.24,0
20371128,2.22,0
20371129,2.20,0
20371130,2.19,0
20371201,2.15,0
20371202,2.11,0
20371203,2.10,0
20371204,2.08,0
20371205,2.07,0
20371206,2.05,0
20371207,2.04,0
20371208,2.03,0
20371209,2.01,0
20371210,2.00,0
20371211,1.99,0
20371212,1.97,0
20371213,1.97,0
20371214,1.95,0
20371215,1.94,0
20371216,1.93,0
20371217,1.93,0
20371218,1.92,0
20371219,1.91,0
20371220,1.91,0
20371221,1.91,0
20371222,1.90,0
20371223,1.90,0
20371224,1.90,0
20371225,1.89,0
20371226,1.89,0
20371227,1.88,0
20371228,1.89,0
20371229,1.89,0
20371230,1.89,0
20371231,1.89,0
20380101,1.89,0
20380102,1.90,0
20380103,1.90,0
20380104,1.90,0
20380105,1.91,0
20380106,1.91,0
20380107,1.92,0
20380108,1.93,0
20380109,1.93,0
20380110,1.94,0
20380111,1.95,0
20380112,1.96,0
20380113,1.96,0
20380114,1.98,0
20380115,1.98,0
20380116,1.99,0
20380117,2.01,0
20380118,2.02,0
20380119,2.03,0
20380120,2.04,0
20380121,2.05,0
20380122,2.06,0
20380123,2.08,0
20380124,2.09,0
20380125,2.11,0
20380126,2.12,0
20380127,2.13,0
20380128,2.15,0
20380129,2.16,0
20380130,2.17,0
20380131,2.19,0
20380201,2.16,0
20380202,2.18,0
20380203,2.20,0
20380204,2.21,0
20380205,2.23,0
20380206,2.25,0
20380207,2.27,0
20380208,2.28,0
20380209,2.30,0
20380210,2.32,0
20380211,2.33,0
20380212,2.35,0
20380213,2.37,0
20380214,2.39,0
20380215,2.41,0
20380216,2.43,0
20380217,2.45,0
20380218,2.47,0
20380219,2.48,0
20380220,2.50,0
20380221,2.52,0
20380222,2.55,0
20380223,2.56,0
20380224,2.59,0
20380225,2.61,0
20380226,2.63,0
20380227,2.65,0
20380228,2.67,0
20380301,2.74,0
20380302,2.78,0
20380303,2.81,0
20380304,2.82,0
20380305,2.85,0
20380306,2.87,0
20380307,2.90,0
20380308,2.91,0
20380309,2.94,0
20380310,2.96,0
20380311,2.98,0
20380312,3.00,0
20380313,3.03,0
20380314,3.04,0
20380315,3.07,0
20380316,3.09,0
20380317,3.11,0
20380318,3.13,0
20380319,3.16,0
20380320,3.18,0
20380321,3.20,0
20380322,3.21,0
20380323,3.24,0
20380324,3.26,0
20380325,3.29,0
20380326,3.29,0
20380327,3.32,0
20380328,3.34,0
20380329,3.36,0
20380330,3.38,0
20380331,3.40,0
20380401,3.41,0
20380402,3.47,0
20380403,3.48,0
20380404,3.50,0
20380405,3.53,0
20380406,3.54,0
20380407,3.56,0
20380408,3.57,0
20380409,3.60,0
20380410,3.62,0
20380411,3.63,0
20380412,3.64,0
20380413,3.66,0
20380414,3.67,0
20380415,3.68,0
20380416,3.70,0
20380417,3.72,0
20380418,3.74,0
20380419,3.75,0
20380420,3.77,0
20380421,3.79,0
20380422,3.82,0
20380423,3.82,0
20380424,3.83,0
20380425,3.85,0
20380426,3.87,0
20380427,3.88,0
20380428,3.90,0
20380429,3.90,0
20380430,3.93,0
20380501,3.86,0
20380502,3.89,0
20380503,3.90,0
20380504,3.91,0
20380505,3.94,0
20380506,3.94,0
20380507,3.95,0
20380508,3.98,0
20380509,3.99,0
20380510,3.99,0
20380511,3.99,0
20380512,4.03,0
20380513,4.03,0
20380514,4.04,0
20380515,4.05,0
20380516,4.07,0
20380517,4.07,0
20380518,4.09,0
20380519,4.10,0
20380520,4.10,0
20380521,4.12,0
20380522,4.12,0
20380523,4.13,0
20380524,4.13,0
20380525,4.15,0
20380526,4.16,0
20380527,4.16,0
20380528,4.17,0
20380529,4.19,0
20380530,4.20,0
20380531,4.18,0
20380601,4.26,0
20380602,4.28,0
20380603,4.27,0
20380604,4.30,0
20380605,4.30,0
20380606,4.30,0
20380607,4.30,0
20380608,4.31,0
20380609,4.32,0
20380610,4.33,0
20380611,4.32,0
20380612,4.33,0
20380613,4.33,0
20380614,4.34,0
20380615,4.33,0
20380616,4.33,0
20380617,4.34,0
20380618,4.35,0
20380619,4.35,0
20380620,4.35,0
20380621,4.36,0
20380622,4.36,0
20380623,4.35,0
20380624,4.36,0
20380625,4.37,0
20380626,4.37,0
20380627,4.37,0
20380628,4.37,0
20380629,4.37,0
20380630,4.37,0
20380701,4.40,0
20380702,4.39,0
20380703,4.39,0
20380704,4.39,0
20380705,4.39,0
20380706,4.41,0
20380707,4.39,0
20380708,4.39,0
20380709,4.40,0
20380710,4.40,0
20380711,4.38,0
20380712,4.40,0
20380713,4.40,0
20380714,4.40,0
20380715,4.39,0
20380716,4.39,0
20380717,4.39,0
20380718,4.40,0
20380719,4.38,0
20380720,4.38,0
20380721,4.38,0
20380722,4.39,0
20380723,4.37,0
20380724,4.37,0
20380725,4.37,0
20380726,4.38,0
20380727,4.37,0
20380728,4.37,0
20380729,4.34,0
20380730,4.36,0
20380731,4.35,0
20380801,4.30,0
20380802,4.30,0
20380803,4.29,0
20380804,4.28,0
20380805,4.28,0
20380806,4.27,0
20380807,4.26,0
20380808,4.25,0
20380809,4.25,0
20380810,4.24,0
20380811,4.23,0
20380812,4.22,0
20380813,4.22,0
20380814,4.20,0
20380815,4.19,0
20380816,4.18,0
20380817,4.17,0
20380818,4.16,0
20380819,4.15,0
20380820,4.14,0
20380821,4.13,0
20380822,4.11,0
20380823,4.10,0
20380824,4.09,0
20380825,4.07,0
20380826,4.06,0
20380827,4.05,0
20380828,4.03,0
20380829,4.01,0
20380830,4.00,0
20380831,3.99,0
20380901,3.95,0
20380902,3.93,0
20380903,3.91,0
20380904,3.89,0
20380905,3.88,0
20380906,3.85,0
20380907,3.84,0
20380908,3.82,0
20380909,3.81,0
20380910,3.78,0
20380911,3.77,0
20380912,3.75,0
20380913,3.73,0
20380914,3.72,0
20380915,3.68,0
20380916,3.67,0
20380917,3.66,0
20380918,3.63,0
20380919,3.61,0
20380920,3.60,0
20380921,3.59,0
20380922,3.56,0
20380923,3.54,0
20380924,3.52,0
20380925,3.50,0
20380926,3.48,0
20380927,3.47,0
20380928,3.45,0
20380929,3.44,0
20380930,3.42,0
20381001,3.46,0
20381002,3.43,0
20381003,3.41,0
20381004,3.39,0
20381005,3.37,0
20381006,3.37,0
20381007,3.34,0
20381008,3.33,0
20381009,3.31,0
20381010,3.29,0
20381011,3.27,0
20381012,3.24,0
20381013,3.24,0
20381014,3.22,0
20381015,3.20,0
20381016,3.18,0
20381017,3.16,0
20381018,3.14,0
20381019,3.12,0
20381020,3.10,0
20381021,3.09,0
20381022,3.06,0
20381023,3.04,0
20381024,3.03,0
20381025,3.00,0
20381026,2.98,0
20381027,2.96,0
20381028,2.93,0
20381029,2.92,0
20381030,2.90,0
20381031,2.87,0
20381101,2.90,0
20381102,2.86,0
20381103,2.84,0
20381104,2.81,0
20381105,2.79,0
20381106,2.77,0
20381107,2.75,0
20381108,2.72,0
20381109,2.70,0
20381110,2.67,0
20381111,2.65,0
20381112,2.63,0
20381113,2.61,0
20381114,2.58,0
20381115,2.56,0
20381116,2.53,0
20381117,2.51,0
20381118,2.49,0
20381119,2.47,0
20381120,2.44,0
20381121,2.42,0
20381122,2.40,0
20381123,2.38,0
20381124,2.35,0
20381125,2.33,0
20381126,2.31,0
20381127,2.29,0
20381128,2.27,0
20381129,2.25,0
20381130,2.23,0
20381201,2.18,0
20381202,2.14,0
20381203,2.12,0
20381204,2.10,0
20381205,2.09,0
20381206,2.07,0
20381207,2.06,0
20381208,2.05,0
20381209,2.03,0
20381210,2.02,0
20381211,2.01,0
20381212,2.00,0
20381213,1.99,0
20381214,1.97,0
20381215,1.96,0
20381216,1.96,0
20381217,1.95,0
20381218,1.94,0
20381219,1.93,0
20381220,1.93,0
20381221,1.93,0
20381222,1.92,0
20381223,1.92,0
20381224,1.92,0
20381225,1.91,0
20381226,1.91,0
20381227,1.91,0
20381228,1.91,0
20381229,1.91,0
20381230,1.91,0
20381231,1.91,0
20390101,1.90,0
20390102,1.90,0
20390103,1.90,0
20390104,1.91,0
20390105,1.92,0
20390106,1.92,0
20390107,1.92,0
20390108,1.94,0
20390109,1.94,0
20390110,1.95,0
20390111,1.96,0
20390112,1.97,0
20390113,1.97,0
20390114,1.99,0
20390115,1.99,0
20390116,2.00,0
20390117,2.01,0
20390118,2.03,0
20390119,2.04,0
20390120,2.04,0
20390121,2.06,0
20390122,2.07,0
20390123,2.09,0
20390124,2.10,0
20390125,2.11,0
20390126,2.13,0
20390127,2.14,0
20390128,2.16,0
20390129,2.17,0
20390130,2.18,0
20390131,2.20,0
20390201,2.24,0
20390202,2.26,0
20390203,2.27,0
20390204,2.28,0
20390205,2.31,0
20390206,2.32,0
20390207,2.34,0
20390208,2.36,0
20390209,2.38,0
20390210,2.40,0
20390211,2.41,0
20390212,2.43,0
20390213,2.45,0
20390214,2.47,0
20390215,2.49,0
20390216,2.51,0
20390217,2.53,0
20390218,2.55,0
20390219,2.56,0
20390220,2.58,0
20390221,2.61,0
20390222,2.63,0
20390223,2.65,0
20390224,2.67,0
20390225,2.70,0
20390226,2.71,0
20390227,2.73,0
20390228,2.75,0
20390301,2.80,0
20390302,2.84,0
20390303,2.87,0
20390304,2.88,0
20390305,2.91,0
20390306,2.93,0
20390307,2.95,0
20390308,2.97,0
20390309,2.99,0
20390310,3.02,0
20390311,3.04,0
20390312,3.06,0
20390313,3.09,0
20390314,3.10,0
20390315,3.13,0
20390316,3.15,0
20390317,3.17,0
20390318,3.19,0
20390319,3.22,0
20390320,3.24,0
20390321,3.26,0
20390322,3.28,0
20390323,3.30,0
20390324,3.32,0
20390325,3.35,0
20390326,3.36,0
20390327,3.38,0
20390328,3.40,0
20390329,3.42,0
20390330,3.44,0
20390331,3.47,0
20390401,3.43,0
20390402,3.48,0
20390403,3.49,0
20390404,3.51,0
20390405,3.55,0
20390406,3.55,0
20390407,3.57,0
20390408,3.59,0
20390409,3.61,0
20390410,3.63,0
20390411,3.64,0
20390412,3.65,0
20390413,3.68,0
20390414,3.69,0
20390415,3.69,0
20390416,3.71,0
20390417,3.73,0
20390418,3.76,0
20390419,3.76,0
20390420,3.78,0
20390421,3.80,0
20390422,3.83,0
20390423,3.83,0
20390424,3.84,0
20390425,3.86,0
20390426,3.88,0
20390427,3.89,0
20390428,3.91,0
20390429,3.91,0
20390430,3.94,0
20390501,3.91,0
20390502,3.93,0
20390503,3.94,0
20390504,3.96,0
20390505,3.98,0
20390506,3.99,0
20390507,4.00,0
20390508,4.03,0
20390509,4.04,0
20390510,4.04,0
20390511,4.04,0
20390512,4.08,0
20390513,4.08,0
20390514,4.08,0
20390515,4.10,0
20390516,4.12,0
20390517,4.12,0
20390518,4.14,0
20390519,4.14,0
20390520,4.14,0
20390521,4.16,0
20390522,4.16,0
20390523,4.18,0
20390524,4.18,0
20390525,4.20,0
20390526,4.21,0
20390527,4.21,0
20390528,4.22,0
20390529,4.23,0
20390530,4.25,0
20390531,4.23,0
20390601,4.24,0
20390602,4.26,0
20390603,4.25,0
20390604,4.28,0
20390605,4.28,0
20390606,4.28,0
20390607,4.28,0
20390608,4.29,0
20390609,4.30,0
20390610,4.31,0
20390611,4.30,0
20390612,4.31,0
20390613,4.31,0
20390614,4.32,0
20390615,4.31,0
20390616,4.31,0
20390617,4.32,0
20390618,4.33,0
20390619,4.33,0
20390620,4.33,0
20390621,4.34,0
20390622,4.34,0
20390623,4.33,0
20390624,4.34,0
20390625,4.35,0
20390626,4.35,0
20390627,4.35,0
20390628,4.35,0
20390629,4.35,0
20390630,4.35,0
20390701,4.39,0
20390702,4.38,0
20390703,4.38,0
20390704,4.38,0
20390705,4.38,0
20390706,4.40,0
20390707,4.38,0
20390708,4.38,0
20390709,4.39,0
20390710,4.40,0
20390711,4.38,0
20390712,4.39,0
20390713,4.39,0
20390714,4.39,0
20390715,4.39,0
20390716,4.38,0
20390717,4.38,0
20390718,4.40,0
20390719,4.38,0
20390720,4.38,0
20390721,4.37,0
20390722,4.38,0
20390723,4.36,0
20390724,4.36,0
20390725,4.36,0
20390726,4.37,0
20390727,4.36,0
20390728,4.36,0
20390729,4.34,0
20390730,4.35,0
20390731,4.35,0
20390801,4.29,0
20390802,4.29,0
20390803,4.28,0
20390804,4.28,0
20390805,4.27,0
20390806,4.26,0
20390807,4.26,0
20390808,4.25,0
20390809,4.24,0
20390810,4.23,0
20390811,4.23,0
20390812,4.22,0
20390813,4.21,0
20390814,4.20,0
20390815,4.19,0
20390816,4.18,0
20390817,4.16,0
20390818,4.16,0
20390819,4.15,0
20390820,4.13,0
20390821,4.12,0
20390822,4.11,0
20390823,4.10,0
20390824,4.08,0
20390825,4.07,0
20390826,4.06,0
20390827,4.04,0
20390828,4.02,0
20390829,4.01,0
20390830,4.00,0
20390831,3.98,0
20390901,3.99,0
20390902,3.96,0
20390903,3.94,0
20390904,3.92,0
20390905,3.92,0
20390906,3.88,0
20390907,3.87,0
20390908,3.85,0
20390909,3.84,0
20390910,3.81,0
20390911,3.80,0
20390912,3.78,0
20390913,3.76,0
20390914,3.75,0
20390915,3.72,0
20390916,3.70,0
20390917,3.69,0
20390918,3.66,0
20390919,3.64,0
20390920,3.63,0
20390921,3.62,0
20390922,3.59,0
20390923,3.57,0
20390924,3.55,0
20390925,3.53,0
20390926,3.51,0
20390927,3.50,0
20390928,3.48,0
20390929,3.47,0
20390930,3.45,0
20391001,3.42,0
20391002,3.40,0
20391003,3.38,0
20391004,3.36,0
20391005,3.34,0
20391006,3.33,0
20391007,3.30,0
20391008,3.30,0
20391009,3.28,0
20391010,3.26,0
20391011,3.24,0
20391012,3.21,0
20391013,3.21,0
20391014,3.19,0
20391015,3.17,0
20391016,3.15,0
20391017,3.13,0
20391018,3.11,0
20391019,3.09,0
20391020,3.07,0
20391021,3.06,0
20391022,3.03,0
20391023,3.01,0
20391024,2.99,0
20391025,2.97,0
20391026,2.95,0
20391027,2.93,0
20391028,2.90,0
20391029,2.89,0
20391030,2.86,0
20391031,2.84,0
20391101,2.91,0
20391102,2.87,0
20391103,2.85,0
20391104,2.82,0
20391105,2.80,0
20391106,2.78,0
20391107,2.76,0
20391108,2.73,0
20391109,2.70,0
20391110,2.68,0
20391111,2.66,0
20391112,2.63,0
20391113,2.61,0
20391114,2.59,0
20391115,2.56,0
20391116,2.53,0
20391117,2.52,0
20391118,2.49,0
20391119,2.47,0
20391120,2.44,0
20391121,2.42,0
20391122,2.40,0
20391123,2.38,0
20391124,2.35,0
20391125,2.34,0
20391126,2.32,0
20391127,2.29,0
20391128,2.28,0
20391129,2.25,0
20391130,2.24,0
20391201,2.16,0
20391202,2.12,0
20391203,2.11,0
20391204,2.09,0
20391205,2.07,0
20391206,2.06,0
20391207,2.04,0
20391208,2.03,0
20391209,2.02,0
20391210,2.00,0
20391211,1.99,0
20391212,1.98,0
20391213,1.97,0
20391214,1.96,0
20391215,1.95,0
20391216,1.94,0
20391217,1.94,0
20391218,1.93,0
20391219,1.92,0
20391220,1.92,0
20391221,1.91,0
20391222,1.91,0
20391223,1.90,0
20391224,1.91,0
20391225,1.90,0
20391226,1.90,0
20391227,1.89,0
20391228,1.90,0
20391229,1.90,0
20391230,1.90,0
20391231,1.90,0
20400101,1.91,0
20400102,1.91,0
20400103,1.92,0
20400104,1.92,0
20400105,1.93,0
20400106,1.93,0
20400107,1.94,0
20400108,1.95,0
20400109,1.95,0
20400110,1.96,0
20400111,1.97,0
20400112,1.98,0
20400113,1.98,0
20400114,2.00,0
20400115,2.00,0
20400116,2.01,0
20400117,2.03,0
20400118,2.04,0
20400119,2.05,0
20400120,2.06,0
20400121,2.08,0
20400122,2.08,0
20400123,2.10,0
20400124,2.11,0
20400125,2.13,0
20400126,2.14,0
20400127,2.16,0
20400128,2.17,0
20400129,2.19,0
20400130,2.20,0
20400131,2.22,0
20400201,2.19,0
20400202,2.21,0
20400203,2.22,0
20400204,2.23,0
20400205,2.26,0
20400206,2.27,0
20400207,2.29,0
20400208,2.30,0
20400209,2.33,0
20400210,2.35,0
20400211,2.36,0
20400212,2.38,0
20400213,2.40,0
20400214,2.41,0
20400215,2.44,0
20400216,2.45,0
20400217,2.48,0
20400218,2.50,0
20400219,2.51,0
20400220,2.53,0
20400221,2.55,0
20400222,2.58,0
20400223,2.59,0
20400224,2.61,0
20400225,2.64,0
20400226,2.66,0
20400227,2.67,0
20400228,2.70,0
20400229,2.71,0
20400301,2.82,0
20400302,2.84,0
20400303,2.86,0
20400304,2.88,0
20400305,2.90,0
20400306,2.93,0
20400307,2.94,0
20400308,2.97,0
20400309,2.99,0
20400310,3.01,0
20400311,3.04,0
20400312,3.06,0
20400313,3.08,0
20400314,3.10,0
20400315,3.13,0
20400316,3.14,0
20400317,3.17,0
20400318,3.19,0
20400319,3.22,0
20400320,3.23,0
20400321,3.25,0
20400322,3.27,0
20400323,3.30,0
20400324,3.32,0
20400325,3.33,0
20400326,3.35,0
20400327,3.38,0
20400328,3.39,0
20400329,3.42,0
20400330,3.44,0
20400331,3.45,0
20400401,3.50,0
20400402,3.52,0
20400403,3.54,0
20400404,3.57,0
20400405,3.58,0
20400406,3.60,0
20400407,3.61,0
20400408,3.63,0
20400409,3.65,0
20400410,3.67,0
20400411,3.68,0
20400412,3.70,0
20400413,3.71,0
20400414,3.72,0
20400415,3.74,0
20400416,3.76,0
20400417,3.78,0
20400418,3.79,0
20400419,3.81,0
20400420,3.83,0
20400421,3.85,0
20400422,3.86,0
20400423,3.87,0
20400424,3.89,0
20400425,3.90,0
20400426,3.92,0
20400427,3.93,0
20400428,3.94,0
20400429,3.96,0
20400430,3.97,0
20400501,3.94,0
20400502,3.95,0
20400503,3.96,0
20400504,3.99,0
20400505,3.99,0
20400506,4.00,0
20400507,4.03,0
20400508,4.04,0
20400509,4.04,0
20400510,4.04,0
20400511,4.08,0
20400512,4.08,0
20400513,4.09,0
20400514,4.10,0
20400515,4.12,0
20400516,4.12,0
20400517,4.15,0
20400518,4.15,0
20400519,4.15,0
20400520,4.17,0
20400521,4.17,0
20400522,4.18,0
20400523,4.18,0
20400524,4.20,0
20400525,4.21,0
20400526,4.21,0
20400527,4.22,0
20400528,4.24,0
20400529,4.25,0
20400530,4.23,0
20400531,4.25,0
20400601,4.26,0
20400602,4.25,0
20400603,4.28,0
20400604,4.28,0
20400605,4.28,0
20400606,4.28,0
20400607,4.29,0
20400608,4.30,0
20400609,4.31,0
20400610,4.30,0
20400611,4.31,0
20400612,4.31,0
20400613,4.32,0
20400614,4.31,0
20400615,4.31,0
20400616,4.32,0
20400617,4.33,0
20400618,4.33,0
20400619,4.33,0
20400620,4.34,0
20400621,4.34,0
20400622,4.33,0
20400623,4.34,0
20400624,4.35,0
20400625,4.35,0
20400626,4.35,0
20400627,4.35,0
20400628,4.35,0
20400629,4.35,0
20400630,4.36,0
20400701,4.37,0
20400702,4.37,0
20400703,4.37,0
20400704,4.37,0
20400705,4.39,0
20400706,4.37,0
20400707,4.37,0
20400708,4.38,0
20400709,4.39,0
20400710,4.37,0
20400711,4.38,0
20400712,4.38,0
20400713,4.38,0
20400714,4.38,0
20400715,4.37,0
20400716,4.37,0
20400717,4.39,0
20400718,4.37,0
20400719,4.37,0
20400720,4.36,0
20400721,4.37,0
20400722,4.35,0
20400723,4.35,0
20400724,4.35,0
20400725,4.36,0
20400726,4.35,0
20400727,4.35,0
20400728,4.33,0
20400729,4.34,0
20400730,4.34,0
20400731,4.33,0
20400801,4.28,0
20400802,4.27,0
20400803,4.26,0
20400804,4.26,0
20400805,4.25,0
20400806,4.24,0
20400807,4.24,0
20400808,4.23,0
20400809,4.22,0
20400810,4.21,0
20400811,4.21,0
20400812,4.20,0
20400813,4.18,0
20400814,4.18,0
20400815,4.17,0
20400816,4.15,0
20400817,4.14,0
20400818,4.13,0
20400819,4.12,0
20400820,4.11,0
20400821,4.10,0
20400822,4.09,0
20400823,4.07,0
20400824,4.06,0
20400825,4.04,0
20400826,4.03,0
20400827,4.01,0
20400828,4.00,0
20400829,3.99,0
20400830,3.97,0
20400831,3.95,0
20400901,3.95,0
20400902,3.94,0
20400903,3.92,0
20400904,3.91,0
20400905,3.88,0
20400906,3.86,0
20400907,3.85,0
20400908,3.84,0
20400909,3.81,0
20400910,3.80,0
20400911,3.78,0
20400912,3.76,0
20400913,3.75,0
20400914,3.71,0
20400915,3.69,0
20400916,3.68,0
20400917,3.66,0
20400918,3.63,0
20400919,3.62,0
20400920,3.61,0
20400921,3.59,0
20400922,3.56,0
20400923,3.55,0
20400924,3.52,0
20400925,3.51,0
20400926,3.50,0
20400927,3.48,0
20400928,3.47,0
20400929,3.45,0
20400930,3.42,0
20401001,3.42,0
20401002,3.40,0
20401003,3.38,0
20401004,3.36,0
20401005,3.35,0
20401006,3.32,0
20401007,3.32,0
20401008,3.30,0
20401009,3.28,0
20401010,3.26,0
20401011,3.23,0
20401012,3.23,0
20401013,3.21,0
20401014,3.19,0
20401015,3.17,0
20401016,3.15,0
20401017,3.13,0
20401018,3.11,0
20401019,3.09,0
20401020,3.08,0
20401021,3.05,0
20401022,3.03,0
20401023,3.01,0
20401024,2.99,0
20401025,2.97,0
20401026,2.95,0
20401027,2.92,0
20401028,2.91,0
20401029,2.88,0
20401030,2.86,0
20401031,2.84,0
20401101,2.84,0
20401102,2.82,0
20401103,2.78,0
20401104,2.76,0
20401105,2.74,0
20401106,2.72,0
20401107,2.70,0
20401108,2.67,0
20401109,2.65,0
20401110,2.63,0
20401111,2.60,0
20401112,2.58,0
20401113,2.56,0
20401114,2.53,0
20401115,2.50,0
20401116,2.49,0
20401117,2.46,0
20401118,2.44,0
20401119,2.41,0
20401120,2.40,0
20401121,2.37,0
20401122,2.35,0
20401123,2.32,0
20401124,2.31,0
20401125,2.29,0
20401126,2.26,0
20401127,2.25,0
20401128,2.23,0
20401129,2.21,0
20401130,2.19,0
20401201,2.13,0
20401202,2.11,0
20401203,2.10,0
20401204,2.08,0
20401205,2.07,0
20401206,2.05,0
20401207,2.04,0
20401208,2.03,0
20401209,2.01,0
20401210,2.00,0
20401211,1.99,0
20401212,1.98,0
20401213,1.97,0
20401214,1.96,0
20401215,1.95,0
20401216,1.94,0
20401217,1.94,0
20401218,1.93,0
20401219,1.92,0
20401220,1.92,0
20401221,1.91,0
20401222,1.91,0
20401223,1.91,0
20401224,1.91,0
20401225,1.91,0
20401226,1.90,0
20401227,1.90,0
20401228,1.91,0
20401229,1.91,0
20401230,1.91,0
20401231,1.92,0
20410101,1.94,0
20410102,1.95,0
20410103,1.95,0
20410104,1.96,0
20410105,1.96,0
20410106,1.97,0
20410107,1.97,0
20410108,1.98,0
20410109,1.99,0
20410110,2.00,0
20410111,2.00,0
20410112,2.01,0
20410113,2.02,0
20410114,2.03,0
20410115,2.04,0
20410116,2.05,0
20410117,2.06,0
20410118,2.08,0
20410119,2.09,0
20410120,2.10,0
20410121,2.11,0
20410122,2.12,0
20410123,2.14,0
20410124,2.15,0
20410125,2.17,0
20410126,2.18,0
20410127,2.20,0
20410128,2.21,0
20410129,2.23,0
20410130,2.24,0
20410131,2.26,0
20410201,2.19,0
20410202,2.21,0
20410203,2.23,0
20410204,2.24,0
20410205,2.26,0
20410206,2.28,0
20410207,2.30,0
20410208,2.31,0
20410209,2.33,0
20410210,2.35,0
20410211,2.36,0
20410212,2.38,0
20410213,2.40,0
20410214,2.42,0
20410215,2.44,0
20410216,2.46,0
20410217,2.48,0
20410218,2.50,0
20410219,2.51,0
20410220,2.53,0
20410221,2.56,0
20410222,2.58,0
20410223,2.60,0
20410224,2.62,0
20410225,2.65,0
20410226,2.66,0
20410227,2.68,0
20410228,2.70,0
20410301,2.75,0
20410302,2.80,0
20410303,2.82,0
20410304,2.84,0
20410305,2.86,0
20410306,2.88,0
20410307,2.91,0
20410308,2.92,0
20410309,2.95,0
20410310,2.97,0
20410311,2.99,0
20410312,3.02,0
20410313,3.04,0
20410314,3.05,0
20410315,3.08,0
20410316,3.10,0
20410317,3.12,0
20410318,3.15,0
20410319,3.17,0
20410320,3.19,0
20410321,3.21,0
20410322,3.23,0
20410323,3.25,0
20410324,3.27,0
20410325,3.30,0
20410326,3.31,0
20410327,3.33,0
20410328,3.35,0
20410329,3.37,0
20410330,3.39,0
20410331,3.42,0
20410401,3.44,0
20410402,3.49,0
20410403,3.50,0
20410404,3.52,0
20410405,3.56,0
20410406,3.56,0
20410407,3.58,0
20410408,3.60,0
20410409,3.62,0
20410410,3.64,0
20410411,3.66,0
20410412,3.67,0
20410413,3.69,0
20410414,3.70,0
20410415,3.70,0
20410416,3.73,0
20410417,3.75,0
20410418,3.77,0
20410419,3.77,0
20410420,3.79,0
20410421,3.81,0
20410422,3.84,0
20410423,3.85,0
20410424,3.85,0
20410425,3.87,0
20410426,3.89,0
20410427,3.90,0
20410428,3.92,0
20410429,3.93,0
20410430,3.95,0
20410501,3.90,0
20410502,3.92,0
20410503,3.93,0
20410504,3.95,0
20410505,3.97,0
20410506,3.98,0
20410507,3.99,0
20410508,4.02,0
20410509,4.02,0
20410510,4.03,0
20410511,4.03,0
20410512,4.06,0
20410513,4.07,0
20410514,4.07,0
20410515,4.09,0
20410516,4.11,0
20410517,4.11,0
20410518,4.13,0
20410519,4.13,0
20410520,4.13,0
20410521,4.15,0
20410522,4.15,0
20410523,4.17,0
20410524,4.17,0
20410525,4.19,0
20410526,4.20,0
20410527,4.20,0
20410528,4.21,0
20410529,4.22,0
20410530,4.24,0
20410531,4.22,0
20410601,4.23,0
20410602,4.25,0
20410603,4.24,0
20410604,4.27,0
20410605,4.27,0
20410606,4.28,0
20410607,4.27,0
20410608,4.28,0
20410609,4.29,0
20410610,4.30,0
20410611,4.29,0
20410612,4.30,0
20410613,4.30,0
20410614,4.31,0
20410615,4.30,0
20410616,4.31,0
20410617,4.31,0
20410618,4.32,0
20410619,4.32,0
20410620,4.32,0
20410621,4.33,0
20410622,4.33,0
20410623,4.32,0
20410624,4.34,0
20410625,4.34,0
20410626,4.34,0
20410627,4.34,0
20410628,4.34,0
20410629,4.35,0
20410630,4.34,0
20410701,4.37,0
20410702,4.36,0
20410703,4.36,0
20410704,4.36,0
20410705,4.36,0
20410706,4.38,0
20410707,4.36,0
20410708,4.36,0
20410709,4.37,0
20410710,4.38,0
20410711,4.36,0
20410712,4.37,0
20410713,4.37,0
20410714,4.37,0
20410715,4.36,0
20410716,4.36,0
20410717,4.36,0
20410718,4.37,0
20410719,4.35,0
20410720,4.36,0
20410721,4.35,0
20410722,4.36,0
20410723,4.34,0
20410724,4.34,0
20410725,4.34,0
20410726,4.35,0
20410727,4.34,0
20410728,4.34,0
20410729,4.32,0
20410730,4.33,0
20410731,4.33,0
20410801,4.32,0
20410802,4.31,0
20410803,4.30,0
20410804,4.30,0
20410805,4.29,0
20410806,4.28,0
20410807,4.28,0
20410808,4.27,0
20410809,4.26,0
20410810,4.25,0
20410811,4.25,0
20410812,4.24,0
20410813,4.23,0
20410814,4.22,0
20410815,4.21,0
20410816,4.20,0
20410817,4.19,0
20410818,4.18,0
20410819,4.17,0
20410820,4.15,0
20410821,4.14,0
20410822,4.13,0
20410823,4.12,0
20410824,4.10,0
20410825,4.09,0
20410826,4.08,0
20410827,4.06,0
20410828,4.04,0
20410829,4.03,0
20410830,4.02,0
20410831,4.00,0
20410901,4.00,0
20410902,3.97,0
20410903,3.96,0
20410904,3.94,0
20410905,3.93,0
20410906,3.90,0
20410907,3.88,0
20410908,3.86,0
20410909,3.85,0
20410910,3.82,0
20410911,3.82,0
20410912,3.79,0
20410913,3.78,0
20410914,3.77,0
20410915,3.73,0
20410916,3.71,0
20410917,3.70,0
20410918,3.68,0
20410919,3.65,0
20410920,3.64,0
20410921,3.63,0
20410922,3.60,0
20410923,3.58,0
20410924,3.57,0
20410925,3.54,0
20410926,3.53,0
20410927,3.51,0
20410928,3.50,0
20410929,3.48,0
20410930,3.47,0
20411001,3.41,0
20411002,3.39,0
20411003,3.37,0
20411004,3.35,0
20411005,3.33,0
20411006,3.32,0
20411007,3.29,0
20411008,3.28,0
20411009,3.26,0
20411010,3.25,0
20411011,3.23,0
20411012,3.20,0
20411013,3.20,0
20411014,3.18,0
20411015,3.16,0
20411016,3.14,0
20411017,3.12,0
20411018,3.10,0
20411019,3.07,0
20411020,3.06,0
20411021,3.05,0
20411022,3.02,0
20411023,3.00,0
20411024,2.98,0
20411025,2.96,0
20411026,2.94,0
20411027,2.92,0
20411028,2.89,0
20411029,2.88,0
20411030,2.85,0
20411031,2.83,0
20411101,2.85,0
20411102,2.81,0
20411103,2.79,0
20411104,2.76,0
20411105,2.74,0
20411106,2.72,0
20411107,2.70,0
20411108,2.67,0
20411109,2.65,0
20411110,2.62,0
20411111,2.60,0
20411112,2.58,0
20411113,2.56,0
20411114,2.53,0
20411115,2.51,0
20411116,2.48,0
20411117,2.46,0
20411118,2.44,0
20411119,2.42,0
20411120,2.39,0
20411121,2.37,0
20411122,2.35,0
20411123,2.33,0
20411124,2.30,0
20411125,2.28,0
20411126,2.27,0
20411127,2.24,0
20411128,2.23,0
20411129,2.20,0
20411130,2.19,0
20411201,2.16,0
20411202,2.12,0
20411203,2.10,0
20411204,2.08,0
20411205,2.07,0
20411206,2.06,0
20411207,2.04,0
20411208,2.03,0
20411209,2.01,0
20411210,2.00,0
20411211,1.99,0
20411212,1.98,0
20411213,1.97,0
20411214,1.96,0
20411215,1.95,0
20411216,1.94,0
20411217,1.93,0
20411218,1.92,0
20411219,1.91,0
20411220,1.91,0
20411221,1.91,0
20411222,1.90,0
20411223,1.90,0
20411224,1.90,0
20411225,1.90,0
20411226,1.89,0
20411227,1.89,0
20411228,1.89,0
20411229,1.90,0
20411230,1.90,0
20411231,1.90,0
20420101,1.95,0
20420102,1.96,0
20420103,1.96,0
20420104,1.97,0
20420105,1.97,0
20420106,1.98,0
20420107,1.98,0
20420108,1.99,0
20420109,1.99,0
20420110,2.01,0
20420111,2.01,0
20420112,2.02,0
20420113,2.03,0
20420114,2.04,0
20420115,2.05,0
20420116,2.06,0
20420117,2.07,0
20420118,2.09,0
20420119,2.10,0
20420120,2.10,0
20420121,2.12,0
20420122,2.13,0
20420123,2.15,0
20420124,2.16,0
20420125,2.18,0
20420126,2.19,0
20420127,2.21,0
20420128,2.22,0
20420129,2.24,0
20420130,2.25,0
20420131,2.27,0
20420201,2.18,0
20420202,2.20,0
20420203,2.22,0
20420204,2.23,0
20420205,2.25,0
20420206,2.27,0
20420207,2.29,0
20420208,2.30,0
20420209,2.32,0
20420210,2.34,0
20420211,2.35,0
20420212,2.37,0
20420213,2.39,0
20420214,2.41,0
20420215,2.43,0
20420216,2.45,0
20420217,2.47,0
20420218,2.49,0
20420219,2.50,0
20420220,2.52,0
20420221,2.55,0
20420222,2.57,0
20420223,2.58,0
20420224,2.61,0
20420225,2.64,0
20420226,2.65,0
20420227,2.67,0
20420228,2.69,0
20420301,2.70,0
20420302,2.74,0
20420303,2.76,0
20420304,2.78,0
20420305,2.80,0
20420306,2.83,0
20420307,2.85,0
20420308,2.87,0
20420309,2.89,0
20420310,2.91,0
20420311,2.93,0
20420312,2.96,0
20420313,2.98,0
20420314,3.00,0
20420315,3.02,0
20420316,3.04,0
20420317,3.06,0
20420318,3.09,0
20420319,3.11,0
20420320,3.13,0
20420321,3.15,0
20420322,3.17,0
20420323,3.19,0
20420324,3.21,0
20420325,3.24,0
20420326,3.24,0
20420327,3.27,0
20420328,3.29,0
20420329,3.31,0
20420330,3.33,0
20420331,3.35,0
20420401,3.39,0
20420402,3.44,0
20420403,3.45,0
20420404,3.47,0
20420405,3.51,0
20420406,3.51,0
20420407,3.54,0
20420408,3.55,0
20420409,3.57,0
20420410,3.59,0
20420411,3.61,0
20420412,3.62,0
20420413,3.64,0
20420414,3.65,0
20420415,3.65,0
20420416,3.67,0
20420417,3.70,0
20420418,3.72,0
20420419,3.72,0
20420420,3.74,0
20420421,3.76,0
20420422,3.79,0
20420423,3.79,0
20420424,3.80,0
20420425,3.82,0
20420426,3.84,0
20420427,3.85,0
20420428,3.87,0
20420429,3.87,0
20420430,3.90,0
20420501,3.90,0
20420502,3.92,0
20420503,3.93,0
20420504,3.95,0
20420505,3.97,0
20420506,3.98,0
20420507,3.99,0
20420508,4.02,0
20420509,4.02,0
20420510,4.03,0
20420511,4.03,0
20420512,4.07,0
20420513,4.07,0
20420514,4.07,0
20420515,4.09,0
20420516,4.11,0
20420517,4.11,0
20420518,4.13,0
20420519,4.13,0
20420520,4.13,0
20420521,4.15,0
20420522,4.15,0
20420523,4.17,0
20420524,4.17,0
20420525,4.19,0
20420526,4.20,0
20420527,4.20,0
20420528,4.21,0
20420529,4.23,0
20420530,4.24,0
20420531,4.22,0
20420601,4.22,0
20420602,4.24,0
20420603,4.23,0
20420604,4.26,0
20420605,4.26,0
20420606,4.26,0
20420607,4.26,0
20420608,4.27,0
20420609,4.28,0
20420610,4.29,0
20420611,4.28,0
20420612,4.29,0
20420613,4.29,0
20420614,4.30,0
20420615,4.29,0
20420616,4.29,0
20420617,4.30,0
20420618,4.31,0
20420619,4.31,0
20420620,4.31,0
20420621,4.32,0
20420622,4.32,0
20420623,4.31,0
20420624,4.32,0
20420625,4.33,0
20420626,4.33,0
20420627,4.33,0
20420628,4.33,0
20420629,4.33,0
20420630,4.33,0
20420701,4.37,0
20420702,4.36,0
20420703,4.36,0
20420704,4.36,0
20420705,4.36,0
20420706,4.38,0
20420707,4.36,0
20420708,4.36,0
20420709,4.37,0
20420710,4.37,0
20420711,4.35,0
20420712,4.37,0
20420713,4.37,0
20420714,4.37,0
20420715,4.36,0
20420716,4.36,0
20420717,4.36,0
20420718,4.37,0
20420719,4.35,0
20420720,4.35,0
20420721,4.35,0
20420722,4.36,0
20420723,4.34,0
20420724,4.34,0
20420725,4.34,0
20420726,4.35,0
20420727,4.34,0
20420728,4.34,0
20420729,4.31,0
20420730,4.33,0
20420731,4.32,0
20420801,4.31,0
20420802,4.30,0
20420803,4.30,0
20420804,4.29,0
20420805,4.28,0
20420806,4.28,0
20420807,4.27,0
20420808,4.26,0
20420809,4.26,0
20420810,4.25,0
20420811,4.24,0
20420812,4.23,0
20420813,4.22,0
20420814,4.21,0
20420815,4.20,0
20420816,4.19,0
20420817,4.18,0
20420818,4.17,0
20420819,4.16,0
20420820,4.15,0
20420821,4.14,0
20420822,4.12,0
20420823,4.11,0
20420824,4.10,0
20420825,4.08,0
20420826,4.07,0
20420827,4.06,0
20420828,4.04,0
20420829,4.02,0
20420830,4.01,0
20420831,4.00,0
20420901,3.97,0
20420902,3.94,0
20420903,3.93,0
20420904,3.91,0
20420905,3.90,0
20420906,3.87,0
20420907,3.85,0
20420908,3.84,0
20420909,3.83,0
20420910,3.79,0
20420911,3.79,0
20420912,3.77,0
20420913,3.75,0
20420914,3.74,0
20420915,3.70,0
20420916,3.68,0
20420917,3.67,0
20420918,3.65,0
20420919,3.62,0
20420920,3.61,0
20420921,3.60,0
20420922,3.58,0
20420923,3.55,0
20420924,3.54,0
20420925,3.51,0
20420926,3.50,0
20420927,3.49,0
20420928,3.47,0
20420929,3.46,0
20420930,3.44,0
20421001,3.43,0
20421002,3.40,0
20421003,3.38,0
20421004,3.36,0
20421005,3.34,0
20421006,3.34,0
20421007,3.31,0
20421008,3.30,0
20421009,3.28,0
20421010,3.26,0
20421011,3.24,0
20421012,3.21,0
20421013,3.21,0
20421014,3.19,0
20421015,3.17,0
20421016,3.15,0
20421017,3.13,0
20421018,3.11,0
20421019,3.09,0
20421020,3.07,0
20421021,3.06,0
20421022,3.03,0
20421023,3.01,0
20421024,3.00,0
20421025,2.98,0
20421026,2.95,0
20421027,2.93,0
20421028,2.90,0
20421029,2.89,0
20421030,2.87,0
20421031,2.85,0
20421101,2.93,0
20421102,2.89,0
20421103,2.87,0
20421104,2.84,0
20421105,2.82,0
20421106,2.80,0
20421107,2.78,0
20421108,2.75,0
20421109,2.72,0
20421110,2.70,0
20421111,2.68,0
20421112,2.65,0
20421113,2.63,0
20421114,2.61,0
20421115,2.58,0
20421116,2.56,0
20421117,2.54,0
20421118,2.51,0
20421119,2.49,0
20421120,2.46,0
20421121,2.44,0
20421122,2.42,0
20421123,2.40,0
20421124,2.37,0
20421125,2.36,0
20421126,2.34,0
20421127,2.31,0
20421128,2.29,0
20421129,2.27,0
20421130,2.26,0
20421201,2.22,0
20421202,2.18,0
20421203,2.17,0
20421204,2.15,0
20421205,2.13,0
20421206,2.12,0
20421207,2.10,0
20421208,2.09,0
20421209,2.08,0
20421210,2.06,0
20421211,2.05,0
20421212,2.04,0
20421213,2.03,0
20421214,2.02,0
20421215,2.01,0
20421216,2.00,0
20421217,1.99,0
20421218,1.98,0
20421219,1.97,0
20421220,1.97,0
20421221,1.97,0
20421222,1.96,0
20421223,1.96,0
20421224,1.96,0
20421225,1.96,0
20421226,1.95,0
20421227,1.95,0
20421228,1.95,0
20421229,1.96,0
20421230,1.96,0
20421231,1.96,0
20430101,1.87,0
20430102,1.87,0
20430103,1.87,0
20430104,1.88,0
20430105,1.88,0
20430106,1.89,0
20430107,1.89,0
20430108,1.90,0
20430109,1.91,0
20430110,1.92,0
20430111,1.92,0
20430112,1.93,0
20430113,1.94,0
20430114,1.95,0
20430115,1.96,0
20430116,1.97,0
20430117,1.98,0
20430118,1.99,0
20430119,2.01,0
20430120,2.01,0
20430121,2.03,0
20430122,2.04,0
20430123,2.05,0
20430124,2.07,0
20430125,2.08,0
20430126,2.10,0
20430127,2.11,0
20430128,2.12,0
20430129,2.14,0
20430130,2.15,0
20430131,2.17,0
20430201,2.17,0
20430202,2.19,0
20430203,2.20,0
20430204,2.21,0
20430205,2.24,0
20430206,2.26,0
20430207,2.28,0
20430208,2.29,0
20430209,2.31,0
20430210,2.33,0
20430211,2.34,0
20430212,2.36,0
20430213,2.38,0
20430214,2.40,0
20430215,2.42,0
20430216,2.43,0
20430217,2.46,0
20430218,2.48,0
20430219,2.49,0
20430220,2.51,0
20430221,2.53,0
20430222,2.56,0
20430223,2.57,0
20430224,2.59,0
20430225,2.62,0
20430226,2.64,0
20430227,2.65,0
20430228,2.68,0
20430301,2.76,0
20430302,2.80,0
20430303,2.82,0
20430304,2.84,0
20430305,2.86,0
20430306,2.89,0
20430307,2.91,0
20430308,2.93,0
20430309,2.95,0
20430310,2.98,0
20430311,3.00,0
20430312,3.02,0
20430313,3.04,0
20430314,3.06,0
20430315,3.08,0
20430316,3.11,0
20430317,3.12,0
20430318,3.15,0
20430319,3.17,0
20430320,3.20,0
20430321,3.21,0
20430322,3.23,0
20430323,3.26,0
20430324,3.28,0
20430325,3.30,0
20430326,3.31,0
20430327,3.33,0
20430328,3.36,0
20430329,3.38,0
20430330,3.40,0
20430331,3.42,0
20430401,3.46,0
20430402,3.51,0
20430403,3.52,0
20430404,3.55,0
20430405,3.58,0
20430406,3.58,0
20430407,3.61,0
20430408,3.62,0
20430409,3.64,0
20430410,3.66,0
20430411,3.68,0
20430412,3.69,0
20430413,3.71,0
20430414,3.72,0
20430415,3.73,0
20430416,3.75,0
20430417,3.77,0
20430418,3.79,0
20430419,3.80,0
20430420,3.82,0
20430421,3.84,0
20430422,3.86,0
20430423,3.87,0
20430424,3.87,0
20430425,3.89,0
20430426,3.91,0
20430427,3.92,0
20430428,3.94,0
20430429,3.95,0
20430430,3.97,0
20430501,3.92,0
20430502,3.95,0
20430503,3.96,0
20430504,3.98,0
20430505,4.00,0
20430506,4.00,0
20430507,4.01,0
20430508,4.04,0
20430509,4.05,0
20430510,4.05,0
20430511,4.06,0
20430512,4.09,0
20430513,4.09,0
20430514,4.10,0
20430515,4.12,0
20430516,4.14,0
20430517,4.14,0
20430518,4.16,0
20430519,4.16,0
20430520,4.16,0
20430521,4.18,0
20430522,4.18,0
20430523,4.19,0
20430524,4.20,0
20430525,4.21,0
20430526,4.23,0
20430527,4.22,0
20430528,4.24,0
20430529,4.25,0
20430530,4.26,0
20430531,4.25,0
20430601,4.24,0
20430602,4.26,0
20430603,4.25,0
20430604,4.28,0
20430605,4.28,0
20430606,4.28,0
20430607,4.28,0
20430608,4.29,0
20430609,4.30,0
20430610,4.31,0
20430611,4.30,0
20430612,4.31,0
20430613,4.31,0
20430614,4.32,0
20430615,4.31,0
20430616,4.31,0
20430617,4.32,0
20430618,4.33,0
20430619,4.33,0
20430620,4.33,0
20430621,4.34,0
20430622,4.34,0
20430623,4.33,0
20430624,4.34,0
20430625,4.35,0
20430626,4.35,0
20430627,4.35,0
20430628,4.35,0
20430629,4.35,0
20430630,4.35,0
20430701,4.40,0
20430702,4.39,0
20430703,4.39,0
20430704,4.39,0
20430705,4.39,0
20430706,4.41,0
20430707,4.39,0
20430708,4.39,0
20430709,4.40,0
20430710,4.41,0
20430711,4.39,0
20430712,4.40,0
20430713,4.40,0
20430714,4.40,0
20430715,4.39,0
20430716,4.39,0
20430717,4.39,0
20430718,4.40,0
20430719,4.38,0
20430720,4.39,0
20430721,4.38,0
20430722,4.39,0
20430723,4.37,0
20430724,4.37,0
20430725,4.37,0
20430726,4.38,0
20430727,4.37,0
20430728,4.37,0
20430729,4.35,0
20430730,4.36,0
20430731,4.36,0
20430801,4.34,0
20430802,4.34,0
20430803,4.33,0
20430804,4.32,0
20430805,4.32,0
20430806,4.31,0
20430807,4.30,0
20430808,4.30,0
20430809,4.29,0
20430810,4.28,0
20430811,4.27,0
20430812,4.26,0
20430813,4.26,0
20430814,4.24,0
20430815,4.23,0
20430816,4.23,0
20430817,4.21,0
20430818,4.20,0
20430819,4.19,0
20430820,4.18,0
20430821,4.17,0
20430822,4.15,0
20430823,4.14,0
20430824,4.13,0
20430825,4.11,0
20430826,4.10,0
20430827,4.09,0
20430828,4.07,0
20430829,4.05,0
20430830,4.04,0
20430831,4.03,0
20430901,4.01,0
20430902,3.98,0
20430903,3.96,0
20430904,3.94,0
20430905,3.94,0
20430906,3.90,0
20430907,3.89,0
20430908,3.87,0
20430909,3.86,0
20430910,3.83,0
20430911,3.82,0
20430912,3.80,0
20430913,3.78,0
20430914,3.77,0
20430915,3.73,0
20430916,3.71,0
20430917,3.70,0
20430918,3.68,0
20430919,3.66,0
20430920,3.65,0
20430921,3.63,0
20430922,3.61,0
20430923,3.58,0
20430924,3.57,0
20430925,3.54,0
20430926,3.53,0
20430927,3.52,0
20430928,3.50,0
20430929,3.49,0
20430930,3.47,0
20431001,3.47,0
20431002,3.44,0
20431003,3.42,0
20431004,3.40,0
20431005,3.38,0
20431006,3.38,0
20431007,3.35,0
20431008,3.34,0
20431009,3.32,0
20431010,3.30,0
20431011,3.28,0
20431012,3.25,0
20431013,3.25,0
20431014,3.23,0
20431015,3.21,0
20431016,3.19,0
20431017,3.17,0
20431018,3.15,0
20431019,3.13,0
20431020,3.11,0
20431021,3.10,0
20431022,3.07,0
20431023,3.05,0
20431024,3.04,0
20431025,3.01,0
20431026,2.99,0
20431027,2.97,0
20431028,2.94,0
20431029,2.93,0
20431030,2.90,0
20431031,2.88,0
20431101,2.97,0
20431102,2.93,0
20431103,2.91,0
20431104,2.88,0
20431105,2.86,0
20431106,2.84,0
20431107,2.82,0
20431108,2.79,0
20431109,2.76,0
20431110,2.74,0
20431111,2.72,0
20431112,2.69,0
20431113,2.67,0
20431114,2.64,0
20431115,2.62,0
20431116,2.59,0
20431117,2.57,0
20431118,2.55,0
20431119,2.53,0
20431120,2.50,0
20431121,2.48,0
20431122,2.46,0
20431123,2.44,0
20431124,2.41,0
20431125,2.39,0
20431126,2.37,0
20431127,2.34,0
20431128,2.33,0
20431129,2.31,0
20431130,2.29,0
20431201,2.22,0
20431202,2.18,0
20431203,2.17,0
20431204,2.15,0
20431205,2.13,0
20431206,2.12,0
20431207,2.10,0
20431208,2.09,0
20431209,2.08,0
20431210,2.06,0
20431211,2.05,0
20431212,2.04,0
20431213,2.03,0
20431214,2.02,0
20431215,2.01,0
20431216,2.00,0
20431217,1.99,0
20431218,1.99,0
20431219,1.98,0
20431220,1.97,0
20431221,1.97,0
20431222,1.96,0
20431223,1.96,0
20431224,1.96,0
20431225,1.96,0
20431226,1.95,0
20431227,1.95,0
20431228,1.95,0
20431229,1.96,0
20431230,1.96,0
20431231,1.96,0
20440101,1.94,0
20440102,1.95,0
20440103,1.95,0
20440104,1.95,0
20440105,1.96,0
20440106,1.97,0
20440107,1.97,0
20440108,1.98,0
20440109,1.98,0
20440110,1.99,0
20440111,2.00,0
20440112,2.01,0
20440113,2.02,0
20440114,2.03,0
20440115,2.04,0
20440116,2.05,0
20440117,2.06,0
20440118,2.07,0
20440119,2.09,0
20440120,2.09,0
20440121,2.11,0
20440122,2.12,0
20440123,2.13,0
20440124,2.15,0
20440125,2.16,0
20440126,2.18,0
20440127,2.19,0
20440128,2.21,0
20440129,2.22,0
20440130,2.23,0
20440131,2.25,0
20440201,2.21,0
20440202,2.23,0
20440203,2.25,0
20440204,2.26,0
20440205,2.28,0
20440206,2.30,0
20440207,2.32,0
20440208,2.33,0
20440209,2.35,0
20440210,2.37,0
20440211,2.38,0
20440212,2.40,0
20440213,2.42,0
20440214,2.44,0
20440215,2.46,0
20440216,2.48,0
20440217,2.50,0
20440218,2.52,0
20440219,2.53,0
20440220,2.55,0
20440221,2.58,0
20440222,2.60,0
20440223,2.62,0
20440224,2.64,0
20440225,2.67,0
20440226,2.68,0
20440227,2.70,0
20440228,2.72,0
20440229,2.74,0
20440301,2.80,0
20440302,2.82,0
20440303,2.84,0
20440304,2.86,0
20440305,2.88,0
20440306,2.91,0
20440307,2.92,0
20440308,2.95,0
20440309,2.97,0
20440310,2.99,0
20440311,3.02,0
20440312,3.04,0
20440313,3.06,0
20440314,3.08,0
20440315,3.10,0
20440316,3.12,0
20440317,3.15,0
20440318,3.17,0
20440319,3.20,0
20440320,3.21,0
20440321,3.23,0
20440322,3.25,0
20440323,3.28,0
20440324,3.30,0
20440325,3.31,0
20440326,3.33,0
20440327,3.35,0
20440328,3.37,0
20440329,3.40,0
20440330,3.42,0
20440331,3.43,0
20440401,3.52,0
20440402,3.53,0
20440403,3.55,0
20440404,3.59,0
20440405,3.59,0
20440406,3.61,0
20440407,3.62,0
20440408,3.65,0
20440409,3.67,0
20440410,3.68,0
20440411,3.69,0
20440412,3.72,0
20440413,3.73,0
20440414,3.73,0
20440415,3.75,0
20440416,3.78,0
20440417,3.80,0
20440418,3.80,0
20440419,3.82,0
20440420,3.84,0
20440421,3.87,0
20440422,3.88,0
20440423,3.88,0
20440424,3.90,0
20440425,3.92,0
20440426,3.93,0
20440427,3.95,0
20440428,3.96,0
20440429,3.98,0
20440430,3.98,0
20440501,3.98,0
20440502,3.98,0
20440503,4.00,0
20440504,4.02,0
20440505,4.03,0
20440506,4.04,0
20440507,4.07,0
20440508,4.08,0
20440509,4.08,0
20440510,4.08,0
20440511,4.12,0
20440512,4.12,0
20440513,4.13,0
20440514,4.14,0
20440515,4.16,0
20440516,4.16,0
20440517,4.18,0
20440518,4.18,0
20440519,4.18,0
20440520,4.20,0
20440521,4.20,0
20440522,4.22,0
20440523,4.22,0
20440524,4.24,0
20440525,4.25,0
20440526,4.25,0
20440527,4.26,0
20440528,4.28,0
20440529,4.29,0
20440530,4.27,0
20440531,4.28,0
20440601,4.31,0
20440602,4.30,0
20440603,4.33,0
20440604,4.32,0
20440605,4.33,0
20440606,4.33,0
20440607,4.33,0
20440608,4.35,0
20440609,4.35,0
20440610,4.34,0
20440611,4.35,0
20440612,4.36,0
20440613,4.37,0
20440614,4.36,0
20440615,4.36,0
20440616,4.37,0
20440617,4.37,0
20440618,4.38,0
20440619,4.38,0
20440620,4.38,0
20440621,4.39,0
20440622,4.38,0
20440623,4.39,0
20440624,4.39,0
20440625,4.39,0
20440626,4.40,0
20440627,4.40,0
20440628,4.40,0
20440629,4.40,0
20440630,4.40,0
20440701,4.38,0
20440702,4.38,0
20440703,4.39,0
20440704,4.38,0
20440705,4.40,0
20440706,4.38,0
20440707,4.38,0
20440708,4.40,0
20440709,4.40,0
20440710,4.38,0
20440711,4.39,0
20440712,4.39,0
20440713,4.39,0
20440714,4.39,0
20440715,4.38,0
20440716,4.38,0
20440717,4.40,0
20440718,4.38,0
20440719,4.38,0
20440720,4.37,0
20440721,4.38,0
20440722,4.36,0
20440723,4.36,0
20440724,4.36,0
20440725,4.37,0
20440726,4.37,0
20440727,4.36,0
20440728,4.34,0
20440729,4.35,0
20440730,4.35,0
20440731,4.34,0
20440801,4.32,0
20440802,4.31,0
20440803,4.31,0
20440804,4.30,0
20440805,4.29,0
20440806,4.28,0
20440807,4.28,0
20440808,4.27,0
20440809,4.26,0
20440810,4.25,0
20440811,4.25,0
20440812,4.24,0
20440813,4.22,0
20440814,4.22,0
20440815,4.21,0
20440816,4.19,0
20440817,4.18,0
20440818,4.17,0
20440819,4.16,0
20440820,4.15,0
20440821,4.14,0
20440822,4.13,0
20440823,4.11,0
20440824,4.10,0
20440825,4.08,0
20440826,4.07,0
20440827,4.05,0
20440828,4.04,0
20440829,4.02,0
20440830,4.01,0
20440831,3.99,0
20440901,3.92,0
20440902,3.91,0
20440903,3.89,0
20440904,3.88,0
20440905,3.85,0
20440906,3.83,0
20440907,3.82,0
20440908,3.81,0
20440909,3.78,0
20440910,3.77,0
20440911,3.75,0
20440912,3.73,0
20440913,3.72,0
20440914,3.68,0
20440915,3.66,0
20440916,3.65,0
20440917,3.63,0
20440918,3.61,0
20440919,3.60,0
20440920,3.58,0
20440921,3.56,0
20440922,3.54,0
20440923,3.52,0
20440924,3.49,0
20440925,3.48,0
20440926,3.47,0
20440927,3.45,0
20440928,3.44,0
20440929,3.42,0
20440930,3.39,0
20441001,3.42,0
20441002,3.40,0
20441003,3.39,0
20441004,3.37,0
20441005,3.36,0
20441006,3.33,0
20441007,3.32,0
20441008,3.30,0
20441009,3.29,0
20441010,3.27,0
20441011,3.24,0
20441012,3.24,0
20441013,3.21,0
20441014,3.19,0
20441015,3.18,0
20441016,3.16,0
20441017,3.13,0
20441018,3.11,0
20441019,3.09,0
20441020,3.08,0
20441021,3.06,0
20441022,3.04,0
20441023,3.02,0
20441024,3.00,0
20441025,2.97,0
20441026,2.95,0
20441027,2.93,0
20441028,2.91,0
20441029,2.89,0
20441030,2.87,0
20441031,2.84,0
20441101,2.88,0
20441102,2.86,0
20441103,2.83,0
20441104,2.81,0
20441105,2.79,0
20441106,2.77,0
20441107,2.74,0
20441108,2.72,0
20441109,2.69,0
20441110,2.67,0
20441111,2.65,0
20441112,2.62,0
20441113,2.60,0
20441114,2.58,0
20441115,2.55,0
20441116,2.53,0
20441117,2.50,0
20441118,2.49,0
20441119,2.46,0
20441120,2.44,0
20441121,2.41,0
20441122,2.40,0
20441123,2.37,0
20441124,2.35,0
20441125,2.33,0
20441126,2.30,0
20441127,2.29,0
20441128,2.27,0
20441129,2.25,0
20441130,2.23,0
20441201,2.12,0
20441202,2.10,0
20441203,2.08,0
20441204,2.07,0
20441205,2.05,0
20441206,2.04,0
20441207,2.03,0
20441208,2.01,0
20441209,2.00,0
20441210,1.99,0
20441211,1.98,0
20441212,1.97,0
20441213,1.95,0
20441214,1.94,0
20441215,1.93,0
20441216,1.93,0
20441217,1.92,0
20441218,1.91,0
20441219,1.91,0
20441220,1.91,0
20441221,1.90,0
20441222,1.90,0
20441223,1.90,0
20441224,1.89,0
20441225,1.89,0
20441226,1.89,0
20441227,1.89,0
20441228,1.89,0
20441229,1.89,0
20441230,1.89,0
20441231,1.90,0
20450101,1.92,0
20450102,1.93,0
20450103,1.93,0
20450104,1.94,0
20450105,1.94,0
20450106,1.95,0
20450107,1.95,0
20450108,1.96,0
20450109,1.96,0
20450110,1.98,0
20450111,1.98,0
20450112,1.99,0
20450113,2.00,0
20450114,2.01,0
20450115,2.02,0
20450116,2.03,0
20450117,2.04,0
20450118,2.05,0
20450119,2.07,0
20450120,2.07,0
20450121,2.09,0
20450122,2.10,0
20450123,2.11,0
20450124,2.13,0
20450125,2.14,0
20450126,2.16,0
20450127,2.17,0
20450128,2.19,0
20450129,2.20,0
20450130,2.21,0
20450131,2.23,0
20450201,2.23,0
20450202,2.25,0
20450203,2.27,0
20450204,2.28,0
20450205,2.30,0
20450206,2.32,0
20450207,2.34,0
20450208,2.35,0
20450209,2.37,0
20450210,2.39,0
20450211,2.40,0
20450212,2.42,0
20450213,2.45,0
20450214,2.46,0
20450215,2.48,0
20450216,2.50,0
20450217,2.52,0
20450218,2.54,0
20450219,2.55,0
20450220,2.58,0
20450221,2.60,0
20450222,2.62,0
20450223,2.64,0
20450224,2.66,0
20450225,2.69,0
20450226,2.71,0
20450227,2.72,0
20450228,2.75,0
20450301,2.79,0
20450302,2.83,0
20450303,2.85,0
20450304,2.87,0
20450305,2.89,0
20450306,2.92,0
20450307,2.94,0
20450308,2.96,0
20450309,2.98,0
20450310,3.00,0
20450311,3.02,0
20450312,3.05,0
20450313,3.07,0
20450314,3.09,0
20450315,3.11,0
20450316,3.14,0
20450317,3.15,0
20450318,3.18,0
20450319,3.20,0
20450320,3.23,0
20450321,3.24,0
20450322,3.26,0
20450323,3.29,0
20450324,3.31,0
20450325,3.33,0
20450326,3.34,0
20450327,3.37,0
20450328,3.39,0
20450329,3.41,0
20450330,3.43,0
20450331,3.45,0
20450401,3.45,0
20450402,3.50,0
20450403,3.51,0
20450404,3.53,0
20450405,3.57,0
20450406,3.57,0
20450407,3.60,0
20450408,3.61,0
20450409,3.63,0
20450410,3.65,0
20450411,3.67,0
20450412,3.68,0
20450413,3.70,0
20450414,3.71,0
20450415,3.72,0
20450416,3.74,0
20450417,3.76,0
20450418,3.78,0
20450419,3.79,0
20450420,3.81,0
20450421,3.83,0
20450422,3.85,0
20450423,3.86,0
20450424,3.86,0
20450425,3.88,0
20450426,3.90,0
20450427,3.91,0
20450428,3.93,0
20450429,3.94,0
20450430,3.96,0
20450501,3.87,0
20450502,3.90,0
20450503,3.91,0
20450504,3.93,0
20450505,3.95,0
20450506,3.96,0
20450507,3.96,0
20450508,3.99,0
20450509,4.00,0
20450510,4.01,0
20450511,4.01,0
20450512,4.04,0
20450513,4.05,0
20450514,4.05,0
20450515,4.07,0
20450516,4.09,0
20450517,4.09,0
20450518,4.11,0
20450519,4.11,0
20450520,4.11,0
20450521,4.13,0
20450522,4.13,0
20450523,4.15,0
20450524,4.15,0
20450525,4.16,0
20450526,4.18,0
20450527,4.18,0
20450528,4.19,0
20450529,4.20,0
20450530,4.22,0
20450531,4.20,0
20450601,4.22,0
20450602,4.24,0
20450603,4.23,0
20450604,4.26,0
20450605,4.26,0
20450606,4.26,0
20450607,4.26,0
20450608,4.27,0
20450609,4.28,0
20450610,4.28,0
20450611,4.27,0
20450612,4.29,0
20450613,4.29,0
20450614,4.30,0
20450615,4.29,0
20450616,4.29,0
20450617,4.30,0
20450618,4.30,0
20450619,4.31,0
20450620,4.31,0
20450621,4.31,0
20450622,4.32,0
20450623,4.31,0
20450624,4.32,0
20450625,4.33,0
20450626,4.33,0
20450627,4.33,0
20450628,4.33,0
20450629,4.33,0
20450630,4.33,0
20450701,4.38,0
20450702,4.38,0
20450703,4.37,0
20450704,4.38,0
20450705,4.38,0
20450706,4.39,0
20450707,4.38,0
20450708,4.37,0
20450709,4.39,0
20450710,4.39,0
20450711,4.37,0
20450712,4.38,0
20450713,4.39,0
20450714,4.38,0
20450715,4.38,0
20450716,4.37,0
20450717,4.38,0
20450718,4.39,0
20450719,4.37,0
20450720,4.37,0
20450721,4.37,0
20450722,4.38,0
20450723,4.36,0
20450724,4.35,0
20450725,4.35,0
20450726,4.36,0
20450727,4.36,0
20450728,4.35,0
20450729,4.33,0
20450730,4.35,0
20450731,4.34,0
20450801,4.32,0
20450802,4.31,0
20450803,4.31,0
20450804,4.30,0
20450805,4.29,0
20450806,4.29,0
20450807,4.28,0
20450808,4.27,0
20450809,4.26,0
20450810,4.26,0
20450811,4.25,0
20450812,4.24,0
20450813,4.23,0
20450814,4.22,0
20450815,4.21,0
20450816,4.20,0
20450817,4.19,0
20450818,4.18,0
20450819,4.17,0
20450820,4.16,0
20450821,4.15,0
20450822,4.13,0
20450823,4.12,0
20450824,4.11,0
20450825,4.09,0
20450826,4.08,0
20450827,4.06,0
20450828,4.05,0
20450829,4.03,0
20450830,4.02,0
20450831,4.00,0
20450901,3.98,0
20450902,3.95,0
20450903,3.93,0
20450904,3.91,0
20450905,3.91,0
20450906,3.87,0
20450907,3.86,0
20450908,3.84,0
20450909,3.83,0
20450910,3.80,0
20450911,3.79,0
20450912,3.77,0
20450913,3.75,0
20450914,3.74,0
20450915,3.71,0
20450916,3.69,0
20450917,3.68,0
20450918,3.65,0
20450919,3.63,0
20450920,3.62,0
20450921,3.61,0
20450922,3.58,0
20450923,3.56,0
20450924,3.54,0
20450925,3.52,0
20450926,3.50,0
20450927,3.49,0
20450928,3.47,0
20450929,3.46,0
20450930,3.44,0
20451001,3.48,0
20451002,3.45,0
20451003,3.43,0
20451004,3.41,0
20451005,3.40,0
20451006,3.39,0
20451007,3.36,0
20451008,3.35,0
20451009,3.33,0
20451010,3.32,0
20451011,3.30,0
20451012,3.27,0
20451013,3.27,0
20451014,3.24,0
20451015,3.22,0
20451016,3.20,0
20451017,3.18,0
20451018,3.16,0
20451019,3.14,0
20451020,3.12,0
20451021,3.11,0
20451022,3.08,0
20451023,3.06,0
20451024,3.05,0
20451025,3.03,0
20451026,3.00,0
20451027,2.98,0
20451028,2.95,0
20451029,2.94,0
20451030,2.92,0
20451031,2.89,0
20451101,2.87,0
20451102,2.84,0
20451103,2.82,0
20451104,2.78,0
20451105,2.76,0
20451106,2.74,0
20451107,2.72,0
20451108,2.70,0
20451109,2.67,0
20451110,2.65,0
20451111,2.63,0
20451112,2.60,0
20451113,2.58,0
20451114,2.55,0
20451115,2.53,0
20451116,2.50,0
20451117,2.49,0
20451118,2.46,0
20451119,2.44,0
20451120,2.41,0
20451121,2.39,0
20451122,2.37,0
20451123,2.35,0
20451124,2.32,0
20451125,2.31,0
20451126,2.29,0
20451127,2.26,0
20451128,2.25,0
20451129,2.23,0
20451130,2.21,0
20451201,2.19,0
20451202,2.15,0
20451203,2.13,0
20451204,2.12,0
20451205,2.10,0
20451206,2.09,0
20451207,2.07,0
20451208,2.06,0
20451209,2.05,0
20451210,2.03,0
20451211,2.02,0
20451212,2.01,0
20451213,2.00,0
20451214,1.99,0
20451215,1.98,0
20451216,1.97,0
20451217,1.96,0
20451218,1.96,0
20451219,1.95,0
20451220,1.94,0
20451221,1.94,0
20451222,1.93,0
20451223,1.93,0
20451224,1.93,0
20451225,1.93,0
20451226,1.93,0
20451227,1.92,0
20451228,1.92,0
20451229,1.93,0
20451230,1.93,0
20451231,1.93,0
20460101,1.90,0
20460102,1.91,0
20460103,1.91,0
20460104,1.91,0
20460105,1.92,0
20460106,1.93,0
20460107,1.93,0
20460108,1.94,0
20460109,1.94,0
20460110,1.95,0
20460111,1.96,0
20460112,1.97,0
20460113,1.98,0
20460114,1.99,0
20460115,2.00,0
20460116,2.00,0
20460117,2.02,0
20460118,2.03,0
20460119,2.04,0
20460120,2.05,0
20460121,2.07,0
20460122,2.07,0
20460123,2.09,0
20460124,2.10,0
20460125,2.12,0
20460126,2.13,0
20460127,2.15,0
20460128,2.16,0
20460129,2.18,0
20460130,2.19,0
20460131,2.21,0
20460201,2.20,0
20460202,2.22,0
20460203,2.24,0
20460204,2.25,0
20460205,2.27,0
20460206,2.29,0
20460207,2.31,0
20460208,2.32,0
20460209,2.34,0
20460210,2.36,0
20460211,2.37,0
20460212,2.39,0
20460213,2.41,0
20460214,2.43,0
20460215,2.45,0
20460216,2.47,0
20460217,2.49,0
20460218,2.51,0
20460219,2.52,0
20460220,2.54,0
20460221,2.57,0
20460222,2.59,0
20460223,2.61,0
20460224,2.63,0
20460225,2.66,0
20460226,2.67,0
20460227,2.69,0
20460228,2.71,0
20460301,2.75,0
20460302,2.79,0
20460303,2.82,0
20460304,2.83,0
20460305,2.86,0
20460306,2.88,0
20460307,2.91,0
20460308,2.92,0
20460309,2.95,0
20460310,2.97,0
20460311,2.99,0
20460312,3.01,0
20460313,3.04,0
20460314,3.05,0
20460315,3.08,0
20460316,3.10,0
20460317,3.12,0
20460318,3.14,0
20460319,3.17,0
20460320,3.19,0
20460321,3.21,0
20460322,3.23,0
20460323,3.25,0
20460324,3.27,0
20460325,3.30,0
20460326,3.30,0
20460327,3.33,0
20460328,3.35,0
20460329,3.37,0
20460330,3.39,0
20460331,3.41,0
20460401,3.45,0
20460402,3.50,0
20460403,3.52,0
20460404,3.54,0
20460405,3.57,0
20460406,3.58,0
20460407,3.60,0
20460408,3.61,0
20460409,3.63,0
20460410,3.65,0
20460411,3.67,0
20460412,3.68,0
20460413,3.70,0
20460414,3.71,0
20460415,3.72,0
20460416,3.74,0
20460417,3.76,0
20460418,3.78,0
20460419,3.79,0
20460420,3.81,0
20460421,3.83,0
20460422,3.85,0
20460423,3.86,0
20460424,3.87,0
20460425,3.89,0
20460426,3.91,0
20460427,3.92,0
20460428,3.94,0
20460429,3.94,0
20460430,3.97,0
20460501,3.92,0
20460502,3.95,0
20460503,3.96,0
20460504,3.98,0
20460505,4.00,0
20460506,4.00,0
20460507,4.01,0
20460508,4.04,0
20460509,4.05,0
20460510,4.05,0
20460511,4.06,0
20460512,4.09,0
20460513,4.09,0
20460514,4.10,0
20460515,4.11,0
20460516,4.14,0
20460517,4.14,0
20460518,4.16,0
20460519,4.16,0
20460520,4.16,0
20460521,4.18,0
20460522,4.18,0
20460523,4.19,0
20460524,4.20,0
20460525,4.21,0
20460526,4.22,0
20460527,4.22,0
20460528,4.24,0
20460529,4.25,0
20460530,4.26,0
20460531,4.25,0
20460601,4.26,0
20460602,4.28,0
20460603,4.27,0
20460604,4.30,0
20460605,4.30,0
20460606,4.30,0
20460607,4.30,0
20460608,4.31,0
20460609,4.32,0
20460610,4.32,0
20460611,4.31,0
20460612,4.33,0
20460613,4.33,0
20460614,4.34,0
20460615,4.33,0
20460616,4.33,0
20460617,4.34,0
20460618,4.34,0
20460619,4.35,0
20460620,4.35,0
20460621,4.35,0
20460622,4.36,0
20460623,4.35,0
20460624,4.36,0
20460625,4.37,0
20460626,4.37,0
20460627,4.37,0
20460628,4.37,0
20460629,4.37,0
20460630,4.37,0
20460701,4.39,0
20460702,4.39,0
20460703,4.39,0
20460704,4.39,0
20460705,4.39,0
20460706,4.41,0
20460707,4.39,0
20460708,4.38,0
20460709,4.40,0
20460710,4.40,0
20460711,4.38,0
20460712,4.39,0
20460713,4.40,0
20460714,4.39,0
20460715,4.39,0
20460716,4.39,0
20460717,4.39,0
20460718,4.40,0
20460719,4.38,0
20460720,4.38,0
20460721,4.38,0
20460722,4.39,0
20460723,4.37,0
20460724,4.36,0
20460725,4.36,0
20460726,4.37,0
20460727,4.37,0
20460728,4.36,0
20460729,4.34,0
20460730,4.36,0
20460731,4.35,0
20460801,4.32,0
20460802,4.32,0
20460803,4.31,0
20460804,4.30,0
20460805,4.30,0
20460806,4.29,0
20460807,4.28,0
20460808,4.27,0
20460809,4.27,0
20460810,4.26,0
20460811,4.25,0
20460812,4.24,0
20460813,4.24,0
20460814,4.22,0
20460815,4.21,0
20460816,4.20,0
20460817,4.19,0
20460818,4.18,0
20460819,4.17,0
20460820,4.16,0
20460821,4.15,0
20460822,4.13,0
20460823,4.12,0
20460824,4.11,0
20460825,4.09,0
20460826,4.08,0
20460827,4.07,0
20460828,4.05,0
20460829,4.03,0
20460830,4.02,0
20460831,4.01,0
20460901,4.00,0
20460902,3.97,0
20460903,3.95,0
20460904,3.94,0
20460905,3.93,0
20460906,3.90,0
20460907,3.88,0
20460908,3.86,0
20460909,3.85,0
20460910,3.82,0
20460911,3.82,0
20460912,3.79,0
20460913,3.77,0
20460914,3.76,0
20460915,3.73,0
20460916,3.71,0
20460917,3.70,0
20460918,3.67,0
20460919,3.65,0
20460920,3.64,0
20460921,3.63,0
20460922,3.60,0
20460923,3.58,0
20460924,3.57,0
20460925,3.54,0
20460926,3.52,0
20460927,3.51,0
20460928,3.49,0
20460929,3.48,0
20460930,3.46,0
20461001,3.47,0
20461002,3.44,0
20461003,3.42,0
20461004,3.41,0
20461005,3.39,0
20461006,3.38,0
20461007,3.35,0
20461008,3.34,0
20461009,3.32,0
20461010,3.31,0
20461011,3.29,0
20461012,3.26,0
20461013,3.26,0
20461014,3.23,0
20461015,3.21,0
20461016,3.20,0
20461017,3.18,0
20461018,3.15,0
20461019,3.13,0
20461020,3.11,0
20461021,3.10,0
20461022,3.08,0
20461023,3.05,0
20461024,3.04,0
20461025,3.02,0
20461026,2.99,0
20461027,2.97,0
20461028,2.95,0
20461029,2.93,0
20461030,2.91,0
20461031,2.89,0
20461101,2.89,0
20461102,2.86,0
20461103,2.84,0
20461104,2.80,0
20461105,2.78,0
20461106,2.76,0
20461107,2.74,0
20461108,2.72,0
20461109,2.69,0
20461110,2.66,0
20461111,2.64,0
20461112,2.62,0
20461113,2.60,0
20461114,2.57,0
20461115,2.55,0
20461116,2.52,0
20461117,2.50,0
20461118,2.48,0
20461119,2.46,0
20461120,2.43,0
20461121,2.41,0
20461122,2.39,0
20461123,2.37,0
20461124,2.34,0
20461125,2.32,0
20461126,2.31,0
20461127,2.28,0
20461128,2.26,0
20461129,2.24,0
20461130,2.23,0
20461201,2.22,0
20461202,2.18,0
20461203,2.16,0
20461204,2.14,0
20461205,2.13,0
20461206,2.11,0
20461207,2.10,0
20461208,2.09,0
20461209,2.07,0
20461210,2.06,0
20461211,2.05,0
20461212,2.03,0
20461213,2.02,0
20461214,2.01,0
20461215,2.00,0
20461216,1.99,0
20461217,1.99,0
20461218,1.98,0
20461219,1.97,0
20461220,1.97,0
20461221,1.97,0
20461222,1.96,0
20461223,1.95,0
20461224,1.96,0
20461225,1.95,0
20461226,1.95,0
20461227,1.94,0
20461228,1.95,0
20461229,1.95,0
20461230,1.95,0
20461231,1.95,0
20470101,1.88,0
20470102,1.88,0
20470103,1.88,0
20470104,1.89,0
20470105,1.90,0
20470106,1.90,0
20470107,1.90,0
20470108,1.91,0
20470109,1.92,0
20470110,1.93,0
20470111,1.94,0
20470112,1.94,0
20470113,1.95,0
20470114,1.96,0
20470115,1.97,0
20470116,1.98,0
20470117,1.99,0
20470118,2.01,0
20470119,2.02,0
20470120,2.02,0
20470121,2.04,0
20470122,2.05,0
20470123,2.06,0
20470124,2.08,0
20470125,2.09,0
20470126,2.11,0
20470127,2.12,0
20470128,2.14,0
20470129,2.15,0
20470130,2.16,0
20470131,2.18,0
20470201,2.23,0
20470202,2.26,0
20470203,2.27,0
20470204,2.28,0
20470205,2.31,0
20470206,2.32,0
20470207,2.34,0
20470208,2.35,0
20470209,2.38,0
20470210,2.40,0
20470211,2.41,0
20470212,2.43,0
20470213,2.45,0
20470214,2.47,0
20470215,2.49,0
20470216,2.50,0
20470217,2.53,0
20470218,2.55,0
20470219,2.56,0
20470220,2.58,0
20470221,2.60,0
20470222,2.63,0
20470223,2.64,0
20470224,2.67,0
20470225,2.70,0
20470226,2.71,0
20470227,2.73,0
20470228,2.75,0
20470301,2.71,0
20470302,2.75,0
20470303,2.77,0
20470304,2.79,0
20470305,2.81,0
20470306,2.84,0
20470307,2.86,0
20470308,2.88,0
20470309,2.90,0
20470310,2.93,0
20470311,2.94,0
20470312,2.97,0
20470313,2.99,0
20470314,3.01,0
20470315,3.03,0
20470316,3.05,0
20470317,3.07,0
20470318,3.10,0
20470319,3.12,0
20470320,3.15,0
20470321,3.16,0
20470322,3.18,0
20470323,3.20,0
20470324,3.22,0
20470325,3.25,0
20470326,3.26,0
20470327,3.28,0
20470328,3.30,0
20470329,3.32,0
20470330,3.34,0
20470331,3.37,0
20470401,3.40,0
20470402,3.46,0
20470403,3.47,0
20470404,3.49,0
20470405,3.52,0
20470406,3.53,0
20470407,3.55,0
20470408,3.56,0
20470409,3.58,0
20470410,3.60,0
20470411,3.62,0
20470412,3.63,0
20470413,3.65,0
20470414,3.66,0
20470415,3.67,0
20470416,3.69,0
20470417,3.71,0
20470418,3.73,0
20470419,3.74,0
20470420,3.76,0
20470421,3.78,0
20470422,3.80,0
20470423,3.81,0
20470424,3.82,0
20470425,3.84,0
20470426,3.86,0
20470427,3.87,0
20470428,3.89,0
20470429,3.89,0
20470430,3.91,0
20470501,3.96,0
20470502,3.99,0
20470503,4.00,0
20470504,4.02,0
20470505,4.04,0
20470506,4.04,0
20470507,4.05,0
20470508,4.08,0
20470509,4.09,0
20470510,4.09,0
20470511,4.09,0
20470512,4.13,0
20470513,4.13,0
20470514,4.14,0
20470515,4.15,0
20470516,4.17,0
20470517,4.18,0
20470518,4.20,0
20470519,4.20,0
20470520,4.20,0
20470521,4.22,0
20470522,4.22,0
20470523,4.23,0
20470524,4.24,0
20470525,4.25,0
20470526,4.26,0
20470527,4.26,0
20470528,4.27,0
20470529,4.29,0
20470530,4.30,0
20470531,4.28,0
20470601,4.27,0
20470602,4.29,0
20470603,4.28,0
20470604,4.31,0
20470605,4.30,0
20470606,4.31,0
20470607,4.31,0
20470608,4.31,0
20470609,4.33,0
20470610,4.33,0
20470611,4.32,0
20470612,4.33,0
20470613,4.34,0
20470614,4.35,0
20470615,4.33,0
20470616,4.34,0
20470617,4.35,0
20470618,4.35,0
20470619,4.36,0
20470620,4.36,0
20470621,4.36,0
20470622,4.37,0
20470623,4.35,0
20470624,4.37,0
20470625,4.37,0
20470626,4.37,0
20470627,4.38,0
20470628,4.38,0
20470629,4.38,0
20470630,4.38,0
20470701,4.40,0
20470702,4.39,0
20470703,4.39,0
20470704,4.39,0
20470705,4.39,0
20470706,4.41,0
20470707,4.39,0
20470708,4.39,0
20470709,4.40,0
20470710,4.41,0
20470711,4.39,0
20470712,4.40,0
20470713,4.40,0
20470714,4.40,0
20470715,4.39,0
20470716,4.39,0
20470717,4.39,0
20470718,4.40,0
20470719,4.38,0
20470720,4.39,0
20470721,4.38,0
20470722,4.39,0
20470723,4.37,0
20470724,4.37,0
20470725,4.37,0
20470726,4.38,0
20470727,4.37,0
20470728,4.37,0
20470729,4.35,0
20470730,4.36,0
20470731,4.36,0
20470801,4.37,0
20470802,4.37,0
20470803,4.36,0
20470804,4.36,0
20470805,4.35,0
20470806,4.34,0
20470807,4.33,0
20470808,4.33,0
20470809,4.32,0
20470810,4.31,0
20470811,4.30,0
20470812,4.30,0
20470813,4.29,0
20470814,4.27,0
20470815,4.27,0
20470816,4.26,0
20470817,4.24,0
20470818,4.23,0
20470819,4.22,0
20470820,4.21,0
20470821,4.20,0
20470822,4.18,0
20470823,4.17,0
20470824,4.16,0
20470825,4.14,0
20470826,4.13,0
20470827,4.12,0
20470828,4.10,0
20470829,4.08,0
20470830,4.07,0
20470831,4.06,0
20470901,4.09,0
20470902,4.06,0
20470903,4.04,0
20470904,4.02,0
20470905,4.01,0
20470906,3.98,0
20470907,3.96,0
20470908,3.95,0
20470909,3.94,0
20470910,3.90,0
20470911,3.90,0
20470912,3.88,0
20470913,3.86,0
20470914,3.85,0
20470915,3.81,0
20470916,3.79,0
20470917,3.78,0
20470918,3.76,0
20470919,3.73,0
20470920,3.72,0
20470921,3.71,0
20470922,3.68,0
20470923,3.66,0
20470924,3.65,0
20470925,3.62,0
20470926,3.61,0
20470927,3.59,0
20470928,3.58,0
20470929,3.56,0
20470930,3.54,0
20471001,3.48,0
20471002,3.46,0
20471003,3.44,0
20471004,3.42,0
20471005,3.40,0
20471006,3.39,0
20471007,3.36,0
20471008,3.35,0
20471009,3.33,0
20471010,3.32,0
20471011,3.30,0
20471012,3.27,0
20471013,3.27,0
20471014,3.24,0
20471015,3.22,0
20471016,3.21,0
20471017,3.19,0
20471018,3.16,0
20471019,3.14,0
20471020,3.13,0
20471021,3.11,0
20471022,3.09,0
20471023,3.07,0
20471024,3.05,0
20471025,3.03,0
20471026,3.00,0
20471027,2.98,0
20471028,2.96,0
20471029,2.94,0
20471030,2.92,0
20471031,2.90,0
20471101,2.91,0
20471102,2.87,0
20471103,2.85,0
20471104,2.82,0
20471105,2.80,0
20471106,2.78,0
20471107,2.76,0
20471108,2.73,0
20471109,2.71,0
20471110,2.68,0
20471111,2.66,0
20471112,2.64,0
20471113,2.62,0
20471114,2.59,0
20471115,2.57,0
20471116,2.54,0
20471117,2.52,0
20471118,2.50,0
20471119,2.48,0
20471120,2.45,0
20471121,2.43,0
20471122,2.40,0
20471123,2.39,0
20471124,2.36,0
20471125,2.34,0
20471126,2.32,0
20471127,2.30,0
20471128,2.28,0
20471129,2.26,0
20471130,2.24,0
20471201,2.18,0
20471202,2.14,0
20471203,2.12,0
20471204,2.11,0
20471205,2.09,0
20471206,2.08,0
20471207,2.06,0
20471208,2.05,0
20471209,2.04,0
20471210,2.02,0
20471211,2.01,0
20471212,2.00,0
20471213,1.99,0
20471214,1.98,0
20471215,1.97,0
20471216,1.96,0
20471217,1.95,0
20471218,1.95,0
20471219,1.94,0
20471220,1.93,0
20471221,1.93,0
20471222,1.92,0
20471223,1.92,0
20471224,1.92,0
20471225,1.92,0
20471226,1.92,0
20471227,1.91,0
20471228,1.91,0
20471229,1.92,0
20471230,1.92,0
20471231,1.92,0
20480101,1.91,0
20480102,1.91,0
20480103,1.91,0
20480104,1.92,0
20480105,1.92,0
20480106,1.93,0
20480107,1.93,0
20480108,1.94,0
20480109,1.95,0
20480110,1.96,0
20480111,1.97,0
20480112,1.97,0
20480113,1.98,0
20480114,1.99,0
20480115,2.00,0
20480116,2.01,0
20480117,2.02,0
20480118,2.04,0
20480119,2.05,0
20480120,2.05,0
20480121,2.07,0
20480122,2.08,0
20480123,2.10,0
20480124,2.11,0
20480125,2.12,0
20480126,2.14,0
20480127,2.15,0
20480128,2.17,0
20480129,2.18,0
20480130,2.19,0
20480131,2.21,0
20480201,2.17,0
20480202,2.19,0
20480203,2.20,0
20480204,2.21,0
20480205,2.24,0
20480206,2.25,0
20480207,2.27,0
20480208,2.28,0
20480209,2.31,0
20480210,2.33,0
20480211,2.34,0
20480212,2.36,0
20480213,2.38,0
20480214,2.39,0
20480215,2.42,0
20480216,2.43,0
20480217,2.45,0
20480218,2.48,0
20480219,2.49,0
20480220,2.51,0
20480221,2.53,0
20480222,2.55,0
20480223,2.57,0
20480224,2.59,0
20480225,2.62,0
20480226,2.64,0
20480227,2.65,0
20480228,2.68,0
20480229,2.69,0
20480301,2.67,0
20480302,2.70,0
20480303,2.71,0
20480304,2.74,0
20480305,2.76,0
20480306,2.78,0
20480307,2.80,0
20480308,2.82,0
20480309,2.85,0
20480310,2.87,0
20480311,2.89,0
20480312,2.91,0
20480313,2.93,0
20480314,2.95,0
20480315,2.97,0
20480316,2.99,0
20480317,3.02,0
20480318,3.04,0
20480319,3.06,0
20480320,3.08,0
20480321,3.10,0
20480322,3.12,0
20480323,3.14,0
20480324,3.16,0
20480325,3.17,0
20480326,3.20,0
20480327,3.22,0
20480328,3.24,0
20480329,3.26,0
20480330,3.28,0
20480331,3.29,0
20480401,3.50,0
20480402,3.52,0
20480403,3.54,0
20480404,3.57,0
20480405,3.58,0
20480406,3.60,0
20480407,3.61,0
20480408,3.63,0
20480409,3.65,0
20480410,3.67,0
20480411,3.68,0
20480412,3.70,0
20480413,3.71,0
20480414,3.72,0
20480415,3.74,0
20480416,3.76,0
20480417,3.78,0
20480418,3.79,0
20480419,3.81,0
20480420,3.83,0
20480421,3.85,0
20480422,3.86,0
20480423,3.87,0
20480424,3.89,0
20480425,3.91,0
20480426,3.92,0
20480427,3.94,0
20480428,3.94,0
20480429,3.97,0
20480430,3.97,0
20480501,3.98,0
20480502,3.99,0
20480503,4.01,0
20480504,4.03,0
20480505,4.04,0
20480506,4.05,0
20480507,4.08,0
20480508,4.08,0
20480509,4.09,0
20480510,4.09,0
20480511,4.12,0
20480512,4.13,0
20480513,4.13,0
20480514,4.15,0
20480515,4.17,0
20480516,4.17,0
20480517,4.19,0
20480518,4.19,0
20480519,4.19,0
20480520,4.21,0
20480521,4.21,0
20480522,4.23,0
20480523,4.23,0
20480524,4.24,0
20480525,4.26,0
20480526,4.26,0
20480527,4.27,0
20480528,4.28,0
20480529,4.30,0
20480530,4.28,0
20480531,4.29,0
20480601,4.26,0
20480602,4.25,0
20480603,4.28,0
20480604,4.28,0
20480605,4.28,0
20480606,4.28,0
20480607,4.29,0
20480608,4.30,0
20480609,4.30,0
20480610,4.29,0
20480611,4.31,0
20480612,4.31,0
20480613,4.32,0
20480614,4.31,0
20480615,4.31,0
20480616,4.32,0
20480617,4.32,0
20480618,4.33,0
20480619,4.33,0
20480620,4.33,0
20480621,4.34,0
20480622,4.33,0
20480623,4.34,0
20480624,4.35,0
20480625,4.35,0
20480626,4.35,0
20480627,4.35,0
20480628,4.35,0
20480629,4.35,0
20480630,4.35,0
20480701,4.40,0
20480702,4.40,0
20480703,4.40,0
20480704,4.40,0
20480705,4.42,0
20480706,4.40,0
20480707,4.39,0
20480708,4.41,0
20480709,4.41,0
20480710,4.39,0
20480711,4.40,0
20480712,4.41,0
20480713,4.40,0
20480714,4.40,0
20480715,4.40,0
20480716,4.40,0
20480717,4.41,0
20480718,4.39,0
20480719,4.39,0
20480720,4.39,0
20480721,4.40,0
20480722,4.38,0
20480723,4.37,0
20480724,4.37,0
20480725,4.38,0
20480726,4.38,0
20480727,4.37,0
20480728,4.35,0
20480729,4.37,0
20480730,4.36,0
20480731,4.35,0
20480801,4.35,0
20480802,4.34,0
20480803,4.34,0
20480804,4.33,0
20480805,4.32,0
20480806,4.32,0
20480807,4.31,0
20480808,4.30,0
20480809,4.29,0
20480810,4.29,0
20480811,4.28,0
20480812,4.27,0
20480813,4.26,0
20480814,4.25,0
20480815,4.24,0
20480816,4.22,0
20480817,4.21,0
20480818,4.21,0
20480819,4.19,0
20480820,4.18,0
20480821,4.17,0
20480822,4.16,0
20480823,4.14,0
20480824,4.13,0
20480825,4.11,0
20480826,4.10,0
20480827,4.08,0
20480828,4.07,0
20480829,4.05,0
20480830,4.04,0
20480831,4.02,0
20480901,4.00,0
20480902,3.98,0
20480903,3.96,0
20480904,3.96,0
20480905,3.92,0
20480906,3.91,0
20480907,3.89,0
20480908,3.88,0
20480909,3.85,0
20480910,3.84,0
20480911,3.82,0
20480912,3.80,0
20480913,3.79,0
20480914,3.75,0
20480915,3.73,0
20480916,3.72,0
20480917,3.70,0
20480918,3.68,0
20480919,3.66,0
20480920,3.65,0
20480921,3.63,0
20480922,3.60,0
20480923,3.59,0
20480924,3.56,0
20480925,3.55,0
20480926,3.54,0
20480927,3.52,0
20480928,3.51,0
20480929,3.49,0
20480930,3.46,0
20481001,3.45,0
20481002,3.44,0
20481003,3.42,0
20481004,3.40,0
20481005,3.39,0
20481006,3.36,0
20481007,3.35,0
20481008,3.33,0
20481009,3.32,0
20481010,3.30,0
20481011,3.27,0
20481012,3.27,0
20481013,3.24,0
20481014,3.22,0
20481015,3.21,0
20481016,3.19,0
20481017,3.16,0
20481018,3.14,0
20481019,3.12,0
20481020,3.11,0
20481021,3.09,0
20481022,3.07,0
20481023,3.05,0
20481024,3.03,0
20481025,3.00,0
20481026,2.98,0
20481027,2.96,0
20481028,2.94,0
20481029,2.92,0
20481030,2.90,0
20481031,2.87,0
20481101,2.86,0
20481102,2.84,0
20481103,2.81,0
20481104,2.79,0
20481105,2.77,0
20481106,2.75,0
20481107,2.72,0
20481108,2.70,0
20481109,2.67,0
20481110,2.65,0
20481111,2.62,0
20481112,2.60,0
20481113,2.58,0
20481114,2.55,0
20481115,2.53,0
20481116,2.51,0
20481117,2.48,0
20481118,2.46,0
20481119,2.44,0
20481120,2.42,0
20481121,2.39,0
20481122,2.38,0
20481123,2.35,0
20481124,2.33,0
20481125,2.31,0
20481126,2.28,0
20481127,2.27,0
20481128,2.25,0
20481129,2.23,0
20481130,2.22,0
20481201,2.15,0
20481202,2.14,0
20481203,2.12,0
20481204,2.10,0
20481205,2.09,0
20481206,2.07,0
20481207,2.06,0
20481208,2.05,0
20481209,2.03,0
20481210,2.02,0
20481211,2.01,0
20481212,2.00,0
20481213,1.99,0
20481214,1.98,0
20481215,1.97,0
20481216,1.96,0
20481217,1.96,0
20481218,1.95,0
20481219,1.94,0
20481220,1.94,0
20481221,1.93,0
20481222,1.93,0
20481223,1.93,0
20481224,1.93,0
20481225,1.93,0
20481226,1.92,0
20481227,1.92,0
20481228,1.93,0
20481229,1.93,0
20481230,1.93,0
20481231,1.94,0
20490101,1.95,0
20490102,1.96,0
20490103,1.96,0
20490104,1.96,0
20490105,1.97,0
20490106,1.98,0
20490107,1.98,0
20490108,1.99,0
20490109,1.99,0
20490110,2.01,0
20490111,2.01,0
20490112,2.02,0
20490113,2.03,0
20490114,2.04,0
20490115,2.05,0
20490116,2.06,0
20490117,2.07,0
20490118,2.08,0
20490119,2.10,0
20490120,2.10,0
20490121,2.12,0
20490122,2.13,0
20490123,2.15,0
20490124,2.16,0
20490125,2.17,0
20490126,2.19,0
20490127,2.20,0
20490128,2.22,0
20490129,2.23,0
20490130,2.24,0
20490131,2.26,0
20490201,2.23,0
20490202,2.25,0
20490203,2.26,0
20490204,2.27,0
20490205,2.30,0
20490206,2.31,0
20490207,2.34,0
20490208,2.35,0
20490209,2.37,0
20490210,2.39,0
20490211,2.40,0
20490212,2.42,0
20490213,2.44,0
20490214,2.46,0
20490215,2.48,0
20490216,2.50,0
20490217,2.52,0
20490218,2.54,0
20490219,2.55,0
20490220,2.57,0
20490221,2.60,0
20490222,2.62,0
20490223,2.63,0
20490224,2.66,0
20490225,2.69,0
20490226,2.70,0
20490227,2.72,0
20490228,2.74,0
20490301,2.76,0
20490302,2.80,0
20490303,2.82,0
20490304,2.84,0
20490305,2.86,0
20490306,2.89,0
20490307,2.91,0
20490308,2.93,0
20490309,2.95,0
20490310,2.97,0
20490311,2.99,0
20490312,3.02,0
20490313,3.04,0
20490314,3.06,0
20490315,3.08,0
20490316,3.10,0
20490317,3.12,0
20490318,3.15,0
20490319,3.17,0
20490320,3.20,0
20490321,3.21,0
20490322,3.23,0
20490323,3.25,0
20490324,3.28,0
20490325,3.30,0
20490326,3.31,0
20490327,3.33,0
20490328,3.35,0
20490329,3.37,0
20490330,3.40,0
20490331,3.42,0
20490401,3.47,0
20490402,3.52,0
20490403,3.53,0
20490404,3.56,0
20490405,3.59,0
20490406,3.60,0
20490407,3.62,0
20490408,3.63,0
20490409,3.65,0
20490410,3.67,0
20490411,3.69,0
20490412,3.70,0
20490413,3.72,0
20490414,3.73,0
20490415,3.74,0
20490416,3.76,0
20490417,3.78,0
20490418,3.80,0
20490419,3.81,0
20490420,3.83,0
20490421,3.85,0
20490422,3.87,0
20490423,3.88,0
20490424,3.89,0
20490425,3.91,0
20490426,3.92,0
20490427,3.94,0
20490428,3.95,0
20490429,3.96,0
20490430,3.98,0
20490501,3.99,0
20490502,4.02,0
20490503,4.03,0
20490504,4.05,0
20490505,4.07,0
20490506,4.08,0
20490507,4.08,0
20490508,4.11,0
20490509,4.12,0
20490510,4.13,0
20490511,4.13,0
20490512,4.16,0
20490513,4.17,0
20490514,4.17,0
20490515,4.19,0
20490516,4.21,0
20490517,4.21,0
20490518,4.23,0
20490519,4.23,0
20490520,4.23,0
20490521,4.25,0
20490522,4.25,0
20490523,4.26,0
20490524,4.27,0
20490525,4.28,0
20490526,4.30,0
20490527,4.30,0
20490528,4.31,0
20490529,4.32,0
20490530,4.34,0
20490531,4.32,0
20490601,4.29,0
20490602,4.31,0
20490603,4.30,0
20490604,4.33,0
20490605,4.32,0
20490606,4.33,0
20490607,4.33,0
20490608,4.33,0
20490609,4.34,0
20490610,4.35,0
20490611,4.34,0
20490612,4.35,0
20490613,4.36,0
20490614,4.36,0
20490615,4.35,0
20490616,4.36,0
20490617,4.36,0
20490618,4.37,0
20490619,4.38,0
20490620,4.37,0
20490621,4.38,0
20490622,4.38,0
20490623,4.37,0
20490624,4.39,0
20490625,4.39,0
20490626,4.39,0
20490627,4.40,0
20490628,4.40,0
20490629,4.40,0
20490630,4.40,0
20490701,4.41,0
20490702,4.40,0
20490703,4.40,0
20490704,4.41,0
20490705,4.40,0
20490706,4.42,0
20490707,4.40,0
20490708,4.40,0
20490709,4.41,0
20490710,4.42,0
20490711,4.40,0
20490712,4.41,0
20490713,4.41,0
20490714,4.41,0
20490715,4.41,0
20490716,4.40,0
20490717,4.40,0
20490718,4.42,0
20490719,4.40,0
20490720,4.40,0
20490721,4.39,0
20490722,4.40,0
20490723,4.38,0
20490724,4.38,0
20490725,4.38,0
20490726,4.39,0
20490727,4.38,0
20490728,4.38,0
20490729,4.36,0
20490730,4.37,0
20490731,4.37,0
20490801,4.33,0
20490802,4.32,0
20490803,4.32,0
20490804,4.31,0
20490805,4.30,0
20490806,4.30,0
20490807,4.29,0
20490808,4.28,0
20490809,4.28,0
20490810,4.27,0
20490811,4.26,0
20490812,4.25,0
20490813,4.24,0
20490814,4.23,0
20490815,4.22,0
20490816,4.21,0
20490817,4.20,0
20490818,4.19,0
20490819,4.18,0
20490820,4.17,0
20490821,4.16,0
20490822,4.14,0
20490823,4.13,0
20490824,4.12,0
20490825,4.10,0
20490826,4.09,0
20490827,4.07,0
20490828,4.06,0
20490829,4.04,0
20490830,4.03,0
20490831,4.01,0
20490901,3.98,0
20490902,3.96,0
20490903,3.94,0
20490904,3.92,0
20490905,3.91,0
20490906,3.88,0
20490907,3.87,0
20490908,3.85,0
20490909,3.84,0
20490910,3.81,0
20490911,3.80,0
20490912,3.78,0
20490913,3.76,0
20490914,3.75,0
20490915,3.71,0
20490916,3.69,0
20490917,3.68,0
20490918,3.66,0
20490919,3.64,0
20490920,3.63,0
20490921,3.61,0
20490922,3.59,0
20490923,3.57,0
20490924,3.55,0
20490925,3.52,0
20490926,3.51,0
20490927,3.50,0
20490928,3.48,0
20490929,3.47,0
20490930,3.45,0
20491001,3.44,0
20491002,3.41,0
20491003,3.40,0
20491004,3.38,0
20491005,3.36,0
20491006,3.35,0
20491007,3.32,0
20491008,3.31,0
20491009,3.29,0
20491010,3.28,0
20491011,3.26,0
20491012,3.23,0
20491013,3.23,0
20491014,3.20,0
20491015,3.18,0
20491016,3.17,0
20491017,3.15,0
20491018,3.12,0
20491019,3.10,0
20491020,3.09,0
20491021,3.07,0
20491022,3.05,0
20491023,3.03,0
20491024,3.01,0
20491025,2.99,0
20491026,2.96,0
20491027,2.94,0
20491028,2.92,0
20491029,2.90,0
20491030,2.88,0
20491031,2.86,0
20491101,2.85,0
20491102,2.81,0
20491103,2.79,0
20491104,2.76,0
20491105,2.74,0
20491106,2.72,0
20491107,2.70,0
20491108,2.67,0
20491109,2.64,0
20491110,2.62,0
20491111,2.60,0
20491112,2.57,0
20491113,2.55,0
20491114,2.53,0
20491115,2.50,0
20491116,2.48,0
20491117,2.46,0
20491118,2.43,0
20491119,2.42,0
20491120,2.39,0
20491121,2.37,0
20491122,2.35,0
20491123,2.33,0
20491124,2.30,0
20491125,2.28,0
20491126,2.27,0
20491127,2.24,0
20491128,2.22,0
20491129,2.20,0
20491130,2.18,0
20491201,2.22,0
20491202,2.18,0
20491203,2.16,0
20491204,2.14,0
20491205,2.13,0
20491206,2.12,0
20491207,2.10,0
20491208,2.09,0
20491209,2.07,0
20491210,2.06,0
20491211,2.05,0
20491212,2.04,0
20491213,2.03,0
20491214,2.02,0
20491215,2.00,0
20491216,2.00,0
20491217,1.99,0
20491218,1.98,0
20491219,1.97,0
20491220,1.97,0
20491221,1.97,0
20491222,1.96,0
20491223,1.96,0
20491224,1.96,0
20491225,1.95,0
20491226,1.95,0
20491227,1.95,0
20491228,1.95,0
20491229,1.95,0
20491230,1.95,0
20491231,1.95,0
20500101,1.94,0
20500102,1.94,0
20500103,1.94,0
20500104,1.95,0
20500105,1.95,0
20500106,1.96,0
20500107,1.96,0
20500108,1.98,0
20500109,1.98,0
20500110,1.99,0
20500111,2.00,0
20500112,2.01,0
20500113,2.01,0
20500114,2.03,0
20500115,2.03,0
20500116,2.04,0
20500117,2.06,0
20500118,2.07,0
20500119,2.08,0
20500120,2.09,0
20500121,2.11,0
20500122,2.11,0
20500123,2.13,0
20500124,2.14,0
20500125,2.16,0
20500126,2.17,0
20500127,2.19,0
20500128,2.20,0
20500129,2.22,0
20500130,2.23,0
20500131,2.25,0
20500201,2.21,0
20500202,2.23,0
20500203,2.24,0
20500204,2.25,0
20500205,2.28,0
20500206,2.30,0
20500207,2.32,0
20500208,2.33,0
20500209,2.35,0
20500210,2.37,0
20500211,2.38,0
20500212,2.40,0
20500213,2.42,0
20500214,2.44,0
20500215,2.46,0
20500216,2.48,0
20500217,2.50,0
20500218,2.52,0
20500219,2.53,0
20500220,2.55,0
20500221,2.58,0
20500222,2.60,0
20500223,2.62,0
20500224,2.64,0
20500225,2.67,0
20500226,2.68,0
20500227,2.70,0
20500228,2.72,0
20500301,2.80,0
20500302,2.84,0
20500303,2.86,0
20500304,2.88,0
20500305,2.90,0
20500306,2.93,0
20500307,2.95,0
20500308,2.97,0
20500309,2.99,0
20500310,3.02,0
20500311,3.03,0
20500312,3.06,0
20500313,3.08,0
20500314,3.10,0
20500315,3.12,0
20500316,3.15,0
20500317,3.16,0
20500318,3.19,0
20500319,3.22,0
20500320,3.24,0
20500321,3.25,0
20500322,3.27,0
20500323,3.30,0
20500324,3.32,0
20500325,3.34,0
20500326,3.35,0
20500327,3.38,0
20500328,3.40,0
20500329,3.42,0
20500330,3.44,0
20500331,3.46,0
20500401,3.44,0
20500402,3.49,0
20500403,3.50,0
20500404,3.53,0
20500405,3.56,0
20500406,3.57,0
20500407,3.59,0
20500408,3.60,0
20500409,3.62,0
20500410,3.64,0
20500411,3.66,0
20500412,3.67,0
20500413,3.69,0
20500414,3.70,0
20500415,3.71,0
20500416,3.73,0
20500417,3.75,0
20500418,3.77,0
20500419,3.78,0
20500420,3.80,0
20500421,3.82,0
20500422,3.84,0
20500423,3.85,0
20500424,3.86,0
20500425,3.88,0
20500426,3.89,0
20500427,3.91,0
20500428,3.92,0
20500429,3.93,0
20500430,3.95,0
20500501,3.93,0
20500502,3.96,0
20500503,3.97,0
20500504,3.99,0
20500505,4.01,0
20500506,4.02,0
20500507,4.02,0
20500508,4.05,0
20500509,4.06,0
20500510,4.07,0
20500511,4.07,0
20500512,4.10,0
20500513,4.11,0
20500514,4.11,0
20500515,4.13,0
20500516,4.15,0
20500517,4.15,0
20500518,4.17,0
20500519,4.17,0
20500520,4.17,0
20500521,4.19,0
20500522,4.19,0
20500523,4.20,0
20500524,4.21,0
20500525,4.22,0
20500526,4.24,0
20500527,4.24,0
20500528,4.25,0
20500529,4.26,0
20500530,4.28,0
20500531,4.26,0
20500601,4.25,0
20500602,4.27,0
20500603,4.27,0
20500604,4.29,0
20500605,4.29,0
20500606,4.30,0
20500607,4.29,0
20500608,4.30,0
20500609,4.31,0
20500610,4.32,0
20500611,4.31,0
20500612,4.32,0
20500613,4.33,0
20500614,4.33,0
20500615,4.32,0
20500616,4.33,0
20500617,4.33,0
20500618,4.34,0
20500619,4.34,0
20500620,4.34,0
20500621,4.35,0
20500622,4.35,0
20500623,4.34,0
20500624,4.36,0
20500625,4.36,0
20500626,4.36,0
20500627,4.36,0
20500628,4.36,0
20500629,4.37,0
20500630,4.37,0
20500701,4.42,0
20500702,4.42,0
20500703,4.42,0
20500704,4.42,0
20500705,4.42,0
20500706,4.44,0
20500707,4.42,0
20500708,4.42,0
20500709,4.43,0
20500710,4.43,0
20500711,4.41,0
20500712,4.43,0
20500713,4.43,0
20500714,4.42,0
20500715,4.42,0
20500716,4.42,0
20500717,4.42,0
20500718,4.43,0
20500719,4.41,0
20500720,4.41,0
20500721,4.41,0
20500722,4.42,0
20500723,4.40,0
20500724,4.39,0
20500725,4.39,0
20500726,4.40,0
20500727,4.40,0
20500728,4.39,0
20500729,4.37,0
20500730,4.39,0
20500731,4.38,0
20500801,4.33,0
20500802,4.33,0
20500803,4.32,0
20500804,4.32,0
20500805,4.31,0
20500806,4.30,0
20500807,4.29,0
20500808,4.29,0
20500809,4.28,0
20500810,4.27,0
20500811,4.26,0
20500812,4.26,0
20500813,4.25,0
20500814,4.23,0
20500815,4.23,0
20500816,4.22,0
20500817,4.20,0
20500818,4.19,0
20500819,4.18,0
20500820,4.17,0
20500821,4.16,0
20500822,4.15,0
20500823,4.14,0
20500824,4.12,0
20500825,4.10,0
20500826,4.09,0
20500827,4.08,0
20500828,4.06,0
20500829,4.05,0
20500830,4.03,0
20500831,4.02,0
20500901,4.01,0
20500902,3.98,0
20500903,3.96,0
20500904,3.94,0
20500905,3.94,0
20500906,3.90,0
20500907,3.89,0
20500908,3.87,0
20500909,3.86,0
20500910,3.83,0
20500911,3.82,0
20500912,3.80,0
20500913,3.78,0
20500914,3.77,0
20500915,3.73,0
20500916,3.72,0
20500917,3.71,0
20500918,3.68,0
20500919,3.66,0
20500920,3.65,0
20500921,3.63,0
20500922,3.61,0
20500923,3.59,0
20500924,3.57,0
20500925,3.54,0
20500926,3.53,0
20500927,3.52,0
20500928,3.50,0
20500929,3.49,0
20500930,3.47,0
20501001,3.51,0
20501002,3.48,0
20501003,3.46,0
20501004,3.44,0
20501005,3.43,0
20501006,3.42,0
20501007,3.39,0
20501008,3.38,0
20501009,3.36,0
20501010,3.35,0
20501011,3.33,0
20501012,3.30,0
20501013,3.30,0
20501014,3.27,0
20501015,3.25,0
20501016,3.23,0
20501017,3.21,0
20501018,3.19,0
20501019,3.17,0
20501020,3.15,0
20501021,3.14,0
20501022,3.11,0
20501023,3.09,0
20501024,3.08,0
20501025,3.06,0
20501026,3.03,0
20501027,3.01,0
20501028,2.98,0
20501029,2.97,0
20501030,2.95,0
20501031,2.92,0
20501101,2.94,0
20501102,2.90,0
20501103,2.88,0
20501104,2.85,0
20501105,2.83,0
20501106,2.81,0
20501107,2.79,0
20501108,2.76,0
20501109,2.74,0
20501110,2.71,0
20501111,2.69,0
20501112,2.67,0
20501113,2.64,0
20501114,2.62,0
20501115,2.59,0
20501116,2.57,0
20501117,2.55,0
20501118,2.52,0
20501119,2.50,0
20501120,2.48,0
20501121,2.46,0
20501122,2.43,0
20501123,2.41,0
20501124,2.38,0
20501125,2.37,0
20501126,2.35,0
20501127,2.32,0
20501128,2.31,0
20501129,2.28,0
20501130,2.27,0
20501201,2.18,0
20501202,2.14,0
20501203,2.12,0
20501204,2.10,0
20501205,2.09,0
20501206,2.08,0
20501207,2.06,0
20501208,2.05,0
20501209,2.03,0
20501210,2.02,0
20501211,2.01,0
20501212,2.00,0
20501213,1.99,0
20501214,1.98,0
20501215,1.96,0
20501216,1.96,0
20501217,1.95,0
20501218,1.94,0
20501219,1.93,0
20501220,1.93,0
20501221,1.93,0
20501222,1.92,0
20501223,1.92,0
20501224,1.92,0
20501225,1.91,0
20501226,1.91,0
20501227,1.91,0
20501228,1.91,0
20501229,1.92,0
20501230,1.91,0
20501231,1.91,0
20510101,1.93,0
20510102,1.93,0
20510103,1.94,0
20510104,1.94,0
20510105,1.95,0
20510106,1.95,0
20510107,1.96,0
20510108,1.97,0
20510109,1.97,0
20510110,1.98,0
20510111,1.99,0
20510112,2.00,0
20510113,2.00,0
20510114,2.02,0
20510115,2.03,0
20510116,2.03,0
20510117,2.05,0
20510118,2.06,0
20510119,2.07,0
20510120,2.08,0
20510121,2.10,0
20510122,2.11,0
20510123,2.12,0
20510124,2.13,0
20510125,2.15,0
20510126,2.16,0
20510127,2.18,0
20510128,2.19,0
20510129,2.21,0
20510130,2.22,0
20510131,2.24,0
20510201,2.24,0
20510202,2.26,0
20510203,2.27,0
20510204,2.28,0
20510205,2.31,0
20510206,2.33,0
20510207,2.35,0
20510208,2.36,0
20510209,2.38,0
20510210,2.40,0
20510211,2.41,0
20510212,2.43,0
20510213,2.45,0
20510214,2.47,0
20510215,2.49,0
20510216,2.51,0
20510217,2.53,0
20510218,2.55,0
20510219,2.56,0
20510220,2.58,0
20510221,2.61,0
20510222,2.63,0
20510223,2.65,0
20510224,2.67,0
20510225,2.70,0
20510226,2.71,0
20510227,2.73,0
20510228,2.75,0
20510301,2.74,0
20510302,2.78,0
20510303,2.80,0
20510304,2.82,0
20510305,2.84,0
20510306,2.86,0
20510307,2.89,0
20510308,2.90,0
20510309,2.93,0
20510310,2.95,0
20510311,2.97,0
20510312,3.00,0
20510313,3.02,0
20510314,3.03,0
20510315,3.06,0
20510316,3.08,0
20510317,3.10,0
20510318,3.13,0
20510319,3.15,0
20510320,3.17,0
20510321,3.19,0
20510322,3.21,0
20510323,3.23,0
20510324,3.25,0
20510325,3.28,0
20510326,3.28,0
20510327,3.31,0
20510328,3.33,0
20510329,3.35,0
20510330,3.37,0
20510331,3.39,0
20510401,3.39,0
20510402,3.45,0
20510403,3.46,0
20510404,3.48,0
20510405,3.51,0
20510406,3.52,0
20510407,3.54,0
20510408,3.55,0
20510409,3.57,0
20510410,3.60,0
20510411,3.61,0
20510412,3.62,0
20510413,3.64,0
20510414,3.65,0
20510415,3.66,0
20510416,3.68,0
20510417,3.70,0
20510418,3.72,0
20510419,3.73,0
20510420,3.75,0
20510421,3.77,0
20510422,3.79,0
20510423,3.80,0
20510424,3.81,0
20510425,3.83,0
20510426,3.85,0
20510427,3.86,0
20510428,3.88,0
20510429,3.88,0
20510430,3.91,0
20510501,3.95,0
20510502,3.98,0
20510503,3.99,0
20510504,4.01,0
20510505,4.03,0
20510506,4.03,0
20510507,4.04,0
20510508,4.07,0
20510509,4.08,0
20510510,4.08,0
20510511,4.08,0
20510512,4.12,0
20510513,4.12,0
20510514,4.13,0
20510515,4.14,0
20510516,4.16,0
20510517,4.17,0
20510518,4.19,0
20510519,4.19,0
20510520,4.19,0
20510521,4.21,0
20510522,4.21,0
20510523,4.22,0
20510524,4.23,0
20510525,4.24,0
20510526,4.25,0
20510527,4.25,0
20510528,4.27,0
20510529,4.28,0
20510530,4.29,0
20510531,4.27,0
20510601,4.28,0
20510602,4.30,0
20510603,4.29,0
20510604,4.32,0
20510605,4.31,0
20510606,4.32,0
20510607,4.32,0
20510608,4.32,0
20510609,4.34,0
20510610,4.34,0
20510611,4.33,0
20510612,4.34,0
20510613,4.35,0
20510614,4.36,0
20510615,4.35,0
20510616,4.35,0
20510617,4.36,0
20510618,4.36,0
20510619,4.37,0
20510620,4.37,0
20510621,4.37,0
20510622,4.38,0
20510623,4.37,0
20510624,4.38,0
20510625,4.38,0
20510626,4.38,0
20510627,4.39,0
20510628,4.39,0
20510629,4.39,0
20510630,4.39,0
20510701,4.40,0
20510702,4.40,0
20510703,4.39,0
20510704,4.40,0
20510705,4.40,0
20510706,4.41,0
20510707,4.40,0
20510708,4.39,0
20510709,4.41,0
20510710,4.41,0
20510711,4.39,0
20510712,4.40,0
20510713,4.41,0
20510714,4.40,0
20510715,4.40,0
20510716,4.40,0
20510717,4.40,0
20510718,4.41,0
20510719,4.39,0
20510720,4.39,0
20510721,4.39,0
20510722,4.40,0
20510723,4.38,0
20510724,4.37,0
20510725,4.37,0
20510726,4.38,0
20510727,4.38,0
20510728,4.37,0
20510729,4.35,0
20510730,4.37,0
20510731,4.36,0
20510801,4.35,0
20510802,4.34,0
20510803,4.34,0
20510804,4.33,0
20510805,4.32,0
20510806,4.32,0
20510807,4.31,0
20510808,4.30,0
20510809,4.30,0
20510810,4.29,0
20510811,4.28,0
20510812,4.27,0
20510813,4.26,0
20510814,4.25,0
20510815,4.24,0
20510816,4.23,0
20510817,4.22,0
20510818,4.21,0
20510819,4.20,0
20510820,4.19,0
20510821,4.18,0
20510822,4.16,0
20510823,4.15,0
20510824,4.14,0
20510825,4.12,0
20510826,4.11,0
20510827,4.09,0
20510828,4.08,0
20510829,4.06,0
20510830,4.05,0
20510831,4.03,0
20510901,4.01,0
20510902,3.98,0
20510903,3.97,0
20510904,3.95,0
20510905,3.94,0
20510906,3.91,0
20510907,3.89,0
20510908,3.87,0
20510909,3.86,0
20510910,3.83,0
20510911,3.83,0
20510912,3.80,0
20510913,3.79,0
20510914,3.78,0
20510915,3.74,0
20510916,3.72,0
20510917,3.71,0
20510918,3.69,0
20510919,3.66,0
20510920,3.65,0
20510921,3.64,0
20510922,3.61,0
20510923,3.59,0
20510924,3.58,0
20510925,3.55,0
20510926,3.54,0
20510927,3.52,0
20510928,3.51,0
20510929,3.49,0
20510930,3.47,0
20511001,3.51,0
20511002,3.48,0
20511003,3.46,0
20511004,3.44,0
20511005,3.42,0
20511006,3.41,0
20511007,3.38,0
20511008,3.38,0
20511009,3.36,0
20511010,3.34,0
20511011,3.32,0
20511012,3.29,0
20511013,3.29,0
20511014,3.27,0
20511015,3.25,0
20511016,3.23,0
20511017,3.21,0
20511018,3.19,0
20511019,3.16,0
20511020,3.15,0
20511021,3.14,0
20511022,3.11,0
20511023,3.09,0
20511024,3.07,0
20511025,3.05,0
20511026,3.03,0
20511027,3.01,0
20511028,2.98,0
20511029,2.97,0
20511030,2.94,0
20511031,2.92,0
20511101,2.96,0
20511102,2.92,0
20511103,2.90,0
20511104,2.86,0
20511105,2.84,0
20511106,2.82,0
20511107,2.80,0
20511108,2.78,0
20511109,2.75,0
20511110,2.72,0
20511111,2.70,0
20511112,2.68,0
20511113,2.66,0
20511114,2.63,0
20511115,2.61,0
20511116,2.58,0
20511117,2.56,0
20511118,2.54,0
20511119,2.52,0
20511120,2.49,0
20511121,2.47,0
20511122,2.44,0
20511123,2.43,0
20511124,2.40,0
20511125,2.38,0
20511126,2.36,0
20511127,2.33,0
20511128,2.32,0
20511129,2.30,0
20511130,2.28,0
20511201,2.20,0
20511202,2.16,0
20511203,2.15,0
20511204,2.13,0
20511205,2.11,0
20511206,2.10,0
20511207,2.08,0
20511208,2.07,0
20511209,2.06,0
20511210,2.04,0
20511211,2.03,0
20511212,2.02,0
20511213,2.01,0
20511214,2.00,0
20511215,1.99,0
20511216,1.98,0
20511217,1.97,0
20511218,1.97,0
20511219,1.96,0
20511220,1.95,0
20511221,1.95,0
20511222,1.94,0
20511223,1.94,0
20511224,1.94,0
20511225,1.94,0
20511226,1.94,0
20511227,1.93,0
20511228,1.93,0
20511229,1.94,0
20511230,1.94,0
20511231,1.94,0
20520101,1.89,0
20520102,1.89,0
20520103,1.89,0
20520104,1.90,0
20520105,1.90,0
20520106,1.91,0
20520107,1.91,0
20520108,1.92,0
20520109,1.93,0
20520110,1.94,0
20520111,1.94,0
20520112,1.95,0
20520113,1.96,0
20520114,1.97,0
20520115,1.98,0
20520116,1.99,0
20520117,2.00,0
20520118,2.01,0
20520119,2.03,0
20520120,2.03,0
20520121,2.05,0
20520122,2.06,0
20520123,2.07,0
20520124,2.09,0
20520125,2.10,0
20520126,2.12,0
20520127,2.13,0
20520128,2.15,0
20520129,2.16,0
20520130,2.17,0
20520131,2.19,0
20520201,2.18,0
20520202,2.21,0
20520203,2.22,0
20520204,2.23,0
20520205,2.26,0
20520206,2.27,0
20520207,2.29,0
20520208,2.30,0
20520209,2.32,0
20520210,2.34,0
20520211,2.35,0
20520212,2.37,0
20520213,2.40,0
20520214,2.41,0
20520215,2.43,0
20520216,2.45,0
20520217,2.47,0
20520218,2.49,0
20520219,2.50,0
20520220,2.53,0
20520221,2.55,0
20520222,2.57,0
20520223,2.59,0
20520224,2.61,0
20520225,2.64,0
20520226,2.65,0
20520227,2.67,0
20520228,2.69,0
20520229,2.71,0
20520301,2.82,0
20520302,2.84,0
20520303,2.86,0
20520304,2.88,0
20520305,2.91,0
20520306,2.93,0
20520307,2.95,0
20520308,2.97,0
20520309,2.99,0
20520310,3.01,0
20520311,3.04,0
20520312,3.06,0
20520313,3.08,0
20520314,3.10,0
20520315,3.13,0
20520316,3.14,0
20520317,3.17,0
20520318,3.19,0
20520319,3.22,0
20520320,3.23,0
20520321,3.25,0
20520322,3.27,0
20520323,3.30,0
20520324,3.32,0
20520325,3.33,0
20520326,3.35,0
20520327,3.38,0
20520328,3.40,0
20520329,3.42,0
20520330,3.44,0
20520331,3.45,0
20520401,3.51,0
20520402,3.52,0
20520403,3.54,0
20520404,3.58,0
20520405,3.58,0
20520406,3.60,0
20520407,3.61,0
20520408,3.64,0
20520409,3.66,0
20520410,3.67,0
20520411,3.68,0
20520412,3.71,0
20520413,3.71,0
20520414,3.72,0
20520415,3.74,0
20520416,3.76,0
20520417,3.78,0
20520418,3.79,0
20520419,3.81,0
20520420,3.83,0
20520421,3.86,0
20520422,3.86,0
20520423,3.87,0
20520424,3.89,0
20520425,3.91,0
20520426,3.92,0
20520427,3.94,0
20520428,3.94,0
20520429,3.97,0
20520430,3.97,0
20520501,3.95,0
20520502,3.96,0
20520503,3.98,0
20520504,4.00,0
20520505,4.01,0
20520506,4.02,0
20520507,4.05,0
20520508,4.05,0
20520509,4.06,0
20520510,4.06,0
20520511,4.09,0
20520512,4.10,0
20520513,4.10,0
20520514,4.12,0
20520515,4.14,0
20520516,4.14,0
20520517,4.16,0
20520518,4.16,0
20520519,4.16,0
20520520,4.18,0
20520521,4.18,0
20520522,4.20,0
20520523,4.20,0
20520524,4.21,0
20520525,4.23,0
20520526,4.23,0
20520527,4.24,0
20520528,4.25,0
20520529,4.27,0
20520530,4.25,0
20520531,4.26,0
20520601,4.29,0
20520602,4.28,0
20520603,4.31,0
20520604,4.31,0
20520605,4.32,0
20520606,4.31,0
20520607,4.32,0
20520608,4.33,0
20520609,4.34,0
20520610,4.33,0
20520611,4.34,0
20520612,4.35,0
20520613,4.35,0
20520614,4.34,0
20520615,4.35,0
20520616,4.35,0
20520617,4.36,0
20520618,4.36,0
20520619,4.36,0
20520620,4.37,0
20520621,4.37,0
20520622,4.36,0
20520623,4.38,0
20520624,4.38,0
20520625,4.38,0
20520626,4.38,0
20520627,4.38,0
20520628,4.39,0
20520629,4.38,0
20520630,4.39,0
20520701,4.41,0
20520702,4.41,0
20520703,4.41,0
20520704,4.41,0
20520705,4.43,0
20520706,4.41,0
20520707,4.41,0
20520708,4.42,0
20520709,4.43,0
20520710,4.41,0
20520711,4.42,0
20520712,4.42,0
20520713,4.42,0
20520714,4.42,0
20520715,4.41,0
20520716,4.41,0
20520717,4.43,0
20520718,4.41,0
20520719,4.41,0
20520720,4.40,0
20520721,4.41,0
20520722,4.39,0
20520723,4.39,0
20520724,4.39,0
20520725,4.40,0
20520726,4.39,0
20520727,4.39,0
20520728,4.37,0
20520729,4.38,0
20520730,4.38,0
20520731,4.37,0
20520801,4.35,0
20520802,4.35,0
20520803,4.34,0
20520804,4.34,0
20520805,4.33,0
20520806,4.32,0
20520807,4.31,0
20520808,4.31,0
20520809,4.30,0
20520810,4.29,0
20520811,4.28,0
20520812,4.27,0
20520813,4.26,0
20520814,4.25,0
20520815,4.24,0
20520816,4.23,0
20520817,4.22,0
20520818,4.21,0
20520819,4.20,0
20520820,4.19,0
20520821,4.17,0
20520822,4.16,0
20520823,4.15,0
20520824,4.13,0
20520825,4.12,0
20520826,4.10,0
20520827,4.09,0
20520828,4.07,0
20520829,4.06,0
20520830,4.04,0
20520831,4.03,0
20520901,3.99,0
20520902,3.98,0
20520903,3.96,0
20520904,3.95,0
20520905,3.92,0
20520906,3.90,0
20520907,3.88,0
20520908,3.87,0
20520909,3.84,0
20520910,3.84,0
20520911,3.81,0
20520912,3.80,0
20520913,3.79,0
20520914,3.75,0
20520915,3.73,0
20520916,3.72,0
20520917,3.70,0
20520918,3.67,0
20520919,3.66,0
20520920,3.65,0
20520921,3.62,0
20520922,3.60,0
20520923,3.59,0
20520924,3.56,0
20520925,3.55,0
20520926,3.53,0
20520927,3.52,0
20520928,3.50,0
20520929,3.48,0
20520930,3.45,0
20521001,3.43,0
20521002,3.41,0
20521003,3.39,0
20521004,3.37,0
20521005,3.36,0
20521006,3.33,0
20521007,3.33,0
20521008,3.31,0
20521009,3.29,0
20521010,3.27,0
20521011,3.24,0
20521012,3.24,0
20521013,3.22,0
20521014,3.20,0
20521015,3.18,0
20521016,3.16,0
20521017,3.14,0
20521018,3.12,0
20521019,3.10,0
20521020,3.09,0
20521021,3.06,0
20521022,3.04,0
20521023,3.02,0
20521024,3.00,0
20521025,2.98,0
20521026,2.96,0
20521027,2.93,0
20521028,2.92,0
20521029,2.89,0
20521030,2.87,0
20521031,2.85,0
20521101,2.85,0
20521102,2.83,0
20521103,2.80,0
20521104,2.78,0
20521105,2.76,0
20521106,2.74,0
20521107,2.71,0
20521108,2.69,0
20521109,2.66,0
20521110,2.64,0
20521111,2.62,0
20521112,2.60,0
20521113,2.57,0
20521114,2.55,0
20521115,2.52,0
20521116,2.50,0
20521117,2.48,0
20521118,2.46,0
20521119,2.43,0
20521120,2.41,0
20521121,2.39,0
20521122,2.37,0
20521123,2.34,0
20521124,2.32,0
20521125,2.31,0
20521126,2.28,0
20521127,2.26,0
20521128,2.24,0
20521129,2.22,0
20521130,2.21,0
20521201,2.16,0
20521202,2.14,0
20521203,2.12,0
20521204,2.11,0
20521205,2.10,0
20521206,2.08,0
20521207,2.07,0
20521208,2.05,0
20521209,2.04,0
20521210,2.03,0
20521211,2.02,0
20521212,2.01,0
20521213,2.00,0
20521214,1.98,0
20521215,1.98,0
20521216,1.97,0
20521217,1.96,0
20521218,1.95,0
20521219,1.95,0
20521220,1.95,0
20521221,1.94,0
20521222,1.94,0
20521223,1.94,0
20521224,1.94,0
20521225,1.93,0
20521226,1.93,0
20521227,1.93,0
20521228,1.94,0
20521229,1.94,0
20521230,1.93,0
20521231,1.95,0
20530101,1.94,0
20530102,1.95,0
20530103,1.95,0
20530104,1.96,0
20530105,1.96,0
20530106,1.97,0
20530107,1.97,0
20530108,1.98,0
20530109,1.98,0
20530110,2.00,0
20530111,2.00,0
20530112,2.01,0
20530113,2.02,0
20530114,2.03,0
20530115,2.04,0
20530116,2.05,0
20530117,2.06,0
20530118,2.08,0
20530119,2.09,0
20530120,2.09,0
20530121,2.11,0
20530122,2.12,0
20530123,2.14,0
20530124,2.15,0
20530125,2.17,0
20530126,2.18,0
20530127,2.20,0
20530128,2.21,0
20530129,2.23,0
20530130,2.24,0
20530131,2.25,0
20530201,2.20,0
20530202,2.23,0
20530203,2.24,0
20530204,2.25,0
20530205,2.28,0
20530206,2.29,0
20530207,2.31,0
20530208,2.32,0
20530209,2.34,0
20530210,2.37,0
20530211,2.37,0
20530212,2.40,0
20530213,2.42,0
20530214,2.43,0
20530215,2.46,0
20530216,2.47,0
20530217,2.49,0
20530218,2.52,0
20530219,2.53,0
20530220,2.55,0
20530221,2.57,0
20530222,2.60,0
20530223,2.61,0
20530224,2.63,0
20530225,2.66,0
20530226,2.68,0
20530227,2.69,0
20530228,2.72,0
20530301,2.79,0
20530302,2.83,0
20530303,2.86,0
20530304,2.87,0
20530305,2.90,0
20530306,2.92,0
20530307,2.95,0
20530308,2.96,0
20530309,2.99,0
20530310,3.01,0
20530311,3.03,0
20530312,3.05,0
20530313,3.08,0
20530314,3.09,0
20530315,3.12,0
20530316,3.14,0
20530317,3.16,0
20530318,3.19,0
20530319,3.21,0
20530320,3.23,0
20530321,3.25,0
20530322,3.27,0
20530323,3.29,0
20530324,3.31,0
20530325,3.34,0
20530326,3.35,0
20530327,3.37,0
20530328,3.39,0
20530329,3.41,0
20530330,3.43,0
20530331,3.46,0
20530401,3.48,0
20530402,3.53,0
20530403,3.54,0
20530404,3.56,0
20530405,3.60,0
20530406,3.60,0
20530407,3.63,0
20530408,3.64,0
20530409,3.66,0
20530410,3.68,0
20530411,3.70,0
20530412,3.71,0
20530413,3.73,0
20530414,3.74,0
20530415,3.75,0
20530416,3.77,0
20530417,3.79,0
20530418,3.81,0
20530419,3.82,0
20530420,3.84,0
20530421,3.86,0
20530422,3.88,0
20530423,3.89,0
20530424,3.89,0
20530425,3.91,0
20530426,3.93,0
20530427,3.94,0
20530428,3.96,0
20530429,3.97,0
20530430,3.99,0
20530501,3.98,0
20530502,4.01,0
20530503,4.02,0
20530504,4.03,0
20530505,4.06,0
20530506,4.06,0
20530507,4.07,0
20530508,4.10,0
20530509,4.11,0
20530510,4.11,0
20530511,4.11,0
20530512,4.15,0
20530513,4.15,0
20530514,4.16,0
20530515,4.17,0
20530516,4.19,0
20530517,4.20,0
20530518,4.22,0
20530519,4.22,0
20530520,4.22,0
20530521,4.24,0
20530522,4.24,0
20530523,4.25,0
20530524,4.25,0
20530525,4.27,0
20530526,4.28,0
20530527,4.28,0
20530528,4.29,0
20530529,4.31,0
20530530,4.32,0
20530531,4.30,0
20530601,4.24,0
20530602,4.26,0
20530603,4.26,0
20530604,4.28,0
20530605,4.28,0
20530606,4.29,0
20530607,4.28,0
20530608,4.29,0
20530609,4.30,0
20530610,4.31,0
20530611,4.30,0
20530612,4.31,0
20530613,4.32,0
20530614,4.32,0
20530615,4.31,0
20530616,4.32,0
20530617,4.32,0
20530618,4.33,0
20530619,4.33,0
20530620,4.33,0
20530621,4.34,0
20530622,4.34,0
20530623,4.33,0
20530624,4.35,0
20530625,4.35,0
20530626,4.35,0
20530627,4.35,0
20530628,4.35,0
20530629,4.36,0
20530630,4.36,0
20530701,4.40,0
20530702,4.40,0
20530703,4.39,0
20530704,4.40,0
20530705,4.40,0
20530706,4.41,0
20530707,4.40,0
20530708,4.39,0
20530709,4.41,0
20530710,4.41,0
20530711,4.39,0
20530712,4.40,0
20530713,4.41,0
20530714,4.40,0
20530715,4.40,0
20530716,4.40,0
20530717,4.40,0
20530718,4.41,0
20530719,4.39,0
20530720,4.39,0
20530721,4.39,0
20530722,4.40,0
20530723,4.38,0
20530724,4.37,0
20530725,4.37,0
20530726,4.38,0
20530727,4.38,0
20530728,4.37,0
20530729,4.35,0
20530730,4.37,0
20530731,4.36,0
20530801,4.37,0
20530802,4.36,0
20530803,4.35,0
20530804,4.35,0
20530805,4.34,0
20530806,4.33,0
20530807,4.33,0
20530808,4.32,0
20530809,4.31,0
20530810,4.30,0
20530811,4.30,0
20530812,4.29,0
20530813,4.28,0
20530814,4.27,0
20530815,4.26,0
20530816,4.25,0
20530817,4.24,0
20530818,4.23,0
20530819,4.22,0
20530820,4.20,0
20530821,4.19,0
20530822,4.18,0
20530823,4.17,0
20530824,4.15,0
20530825,4.14,0
20530826,4.13,0
20530827,4.11,0
20530828,4.09,0
20530829,4.08,0
20530830,4.07,0
20530831,4.05,0
20530901,4.01,0
20530902,3.99,0
20530903,3.97,0
20530904,3.95,0
20530905,3.94,0
20530906,3.91,0
20530907,3.90,0
20530908,3.88,0
20530909,3.87,0
20530910,3.84,0
20530911,3.83,0
20530912,3.81,0
20530913,3.79,0
20530914,3.78,0
20530915,3.74,0
20530916,3.72,0
20530917,3.71,0
20530918,3.69,0
20530919,3.67,0
20530920,3.65,0
20530921,3.64,0
20530922,3.62,0
20530923,3.59,0
20530924,3.58,0
20530925,3.55,0
20530926,3.54,0
20530927,3.53,0
20530928,3.51,0
20530929,3.50,0
20530930,3.48,0
20531001,3.46,0
20531002,3.43,0
20531003,3.41,0
20531004,3.39,0
20531005,3.38,0
20531006,3.37,0
20531007,3.34,0
20531008,3.33,0
20531009,3.31,0
20531010,3.30,0
20531011,3.28,0
20531012,3.25,0
20531013,3.25,0
20531014,3.22,0
20531015,3.20,0
20531016,3.18,0
20531017,3.16,0
20531018,3.14,0
20531019,3.12,0
20531020,3.10,0
20531021,3.09,0
20531022,3.06,0
20531023,3.04,0
20531024,3.03,0
20531025,3.01,0
20531026,2.98,0
20531027,2.96,0
20531028,2.93,0
20531029,2.92,0
20531030,2.90,0
20531031,2.88,0
20531101,2.91,0
20531102,2.87,0
20531103,2.85,0
20531104,2.81,0
20531105,2.79,0
20531106,2.77,0
20531107,2.75,0
20531108,2.73,0
20531109,2.70,0
20531110,2.67,0
20531111,2.66,0
20531112,2.63,0
20531113,2.61,0
20531114,2.58,0
20531115,2.56,0
20531116,2.53,0
20531117,2.52,0
20531118,2.49,0
20531119,2.47,0
20531120,2.44,0
20531121,2.42,0
20531122,2.40,0
20531123,2.38,0
20531124,2.35,0
20531125,2.33,0
20531126,2.32,0
20531127,2.29,0
20531128,2.27,0
20531129,2.25,0
20531130,2.23,0
20531201,2.15,0
20531202,2.11,0
20531203,2.09,0
20531204,2.07,0
20531205,2.06,0
20531206,2.05,0
20531207,2.03,0
20531208,2.02,0
20531209,2.00,0
20531210,1.99,0
20531211,1.98,0
20531212,1.97,0
20531213,1.96,0
20531214,1.95,0
20531215,1.94,0
20531216,1.93,0
20531217,1.92,0
20531218,1.92,0
20531219,1.91,0
20531220,1.90,0
20531221,1.90,0
20531222,1.89,0
20531223,1.89,0
20531224,1.89,0
20531225,1.89,0
20531226,1.89,0
20531227,1.88,0
20531228,1.88,0
20531229,1.89,0
20531230,1.89,0
20531231,1.89,0
20540101,1.97,0
20540102,1.98,0
20540103,1.98,0
20540104,1.98,0
20540105,1.99,0
20540106,2.00,0
20540107,2.00,0
20540108,2.01,0
20540109,2.01,0
20540110,2.03,0
20540111,2.03,0
20540112,2.04,0
20540113,2.05,0
20540114,2.06,0
20540115,2.07,0
20540116,2.08,0
20540117,2.09,0
20540118,2.11,0
20540119,2.12,0
20540120,2.12,0
20540121,2.14,0
20540122,2.15,0
20540123,2.17,0
20540124,2.18,0
20540125,2.20,0
20540126,2.21,0
20540127,2.23,0
20540128,2.24,0
20540129,2.26,0
20540130,2.27,0
20540131,2.29,0
20540201,2.21,0
20540202,2.23,0
20540203,2.25,0
20540204,2.26,0
20540205,2.28,0
20540206,2.30,0
20540207,2.32,0
20540208,2.33,0
20540209,2.35,0
20540210,2.37,0
20540211,2.38,0
20540212,2.40,0
20540213,2.43,0
20540214,2.44,0
20540215,2.46,0
20540216,2.48,0
20540217,2.50,0
20540218,2.53,0
20540219,2.53,0
20540220,2.56,0
20540221,2.58,0
20540222,2.60,0
20540223,2.62,0
20540224,2.64,0
20540225,2.67,0
20540226,2.69,0
20540227,2.70,0
20540228,2.73,0
20540301,2.75,0
20540302,2.79,0
20540303,2.81,0
20540304,2.83,0
20540305,2.85,0
20540306,2.87,0
20540307,2.90,0
20540308,2.91,0
20540309,2.94,0
20540310,2.96,0
20540311,2.98,0
20540312,3.01,0
20540313,3.03,0
20540314,3.04,0
20540315,3.07,0
20540316,3.09,0
20540317,3.11,0
20540318,3.14,0
20540319,3.16,0
20540320,3.18,0
20540321,3.20,0
20540322,3.22,0
20540323,3.24,0
20540324,3.26,0
20540325,3.29,0
20540326,3.30,0
20540327,3.32,0
20540328,3.34,0
20540329,3.36,0
20540330,3.38,0
20540331,3.41,0
20540401,3.48,0
20540402,3.53,0
20540403,3.54,0
20540404,3.57,0
20540405,3.60,0
20540406,3.61,0
20540407,3.63,0
20540408,3.64,0
20540409,3.66,0
20540410,3.68,0
20540411,3.70,0
20540412,3.71,0
20540413,3.73,0
20540414,3.74,0
20540415,3.75,0
20540416,3.77,0
20540417,3.79,0
20540418,3.81,0
20540419,3.82,0
20540420,3.84,0
20540421,3.86,0
20540422,3.88,0
20540423,3.89,0
20540424,3.90,0
20540425,3.92,0
20540426,3.94,0
20540427,3.95,0
20540428,3.97,0
20540429,3.97,0
20540430,3.99,0
20540501,3.94,0
20540502,3.97,0
20540503,3.98,0
20540504,4.00,0
20540505,4.02,0
20540506,4.02,0
20540507,4.03,0
20540508,4.06,0
20540509,4.07,0
20540510,4.07,0
20540511,4.08,0
20540512,4.11,0
20540513,4.11,0
20540514,4.12,0
20540515,4.14,0
20540516,4.16,0
20540517,4.16,0
20540518,4.18,0
20540519,4.18,0
20540520,4.18,0
20540521,4.20,0
20540522,4.20,0
20540523,4.21,0
20540524,4.22,0
20540525,4.23,0
20540526,4.25,0
20540527,4.24,0
20540528,4.26,0
20540529,4.27,0
20540530,4.28,0
20540531,4.27,0
20540601,4.28,0
20540602,4.30,0
20540603,4.29,0
20540604,4.32,0
20540605,4.32,0
20540606,4.32,0
20540607,4.32,0
20540608,4.33,0
20540609,4.34,0
20540610,4.35,0
20540611,4.34,0
20540612,4.35,0
20540613,4.35,0
20540614,4.36,0
20540615,4.35,0
20540616,4.35,0
20540617,4.36,0
20540618,4.37,0
20540619,4.37,0
20540620,4.37,0
20540621,4.38,0
20540622,4.38,0
20540623,4.37,0
20540624,4.38,0
20540625,4.39,0
20540626,4.39,0
20540627,4.39,0
20540628,4.39,0
20540629,4.39,0
20540630,4.39,0
20540701,4.39,0
20540702,4.39,0
20540703,4.38,0
20540704,4.39,0
20540705,4.39,0
20540706,4.40,0
20540707,4.39,0
20540708,4.38,0
20540709,4.40,0
20540710,4.40,0
20540711,4.38,0
20540712,4.39,0
20540713,4.40,0
20540714,4.39,0
20540715,4.39,0
20540716,4.38,0
20540717,4.39,0
20540718,4.40,0
20540719,4.38,0
20540720,4.38,0
20540721,4.37,0
20540722,4.39,0
20540723,4.37,0
20540724,4.36,0
20540725,4.36,0
20540726,4.37,0
20540727,4.37,0
20540728,4.36,0
20540729,4.34,0
20540730,4.36,0
20540731,4.35,0
20540801,4.34,0
20540802,4.33,0
20540803,4.33,0
20540804,4.32,0
20540805,4.31,0
20540806,4.31,0
20540807,4.30,0
20540808,4.29,0
20540809,4.28,0
20540810,4.28,0
20540811,4.27,0
20540812,4.26,0
20540813,4.25,0
20540814,4.24,0
20540815,4.23,0
20540816,4.22,0
20540817,4.21,0
20540818,4.20,0
20540819,4.19,0
20540820,4.17,0
20540821,4.16,0
20540822,4.15,0
20540823,4.14,0
20540824,4.12,0
20540825,4.11,0
20540826,4.10,0
20540827,4.08,0
20540828,4.07,0
20540829,4.05,0
20540830,4.04,0
20540831,4.02,0
20540901,4.03,0
20540902,4.00,0
20540903,3.99,0
20540904,3.97,0
20540905,3.96,0
20540906,3.93,0
20540907,3.91,0
20540908,3.89,0
20540909,3.89,0
20540910,3.85,0
20540911,3.85,0
20540912,3.83,0
20540913,3.81,0
20540914,3.80,0
20540915,3.76,0
20540916,3.74,0
20540917,3.73,0
20540918,3.71,0
20540919,3.68,0
20540920,3.67,0
20540921,3.66,0
20540922,3.64,0
20540923,3.61,0
20540924,3.60,0
20540925,3.57,0
20540926,3.56,0
20540927,3.54,0
20540928,3.53,0
20540929,3.51,0
20540930,3.50,0
20541001,3.50,0
20541002,3.47,0
20541003,3.45,0
20541004,3.44,0
20541005,3.42,0
20541006,3.41,0
20541007,3.38,0
20541008,3.37,0
20541009,3.35,0
20541010,3.34,0
20541011,3.32,0
20541012,3.29,0
20541013,3.29,0
20541014,3.26,0
20541015,3.24,0
20541016,3.23,0
20541017,3.20,0
20541018,3.18,0
20541019,3.16,0
20541020,3.14,0
20541021,3.13,0
20541022,3.11,0
20541023,3.08,0
20541024,3.07,0
20541025,3.05,0
20541026,3.02,0
20541027,3.00,0
20541028,2.97,0
20541029,2.96,0
20541030,2.94,0
20541031,2.92,0
20541101,2.91,0
20541102,2.87,0
20541103,2.85,0
20541104,2.82,0
20541105,2.80,0
20541106,2.78,0
20541107,2.76,0
20541108,2.73,0
20541109,2.70,0
20541110,2.68,0
20541111,2.66,0
20541112,2.63,0
20541113,2.61,0
20541114,2.59,0
20541115,2.56,0
20541116,2.54,0
20541117,2.52,0
20541118,2.49,0
20541119,2.47,0
20541120,2.44,0
20541121,2.43,0
20541122,2.40,0
20541123,2.38,0
20541124,2.35,0
20541125,2.34,0
20541126,2.32,0
20541127,2.29,0
20541128,2.28,0
20541129,2.26,0
20541130,2.24,0
20541201,2.20,0
20541202,2.16,0
20541203,2.15,0
20541204,2.13,0
20541205,2.12,0
20541206,2.10,0
20541207,2.08,0
20541208,2.08,0
20541209,2.06,0
20541210,2.04,0
20541211,2.03,0
20541212,2.02,0
20541213,2.01,0
20541214,2.00,0
20541215,1.99,0
20541216,1.98,0
20541217,1.98,0
20541218,1.97,0
20541219,1.96,0
20541220,1.95,0
20541221,1.95,0
20541222,1.94,0
20541223,1.94,0
20541224,1.95,0
20541225,1.94,0
20541226,1.94,0
20541227,1.93,0
20541228,1.94,0
20541229,1.94,0
20541230,1.94,0
20541231,1.94,0
20550101,1.89,0
20550102,1.90,0
20550103,1.90,0
20550104,1.91,0
20550105,1.91,0
20550106,1.92,0
20550107,1.92,0
20550108,1.93,0
20550109,1.93,0
20550110,1.94,0
20550111,1.95,0
20550112,1.96,0
20550113,1.97,0
20550114,1.98,0
20550115,1.99,0
20550116,2.00,0
20550117,2.01,0
20550118,2.02,0
20550119,2.04,0
20550120,2.04,0
20550121,2.06,0
20550122,2.07,0
20550123,2.08,0
20550124,2.10,0
20550125,2.11,0
20550126,2.12,0
20550127,2.14,0
20550128,2.15,0
20550129,2.17,0
20550130,2.18,0
20550131,2.20,0
20550201,2.24,0
20550202,2.26,0
20550203,2.28,0
20550204,2.29,0
20550205,2.32,0
20550206,2.33,0
20550207,2.35,0
20550208,2.36,0
20550209,2.38,0
20550210,2.41,0
20550211,2.41,0
20550212,2.44,0
20550213,2.46,0
20550214,2.47,0
20550215,2.50,0
20550216,2.51,0
20550217,2.54,0
20550218,2.56,0
20550219,2.57,0
20550220,2.59,0
20550221,2.61,0
20550222,2.64,0
20550223,2.65,0
20550224,2.68,0
20550225,2.71,0
20550226,2.72,0
20550227,2.74,0
20550228,2.76,0
20550301,2.75,0
20550302,2.79,0
20550303,2.82,0
20550304,2.83,0
20550305,2.86,0
20550306,2.88,0
20550307,2.91,0
20550308,2.92,0
20550309,2.95,0
20550310,2.97,0
20550311,2.99,0
20550312,3.01,0
20550313,3.04,0
20550314,3.05,0
20550315,3.08,0
20550316,3.10,0
20550317,3.12,0
20550318,3.14,0
20550319,3.17,0
20550320,3.19,0
20550321,3.21,0
20550322,3.23,0
20550323,3.25,0
20550324,3.27,0
20550325,3.30,0
20550326,3.30,0
20550327,3.33,0
20550328,3.35,0
20550329,3.37,0
20550330,3.39,0
20550331,3.41,0
20550401,3.47,0
20550402,3.52,0
20550403,3.53,0
20550404,3.56,0
20550405,3.59,0
20550406,3.60,0
20550407,3.62,0
20550408,3.63,0
20550409,3.65,0
20550410,3.67,0
20550411,3.69,0
20550412,3.70,0
20550413,3.72,0
20550414,3.73,0
20550415,3.74,0
20550416,3.76,0
20550417,3.78,0
20550418,3.80,0
20550419,3.81,0
20550420,3.83,0
20550421,3.85,0
20550422,3.87,0
20550423,3.88,0
20550424,3.89,0
20550425,3.91,0
20550426,3.93,0
20550427,3.94,0
20550428,3.95,0
20550429,3.96,0
20550430,3.98,0
20550501,3.95,0
20550502,3.97,0
20550503,3.98,0
20550504,4.00,0
20550505,4.02,0
20550506,4.03,0
20550507,4.04,0
20550508,4.07,0
20550509,4.07,0
20550510,4.08,0
20550511,4.08,0
20550512,4.11,0
20550513,4.12,0
20550514,4.12,0
20550515,4.14,0
20550516,4.16,0
20550517,4.16,0
20550518,4.18,0
20550519,4.18,0
20550520,4.18,0
20550521,4.20,0
20550522,4.20,0
20550523,4.22,0
20550524,4.22,0
20550525,4.23,0
20550526,4.25,0
20550527,4.25,0
20550528,4.26,0
20550529,4.27,0
20550530,4.29,0
20550531,4.27,0
20550601,4.27,0
20550602,4.29,0
20550603,4.28,0
20550604,4.31,0
20550605,4.31,0
20550606,4.32,0
20550607,4.31,0
20550608,4.32,0
20550609,4.33,0
20550610,4.34,0
20550611,4.33,0
20550612,4.34,0
20550613,4.34,0
20550614,4.35,0
20550615,4.34,0
20550616,4.35,0
20550617,4.35,0
20550618,4.36,0
20550619,4.36,0
20550620,4.36,0
20550621,4.37,0
20550622,4.37,0
20550623,4.36,0
20550624,4.37,0
20550625,4.38,0
20550626,4.38,0
20550627,4.38,0
20550628,4.38,0
20550629,4.39,0
20550630,4.38,0
20550701,4.41,0
20550702,4.41,0
20550703,4.41,0
20550704,4.41,0
20550705,4.41,0
20550706,4.43,0
20550707,4.41,0
20550708,4.41,0
20550709,4.42,0
20550710,4.42,0
20550711,4.40,0
20550712,4.42,0
20550713,4.42,0
20550714,4.41,0
20550715,4.41,0
20550716,4.41,0
20550717,4.41,0
20550718,4.42,0
20550719,4.40,0
20550720,4.40,0
20550721,4.40,0
20550722,4.41,0
20550723,4.39,0
20550724,4.38,0
20550725,4.38,0
20550726,4.39,0
20550727,4.39,0
20550728,4.38,0
20550729,4.36,0
20550730,4.38,0
20550731,4.37,0
20550801,4.36,0
20550802,4.36,0
20550803,4.35,0
20550804,4.35,0
20550805,4.34,0
20550806,4.33,0
20550807,4.32,0
20550808,4.32,0
20550809,4.31,0
20550810,4.30,0
20550811,4.29,0
20550812,4.29,0
20550813,4.28,0
20550814,4.26,0
20550815,4.25,0
20550816,4.25,0
20550817,4.23,0
20550818,4.22,0
20550819,4.21,0
20550820,4.20,0
20550821,4.19,0
20550822,4.17,0
20550823,4.16,0
20550824,4.15,0
20550825,4.13,0
20550826,4.12,0
20550827,4.11,0
20550828,4.09,0
20550829,4.07,0
20550830,4.06,0
20550831,4.05,0
20550901,4.02,0
20550902,3.99,0
20550903,3.97,0
20550904,3.96,0
20550905,3.95,0
20550906,3.92,0
20550907,3.90,0
20550908,3.88,0
20550909,3.87,0
20550910,3.84,0
20550911,3.84,0
20550912,3.81,0
20550913,3.79,0
20550914,3.78,0
20550915,3.75,0
20550916,3.73,0
20550917,3.72,0
20550918,3.69,0
20550919,3.67,0
20550920,3.66,0
20550921,3.65,0
20550922,3.62,0
20550923,3.60,0
20550924,3.59,0
20550925,3.56,0
20550926,3.54,0
20550927,3.53,0
20550928,3.51,0
20550929,3.50,0
20550930,3.48,0
20551001,3.45,0
20551002,3.43,0
20551003,3.41,0
20551004,3.39,0
20551005,3.37,0
20551006,3.36,0
20551007,3.33,0
20551008,3.32,0
20551009,3.30,0
20551010,3.29,0
20551011,3.27,0
20551012,3.24,0
20551013,3.24,0
20551014,3.22,0
20551015,3.20,0
20551016,3.18,0
20551017,3.16,0
20551018,3.13,0
20551019,3.11,0
20551020,3.10,0
20551021,3.09,0
20551022,3.06,0
20551023,3.04,0
20551024,3.02,0
20551025,3.00,0
20551026,2.98,0
20551027,2.95,0
20551028,2.93,0
20551029,2.92,0
20551030,2.89,0
20551031,2.87,0
20551101,2.91,0
20551102,2.87,0
20551103,2.85,0
20551104,2.82,0
20551105,2.79,0
20551106,2.77,0
20551107,2.75,0
20551108,2.73,0
20551109,2.70,0
20551110,2.68,0
20551111,2.66,0
20551112,2.63,0
20551113,2.61,0
20551114,2.58,0
20551115,2.56,0
20551116,2.53,0
20551117,2.52,0
20551118,2.49,0
20551119,2.47,0
20551120,2.44,0
20551121,2.42,0
20551122,2.40,0
20551123,2.38,0
20551124,2.35,0
20551125,2.33,0
20551126,2.32,0
20551127,2.29,0
20551128,2.27,0
20551129,2.25,0
20551130,2.24,0
20551201,2.17,0
20551202,2.13,0
20551203,2.12,0
20551204,2.10,0
20551205,2.09,0
20551206,2.07,0
20551207,2.05,0
20551208,2.05,0
20551209,2.03,0
20551210,2.02,0
20551211,2.01,0
20551212,1.99,0
20551213,1.98,0
20551214,1.97,0
20551215,1.96,0
20551216,1.95,0
20551217,1.95,0
20551218,1.94,0
20551219,1.93,0
20551220,1.93,0
20551221,1.92,0
20551222,1.92,0
20551223,1.91,0
20551224,1.92,0
20551225,1.91,0
20551226,1.91,0
20551227,1.90,0
20551228,1.91,0
20551229,1.91,0
20551230,1.91,0
20551231,1.91,0
20560101,1.91,0
20560102,1.91,0
20560103,1.92,0
20560104,1.92,0
20560105,1.93,0
20560106,1.93,0
20560107,1.94,0
20560108,1.95,0
20560109,1.95,0
20560110,1.96,0
20560111,1.97,0
20560112,1.98,0
20560113,1.98,0
20560114,2.00,0
20560115,2.00,0
20560116,2.01,0
20560117,2.03,0
20560118,2.04,0
20560119,2.05,0
20560120,2.06,0
20560121,2.08,0
20560122,2.08,0
20560123,2.10,0
20560124,2.11,0
20560125,2.13,0
20560126,2.14,0
20560127,2.16,0
20560128,2.17,0
20560129,2.19,0
20560130,2.20,0
20560131,2.22,0
20560201,2.22,0
20560202,2.24,0
20560203,2.26,0
20560204,2.27,0
20560205,2.29,0
20560206,2.31,0
20560207,2.33,0
20560208,2.34,0
20560209,2.36,0
20560210,2.38,0
20560211,2.39,0
20560212,2.41,0
20560213,2.44,0
20560214,2.45,0
20560215,2.47,0
20560216,2.49,0
20560217,2.51,0
20560218,2.54,0
20560219,2.54,0
20560220,2.57,0
20560221,2.59,0
20560222,2.61,0
20560223,2.63,0
20560224,2.65,0
20560225,2.68,0
20560226,2.70,0
20560227,2.71,0
20560228,2.74,0
20560229,2.75,0
20560301,2.81,0
20560302,2.83,0
20560303,2.85,0
20560304,2.87,0
20560305,2.89,0
20560306,2.92,0
20560307,2.93,0
20560308,2.96,0
20560309,2.98,0
20560310,3.00,0
20560311,3.03,0
20560312,3.05,0
20560313,3.07,0
20560314,3.09,0
20560315,3.11,0
20560316,3.13,0
20560317,3.16,0
20560318,3.18,0
20560319,3.20,0
20560320,3.22,0
20560321,3.24,0
20560322,3.26,0
20560323,3.29,0
20560324,3.31,0
20560325,3.32,0
20560326,3.34,0
20560327,3.36,0
20560328,3.38,0
20560329,3.41,0
20560330,3.43,0
20560331,3.44,0
20560401,3.54,0
20560402,3.55,0
20560403,3.57,0
20560404,3.60,0
20560405,3.61,0
20560406,3.63,0
20560407,3.64,0
20560408,3.67,0
20560409,3.69,0
20560410,3.70,0
20560411,3.71,0
20560412,3.73,0
20560413,3.74,0
20560414,3.75,0
20560415,3.77,0
20560416,3.79,0
20560417,3.81,0
20560418,3.82,0
20560419,3.84,0
20560420,3.86,0
20560421,3.89,0
20560422,3.89,0
20560423,3.90,0
20560424,3.92,0
20560425,3.94,0
20560426,3.95,0
20560427,3.97,0
20560428,3.97,0
20560429,4.00,0
20560430,4.00,0
20560501,4.04,0
20560502,4.05,0
20560503,4.07,0
20560504,4.09,0
20560505,4.09,0
20560506,4.10,0
20560507,4.13,0
20560508,4.14,0
20560509,4.14,0
20560510,4.15,0
20560511,4.18,0
20560512,4.18,0
20560513,4.19,0
20560514,4.20,0
20560515,4.23,0
20560516,4.23,0
20560517,4.25,0
20560518,4.25,0
20560519,4.25,0
20560520,4.27,0
20560521,4.27,0
20560522,4.28,0
20560523,4.29,0
20560524,4.30,0
20560525,4.31,0
20560526,4.31,0
20560527,4.33,0
20560528,4.34,0
20560529,4.35,0
20560530,4.33,0
20560531,4.35,0
20560601,4.34,0
20560602,4.33,0
20560603,4.36,0
20560604,4.36,0
20560605,4.37,0
20560606,4.36,0
20560607,4.37,0
20560608,4.38,0
20560609,4.39,0
20560610,4.38,0
20560611,4.39,0
20560612,4.39,0
20560613,4.40,0
20560614,4.39,0
20560615,4.40,0
20560616,4.40,0
20560617,4.41,0
20560618,4.41,0
20560619,4.41,0
20560620,4.42,0
20560621,4.42,0
20560622,4.41,0
20560623,4.42,0
20560624,4.43,0
20560625,4.43,0
20560626,4.43,0
20560627,4.43,0
20560628,4.43,0
20560629,4.43,0
20560630,4.44,0
20560701,4.42,0
20560702,4.42,0
20560703,4.42,0
20560704,4.42,0
20560705,4.44,0
20560706,4.42,0
20560707,4.42,0
20560708,4.43,0
20560709,4.43,0
20560710,4.41,0
20560711,4.43,0
20560712,4.43,0
20560713,4.42,0
20560714,4.42,0
20560715,4.42,0
20560716,4.42,0
20560717,4.43,0
20560718,4.41,0
20560719,4.41,0
20560720,4.41,0
20560721,4.42,0
20560722,4.40,0
20560723,4.39,0
20560724,4.39,0
20560725,4.40,0
20560726,4.40,0
20560727,4.39,0
20560728,4.37,0
20560729,4.39,0
20560730,4.38,0
20560731,4.38,0
20560801,4.37,0
20560802,4.36,0
20560803,4.35,0
20560804,4.35,0
20560805,4.34,0
20560806,4.33,0
20560807,4.33,0
20560808,4.32,0
20560809,4.31,0
20560810,4.30,0
20560811,4.29,0
20560812,4.29,0
20560813,4.27,0
20560814,4.26,0
20560815,4.25,0
20560816,4.24,0
20560817,4.23,0
20560818,4.22,0
20560819,4.21,0
20560820,4.20,0
20560821,4.18,0
20560822,4.17,0
20560823,4.16,0
20560824,4.14,0
20560825,4.13,0
20560826,4.11,0
20560827,4.10,0
20560828,4.08,0
20560829,4.07,0
20560830,4.05,0
20560831,4.04,0
20560901,4.00,0
20560902,3.99,0
20560903,3.97,0
20560904,3.96,0
20560905,3.93,0
20560906,3.91,0
20560907,3.89,0
20560908,3.89,0
20560909,3.85,0
20560910,3.85,0
20560911,3.83,0
20560912,3.81,0
20560913,3.80,0
20560914,3.76,0
20560915,3.74,0
20560916,3.73,0
20560917,3.71,0
20560918,3.68,0
20560919,3.67,0
20560920,3.66,0
20560921,3.63,0
20560922,3.61,0
20560923,3.60,0
20560924,3.57,0
20560925,3.56,0
20560926,3.54,0
20560927,3.53,0
20560928,3.51,0
20560929,3.49,0
20560930,3.47,0
20561001,3.51,0
20561002,3.49,0
20561003,3.47,0
20561004,3.45,0
20561005,3.44,0
20561006,3.41,0
20561007,3.40,0
20561008,3.38,0
20561009,3.37,0
20561010,3.35,0
20561011,3.32,0
20561012,3.32,0
20561013,3.29,0
20561014,3.27,0
20561015,3.26,0
20561016,3.24,0
20561017,3.21,0
20561018,3.19,0
20561019,3.18,0
20561020,3.16,0
20561021,3.14,0
20561022,3.12,0
20561023,3.10,0
20561024,3.08,0
20561025,3.05,0
20561026,3.03,0
20561027,3.01,0
20561028,2.99,0
20561029,2.97,0
20561030,2.95,0
20561031,2.92,0
20561101,2.85,0
20561102,2.83,0
20561103,2.80,0
20561104,2.78,0
20561105,2.76,0
20561106,2.74,0
20561107,2.71,0
20561108,2.69,0
20561109,2.66,0
20561110,2.64,0
20561111,2.61,0
20561112,2.59,0
20561113,2.57,0
20561114,2.54,0
20561115,2.52,0
20561116,2.50,0
20561117,2.47,0
20561118,2.46,0
20561119,2.43,0
20561120,2.41,0
20561121,2.38,0
20561122,2.37,0
20561123,2.34,0
20561124,2.32,0
20561125,2.30,0
20561126,2.28,0
20561127,2.26,0
20561128,2.24,0
20561129,2.22,0
20561130,2.21,0
20561201,2.14,0
20561202,2.13,0
20561203,2.11,0
20561204,2.09,0
20561205,2.08,0
20561206,2.06,0
20561207,2.05,0
20561208,2.04,0
20561209,2.02,0
20561210,2.01,0
20561211,2.00,0
20561212,1.99,0
20561213,1.98,0
20561214,1.97,0
20561215,1.96,0
20561216,1.96,0
20561217,1.95,0
20561218,1.94,0
20561219,1.93,0
20561220,1.93,0
20561221,1.92,0
20561222,1.92,0
20561223,1.92,0
20561224,1.92,0
20561225,1.92,0
20561226,1.91,0
20561227,1.91,0
20561228,1.92,0
20561229,1.92,0
20561230,1.92,0
20561231,1.93,0
20570101,1.94,0
20570102,1.95,0
20570103,1.95,0
20570104,1.96,0
20570105,1.96,0
20570106,1.97,0
20570107,1.97,0
20570108,1.98,0
20570109,1.99,0
20570110,2.00,0
20570111,2.01,0
20570112,2.01,0
20570113,2.02,0
20570114,2.04,0
20570115,2.04,0
20570116,2.05,0
20570117,2.07,0
20570118,2.08,0
20570119,2.09,0
20570120,2.10,0
20570121,2.12,0
20570122,2.12,0
20570123,2.14,0
20570124,2.15,0
20570125,2.17,0
20570126,2.18,0
20570127,2.20,0
20570128,2.21,0
20570129,2.23,0
20570130,2.24,0
20570131,2.26,0
20570201,2.25,0
20570202,2.27,0
20570203,2.28,0
20570204,2.29,0
20570205,2.32,0
20570206,2.34,0
20570207,2.36,0
20570208,2.37,0
20570209,2.39,0
20570210,2.41,0
20570211,2.42,0
20570212,2.44,0
20570213,2.46,0
20570214,2.48,0
20570215,2.50,0
20570216,2.52,0
20570217,2.54,0
20570218,2.56,0
20570219,2.57,0
20570220,2.60,0
20570221,2.62,0
20570222,2.64,0
20570223,2.66,0
20570224,2.68,0
20570225,2.71,0
20570226,2.73,0
20570227,2.74,0
20570228,2.77,0
20570301,2.80,0
20570302,2.84,0
20570303,2.87,0
20570304,2.89,0
20570305,2.91,0
20570306,2.93,0
20570307,2.96,0
20570308,2.97,0
20570309,3.00,0
20570310,3.02,0
20570311,3.04,0
20570312,3.07,0
20570313,3.09,0
20570314,3.11,0
20570315,3.13,0
20570316,3.16,0
20570317,3.17,0
20570318,3.20,0
20570319,3.22,0
20570320,3.25,0
20570321,3.26,0
20570322,3.28,0
20570323,3.30,0
20570324,3.33,0
20570325,3.35,0
20570326,3.36,0
20570327,3.38,0
20570328,3.41,0
20570329,3.43,0
20570330,3.45,0
20570331,3.47,0
20570401,3.50,0
20570402,3.55,0
20570403,3.56,0
20570404,3.59,0
20570405,3.62,0
20570406,3.63,0
20570407,3.65,0
20570408,3.66,0
20570409,3.68,0
20570410,3.70,0
20570411,3.72,0
20570412,3.73,0
20570413,3.75,0
20570414,3.76,0
20570415,3.77,0
20570416,3.79,0
20570417,3.81,0
20570418,3.83,0
20570419,3.84,0
20570420,3.86,0
20570421,3.88,0
20570422,3.90,0
20570423,3.91,0
20570424,3.92,0
20570425,3.94,0
20570426,3.96,0
20570427,3.97,0
20570428,3.99,0
20570429,3.99,0
20570430,4.01,0
20570501,3.93,0
20570502,3.96,0
20570503,3.97,0
20570504,3.98,0
20570505,4.01,0
20570506,4.01,0
20570507,4.02,0
20570508,4.05,0
20570509,4.06,0
20570510,4.06,0
20570511,4.06,0
20570512,4.10,0
20570513,4.10,0
20570514,4.11,0
20570515,4.12,0
20570516,4.14,0
20570517,4.14,0
20570518,4.17,0
20570519,4.17,0
20570520,4.17,0
20570521,4.19,0
20570522,4.19,0
20570523,4.20,0
20570524,4.20,0
20570525,4.22,0
20570526,4.23,0
20570527,4.23,0
20570528,4.24,0
20570529,4.26,0
20570530,4.27,0
20570531,4.25,0
20570601,4.30,0
20570602,4.32,0
20570603,4.31,0
20570604,4.34,0
20570605,4.33,0
20570606,4.34,0
20570607,4.34,0
20570608,4.34,0
20570609,4.36,0
20570610,4.36,0
20570611,4.35,0
20570612,4.36,0
20570613,4.37,0
20570614,4.38,0
20570615,4.37,0
20570616,4.37,0
20570617,4.38,0
20570618,4.38,0
20570619,4.39,0
20570620,4.39,0
20570621,4.39,0
20570622,4.40,0
20570623,4.38,0
20570624,4.40,0
20570625,4.40,0
20570626,4.40,0
20570627,4.41,0
20570628,4.41,0
20570629,4.41,0
20570630,4.41,0
20570701,4.43,0
20570702,4.43,0
20570703,4.43,0
20570704,4.43,0
20570705,4.43,0
20570706,4.45,0
20570707,4.43,0
20570708,4.43,0
20570709,4.44,0
20570710,4.44,0
20570711,4.42,0
20570712,4.44,0
20570713,4.44,0
20570714,4.43,0
20570715,4.43,0
20570716,4.43,0
20570717,4.43,0
20570718,4.44,0
20570719,4.42,0
20570720,4.42,0
20570721,4.42,0
20570722,4.43,0
20570723,4.41,0
20570724,4.40,0
20570725,4.40,0
20570726,4.41,0
20570727,4.41,0
20570728,4.40,0
20570729,4.38,0
20570730,4.40,0
20570731,4.39,0
20570801,4.36,0
20570802,4.36,0
20570803,4.35,0
20570804,4.34,0
20570805,4.34,0
20570806,4.33,0
20570807,4.32,0
20570808,4.32,0
20570809,4.31,0
20570810,4.30,0
20570811,4.29,0
20570812,4.29,0
20570813,4.28,0
20570814,4.26,0
20570815,4.25,0
20570816,4.25,0
20570817,4.23,0
20570818,4.22,0
20570819,4.21,0
20570820,4.20,0
20570821,4.19,0
20570822,4.17,0
20570823,4.16,0
20570824,4.15,0
20570825,4.13,0
20570826,4.12,0
20570827,4.11,0
20570828,4.09,0
20570829,4.07,0
20570830,4.06,0
20570831,4.05,0
20570901,4.04,0
20570902,4.01,0
20570903,3.99,0
20570904,3.97,0
20570905,3.97,0
20570906,3.94,0
20570907,3.92,0
20570908,3.90,0
20570909,3.89,0
20570910,3.86,0
20570911,3.85,0
20570912,3.83,0
20570913,3.81,0
20570914,3.80,0
20570915,3.76,0
20570916,3.75,0
20570917,3.73,0
20570918,3.71,0
20570919,3.69,0
20570920,3.68,0
20570921,3.66,0
20570922,3.64,0
20570923,3.61,0
20570924,3.60,0
20570925,3.57,0
20570926,3.56,0
20570927,3.55,0
20570928,3.53,0
20570929,3.52,0
20570930,3.50,0
20571001,3.51,0
20571002,3.48,0
20571003,3.46,0
20571004,3.45,0
20571005,3.43,0
20571006,3.42,0
20571007,3.39,0
20571008,3.38,0
20571009,3.36,0
20571010,3.35,0
20571011,3.33,0
20571012,3.30,0
20571013,3.30,0
20571014,3.27,0
20571015,3.25,0
20571016,3.24,0
20571017,3.22,0
20571018,3.19,0
20571019,3.17,0
20571020,3.15,0
20571021,3.14,0
20571022,3.12,0
20571023,3.09,0
20571024,3.08,0
20571025,3.06,0
20571026,3.03,0
20571027,3.01,0
20571028,2.98,0
20571029,2.97,0
20571030,2.95,0
20571031,2.93,0
20571101,2.91,0
20571102,2.87,0
20571103,2.85,0
20571104,2.82,0
20571105,2.80,0
20571106,2.78,0
20571107,2.76,0
20571108,2.73,0
20571109,2.71,0
20571110,2.68,0
20571111,2.66,0
20571112,2.64,0
20571113,2.62,0
20571114,2.59,0
20571115,2.57,0
20571116,2.54,0
20571117,2.52,0
20571118,2.50,0
20571119,2.48,0
20571120,2.45,0
20571121,2.43,0
20571122,2.40,0
20571123,2.39,0
20571124,2.36,0
20571125,2.34,0
20571126,2.32,0
20571127,2.30,0
20571128,2.28,0
20571129,2.26,0
20571130,2.24,0
20571201,2.19,0
20571202,2.16,0
20571203,2.14,0
20571204,2.12,0
20571205,2.11,0
20571206,2.09,0
20571207,2.08,0
20571208,2.07,0
20571209,2.05,0
20571210,2.04,0
20571211,2.03,0
20571212,2.01,0
20571213,2.01,0
20571214,1.99,0
20571215,1.98,0
20571216,1.97,0
20571217,1.97,0
20571218,1.96,0
20571219,1.95,0
20571220,1.95,0
20571221,1.95,0
20571222,1.94,0
20571223,1.93,0
20571224,1.94,0
20571225,1.93,0
20571226,1.93,0
20571227,1.92,0
20571228,1.93,0
20571229,1.93,0
20571230,1.93,0
20571231,1.93,0
20580101,1.95,0
20580102,1.96,0
20580103,1.96,0
20580104,1.97,0
20580105,1.97,0
20580106,1.98,0
20580107,1.98,0
20580108,1.99,0
20580109,1.99,0
20580110,2.01,0
20580111,2.01,0
20580112,2.02,0
20580113,2.03,0
20580114,2.04,0
20580115,2.05,0
20580116,2.06,0
20580117,2.07,0
20580118,2.09,0
20580119,2.10,0
20580120,2.10,0
20580121,2.12,0
20580122,2.13,0
20580123,2.15,0
20580124,2.16,0
20580125,2.18,0
20580126,2.19,0
20580127,2.21,0
20580128,2.22,0
20580129,2.24,0
20580130,2.25,0
20580131,2.27,0
20580201,2.20,0
20580202,2.22,0
20580203,2.23,0
20580204,2.24,0
20580205,2.27,0
20580206,2.28,0
20580207,2.30,0
20580208,2.32,0
20580209,2.34,0
20580210,2.36,0
20580211,2.37,0
20580212,2.39,0
20580213,2.41,0
20580214,2.43,0
20580215,2.45,0
20580216,2.46,0
20580217,2.49,0
20580218,2.51,0
20580219,2.52,0
20580220,2.54,0
20580221,2.56,0
20580222,2.59,0
20580223,2.60,0
20580224,2.63,0
20580225,2.65,0
20580226,2.67,0
20580227,2.69,0
20580228,2.71,0
20580301,2.79,0
20580302,2.83,0
20580303,2.86,0
20580304,2.87,0
20580305,2.90,0
20580306,2.92,0
20580307,2.94,0
20580308,2.96,0
20580309,2.98,0
20580310,3.01,0
20580311,3.03,0
20580312,3.05,0
20580313,3.08,0
20580314,3.09,0
20580315,3.12,0
20580316,3.14,0
20580317,3.16,0
20580318,3.18,0
20580319,3.21,0
20580320,3.23,0
20580321,3.25,0
20580322,3.27,0
20580323,3.29,0
20580324,3.31,0
20580325,3.34,0
20580326,3.35,0
20580327,3.37,0
20580328,3.39,0
20580329,3.41,0
20580330,3.43,0
20580331,3.46,0
20580401,3.46,0
20580402,3.51,0
20580403,3.52,0
20580404,3.55,0
20580405,3.58,0
20580406,3.59,0
20580407,3.61,0
20580408,3.62,0
20580409,3.64,0
20580410,3.66,0
20580411,3.68,0
20580412,3.69,0
20580413,3.71,0
20580414,3.72,0
20580415,3.73,0
20580416,3.75,0
20580417,3.77,0
20580418,3.79,0
20580419,3.80,0
20580420,3.82,0
20580421,3.84,0
20580422,3.86,0
20580423,3.87,0
20580424,3.88,0
20580425,3.89,0
20580426,3.91,0
20580427,3.92,0
20580428,3.94,0
20580429,3.95,0
20580430,3.97,0
20580501,3.95,0
20580502,3.98,0
20580503,3.99,0
20580504,4.01,0
20580505,4.03,0
20580506,4.03,0
20580507,4.04,0
20580508,4.07,0
20580509,4.08,0
20580510,4.08,0
20580511,4.09,0
20580512,4.12,0
20580513,4.12,0
20580514,4.13,0
20580515,4.15,0
20580516,4.17,0
20580517,4.17,0
20580518,4.19,0
20580519,4.19,0
20580520,4.19,0
20580521,4.21,0
20580522,4.21,0
20580523,4.22,0
20580524,4.23,0
20580525,4.24,0
20580526,4.26,0
20580527,4.25,0
20580528,4.27,0
20580529,4.28,0
20580530,4.29,0
20580531,4.28,0
20580601,4.25,0
20580602,4.27,0
20580603,4.26,0
20580604,4.29,0
20580605,4.28,0
20580606,4.29,0
20580607,4.29,0
20580608,4.29,0
20580609,4.31,0
20580610,4.31,0
20580611,4.30,0
20580612,4.31,0
20580613,4.32,0
20580614,4.32,0
20580615,4.31,0
20580616,4.32,0
20580617,4.33,0
20580618,4.33,0
20580619,4.34,0
20580620,4.34,0
20580621,4.34,0
20580622,4.35,0
20580623,4.33,0
20580624,4.35,0
20580625,4.35,0
20580626,4.35,0
20580627,4.36,0
20580628,4.36,0
20580629,4.36,0
20580630,4.36,0
20580701,4.40,0
20580702,4.40,0
20580703,4.40,0
20580704,4.40,0
20580705,4.40,0
20580706,4.42,0
20580707,4.40,0
20580708,4.39,0
20580709,4.41,0
20580710,4.41,0
20580711,4.39,0
20580712,4.40,0
20580713,4.41,0
20580714,4.40,0
20580715,4.40,0
20580716,4.40,0
20580717,4.40,0
20580718,4.41,0
20580719,4.39,0
20580720,4.39,0
20580721,4.39,0
20580722,4.40,0
20580723,4.38,0
20580724,4.37,0
20580725,4.37,0
20580726,4.38,0
20580727,4.38,0
20580728,4.37,0
20580729,4.35,0
20580730,4.37,0
20580731,4.36,0
20580801,4.34,0
20580802,4.33,0
20580803,4.33,0
20580804,4.32,0
20580805,4.31,0
20580806,4.31,0
20580807,4.30,0
20580808,4.29,0
20580809,4.28,0
20580810,4.28,0
20580811,4.27,0
20580812,4.26,0
20580813,4.25,0
20580814,4.24,0
20580815,4.23,0
20580816,4.22,0
20580817,4.21,0
20580818,4.20,0
20580819,4.19,0
20580820,4.17,0
20580821,4.16,0
20580822,4.15,0
20580823,4.14,0
20580824,4.12,0
20580825,4.11,0
20580826,4.10,0
20580827,4.08,0
20580828,4.07,0
20580829,4.05,0
20580830,4.04,0
20580831,4.02,0
20580901,4.03,0
20580902,4.00,0
20580903,3.99,0
20580904,3.97,0
20580905,3.96,0
20580906,3.93,0
20580907,3.91,0
20580908,3.89,0
20580909,3.88,0
20580910,3.85,0
20580911,3.85,0
20580912,3.82,0
20580913,3.81,0
20580914,3.80,0
20580915,3.76,0
20580916,3.74,0
20580917,3.73,0
20580918,3.71,0
20580919,3.68,0
20580920,3.67,0
20580921,3.66,0
20580922,3.63,0
20580923,3.61,0
20580924,3.60,0
20580925,3.57,0
20580926,3.56,0
20580927,3.54,0
20580928,3.53,0
20580929,3.51,0
20580930,3.49,0
20581001,3.49,0
20581002,3.46,0
20581003,3.45,0
20581004,3.43,0
20581005,3.41,0
20581006,3.40,0
20581007,3.37,0
20581008,3.36,0
20581009,3.34,0
20581010,3.33,0
20581011,3.31,0
20581012,3.28,0
20581013,3.28,0
20581014,3.25,0
20581015,3.23,0
20581016,3.22,0
20581017,3.20,0
20581018,3.17,0
20581019,3.15,0
20581020,3.13,0
20581021,3.12,0
20581022,3.10,0
20581023,3.08,0
20581024,3.06,0
20581025,3.04,0
20581026,3.01,0
20581027,2.99,0
20581028,2.97,0
20581029,2.95,0
20581030,2.93,0
20581031,2.91,0
20581101,2.92,0
20581102,2.88,0
20581103,2.86,0
20581104,2.83,0
20581105,2.81,0
20581106,2.79,0
20581107,2.77,0
20581108,2.74,0
20581109,2.71,0
20581110,2.69,0
20581111,2.67,0
20581112,2.64,0
20581113,2.62,0
20581114,2.60,0
20581115,2.57,0
20581116,2.55,0
20581117,2.53,0
20581118,2.50,0
20581119,2.48,0
20581120,2.45,0
20581121,2.44,0
20581122,2.41,0
20581123,2.39,0
20581124,2.36,0
20581125,2.35,0
20581126,2.33,0
20581127,2.30,0
20581128,2.29,0
20581129,2.26,0
20581130,2.25,0
20581201,2.15,0
20581202,2.11,0
20581203,2.10,0
20581204,2.08,0
20581205,2.06,0
20581206,2.05,0
20581207,2.03,0
20581208,2.02,0
20581209,2.01,0
20581210,1.99,0
20581211,1.98,0
20581212,1.97,0
20581213,1.96,0
20581214,1.95,0
20581215,1.94,0
20581216,1.93,0
20581217,1.93,0
20581218,1.92,0
20581219,1.91,0
20581220,1.90,0
20581221,1.90,0
20581222,1.89,0
20581223,1.89,0
20581224,1.90,0
20581225,1.89,0
20581226,1.89,0
20581227,1.88,0
20581228,1.89,0
20581229,1.89,0
20581230,1.89,0
20581231,1.89,0
20590101,1.90,0
20590102,1.90,0
20590103,1.90,0
20590104,1.91,0
20590105,1.91,0
20590106,1.92,0
20590107,1.92,0
20590108,1.93,0
20590109,1.94,0
20590110,1.95,0
20590111,1.95,0
20590112,1.96,0
20590113,1.97,0
20590114,1.98,0
20590115,1.99,0
20590116,2.00,0
20590117,2.01,0
20590118,2.02,0
20590119,2.04,0
20590120,2.04,0
20590121,2.06,0
20590122,2.07,0
20590123,2.08,0
20590124,2.10,0
20590125,2.11,0
20590126,2.13,0
20590127,2.14,0
20590128,2.16,0
20590129,2.17,0
20590130,2.18,0
20590131,2.20,0
20590201,2.16,0
20590202,2.18,0
20590203,2.19,0
20590204,2.20,0
20590205,2.23,0
20590206,2.24,0
20590207,2.26,0
20590208,2.27,0
20590209,2.30,0
20590210,2.32,0
20590211,2.33,0
20590212,2.35,0
20590213,2.37,0
20590214,2.38,0
20590215,2.41,0
20590216,2.42,0
20590217,2.44,0
20590218,2.47,0
20590219,2.47,0
20590220,2.50,0
20590221,2.52,0
20590222,2.54,0
20590223,2.56,0
20590224,2.58,0
20590225,2.61,0
20590226,2.62,0
20590227,2.64,0
20590228,2.66,0
20590301,2.75,0
20590302,2.79,0
20590303,2.82,0
20590304,2.83,0
20590305,2.86,0
20590306,2.88,0
20590307,2.91,0
20590308,2.92,0
20590309,2.95,0
20590310,2.97,0
20590311,2.99,0
20590312,3.01,0
20590313,3.04,0
20590314,3.05,0
20590315,3.08,0
20590316,3.10,0
20590317,3.12,0
20590318,3.15,0
20590319,3.17,0
20590320,3.19,0
20590321,3.21,0
20590322,3.23,0
20590323,3.25,0
20590324,3.27,0
20590325,3.30,0
20590326,3.31,0
20590327,3.33,0
20590328,3.35,0
20590329,3.37,0
20590330,3.39,0
20590331,3.42,0
20590401,3.44,0
20590402,3.50,0
20590403,3.51,0
20590404,3.53,0
20590405,3.56,0
20590406,3.57,0
20590407,3.59,0
20590408,3.60,0
20590409,3.63,0
20590410,3.65,0
20590411,3.66,0
20590412,3.67,0
20590413,3.69,0
20590414,3.70,0
20590415,3.71,0
20590416,3.73,0
20590417,3.75,0
20590418,3.77,0
20590419,3.78,0
20590420,3.80,0
20590421,3.82,0
20590422,3.85,0
20590423,3.85,0
20590424,3.86,0
20590425,3.88,0
20590426,3.90,0
20590427,3.91,0
20590428,3.93,0
20590429,3.93,0
20590430,3.96,0
20590501,3.97,0
20590502,4.00,0
20590503,4.01,0
20590504,4.03,0
20590505,4.05,0
20590506,4.05,0
20590507,4.06,0
20590508,4.09,0
20590509,4.10,0
20590510,4.10,0
20590511,4.10,0
20590512,4.14,0
20590513,4.14,0
20590514,4.15,0
20590515,4.16,0
20590516,4.19,0
20590517,4.19,0
20590518,4.21,0
20590519,4.21,0
20590520,4.21,0
20590521,4.23,0
20590522,4.23,0
20590523,4.24,0
20590524,4.25,0
20590525,4.26,0
20590526,4.27,0
20590527,4.27,0
20590528,4.29,0
20590529,4.30,0
20590530,4.31,0
20590531,4.29,0
20590601,4.27,0
20590602,4.29,0
20590603,4.28,0
20590604,4.31,0
20590605,4.31,0
20590606,4.31,0
20590607,4.31,0
20590608,4.32,0
20590609,4.33,0
20590610,4.33,0
20590611,4.32,0
20590612,4.34,0
20590613,4.34,0
20590614,4.35,0
20590615,4.34,0
20590616,4.34,0
20590617,4.35,0
20590618,4.35,0
20590619,4.36,0
20590620,4.36,0
20590621,4.36,0
20590622,4.37,0
20590623,4.36,0
20590624,4.37,0
20590625,4.38,0
20590626,4.38,0
20590627,4.38,0
20590628,4.38,0
20590629,4.38,0
20590630,4.38,0
20590701,4.41,0
20590702,4.41,0
20590703,4.41,0
20590704,4.41,0
20590705,4.41,0
20590706,4.43,0
20590707,4.41,0
20590708,4.40,0
20590709,4.42,0
20590710,4.42,0
20590711,4.40,0
20590712,4.41,0
20590713,4.42,0
20590714,4.41,0
20590715,4.41,0
20590716,4.41,0
20590717,4.41,0
20590718,4.42,0
20590719,4.40,0
20590720,4.40,0
20590721,4.40,0
20590722,4.41,0
20590723,4.39,0
20590724,4.38,0
20590725,4.38,0
20590726,4.39,0
20590727,4.39,0
20590728,4.38,0
20590729,4.36,0
20590730,4.38,0
20590731,4.37,0
20590801,4.35,0
20590802,4.35,0
20590803,4.34,0
20590804,4.34,0
20590805,4.33,0
20590806,4.32,0
20590807,4.32,0
20590808,4.31,0
20590809,4.30,0
20590810,4.29,0
20590811,4.29,0
20590812,4.28,0
20590813,4.27,0
20590814,4.26,0
20590815,4.25,0
20590816,4.24,0
20590817,4.22,0
20590818,4.21,0
20590819,4.21,0
20590820,4.19,0
20590821,4.18,0
20590822,4.17,0
20590823,4.16,0
20590824,4.14,0
20590825,4.12,0
20590826,4.11,0
20590827,4.10,0
20590828,4.08,0
20590829,4.07,0
20590830,4.05,0
20590831,4.04,0
20590901,4.02,0
20590902,3.99,0
20590903,3.97,0
20590904,3.96,0
20590905,3.95,0
20590906,3.92,0
20590907,3.90,0
20590908,3.88,0
20590909,3.87,0
20590910,3.84,0
20590911,3.83,0
20590912,3.81,0
20590913,3.79,0
20590914,3.78,0
20590915,3.75,0
20590916,3.73,0
20590917,3.72,0
20590918,3.69,0
20590919,3.67,0
20590920,3.66,0
20590921,3.65,0
20590922,3.62,0
20590923,3.60,0
20590924,3.58,0
20590925,3.55,0
20590926,3.54,0
20590927,3.53,0
20590928,3.51,0
20590929,3.50,0
20590930,3.48,0
20591001,3.48,0
20591002,3.45,0
20591003,3.43,0
20591004,3.41,0
20591005,3.39,0
20591006,3.39,0
20591007,3.36,0
20591008,3.35,0
20591009,3.33,0
20591010,3.31,0
20591011,3.29,0
20591012,3.26,0
20591013,3.26,0
20591014,3.24,0
20591015,3.22,0
20591016,3.20,0
20591017,3.18,0
20591018,3.16,0
20591019,3.14,0
20591020,3.12,0
20591021,3.11,0
20591022,3.08,0
20591023,3.06,0
20591024,3.04,0
20591025,3.02,0
20591026,3.00,0
20591027,2.98,0
20591028,2.95,0
20591029,2.94,0
20591030,2.91,0
20591031,2.89,0
20591101,2.88,0
20591102,2.84,0
20591103,2.82,0
20591104,2.79,0
20591105,2.77,0
20591106,2.75,0
20591107,2.73,0
20591108,2.70,0
20591109,2.67,0
20591110,2.65,0
20591111,2.63,0
20591112,2.60,0
20591113,2.58,0
20591114,2.56,0
20591115,2.53,0
20591116,2.51,0
20591117,2.49,0
20591118,2.46,0
20591119,2.45,0
20591120,2.42,0
20591121,2.40,0
20591122,2.37,0
20591123,2.36,0
20591124,2.33,0
20591125,2.31,0
20591126,2.29,0
20591127,2.27,0
20591128,2.25,0
20591129,2.23,0
20591130,2.21,0
20591201,2.20,0
20591202,2.16,0
20591203,2.15,0
20591204,2.13,0
20591205,2.11,0
20591206,2.10,0
20591207,2.08,0
20591208,2.07,0
20591209,2.06,0
20591210,2.04,0
20591211,2.03,0
20591212,2.02,0
20591213,2.01,0
20591214,2.00,0
20591215,1.99,0
20591216,1.98,0
20591217,1.97,0
20591218,1.97,0
20591219,1.96,0
20591220,1.95,0
20591221,1.95,0
20591222,1.94,0
20591223,1.94,0
20591224,1.94,0
20591225,1.94,0
20591226,1.94,0
20591227,1.93,0
20591228,1.93,0
20591229,1.94,0
20591230,1.94,0
20591231,1.94,0
20600101,1.97,0
20600102,1.98,0
20600103,1.98,0
20600104,1.99,0
20600105,1.99,0
20600106,2.00,0
20600107,2.00,0
20600108,2.01,0
20600109,2.01,0
20600110,2.03,0
20600111,2.03,0
20600112,2.04,0
20600113,2.05,0
20600114,2.06,0
20600115,2.07,0
20600116,2.08,0
20600117,2.09,0
20600118,2.11,0
20600119,2.12,0
20600120,2.13,0
20600121,2.14,0
20600122,2.15,0
20600123,2.17,0
20600124,2.18,0
20600125,2.20,0
20600126,2.21,0
20600127,2.23,0
20600128,2.24,0
20600129,2.26,0
20600130,2.27,0
20600131,2.29,0
20600201,2.17,0
20600202,2.19,0
20600203,2.21,0
20600204,2.22,0
20600205,2.24,0
20600206,2.26,0
20600207,2.28,0
20600208,2.29,0
20600209,2.31,0
20600210,2.33,0
20600211,2.34,0
20600212,2.36,0
20600213,2.38,0
20600214,2.40,0
20600215,2.42,0
20600216,2.44,0
20600217,2.46,0
20600218,2.48,0
20600219,2.49,0
20600220,2.51,0
20600221,2.54,0
20600222,2.56,0
20600223,2.57,0
20600224,2.60,0
20600225,2.63,0
20600226,2.64,0
20600227,2.66,0
20600228,2.68,0
20600229,2.69,0
20600301,2.80,0
20600302,2.83,0
20600303,2.84,0
20600304,2.87,0
20600305,2.89,0
20600306,2.92,0
20600307,2.93,0
20600308,2.96,0
20600309,2.98,0
20600310,3.00,0
20600311,3.02,0
20600312,3.05,0
20600313,3.06,0
20600314,3.09,0
20600315,3.11,0
20600316,3.13,0
20600317,3.15,0
20600318,3.18,0
20600319,3.20,0
20600320,3.22,0
20600321,3.24,0
20600322,3.26,0
20600323,3.28,0
20600324,3.31,0
20600325,3.31,0
20600326,3.34,0
20600327,3.36,0
20600328,3.38,0
20600329,3.40,0
20600330,3.42,0
20600331,3.44,0
20600401,3.52,0
20600402,3.53,0
20600403,3.55,0
20600404,3.59,0
20600405,3.59,0
20600406,3.62,0
20600407,3.63,0
20600408,3.65,0
20600409,3.67,0
20600410,3.69,0
20600411,3.70,0
20600412,3.72,0
20600413,3.73,0
20600414,3.74,0
20600415,3.76,0
20600416,3.78,0
20600417,3.80,0
20600418,3.81,0
20600419,3.83,0
20600420,3.85,0
20600421,3.87,0
20600422,3.88,0
20600423,3.88,0
20600424,3.90,0
20600425,3.92,0
20600426,3.93,0
20600427,3.95,0
20600428,3.96,0
20600429,3.98,0
20600430,3.99,0
20600501,3.94,0
20600502,3.95,0
20600503,3.96,0
20600504,3.99,0
20600505,3.99,0
20600506,4.00,0
20600507,4.03,0
20600508,4.04,0
20600509,4.04,0
20600510,4.04,0
20600511,4.08,0
20600512,4.08,0
20600513,4.09,0
20600514,4.10,0
20600515,4.12,0
20600516,4.12,0
20600517,4.14,0
20600518,4.15,0
20600519,4.15,0
20600520,4.17,0
20600521,4.17,0
20600522,4.18,0
20600523,4.18,0
20600524,4.20,0
20600525,4.21,0
20600526,4.21,0
20600527,4.22,0
20600528,4.24,0
20600529,4.25,0
20600530,4.23,0
20600531,4.25,0
20600601,4.33,0
20600602,4.33,0
20600603,4.35,0
20600604,4.35,0
20600605,4.36,0
20600606,4.35,0
20600607,4.36,0
20600608,4.37,0
20600609,4.38,0
20600610,4.37,0
20600611,4.38,0
20600612,4.39,0
20600613,4.39,0
20600614,4.38,0
20600615,4.39,0
20600616,4.39,0
20600617,4.40,0
20600618,4.40,0
20600619,4.40,0
20600620,4.41,0
20600621,4.41,0
20600622,4.40,0
20600623,4.42,0
20600624,4.42,0
20600625,4.42,0
20600626,4.42,0
20600627,4.42,0
20600628,4.43,0
20600629,4.43,0
20600630,4.43,0
20600701,4.41,0
20600702,4.41,0
20600703,4.42,0
20600704,4.41,0
20600705,4.43,0
20600706,4.41,0
20600707,4.41,0
20600708,4.42,0
20600709,4.43,0
20600710,4.41,0
20600711,4.42,0
20600712,4.42,0
20600713,4.42,0
20600714,4.42,0
20600715,4.41,0
20600716,4.41,0
20600717,4.43,0
20600718,4.41,0
20600719,4.41,0
20600720,4.40,0
20600721,4.41,0
20600722,4.39,0
20600723,4.39,0
20600724,4.39,0
20600725,4.40,0
20600726,4.39,0
20600727,4.39,0
20600728,4.37,0
20600729,4.38,0
20600730,4.38,0
20600731,4.37,0
20600801,4.37,0
20600802,4.36,0
20600803,4.35,0
20600804,4.35,0
20600805,4.34,0
20600806,4.33,0
20600807,4.33,0
20600808,4.32,0
20600809,4.31,0
20600810,4.30,0
20600811,4.29,0
20600812,4.29,0
20600813,4.27,0
20600814,4.26,0
20600815,4.25,0
20600816,4.24,0
20600817,4.23,0
20600818,4.22,0
20600819,4.21,0
20600820,4.20,0
20600821,4.18,0
20600822,4.17,0
20600823,4.16,0
20600824,4.14,0
20600825,4.13,0
20600826,4.11,0
20600827,4.10,0
20600828,4.08,0
20600829,4.07,0
20600830,4.05,0
20600831,4.04,0
20600901,3.96,0
20600902,3.94,0
20600903,3.93,0
20600904,3.92,0
20600905,3.89,0
20600906,3.87,0
20600907,3.85,0
20600908,3.84,0
20600909,3.81,0
20600910,3.81,0
20600911,3.78,0
20600912,3.76,0
20600913,3.75,0
20600914,3.72,0
20600915,3.70,0
20600916,3.69,0
20600917,3.66,0
20600918,3.64,0
20600919,3.63,0
20600920,3.62,0
20600921,3.59,0
20600922,3.57,0
20600923,3.56,0
20600924,3.53,0
20600925,3.52,0
20600926,3.50,0
20600927,3.49,0
20600928,3.47,0
20600929,3.45,0
20600930,3.42,0
20601001,3.41,0
20601002,3.39,0
20601003,3.38,0
20601004,3.36,0
20601005,3.35,0
20601006,3.32,0
20601007,3.31,0
20601008,3.29,0
20601009,3.28,0
20601010,3.26,0
20601011,3.23,0
20601012,3.23,0
20601013,3.20,0
20601014,3.18,0
20601015,3.17,0
20601016,3.15,0
20601017,3.12,0
20601018,3.10,0
20601019,3.08,0
20601020,3.07,0
20601021,3.05,0
20601022,3.03,0
20601023,3.01,0
20601024,2.99,0
20601025,2.96,0
20601026,2.94,0
20601027,2.92,0
20601028,2.90,0
20601029,2.88,0
20601030,2.86,0
20601031,2.83,0
20601101,2.92,0
20601102,2.89,0
20601103,2.86,0
20601104,2.84,0
20601105,2.82,0
20601106,2.80,0
20601107,2.77,0
20601108,2.75,0
20601109,2.72,0
20601110,2.70,0
20601111,2.68,0
20601112,2.66,0
20601113,2.63,0
20601114,2.61,0
20601115,2.58,0
20601116,2.56,0
20601117,2.53,0
20601118,2.51,0
20601119,2.49,0
20601120,2.47,0
20601121,2.44,0
20601122,2.42,0
20601123,2.39,0
20601124,2.38,0
20601125,2.36,0
20601126,2.33,0
20601127,2.32,0
20601128,2.29,0
20601129,2.28,0
20601130,2.26,0
20601201,2.11,0
20601202,2.09,0
20601203,2.07,0
20601204,2.06,0
20601205,2.05,0
20601206,2.03,0
20601207,2.02,0
20601208,2.00,0
20601209,1.99,0
20601210,1.98,0
20601211,1.97,0
20601212,1.96,0
20601213,1.95,0
20601214,1.94,0
20601215,1.93,0
20601216,1.92,0
20601217,1.92,0
20601218,1.91,0
20601219,1.90,0
20601220,1.90,0
20601221,1.89,0
20601222,1.89,0
20601223,1.89,0
20601224,1.89,0
20601225,1.89,0
20601226,1.88,0
20601227,1.88,0
20601228,1.89,0
20601229,1.89,0
20601230,1.89,0
20601231,1.90,0
20610101,1.89,0
20610102,1.90,0
20610103,1.90,0
20610104,1.90,0
20610105,1.91,0
20610106,1.92,0
20610107,1.92,0
20610108,1.93,0
20610109,1.93,0
20610110,1.94,0
20610111,1.95,0
20610112,1.96,0
20610113,1.97,0
20610114,1.98,0
20610115,1.99,0
20610116,1.99,0
20610117,2.01,0
20610118,2.02,0
20610119,2.04,0
20610120,2.04,0
20610121,2.06,0
20610122,2.06,0
20610123,2.08,0
20610124,2.09,0
20610125,2.11,0
20610126,2.12,0
20610127,2.14,0
20610128,2.15,0
20610129,2.17,0
20610130,2.18,0
20610131,2.20,0
20610201,2.16,0
20610202,2.18,0
20610203,2.20,0
20610204,2.21,0
20610205,2.23,0
20610206,2.25,0
20610207,2.27,0
20610208,2.28,0
20610209,2.30,0
20610210,2.32,0
20610211,2.33,0
20610212,2.35,0
20610213,2.37,0
20610214,2.39,0
20610215,2.41,0
20610216,2.43,0
20610217,2.45,0
20610218,2.47,0
20610219,2.48,0
20610220,2.50,0
20610221,2.52,0
20610222,2.55,0
20610223,2.56,0
20610224,2.59,0
20610225,2.61,0
20610226,2.63,0
20610227,2.65,0
20610228,2.67,0
20610301,2.75,0
20610302,2.79,0
20610303,2.82,0
20610304,2.83,0
20610305,2.85,0
20610306,2.88,0
20610307,2.90,0
20610308,2.92,0
20610309,2.94,0
20610310,2.97,0
20610311,2.99,0
20610312,3.01,0
20610313,3.03,0
20610314,3.05,0
20610315,3.07,0
20610316,3.10,0
20610317,3.11,0
20610318,3.14,0
20610319,3.17,0
20610320,3.19,0
20610321,3.20,0
20610322,3.22,0
20610323,3.25,0
20610324,3.27,0
20610325,3.29,0
20610326,3.30,0
20610327,3.32,0
20610328,3.35,0
20610329,3.37,0
20610330,3.39,0
20610331,3.41,0
20610401,3.45,0
20610402,3.51,0
20610403,3.52,0
20610404,3.54,0
20610405,3.58,0
20610406,3.58,0
20610407,3.60,0
20610408,3.61,0
20610409,3.64,0
20610410,3.66,0
20610411,3.67,0
20610412,3.68,0
20610413,3.71,0
20610414,3.71,0
20610415,3.72,0
20610416,3.74,0
20610417,3.76,0
20610418,3.78,0
20610419,3.79,0
20610420,3.81,0
20610421,3.83,0
20610422,3.86,0
20610423,3.86,0
20610424,3.87,0
20610425,3.89,0
20610426,3.91,0
20610427,3.92,0
20610428,3.94,0
20610429,3.94,0
20610430,3.97,0
20610501,3.98,0
20610502,4.01,0
20610503,4.02,0
20610504,4.04,0
20610505,4.06,0
20610506,4.07,0
20610507,4.07,0
20610508,4.10,0
20610509,4.11,0
20610510,4.12,0
20610511,4.12,0
20610512,4.15,0
20610513,4.16,0
20610514,4.16,0
20610515,4.18,0
20610516,4.20,0
20610517,4.20,0
20610518,4.22,0
20610519,4.22,0
20610520,4.22,0
20610521,4.24,0
20610522,4.24,0
20610523,4.25,0
20610524,4.26,0
20610525,4.27,0
20610526,4.29,0
20610527,4.28,0
20610528,4.30,0
20610529,4.31,0
20610530,4.32,0
20610531,4.31,0
20610601,4.35,0
20610602,4.37,0
20610603,4.36,0
20610604,4.39,0
20610605,4.38,0
20610606,4.39,0
20610607,4.39,0
20610608,4.39,0
20610609,4.41,0
20610610,4.41,0
20610611,4.40,0
20610612,4.41,0
20610613,4.42,0
20610614,4.43,0
20610615,4.41,0
20610616,4.42,0
20610617,4.43,0
20610618,4.43,0
20610619,4.44,0
20610620,4.44,0
20610621,4.44,0
20610622,4.45,0
20610623,4.43,0
20610624,4.45,0
20610625,4.45,0
20610626,4.45,0
20610627,4.46,0
20610628,4.46,0
20610629,4.46,0
20610630,4.46,0
20610701,4.44,0
20610702,4.43,0
20610703,4.43,0
20610704,4.44,0
20610705,4.43,0
20610706,4.45,0
20610707,4.43,0
20610708,4.43,0
20610709,4.45,0
20610710,4.45,0
20610711,4.43,0
20610712,4.44,0
20610713,4.44,0
20610714,4.44,0
20610715,4.44,0
20610716,4.43,0
20610717,4.43,0
20610718,4.45,0
20610719,4.43,0
20610720,4.43,0
20610721,4.42,0
20610722,4.43,0
20610723,4.41,0
20610724,4.41,0
20610725,4.41,0
20610726,4.42,0
20610727,4.42,0
20610728,4.41,0
20610729,4.39,0
20610730,4.40,0
20610731,4.40,0
20610801,4.38,0
20610802,4.37,0
20610803,4.37,0
20610804,4.36,0
20610805,4.35,0
20610806,4.34,0
20610807,4.34,0
20610808,4.33,0
20610809,4.32,0
20610810,4.31,0
20610811,4.31,0
20610812,4.30,0
20610813,4.29,0
20610814,4.28,0
20610815,4.27,0
20610816,4.26,0
20610817,4.25,0
20610818,4.24,0
20610819,4.23,0
20610820,4.21,0
20610821,4.20,0
20610822,4.19,0
20610823,4.18,0
20610824,4.16,0
20610825,4.15,0
20610826,4.13,0
20610827,4.12,0
20610828,4.10,0
20610829,4.09,0
20610830,4.08,0
20610831,4.06,0
20610901,4.04,0
20610902,4.01,0
20610903,4.00,0
20610904,3.98,0
20610905,3.97,0
20610906,3.94,0
20610907,3.92,0
20610908,3.90,0
20610909,3.89,0
20610910,3.86,0
20610911,3.86,0
20610912,3.83,0
20610913,3.81,0
20610914,3.80,0
20610915,3.77,0
20610916,3.75,0
20610917,3.74,0
20610918,3.71,0
20610919,3.69,0
20610920,3.68,0
20610921,3.67,0
20610922,3.64,0
20610923,3.62,0
20610924,3.61,0
20610925,3.58,0
20610926,3.56,0
20610927,3.55,0
20610928,3.53,0
20610929,3.52,0
20610930,3.50,0
20611001,3.51,0
20611002,3.48,0
20611003,3.47,0
20611004,3.45,0
20611005,3.43,0
20611006,3.42,0
20611007,3.39,0
20611008,3.38,0
20611009,3.36,0
20611010,3.35,0
20611011,3.33,0
20611012,3.30,0
20611013,3.30,0
20611014,3.27,0
20611015,3.25,0
20611016,3.24,0
20611017,3.22,0
20611018,3.19,0
20611019,3.17,0
20611020,3.15,0
20611021,3.14,0
20611022,3.12,0
20611023,3.09,0
20611024,3.08,0
20611025,3.06,0
20611026,3.03,0
20611027,3.01,0
20611028,2.98,0
20611029,2.97,0
20611030,2.95,0
20611031,2.93,0
20611101,3.00,0
20611102,2.96,0
20611103,2.94,0
20611104,2.91,0
20611105,2.89,0
20611106,2.87,0
20611107,2.85,0
20611108,2.82,0
20611109,2.80,0
20611110,2.77,0
20611111,2.75,0
20611112,2.72,0
20611113,2.70,0
20611114,2.68,0
20611115,2.65,0
20611116,2.62,0
20611117,2.61,0
20611118,2.58,0
20611119,2.56,0
20611120,2.53,0
20611121,2.51,0
20611122,2.49,0
20611123,2.47,0
20611124,2.44,0
20611125,2.42,0
20611126,2.40,0
20611127,2.38,0
20611128,2.36,0
20611129,2.34,0
20611130,2.32,0
20611201,2.23,0
20611202,2.19,0
20611203,2.17,0
20611204,2.15,0
20611205,2.14,0
20611206,2.12,0
20611207,2.10,0
20611208,2.10,0
20611209,2.08,0
20611210,2.07,0
20611211,2.06,0
20611212,2.04,0
20611213,2.03,0
20611214,2.02,0
20611215,2.01,0
20611216,2.00,0
20611217,2.00,0
20611218,1.99,0
20611219,1.98,0
20611220,1.98,0
20611221,1.97,0
20611222,1.97,0
20611223,1.96,0
20611224,1.97,0
20611225,1.96,0
20611226,1.96,0
20611227,1.95,0
20611228,1.96,0
20611229,1.96,0
20611230,1.96,0
20611231,1.96,0
20620101,1.96,0
20620102,1.96,0
20620103,1.96,0
20620104,1.97,0
20620105,1.98,0
20620106,1.98,0
20620107,1.99,0
20620108,2.00,0
20620109,2.00,0
20620110,2.01,0
20620111,2.02,0
20620112,2.03,0
20620113,2.04,0
20620114,2.05,0
20620115,2.06,0
20620116,2.06,0
20620117,2.08,0
20620118,2.09,0
20620119,2.11,0
20620120,2.11,0
20620121,2.13,0
20620122,2.14,0
20620123,2.15,0
20620124,2.17,0
20620125,2.18,0
20620126,2.20,0
20620127,2.21,0
20620128,2.23,0
20620129,2.24,0
20620130,2.25,0
20620131,2.27,0
20620201,2.25,0
20620202,2.27,0
20620203,2.29,0
20620204,2.30,0
20620205,2.32,0
20620206,2.34,0
20620207,2.36,0
20620208,2.37,0
20620209,2.39,0
20620210,2.41,0
20620211,2.42,0
20620212,2.45,0
20620213,2.47,0
20620214,2.48,0
20620215,2.51,0
20620216,2.52,0
20620217,2.54,0
20620218,2.57,0
20620219,2.58,0
20620220,2.60,0
20620221,2.62,0
20620222,2.65,0
20620223,2.66,0
20620224,2.69,0
20620225,2.71,0
20620226,2.73,0
20620227,2.75,0
20620228,2.77,0
20620301,2.71,0
20620302,2.75,0
20620303,2.78,0
20620304,2.79,0
20620305,2.82,0
20620306,2.84,0
20620307,2.86,0
20620308,2.88,0
20620309,2.90,0
20620310,2.93,0
20620311,2.95,0
20620312,2.97,0
20620313,2.99,0
20620314,3.01,0
20620315,3.03,0
20620316,3.06,0
20620317,3.07,0
20620318,3.10,0
20620319,3.12,0
20620320,3.15,0
20620321,3.16,0
20620322,3.18,0
20620323,3.20,0
20620324,3.23,0
20620325,3.25,0
20620326,3.26,0
20620327,3.28,0
20620328,3.30,0
20620329,3.32,0
20620330,3.34,0
20620331,3.37,0
20620401,3.44,0
20620402,3.49,0
20620403,3.51,0
20620404,3.53,0
20620405,3.56,0
20620406,3.57,0
20620407,3.59,0
20620408,3.60,0
20620409,3.62,0
20620410,3.64,0
20620411,3.66,0
20620412,3.67,0
20620413,3.69,0
20620414,3.70,0
20620415,3.71,0
20620416,3.73,0
20620417,3.75,0
20620418,3.77,0
20620419,3.78,0
20620420,3.80,0
20620421,3.82,0
20620422,3.84,0
20620423,3.85,0
20620424,3.86,0
20620425,3.88,0
20620426,3.90,0
20620427,3.91,0
20620428,3.93,0
20620429,3.93,0
20620430,3.95,0
20620501,3.94,0
20620502,3.96,0
20620503,3.97,0
20620504,3.99,0
20620505,4.01,0
20620506,4.02,0
20620507,4.03,0
20620508,4.06,0
20620509,4.06,0
20620510,4.07,0
20620511,4.07,0
20620512,4.10,0
20620513,4.11,0
20620514,4.11,0
20620515,4.13,0
20620516,4.15,0
20620517,4.15,0
20620518,4.17,0
20620519,4.17,0
20620520,4.17,0
20620521,4.19,0
20620522,4.19,0
20620523,4.21,0
20620524,4.21,0
20620525,4.22,0
20620526,4.24,0
20620527,4.24,0
20620528,4.25,0
20620529,4.26,0
20620530,4.28,0
20620531,4.26,0
20620601,4.34,0
20620602,4.36,0
20620603,4.35,0
20620604,4.38,0
20620605,4.38,0
20620606,4.38,0
20620607,4.38,0
20620608,4.39,0
20620609,4.40,0
20620610,4.41,0
20620611,4.40,0
20620612,4.41,0
20620613,4.41,0
20620614,4.42,0
20620615,4.41,0
20620616,4.41,0
20620617,4.42,0
20620618,4.42,0
20620619,4.43,0
20620620,4.43,0
20620621,4.43,0
20620622,4.44,0
20620623,4.43,0
20620624,4.44,0
20620625,4.45,0
20620626,4.45,0
20620627,4.45,0
20620628,4.45,0
20620629,4.45,0
20620630,4.45,0
20620701,4.44,0
20620702,4.44,0
20620703,4.44,0
20620704,4.44,0
20620705,4.44,0
20620706,4.46,0
20620707,4.44,0
20620708,4.43,0
20620709,4.45,0
20620710,4.45,0
20620711,4.43,0
20620712,4.44,0
20620713,4.45,0
20620714,4.44,0
20620715,4.44,0
20620716,4.44,0
20620717,4.44,0
20620718,4.45,0
20620719,4.43,0
20620720,4.43,0
20620721,4.43,0
20620722,4.44,0
20620723,4.42,0
20620724,4.41,0
20620725,4.41,0
20620726,4.42,0
20620727,4.42,0
20620728,4.41,0
20620729,4.39,0
20620730,4.41,0
20620731,4.40,0
20620801,4.36,0
20620802,4.35,0
20620803,4.34,0
20620804,4.34,0
20620805,4.33,0
20620806,4.32,0
20620807,4.32,0
20620808,4.31,0
20620809,4.30,0
20620810,4.29,0
20620811,4.29,0
20620812,4.28,0
20620813,4.27,0
20620814,4.26,0
20620815,4.25,0
20620816,4.24,0
20620817,4.22,0
20620818,4.21,0
20620819,4.21,0
20620820,4.19,0
20620821,4.18,0
20620822,4.17,0
20620823,4.16,0
20620824,4.14,0
20620825,4.13,0
20620826,4.11,0
20620827,4.10,0
20620828,4.08,0
20620829,4.07,0
20620830,4.05,0
20620831,4.04,0
20620901,4.03,0
20620902,4.00,0
20620903,3.98,0
20620904,3.97,0
20620905,3.96,0
20620906,3.93,0
20620907,3.91,0
20620908,3.89,0
20620909,3.88,0
20620910,3.85,0
20620911,3.85,0
20620912,3.82,0
20620913,3.80,0
20620914,3.79,0
20620915,3.76,0
20620916,3.74,0
20620917,3.73,0
20620918,3.70,0
20620919,3.68,0
20620920,3.67,0
20620921,3.66,0
20620922,3.63,0
20620923,3.61,0
20620924,3.59,0
20620925,3.57,0
20620926,3.55,0
20620927,3.54,0
20620928,3.52,0
20620929,3.51,0
20620930,3.49,0
20621001,3.50,0
20621002,3.47,0
20621003,3.45,0
20621004,3.43,0
20621005,3.41,0
20621006,3.41,0
20621007,3.38,0
20621008,3.37,0
20621009,3.35,0
20621010,3.33,0
20621011,3.31,0
20621012,3.28,0
20621013,3.28,0
20621014,3.26,0
20621015,3.24,0
20621016,3.22,0
20621017,3.20,0
20621018,3.18,0
20621019,3.16,0
20621020,3.14,0
20621021,3.13,0
20621022,3.10,0
20621023,3.08,0
20621024,3.06,0
20621025,3.04,0
20621026,3.02,0
20621027,3.00,0
20621028,2.97,0
20621029,2.96,0
20621030,2.93,0
20621031,2.91,0
20621101,2.93,0
20621102,2.89,0
20621103,2.87,0
20621104,2.84,0
20621105,2.82,0
20621106,2.80,0
20621107,2.78,0
20621108,2.75,0
20621109,2.72,0
20621110,2.70,0
20621111,2.68,0
20621112,2.65,0
20621113,2.63,0
20621114,2.61,0
20621115,2.58,0
20621116,2.56,0
20621117,2.54,0
20621118,2.51,0
20621119,2.49,0
20621120,2.46,0
20621121,2.45,0
20621122,2.42,0
20621123,2.40,0
20621124,2.37,0
20621125,2.36,0
20621126,2.34,0
20621127,2.31,0
20621128,2.30,0
20621129,2.27,0
20621130,2.26,0
20621201,2.23,0
20621202,2.20,0
20621203,2.18,0
20621204,2.16,0
20621205,2.15,0
20621206,2.13,0
20621207,2.11,0
20621208,2.11,0
20621209,2.09,0
20621210,2.08,0
20621211,2.06,0
20621212,2.05,0
20621213,2.04,0
20621214,2.03,0
20621215,2.02,0
20621216,2.01,0
20621217,2.01,0
20621218,2.00,0
20621219,1.99,0
20621220,1.98,0
20621221,1.98,0
20621222,1.97,0
20621223,1.97,0
20621224,1.97,0
20621225,1.97,0
20621226,1.97,0
20621227,1.96,0
20621228,1.97,0
20621229,1.97,0
20621230,1.97,0
20621231,1.97,0
20630101,1.99,0
20630102,2.00,0
20630103,2.00,0
20630104,2.01,0
20630105,2.01,0
20630106,2.02,0
20630107,2.02,0
20630108,2.03,0
20630109,2.03,0
20630110,2.05,0
20630111,2.05,0
20630112,2.06,0
20630113,2.07,0
20630114,2.08,0
20630115,2.09,0
20630116,2.10,0
20630117,2.12,0
20630118,2.13,0
20630119,2.14,0
20630120,2.15,0
20630121,2.17,0
20630122,2.17,0
20630123,2.19,0
20630124,2.20,0
20630125,2.22,0
20630126,2.23,0
20630127,2.25,0
20630128,2.26,0
20630129,2.28,0
20630130,2.29,0
20630131,2.31,0
20630201,2.23,0
20630202,2.25,0
20630203,2.26,0
20630204,2.27,0
20630205,2.30,0
20630206,2.32,0
20630207,2.34,0
20630208,2.35,0
20630209,2.37,0
20630210,2.39,0
20630211,2.40,0
20630212,2.42,0
20630213,2.44,0
20630214,2.46,0
20630215,2.48,0
20630216,2.50,0
20630217,2.52,0
20630218,2.54,0
20630219,2.55,0
20630220,2.57,0
20630221,2.60,0
20630222,2.62,0
20630223,2.64,0
20630224,2.66,0
20630225,2.69,0
20630226,2.70,0
20630227,2.72,0
20630228,2.74,0
20630301,2.83,0
20630302,2.87,0
20630303,2.89,0
20630304,2.91,0
20630305,2.93,0
20630306,2.96,0
20630307,2.98,0
20630308,3.00,0
20630309,3.02,0
20630310,3.05,0
20630311,3.07,0
20630312,3.09,0
20630313,3.12,0
20630314,3.13,0
20630315,3.16,0
20630316,3.18,0
20630317,3.20,0
20630318,3.23,0
20630319,3.25,0
20630320,3.27,0
20630321,3.29,0
20630322,3.31,0
20630323,3.33,0
20630324,3.36,0
20630325,3.38,0
20630326,3.39,0
20630327,3.41,0
20630328,3.43,0
20630329,3.45,0
20630330,3.48,0
20630331,3.50,0
20630401,3.51,0
20630402,3.56,0
20630403,3.58,0
20630404,3.60,0
20630405,3.63,0
20630406,3.64,0
20630407,3.66,0
20630408,3.67,0
20630409,3.69,0
20630410,3.72,0
20630411,3.73,0
20630412,3.74,0
20630413,3.76,0
20630414,3.77,0
20630415,3.78,0
20630416,3.80,0
20630417,3.82,0
20630418,3.84,0
20630419,3.85,0
20630420,3.87,0
20630421,3.89,0
20630422,3.92,0
20630423,3.92,0
20630424,3.93,0
20630425,3.95,0
20630426,3.97,0
20630427,3.98,0
20630428,4.00,0
20630429,4.00,0
20630430,4.03,0
20630501,3.97,0
20630502,4.00,0
20630503,4.01,0
20630504,4.03,0
20630505,4.05,0
20630506,4.05,0
20630507,4.06,0
20630508,4.09,0
20630509,4.10,0
20630510,4.10,0
20630511,4.11,0
20630512,4.14,0
20630513,4.14,0
20630514,4.15,0
20630515,4.17,0
20630516,4.19,0
20630517,4.19,0
20630518,4.21,0
20630519,4.21,0
20630520,4.21,0
20630521,4.23,0
20630522,4.23,0
20630523,4.24,0
20630524,4.25,0
20630525,4.26,0
20630526,4.28,0
20630527,4.27,0
20630528,4.29,0
20630529,4.30,0
20630530,4.31,0
20630531,4.30,0
20630601,4.29,0
20630602,4.31,0
20630603,4.30,0
20630604,4.33,0
20630605,4.33,0
20630606,4.33,0
20630607,4.33,0
20630608,4.34,0
20630609,4.35,0
20630610,4.35,0
20630611,4.34,0
20630612,4.36,0
20630613,4.36,0
20630614,4.37,0
20630615,4.36,0
20630616,4.36,0
20630617,4.37,0
20630618,4.37,0
20630619,4.38,0
20630620,4.38,0
20630621,4.38,0
20630622,4.39,0
20630623,4.38,0
20630624,4.39,0
20630625,4.40,0
20630626,4.40,0
20630627,4.40,0
20630628,4.40,0
20630629,4.40,0
20630630,4.40,0
20630701,4.42,0
20630702,4.42,0
20630703,4.42,0
20630704,4.42,0
20630705,4.42,0
20630706,4.44,0
20630707,4.42,0
20630708,4.42,0
20630709,4.43,0
20630710,4.43,0
20630711,4.41,0
20630712,4.43,0
20630713,4.43,0
20630714,4.42,0
20630715,4.42,0
20630716,4.42,0
20630717,4.42,0
20630718,4.43,0
20630719,4.41,0
20630720,4.41,0
20630721,4.41,0
20630722,4.42,0
20630723,4.40,0
20630724,4.39,0
20630725,4.39,0
20630726,4.40,0
20630727,4.40,0
20630728,4.39,0
20630729,4.37,0
20630730,4.39,0
20630731,4.38,0
20630801,4.34,0
20630802,4.34,0
20630803,4.33,0
20630804,4.32,0
20630805,4.32,0
20630806,4.31,0
20630807,4.30,0
20630808,4.29,0
20630809,4.29,0
20630810,4.28,0
20630811,4.27,0
20630812,4.26,0
20630813,4.25,0
20630814,4.24,0
20630815,4.23,0
20630816,4.22,0
20630817,4.21,0
20630818,4.20,0
20630819,4.19,0
20630820,4.18,0
20630821,4.17,0
20630822,4.15,0
20630823,4.14,0
20630824,4.13,0
20630825,4.11,0
20630826,4.10,0
20630827,4.08,0
20630828,4.07,0
20630829,4.05,0
20630830,4.04,0
20630831,4.02,0
20630901,4.01,0
20630902,3.99,0
20630903,3.97,0
20630904,3.95,0
20630905,3.94,0
20630906,3.91,0
20630907,3.89,0
20630908,3.88,0
20630909,3.87,0
20630910,3.83,0
20630911,3.83,0
20630912,3.81,0
20630913,3.79,0
20630914,3.78,0
20630915,3.74,0
20630916,3.72,0
20630917,3.71,0
20630918,3.69,0
20630919,3.66,0
20630920,3.65,0
20630921,3.64,0
20630922,3.62,0
20630923,3.59,0
20630924,3.58,0
20630925,3.55,0
20630926,3.54,0
20630927,3.53,0
20630928,3.51,0
20630929,3.50,0
20630930,3.48,0
20631001,3.48,0
20631002,3.45,0
20631003,3.44,0
20631004,3.42,0
20631005,3.40,0
20631006,3.39,0
20631007,3.36,0
20631008,3.35,0
20631009,3.33,0
20631010,3.32,0
20631011,3.30,0
20631012,3.27,0
20631013,3.27,0
20631014,3.24,0
20631015,3.22,0
20631016,3.21,0
20631017,3.19,0
20631018,3.16,0
20631019,3.14,0
20631020,3.13,0
20631021,3.11,0
20631022,3.09,0
20631023,3.07,0
20631024,3.05,0
20631025,3.03,0
20631026,3.00,0
20631027,2.98,0
20631028,2.96,0
20631029,2.94,0
20631030,2.92,0
20631031,2.90,0
20631101,2.96,0
20631102,2.92,0
20631103,2.90,0
20631104,2.87,0
20631105,2.85,0
20631106,2.83,0
20631107,2.81,0
20631108,2.78,0
20631109,2.75,0
20631110,2.73,0
20631111,2.71,0
20631112,2.68,0
20631113,2.66,0
20631114,2.63,0
20631115,2.61,0
20631116,2.58,0
20631117,2.56,0
20631118,2.54,0
20631119,2.52,0
20631120,2.49,0
20631121,2.47,0
20631122,2.45,0
20631123,2.43,0
20631124,2.40,0
20631125,2.38,0
20631126,2.36,0
20631127,2.34,0
20631128,2.32,0
20631129,2.30,0
20631130,2.28,0
20631201,2.23,0
20631202,2.19,0
20631203,2.17,0
20631204,2.15,0
20631205,2.14,0
20631206,2.12,0
20631207,2.11,0
20631208,2.10,0
20631209,2.08,0
20631210,2.07,0
20631211,2.06,0
20631212,2.04,0
20631213,2.03,0
20631214,2.02,0
20631215,2.01,0
20631216,2.00,0
20631217,2.00,0
20631218,1.99,0
20631219,1.98,0
20631220,1.98,0
20631221,1.98,0
20631222,1.97,0
20631223,1.96,0
20631224,1.97,0
20631225,1.96,0
20631226,1.96,0
20631227,1.95,0
20631228,1.96,0
20631229,1.96,0
20631230,1.96,0
20631231,1.96,0
20640101,1.94,0
20640102,1.95,0
20640103,1.95,0
20640104,1.96,0
20640105,1.96,0
20640106,1.97,0
20640107,1.97,0
20640108,1.98,0
20640109,1.98,0
20640110,2.00,0
20640111,2.00,0
20640112,2.01,0
20640113,2.02,0
20640114,2.03,0
20640115,2.04,0
20640116,2.05,0
20640117,2.06,0
20640118,2.08,0
20640119,2.09,0
20640120,2.09,0
20640121,2.11,0
20640122,2.12,0
20640123,2.14,0
20640124,2.15,0
20640125,2.16,0
20640126,2.18,0
20640127,2.19,0
20640128,2.21,0
20640129,2.23,0
20640130,2.23,0
20640131,2.25,0
20640201,2.21,0
20640202,2.24,0
20640203,2.25,0
20640204,2.26,0
20640205,2.29,0
20640206,2.30,0
20640207,2.32,0
20640208,2.33,0
20640209,2.36,0
20640210,2.38,0
20640211,2.39,0
20640212,2.41,0
20640213,2.43,0
20640214,2.45,0
20640215,2.47,0
20640216,2.48,0
20640217,2.51,0
20640218,2.53,0
20640219,2.54,0
20640220,2.56,0
20640221,2.58,0
20640222,2.61,0
20640223,2.62,0
20640224,2.65,0
20640225,2.67,0
20640226,2.69,0
20640227,2.71,0
20640228,2.73,0
20640229,2.74,0
20640301,2.85,0
20640302,2.88,0
20640303,2.89,0
20640304,2.92,0
20640305,2.94,0
20640306,2.97,0
20640307,2.98,0
20640308,3.01,0
20640309,3.03,0
20640310,3.05,0
20640311,3.08,0
20640312,3.10,0
20640313,3.12,0
20640314,3.14,0
20640315,3.16,0
20640316,3.18,0
20640317,3.21,0
20640318,3.23,0
20640319,3.26,0
20640320,3.27,0
20640321,3.29,0
20640322,3.31,0
20640323,3.34,0
20640324,3.36,0
20640325,3.37,0
20640326,3.39,0
20640327,3.42,0
20640328,3.44,0
20640329,3.46,0
20640330,3.48,0
20640331,3.49,0
20640401,3.55,0
20640402,3.56,0
20640403,3.58,0
20640404,3.62,0
20640405,3.62,0
20640406,3.65,0
20640407,3.66,0
20640408,3.68,0
20640409,3.70,0
20640410,3.72,0
20640411,3.73,0
20640412,3.75,0
20640413,3.76,0
20640414,3.77,0
20640415,3.79,0
20640416,3.81,0
20640417,3.83,0
20640418,3.84,0
20640419,3.86,0
20640420,3.88,0
20640421,3.90,0
20640422,3.91,0
20640423,3.92,0
20640424,3.93,0
20640425,3.95,0
20640426,3.97,0
20640427,3.98,0
20640428,3.99,0
20640429,4.01,0
20640430,4.02,0
20640501,4.00,0
20640502,4.01,0
20640503,4.02,0
20640504,4.05,0
20640505,4.05,0
20640506,4.06,0
20640507,4.09,0
20640508,4.10,0
20640509,4.10,0
20640510,4.10,0
20640511,4.14,0
20640512,4.14,0
20640513,4.15,0
20640514,4.16,0
20640515,4.18,0
20640516,4.18,0
20640517,4.20,0
20640518,4.20,0
20640519,4.20,0
20640520,4.22,0
20640521,4.22,0
20640522,4.24,0
20640523,4.24,0
20640524,4.26,0
20640525,4.27,0
20640526,4.27,0
20640527,4.28,0
20640528,4.30,0
20640529,4.31,0
20640530,4.29,0
20640531,4.30,0
20640601,4.33,0
20640602,4.33,0
20640603,4.35,0
20640604,4.35,0
20640605,4.36,0
20640606,4.35,0
20640607,4.36,0
20640608,4.37,0
20640609,4.38,0
20640610,4.37,0
20640611,4.38,0
20640612,4.39,0
20640613,4.39,0
20640614,4.38,0
20640615,4.39,0
20640616,4.39,0
20640617,4.40,0
20640618,4.40,0
20640619,4.40,0
20640620,4.41,0
20640621,4.41,0
20640622,4.40,0
20640623,4.42,0
20640624,4.42,0
20640625,4.42,0
20640626,4.42,0
20640627,4.42,0
20640628,4.43,0
20640629,4.43,0
20640630,4.43,0
20640701,4.39,0
20640702,4.39,0
20640703,4.40,0
20640704,4.39,0
20640705,4.41,0
20640706,4.39,0
20640707,4.39,0
20640708,4.40,0
20640709,4.41,0
20640710,4.39,0
20640711,4.40,0
20640712,4.40,0
20640713,4.40,0
20640714,4.40,0
20640715,4.39,0
20640716,4.39,0
20640717,4.41,0
20640718,4.39,0
20640719,4.39,0
20640720,4.38,0
20640721,4.39,0
20640722,4.37,0
20640723,4.37,0
20640724,4.37,0
20640725,4.38,0
20640726,4.37,0
20640727,4.37,0
20640728,4.35,0
20640729,4.36,0
20640730,4.36,0
20640731,4.35,0
20640801,4.36,0
20640802,4.36,0
20640803,4.35,0
20640804,4.34,0
20640805,4.34,0
20640806,4.33,0
20640807,4.32,0
20640808,4.31,0
20640809,4.31,0
20640810,4.30,0
20640811,4.29,0
20640812,4.28,0
20640813,4.27,0
20640814,4.26,0
20640815,4.25,0
20640816,4.24,0
20640817,4.23,0
20640818,4.22,0
20640819,4.20,0
20640820,4.19,0
20640821,4.18,0
20640822,4.17,0
20640823,4.15,0
20640824,4.14,0
20640825,4.13,0
20640826,4.11,0
20640827,4.10,0
20640828,4.08,0
20640829,4.07,0
20640830,4.05,0
20640831,4.03,0
20640901,4.02,0
20640902,4.00,0
20640903,3.98,0
20640904,3.97,0
20640905,3.94,0
20640906,3.92,0
20640907,3.91,0
20640908,3.90,0
20640909,3.86,0
20640910,3.86,0
20640911,3.84,0
20640912,3.82,0
20640913,3.81,0
20640914,3.77,0
20640915,3.75,0
20640916,3.74,0
20640917,3.72,0
20640918,3.69,0
20640919,3.68,0
20640920,3.67,0
20640921,3.65,0
20640922,3.62,0
20640923,3.61,0
20640924,3.58,0
20640925,3.57,0
20640926,3.55,0
20640927,3.54,0
20640928,3.52,0
20640929,3.51,0
20640930,3.48,0
20641001,3.38,0
20641002,3.36,0
20641003,3.35,0
20641004,3.33,0
20641005,3.32,0
20641006,3.29,0
20641007,3.28,0
20641008,3.26,0
20641009,3.25,0
20641010,3.23,0
20641011,3.20,0
20641012,3.20,0
20641013,3.17,0
20641014,3.15,0
20641015,3.14,0
20641016,3.12,0
20641017,3.09,0
20641018,3.07,0
20641019,3.05,0
20641020,3.04,0
20641021,3.02,0
20641022,3.00,0
20641023,2.98,0
20641024,2.96,0
20641025,2.93,0
20641026,2.91,0
20641027,2.89,0
20641028,2.87,0
20641029,2.85,0
20641030,2.83,0
20641031,2.80,0
20641101,2.85,0
20641102,2.83,0
20641103,2.80,0
20641104,2.78,0
20641105,2.76,0
20641106,2.74,0
20641107,2.71,0
20641108,2.69,0
20641109,2.66,0
20641110,2.64,0
20641111,2.62,0
20641112,2.60,0
20641113,2.57,0
20641114,2.55,0
20641115,2.52,0
20641116,2.50,0
20641117,2.48,0
20641118,2.46,0
20641119,2.43,0
20641120,2.41,0
20641121,2.39,0
20641122,2.37,0
20641123,2.34,0
20641124,2.32,0
20641125,2.31,0
20641126,2.28,0
20641127,2.26,0
20641128,2.24,0
20641129,2.22,0
20641130,2.21,0
20641201,2.13,0
20641202,2.12,0
20641203,2.10,0
20641204,2.08,0
20641205,2.07,0
20641206,2.05,0
20641207,2.04,0
20641208,2.03,0
20641209,2.01,0
20641210,2.00,0
20641211,1.99,0
20641212,1.98,0
20641213,1.97,0
20641214,1.96,0
20641215,1.95,0
20641216,1.95,0
20641217,1.94,0
20641218,1.93,0
20641219,1.92,0
20641220,1.92,0
20641221,1.91,0
20641222,1.91,0
20641223,1.91,0
20641224,1.91,0
20641225,1.91,0
20641226,1.90,0
20641227,1.90,0
20641228,1.91,0
20641229,1.91,0
20641230,1.91,0
20641231,1.92,0
20650101,1.90,0
20650102,1.91,0
20650103,1.91,0
20650104,1.91,0
20650105,1.92,0
20650106,1.93,0
20650107,1.93,0
20650108,1.94,0
20650109,1.94,0
20650110,1.95,0
20650111,1.96,0
20650112,1.97,0
20650113,1.98,0
20650114,1.99,0
20650115,2.00,0
20650116,2.01,0
20650117,2.02,0
20650118,2.03,0
20650119,2.05,0
20650120,2.05,0
20650121,2.07,0
20650122,2.08,0
20650123,2.09,0
20650124,2.11,0
20650125,2.12,0
20650126,2.13,0
20650127,2.15,0
20650128,2.16,0
20650129,2.18,0
20650130,2.19,0
20650131,2.21,0
20650201,2.19,0
20650202,2.22,0
20650203,2.23,0
20650204,2.24,0
20650205,2.27,0
20650206,2.28,0
20650207,2.30,0
20650208,2.31,0
20650209,2.34,0
20650210,2.36,0
20650211,2.37,0
20650212,2.39,0
20650213,2.41,0
20650214,2.42,0
20650215,2.45,0
20650216,2.46,0
20650217,2.48,0
20650218,2.51,0
20650219,2.52,0
20650220,2.54,0
20650221,2.56,0
20650222,2.59,0
20650223,2.60,0
20650224,2.62,0
20650225,2.65,0
20650226,2.67,0
20650227,2.68,0
20650228,2.71,0
20650301,2.80,0
20650302,2.84,0
20650303,2.86,0
20650304,2.88,0
20650305,2.90,0
20650306,2.93,0
20650307,2.95,0
20650308,2.97,0
20650309,2.99,0
20650310,3.02,0
20650311,3.04,0
20650312,3.06,0
20650313,3.09,0
20650314,3.10,0
20650315,3.13,0
20650316,3.15,0
20650317,3.17,0
20650318,3.19,0
20650319,3.22,0
20650320,3.24,0
20650321,3.26,0
20650322,3.28,0
20650323,3.30,0
20650324,3.32,0
20650325,3.35,0
20650326,3.36,0
20650327,3.38,0
20650328,3.40,0
20650329,3.42,0
20650330,3.44,0
20650331,3.47,0
20650401,3.48,0
20650402,3.54,0
20650403,3.55,0
20650404,3.57,0
20650405,3.60,0
20650406,3.61,0
20650407,3.63,0
20650408,3.64,0
20650409,3.67,0
20650410,3.69,0
20650411,3.70,0
20650412,3.71,0
20650413,3.74,0
20650414,3.74,0
20650415,3.75,0
20650416,3.77,0
20650417,3.79,0
20650418,3.82,0
20650419,3.82,0
20650420,3.84,0
20650421,3.86,0
20650422,3.89,0
20650423,3.90,0
20650424,3.90,0
20650425,3.92,0
20650426,3.94,0
20650427,3.95,0
20650428,3.97,0
20650429,3.98,0
20650430,4.00,0
20650501,3.99,0
20650502,4.02,0
20650503,4.03,0
20650504,4.05,0
20650505,4.07,0
20650506,4.08,0
20650507,4.08,0
20650508,4.12,0
20650509,4.12,0
20650510,4.13,0
20650511,4.13,0
20650512,4.16,0
20650513,4.17,0
20650514,4.17,0
20650515,4.19,0
20650516,4.21,0
20650517,4.21,0
20650518,4.23,0
20650519,4.23,0
20650520,4.23,0
20650521,4.25,0
20650522,4.25,0
20650523,4.27,0
20650524,4.27,0
20650525,4.28,0
20650526,4.30,0
20650527,4.30,0
20650528,4.31,0
20650529,4.32,0
20650530,4.34,0
20650531,4.32,0
20650601,4.31,0
20650602,4.33,0
20650603,4.32,0
20650604,4.35,0
20650605,4.34,0
20650606,4.35,0
20650607,4.35,0
20650608,4.35,0
20650609,4.36,0
20650610,4.37,0
20650611,4.36,0
20650612,4.37,0
20650613,4.38,0
20650614,4.38,0
20650615,4.37,0
20650616,4.38,0
20650617,4.39,0
20650618,4.39,0
20650619,4.40,0
20650620,4.40,0
20650621,4.40,0
20650622,4.41,0
20650623,4.39,0
20650624,4.41,0
20650625,4.41,0
20650626,4.41,0
20650627,4.42,0
20650628,4.42,0
20650629,4.42,0
20650630,4.42,0
20650701,4.45,0
20650702,4.44,0
20650703,4.44,0
20650704,4.44,0
20650705,4.44,0
20650706,4.46,0
20650707,4.44,0
20650708,4.44,0
20650709,4.45,0
20650710,4.45,0
20650711,4.44,0
20650712,4.45,0
20650713,4.45,0
20650714,4.45,0
20650715,4.44,0
20650716,4.44,0
20650717,4.44,0
20650718,4.45,0
20650719,4.43,0
20650720,4.43,0
20650721,4.43,0
20650722,4.44,0
20650723,4.42,0
20650724,4.42,0
20650725,4.42,0
20650726,4.43,0
20650727,4.42,0
20650728,4.42,0
20650729,4.39,0
20650730,4.41,0
20650731,4.40,0
20650801,4.39,0
20650802,4.38,0
20650803,4.37,0
20650804,4.37,0
20650805,4.36,0
20650806,4.35,0
20650807,4.35,0
20650808,4.34,0
20650809,4.33,0
20650810,4.32,0
20650811,4.32,0
20650812,4.31,0
20650813,4.30,0
20650814,4.29,0
20650815,4.28,0
20650816,4.27,0
20650817,4.25,0
20650818,4.24,0
20650819,4.24,0
20650820,4.22,0
20650821,4.21,0
20650822,4.20,0
20650823,4.19,0
20650824,4.17,0
20650825,4.15,0
20650826,4.14,0
20650827,4.13,0
20650828,4.11,0
20650829,4.10,0
20650830,4.08,0
20650831,4.07,0
20650901,4.04,0
20650902,4.01,0
20650903,3.99,0
20650904,3.97,0
20650905,3.97,0
20650906,3.93,0
20650907,3.92,0
20650908,3.90,0
20650909,3.89,0
20650910,3.86,0
20650911,3.85,0
20650912,3.83,0
20650913,3.81,0
20650914,3.80,0
20650915,3.76,0
20650916,3.74,0
20650917,3.73,0
20650918,3.71,0
20650919,3.69,0
20650920,3.67,0
20650921,3.66,0
20650922,3.64,0
20650923,3.61,0
20650924,3.60,0
20650925,3.57,0
20650926,3.56,0
20650927,3.55,0
20650928,3.53,0
20650929,3.52,0
20650930,3.50,0
20651001,3.53,0
20651002,3.50,0
20651003,3.48,0
20651004,3.46,0
20651005,3.44,0
20651006,3.44,0
20651007,3.41,0
20651008,3.40,0
20651009,3.38,0
20651010,3.36,0
20651011,3.34,0
20651012,3.31,0
20651013,3.31,0
20651014,3.29,0
20651015,3.27,0
20651016,3.25,0
20651017,3.23,0
20651018,3.21,0
20651019,3.19,0
20651020,3.17,0
20651021,3.16,0
20651022,3.13,0
20651023,3.11,0
20651024,3.09,0
20651025,3.07,0
20651026,3.05,0
20651027,3.03,0
20651028,3.00,0
20651029,2.99,0
20651030,2.96,0
20651031,2.94,0
20651101,2.93,0
20651102,2.89,0
20651103,2.87,0
20651104,2.84,0
20651105,2.82,0
20651106,2.80,0
20651107,2.78,0
20651108,2.75,0
20651109,2.72,0
20651110,2.70,0
20651111,2.68,0
20651112,2.65,0
20651113,2.63,0
20651114,2.61,0
20651115,2.58,0
20651116,2.55,0
20651117,2.54,0
20651118,2.51,0
20651119,2.49,0
20651120,2.46,0
20651121,2.44,0
20651122,2.42,0
20651123,2.40,0
20651124,2.37,0
20651125,2.35,0
20651126,2.34,0
20651127,2.31,0
20651128,2.29,0
20651129,2.27,0
20651130,2.25,0
20651201,2.22,0
20651202,2.18,0
20651203,2.16,0
20651204,2.14,0
20651205,2.13,0
20651206,2.12,0
20651207,2.10,0
20651208,2.09,0
20651209,2.07,0
20651210,2.06,0
20651211,2.05,0
20651212,2.04,0
20651213,2.03,0
20651214,2.01,0
20651215,2.00,0
20651216,1.99,0
20651217,1.99,0
20651218,1.98,0
20651219,1.97,0
20651220,1.97,0
20651221,1.97,0
20651222,1.96,0
20651223,1.96,0
20651224,1.96,0
20651225,1.95,0
20651226,1.95,0
20651227,1.94,0
20651228,1.95,0
20651229,1.95,0
20651230,1.95,0
20651231,1.95,0
20660101,1.94,0
20660102,1.95,0
20660103,1.95,0
20660104,1.96,0
20660105,1.96,0
20660106,1.97,0
20660107,1.97,0
20660108,1.98,0
20660109,1.99,0
20660110,2.00,0
20660111,2.00,0
20660112,2.01,0
20660113,2.02,0
20660114,2.03,0
20660115,2.04,0
20660116,2.05,0
20660117,2.06,0
20660118,2.08,0
20660119,2.09,0
20660120,2.10,0
20660121,2.11,0
20660122,2.12,0
20660123,2.14,0
20660124,2.15,0
20660125,2.17,0
20660126,2.18,0
20660127,2.20,0
20660128,2.21,0
20660129,2.23,0
20660130,2.24,0
20660131,2.26,0
20660201,2.17,0
20660202,2.20,0
20660203,2.21,0
20660204,2.22,0
20660205,2.25,0
20660206,2.26,0
20660207,2.28,0
20660208,2.29,0
20660209,2.31,0
20660210,2.33,0
20660211,2.34,0
20660212,2.37,0
20660213,2.39,0
20660214,2.40,0
20660215,2.42,0
20660216,2.44,0
20660217,2.46,0
20660218,2.48,0
20660219,2.49,0
20660220,2.52,0
20660221,2.54,0
20660222,2.56,0
20660223,2.58,0
20660224,2.60,0
20660225,2.63,0
20660226,2.64,0
20660227,2.66,0
20660228,2.68,0
20660301,2.80,0
20660302,2.84,0
20660303,2.86,0
20660304,2.88,0
20660305,2.90,0
20660306,2.93,0
20660307,2.95,0
20660308,2.97,0
20660309,2.99,0
20660310,3.02,0
20660311,3.04,0
20660312,3.06,0
20660313,3.09,0
20660314,3.10,0
20660315,3.13,0
20660316,3.15,0
20660317,3.16,0
20660318,3.19,0
20660319,3.22,0
20660320,3.24,0
20660321,3.26,0
20660322,3.28,0
20660323,3.30,0
20660324,3.32,0
20660325,3.35,0
20660326,3.36,0
20660327,3.38,0
20660328,3.40,0
20660329,3.42,0
20660330,3.44,0
20660331,3.47,0
20660401,3.46,0
20660402,3.52,0
20660403,3.53,0
20660404,3.55,0
20660405,3.59,0
20660406,3.59,0
20660407,3.61,0
20660408,3.62,0
20660409,3.65,0
20660410,3.67,0
20660411,3.68,0
20660412,3.69,0
20660413,3.72,0
20660414,3.72,0
20660415,3.73,0
20660416,3.75,0
20660417,3.77,0
20660418,3.80,0
20660419,3.80,0
20660420,3.82,0
20660421,3.84,0
20660422,3.87,0
20660423,3.87,0
20660424,3.88,0
20660425,3.90,0
20660426,3.92,0
20660427,3.93,0
20660428,3.95,0
20660429,3.96,0
20660430,3.98,0
20660501,3.95,0
20660502,3.98,0
20660503,3.99,0
20660504,4.00,0
20660505,4.03,0
20660506,4.03,0
20660507,4.04,0
20660508,4.07,0
20660509,4.08,0
20660510,4.08,0
20660511,4.08,0
20660512,4.12,0
20660513,4.12,0
20660514,4.13,0
20660515,4.14,0
20660516,4.16,0
20660517,4.16,0
20660518,4.18,0
20660519,4.19,0
20660520,4.19,0
20660521,4.21,0
20660522,4.21,0
20660523,4.22,0
20660524,4.22,0
20660525,4.24,0
20660526,4.25,0
20660527,4.25,0
20660528,4.26,0
20660529,4.28,0
20660530,4.29,0
20660531,4.27,0
20660601,4.31,0
20660602,4.33,0
20660603,4.32,0
20660604,4.35,0
20660605,4.34,0
20660606,4.35,0
20660607,4.35,0
20660608,4.35,0
20660609,4.37,0
20660610,4.37,0
20660611,4.36,0
20660612,4.37,0
20660613,4.38,0
20660614,4.39,0
20660615,4.37,0
20660616,4.38,0
20660617,4.39,0
20660618,4.39,0
20660619,4.40,0
20660620,4.40,0
20660621,4.40,0
20660622,4.41,0
20660623,4.39,0
20660624,4.41,0
20660625,4.41,0
20660626,4.41,0
20660627,4.42,0
20660628,4.42,0
20660629,4.42,0
20660630,4.42,0
20660701,4.44,0
20660702,4.43,0
20660703,4.43,0
20660704,4.43,0
20660705,4.43,0
20660706,4.45,0
20660707,4.43,0
20660708,4.43,0
20660709,4.44,0
20660710,4.45,0
20660711,4.43,0
20660712,4.44,0
20660713,4.44,0
20660714,4.44,0
20660715,4.43,0
20660716,4.43,0
20660717,4.43,0
20660718,4.44,0
20660719,4.42,0
20660720,4.43,0
20660721,4.42,0
20660722,4.43,0
20660723,4.41,0
20660724,4.41,0
20660725,4.41,0
20660726,4.42,0
20660727,4.41,0
20660728,4.41,0
20660729,4.39,0
20660730,4.40,0
20660731,4.39,0
20660801,4.37,0
20660802,4.37,0
20660803,4.36,0
20660804,4.35,0
20660805,4.35,0
20660806,4.34,0
20660807,4.33,0
20660808,4.33,0
20660809,4.32,0
20660810,4.31,0
20660811,4.30,0
20660812,4.29,0
20660813,4.29,0
20660814,4.27,0
20660815,4.26,0
20660816,4.26,0
20660817,4.24,0
20660818,4.23,0
20660819,4.22,0
20660820,4.21,0
20660821,4.20,0
20660822,4.18,0
20660823,4.17,0
20660824,4.16,0
20660825,4.14,0
20660826,4.13,0
20660827,4.12,0
20660828,4.10,0
20660829,4.08,0
20660830,4.07,0
20660831,4.05,0
20660901,4.04,0
20660902,4.01,0
20660903,3.99,0
20660904,3.98,0
20660905,3.97,0
20660906,3.94,0
20660907,3.92,0
20660908,3.90,0
20660909,3.89,0
20660910,3.86,0
20660911,3.86,0
20660912,3.83,0
20660913,3.81,0
20660914,3.80,0
20660915,3.77,0
20660916,3.75,0
20660917,3.74,0
20660918,3.71,0
20660919,3.69,0
20660920,3.68,0
20660921,3.67,0
20660922,3.64,0
20660923,3.62,0
20660924,3.60,0
20660925,3.58,0
20660926,3.56,0
20660927,3.55,0
20660928,3.53,0
20660929,3.52,0
20660930,3.50,0
20661001,3.50,0
20661002,3.47,0
20661003,3.45,0
20661004,3.44,0
20661005,3.42,0
20661006,3.41,0
20661007,3.38,0
20661008,3.37,0
20661009,3.35,0
20661010,3.34,0
20661011,3.32,0
20661012,3.29,0
20661013,3.29,0
20661014,3.26,0
20661015,3.24,0
20661016,3.23,0
20661017,3.20,0
20661018,3.18,0
20661019,3.16,0
20661020,3.14,0
20661021,3.13,0
20661022,3.11,0
20661023,3.08,0
20661024,3.07,0
20661025,3.05,0
20661026,3.02,0
20661027,3.00,0
20661028,2.97,0
20661029,2.96,0
20661030,2.94,0
20661031,2.92,0
20661101,2.98,0
20661102,2.94,0
20661103,2.92,0
20661104,2.89,0
20661105,2.87,0
20661106,2.85,0
20661107,2.83,0
20661108,2.80,0
20661109,2.77,0
20661110,2.75,0
20661111,2.73,0
20661112,2.70,0
20661113,2.68,0
20661114,2.66,0
20661115,2.63,0
20661116,2.60,0
20661117,2.59,0
20661118,2.56,0
20661119,2.54,0
20661120,2.51,0
20661121,2.49,0
20661122,2.47,0
20661123,2.45,0
20661124,2.42,0
20661125,2.40,0
20661126,2.38,0
20661127,2.36,0
20661128,2.34,0
20661129,2.32,0
20661130,2.30,0
20661201,2.19,0
20661202,2.15,0
20661203,2.13,0
20661204,2.12,0
20661205,2.10,0
20661206,2.09,0
20661207,2.07,0
20661208,2.06,0
20661209,2.05,0
20661210,2.03,0
20661211,2.02,0
20661212,2.01,0
20661213,2.00,0
20661214,1.99,0
20661215,1.98,0
20661216,1.97,0
20661217,1.96,0
20661218,1.96,0
20661219,1.95,0
20661220,1.94,0
20661221,1.94,0
20661222,1.93,0
20661223,1.93,0
20661224,1.93,0
20661225,1.93,0
20661226,1.93,0
20661227,1.92,0
20661228,1.92,0
20661229,1.93,0
20661230,1.93,0
20661231,1.93,0
20670101,1.94,0
20670102,1.95,0
20670103,1.95,0
20670104,1.95,0
20670105,1.96,0
20670106,1.97,0
20670107,1.97,0
20670108,1.98,0
20670109,1.98,0
20670110,1.99,0
20670111,2.00,0
20670112,2.01,0
20670113,2.02,0
20670114,2.03,0
20670115,2.04,0
20670116,2.05,0
20670117,2.06,0
20670118,2.07,0
20670119,2.09,0
20670120,2.09,0
20670121,2.11,0
20670122,2.12,0
20670123,2.13,0
20670124,2.15,0
20670125,2.16,0
20670126,2.18,0
20670127,2.19,0
20670128,2.21,0
20670129,2.22,0
20670130,2.23,0
20670131,2.25,0
20670201,2.22,0
20670202,2.24,0
20670203,2.25,0
20670204,2.26,0
20670205,2.29,0
20670206,2.31,0
20670207,2.33,0
20670208,2.34,0
20670209,2.36,0
20670210,2.38,0
20670211,2.39,0
20670212,2.41,0
20670213,2.43,0
20670214,2.45,0
20670215,2.47,0
20670216,2.49,0
20670217,2.51,0
20670218,2.53,0
20670219,2.54,0
20670220,2.56,0
20670221,2.59,0
20670222,2.61,0
20670223,2.63,0
20670224,2.65,0
20670225,2.68,0
20670226,2.69,0
20670227,2.71,0
20670228,2.73,0
20670301,2.76,0
20670302,2.80,0
20670303,2.82,0
20670304,2.84,0
20670305,2.86,0
20670306,2.89,0
20670307,2.91,0
20670308,2.93,0
20670309,2.95,0
20670310,2.97,0
20670311,2.99,0
20670312,3.02,0
20670313,3.04,0
20670314,3.06,0
20670315,3.08,0
20670316,3.11,0
20670317,3.12,0
20670318,3.15,0
20670319,3.17,0
20670320,3.20,0
20670321,3.21,0
20670322,3.23,0
20670323,3.25,0
20670324,3.28,0
20670325,3.30,0
20670326,3.31,0
20670327,3.33,0
20670328,3.35,0
20670329,3.37,0
20670330,3.40,0
20670331,3.42,0
20670401,3.49,0
20670402,3.54,0
20670403,3.55,0
20670404,3.57,0
20670405,3.61,0
20670406,3.61,0
20670407,3.64,0
20670408,3.65,0
20670409,3.67,0
20670410,3.69,0
20670411,3.71,0
20670412,3.72,0
20670413,3.74,0
20670414,3.75,0
20670415,3.76,0
20670416,3.78,0
20670417,3.80,0
20670418,3.82,0
20670419,3.83,0
20670420,3.85,0
20670421,3.87,0
20670422,3.89,0
20670423,3.90,0
20670424,3.91,0
20670425,3.92,0
20670426,3.94,0
20670427,3.95,0
20670428,3.97,0
20670429,3.98,0
20670430,4.00,0
20670501,3.99,0
20670502,4.01,0
20670503,4.02,0
20670504,4.04,0
20670505,4.06,0
20670506,4.07,0
20670507,4.08,0
20670508,4.11,0
20670509,4.12,0
20670510,4.12,0
20670511,4.12,0
20670512,4.16,0
20670513,4.16,0
20670514,4.16,0
20670515,4.18,0
20670516,4.20,0
20670517,4.20,0
20670518,4.22,0
20670519,4.22,0
20670520,4.22,0
20670521,4.24,0
20670522,4.24,0
20670523,4.26,0
20670524,4.26,0
20670525,4.28,0
20670526,4.29,0
20670527,4.29,0
20670528,4.30,0
20670529,4.31,0
20670530,4.33,0
20670531,4.31,0
20670601,4.31,0
20670602,4.33,0
20670603,4.33,0
20670604,4.35,0
20670605,4.35,0
20670606,4.36,0
20670607,4.35,0
20670608,4.36,0
20670609,4.37,0
20670610,4.38,0
20670611,4.37,0
20670612,4.38,0
20670613,4.39,0
20670614,4.39,0
20670615,4.38,0
20670616,4.39,0
20670617,4.39,0
20670618,4.40,0
20670619,4.40,0
20670620,4.40,0
20670621,4.41,0
20670622,4.41,0
20670623,4.40,0
20670624,4.42,0
20670625,4.42,0
20670626,4.42,0
20670627,4.42,0
20670628,4.42,0
20670629,4.43,0
20670630,4.42,0
20670701,4.44,0
20670702,4.43,0
20670703,4.43,0
20670704,4.43,0
20670705,4.43,0
20670706,4.45,0
20670707,4.43,0
20670708,4.43,0
20670709,4.44,0
20670710,4.45,0
20670711,4.43,0
20670712,4.44,0
20670713,4.44,0
20670714,4.44,0
20670715,4.44,0
20670716,4.43,0
20670717,4.43,0
20670718,4.45,0
20670719,4.43,0
20670720,4.43,0
20670721,4.42,0
20670722,4.43,0
20670723,4.41,0
20670724,4.41,0
20670725,4.41,0
20670726,4.42,0
20670727,4.41,0
20670728,4.41,0
20670729,4.39,0
20670730,4.40,0
20670731,4.40,0
20670801,4.37,0
20670802,4.36,0
20670803,4.36,0
20670804,4.35,0
20670805,4.34,0
20670806,4.34,0
20670807,4.33,0
20670808,4.32,0
20670809,4.32,0
20670810,4.31,0
20670811,4.30,0
20670812,4.29,0
20670813,4.28,0
20670814,4.27,0
20670815,4.26,0
20670816,4.25,0
20670817,4.24,0
20670818,4.23,0
20670819,4.22,0
20670820,4.20,0
20670821,4.20,0
20670822,4.18,0
20670823,4.17,0
20670824,4.15,0
20670825,4.14,0
20670826,4.13,0
20670827,4.11,0
20670828,4.10,0
20670829,4.08,0
20670830,4.07,0
20670831,4.05,0
20670901,4.04,0
20670902,4.01,0
20670903,4.00,0
20670904,3.98,0
20670905,3.97,0
20670906,3.94,0
20670907,3.92,0
20670908,3.90,0
20670909,3.89,0
20670910,3.86,0
20670911,3.86,0
20670912,3.83,0
20670913,3.82,0
20670914,3.81,0
20670915,3.77,0
20670916,3.75,0
20670917,3.74,0
20670918,3.71,0
20670919,3.69,0
20670920,3.68,0
20670921,3.67,0
20670922,3.64,0
20670923,3.62,0
20670924,3.61,0
20670925,3.58,0
20670926,3.56,0
20670927,3.55,0
20670928,3.53,0
20670929,3.52,0
20670930,3.50,0
20671001,3.47,0
20671002,3.44,0
20671003,3.42,0
20671004,3.40,0
20671005,3.39,0
20671006,3.38,0
20671007,3.35,0
20671008,3.34,0
20671009,3.32,0
20671010,3.31,0
20671011,3.29,0
20671012,3.26,0
20671013,3.26,0
20671014,3.23,0
20671015,3.21,0
20671016,3.20,0
20671017,3.17,0
20671018,3.15,0
20671019,3.13,0
20671020,3.11,0
20671021,3.10,0
20671022,3.08,0
20671023,3.05,0
20671024,3.04,0
20671025,3.02,0
20671026,2.99,0
20671027,2.97,0
20671028,2.94,0
20671029,2.93,0
20671030,2.91,0
20671031,2.89,0
20671101,2.96,0
20671102,2.92,0
20671103,2.90,0
20671104,2.87,0
20671105,2.85,0
20671106,2.83,0
20671107,2.81,0
20671108,2.78,0
20671109,2.75,0
20671110,2.72,0
20671111,2.71,0
20671112,2.68,0
20671113,2.66,0
20671114,2.63,0
20671115,2.61,0
20671116,2.58,0
20671117,2.56,0
20671118,2.54,0
20671119,2.52,0
20671120,2.49,0
20671121,2.47,0
20671122,2.45,0
20671123,2.43,0
20671124,2.40,0
20671125,2.38,0
20671126,2.36,0
20671127,2.33,0
20671128,2.32,0
20671129,2.30,0
20671130,2.28,0
20671201,2.25,0
20671202,2.21,0
20671203,2.19,0
20671204,2.17,0
20671205,2.16,0
20671206,2.14,0
20671207,2.12,0
20671208,2.12,0
20671209,2.10,0
20671210,2.09,0
20671211,2.08,0
20671212,2.06,0
20671213,2.05,0
20671214,2.04,0
20671215,2.03,0
20671216,2.02,0
20671217,2.02,0
20671218,2.01,0
20671219,2.00,0
20671220,1.99,0
20671221,1.99,0
20671222,1.98,0
20671223,1.98,0
20671224,1.99,0
20671225,1.98,0
20671226,1.98,0
20671227,1.97,0
20671228,1.98,0
20671229,1.98,0
20671230,1.98,0
20671231,1.98,0
20680101,1.96,0
20680102,1.96,0
20680103,1.96,0
20680104,1.97,0
20680105,1.97,0
20680106,1.98,0
20680107,1.98,0
20680108,1.99,0
20680109,2.00,0
20680110,2.01,0
20680111,2.02,0
20680112,2.03,0
20680113,2.03,0
20680114,2.05,0
20680115,2.05,0
20680116,2.06,0
20680117,2.08,0
20680118,2.09,0
20680119,2.10,0
20680120,2.11,0
20680121,2.13,0
20680122,2.13,0
20680123,2.15,0
20680124,2.17,0
20680125,2.18,0
20680126,2.19,0
20680127,2.21,0
20680128,2.22,0
20680129,2.24,0
20680130,2.25,0
20680131,2.27,0
20680201,2.19,0
20680202,2.21,0
20680203,2.23,0
20680204,2.24,0
20680205,2.27,0
20680206,2.28,0
20680207,2.30,0
20680208,2.31,0
20680209,2.33,0
20680210,2.35,0
20680211,2.36,0
20680212,2.38,0
20680213,2.41,0
20680214,2.42,0
20680215,2.44,0
20680216,2.46,0
20680217,2.48,0
20680218,2.51,0
20680219,2.51,0
20680220,2.54,0
20680221,2.56,0
20680222,2.58,0
20680223,2.60,0
20680224,2.62,0
20680225,2.65,0
20680226,2.67,0
20680227,2.68,0
20680228,2.70,0
20680229,2.72,0
20680301,2.85,0
20680302,2.88,0
20680303,2.89,0
20680304,2.92,0
20680305,2.94,0
20680306,2.97,0
20680307,2.98,0
20680308,3.01,0
20680309,3.03,0
20680310,3.05,0
20680311,3.07,0
20680312,3.10,0
20680313,3.11,0
20680314,3.14,0
20680315,3.16,0
20680316,3.18,0
20680317,3.21,0
20680318,3.23,0
20680319,3.25,0
20680320,3.27,0
20680321,3.29,0
20680322,3.31,0
20680323,3.34,0
20680324,3.36,0
20680325,3.37,0
20680326,3.39,0
20680327,3.42,0
20680328,3.43,0
20680329,3.46,0
20680330,3.48,0
20680331,3.49,0
20680401,3.58,0
20680402,3.59,0
20680403,3.61,0
20680404,3.64,0
20680405,3.65,0
20680406,3.67,0
20680407,3.68,0
20680408,3.70,0
20680409,3.73,0
20680410,3.74,0
20680411,3.75,0
20680412,3.77,0
20680413,3.78,0
20680414,3.79,0
20680415,3.81,0
20680416,3.83,0
20680417,3.85,0
20680418,3.86,0
20680419,3.88,0
20680420,3.90,0
20680421,3.93,0
20680422,3.93,0
20680423,3.94,0
20680424,3.96,0
20680425,3.98,0
20680426,3.99,0
20680427,4.01,0
20680428,4.02,0
20680429,4.04,0
20680430,4.04,0
20680501,4.03,0
20680502,4.04,0
20680503,4.06,0
20680504,4.08,0
20680505,4.09,0
20680506,4.09,0
20680507,4.12,0
20680508,4.13,0
20680509,4.14,0
20680510,4.14,0
20680511,4.17,0
20680512,4.18,0
20680513,4.18,0
20680514,4.20,0
20680515,4.22,0
20680516,4.22,0
20680517,4.24,0
20680518,4.24,0
20680519,4.24,0
20680520,4.26,0
20680521,4.26,0
20680522,4.27,0
20680523,4.28,0
20680524,4.29,0
20680525,4.31,0
20680526,4.31,0
20680527,4.32,0
20680528,4.33,0
20680529,4.35,0
20680530,4.33,0
20680531,4.34,0
20680601,4.38,0
20680602,4.37,0
20680603,4.40,0
20680604,4.39,0
20680605,4.40,0
20680606,4.40,0
20680607,4.40,0
20680608,4.41,0
20680609,4.42,0
20680610,4.41,0
20680611,4.42,0
20680612,4.43,0
20680613,4.43,0
20680614,4.42,0
20680615,4.43,0
20680616,4.43,0
20680617,4.44,0
20680618,4.45,0
20680619,4.45,0
20680620,4.45,0
20680621,4.45,0
20680622,4.44,0
20680623,4.46,0
20680624,4.46,0
20680625,4.46,0
20680626,4.47,0
20680627,4.47,0
20680628,4.47,0
20680629,4.47,0
20680630,4.47,0
20680701,4.47,0
20680702,4.47,0
20680703,4.47,0
20680704,4.47,0
20680705,4.49,0
20680706,4.47,0
20680707,4.47,0
20680708,4.48,0
20680709,4.48,0
20680710,4.47,0
20680711,4.48,0
20680712,4.48,0
20680713,4.48,0
20680714,4.47,0
20680715,4.47,0
20680716,4.47,0
20680717,4.48,0
20680718,4.46,0
20680719,4.46,0
20680720,4.46,0
20680721,4.47,0
20680722,4.45,0
20680723,4.45,0
20680724,4.45,0
20680725,4.46,0
20680726,4.45,0
20680727,4.45,0
20680728,4.42,0
20680729,4.44,0
20680730,4.43,0
20680731,4.43,0
20680801,4.39,0
20680802,4.38,0
20680803,4.37,0
20680804,4.37,0
20680805,4.36,0
20680806,4.35,0
20680807,4.34,0
20680808,4.34,0
20680809,4.33,0
20680810,4.32,0
20680811,4.31,0
20680812,4.30,0
20680813,4.29,0
20680814,4.28,0
20680815,4.27,0
20680816,4.26,0
20680817,4.25,0
20680818,4.24,0
20680819,4.23,0
20680820,4.22,0
20680821,4.20,0
20680822,4.19,0
20680823,4.18,0
20680824,4.16,0
20680825,4.15,0
20680826,4.13,0
20680827,4.12,0
20680828,4.10,0
20680829,4.09,0
20680830,4.07,0
20680831,4.06,0
20680901,4.01,0
20680902,3.99,0
20680903,3.97,0
20680904,3.97,0
20680905,3.93,0
20680906,3.92,0
20680907,3.90,0
20680908,3.89,0
20680909,3.86,0
20680910,3.85,0
20680911,3.83,0
20680912,3.81,0
20680913,3.80,0
20680914,3.76,0
20680915,3.74,0
20680916,3.73,0
20680917,3.71,0
20680918,3.69,0
20680919,3.68,0
20680920,3.66,0
20680921,3.64,0
20680922,3.61,0
20680923,3.60,0
20680924,3.57,0
20680925,3.56,0
20680926,3.55,0
20680927,3.53,0
20680928,3.52,0
20680929,3.50,0
20680930,3.47,0
20681001,3.44,0
20681002,3.42,0
20681003,3.41,0
20681004,3.39,0
20681005,3.38,0
20681006,3.35,0
20681007,3.34,0
20681008,3.32,0
20681009,3.31,0
20681010,3.29,0
20681011,3.26,0
20681012,3.26,0
20681013,3.23,0
20681014,3.21,0
20681015,3.20,0
20681016,3.18,0
20681017,3.15,0
20681018,3.13,0
20681019,3.11,0
20681020,3.10,0
20681021,3.08,0
20681022,3.06,0
20681023,3.04,0
20681024,3.02,0
20681025,2.99,0
20681026,2.97,0
20681027,2.95,0
20681028,2.93,0
20681029,2.91,0
20681030,2.89,0
20681031,2.86,0
20681101,2.94,0
20681102,2.92,0
20681103,2.89,0
20681104,2.87,0
20681105,2.85,0
20681106,2.83,0
20681107,2.80,0
20681108,2.77,0
20681109,2.75,0
20681110,2.73,0
20681111,2.70,0
20681112,2.68,0
20681113,2.65,0
20681114,2.63,0
20681115,2.60,0
20681116,2.58,0
20681117,2.56,0
20681118,2.54,0
20681119,2.51,0
20681120,2.49,0
20681121,2.47,0
20681122,2.45,0
20681123,2.42,0
20681124,2.40,0
20681125,2.38,0
20681126,2.35,0
20681127,2.34,0
20681128,2.32,0
20681129,2.30,0
20681130,2.28,0
20681201,2.18,0
20681202,2.17,0
20681203,2.15,0
20681204,2.13,0
20681205,2.12,0
20681206,2.10,0
20681207,2.09,0
20681208,2.08,0
20681209,2.06,0
20681210,2.05,0
20681211,2.04,0
20681212,2.03,0
20681213,2.02,0
20681214,2.01,0
20681215,2.00,0
20681216,1.99,0
20681217,1.99,0
20681218,1.98,0
20681219,1.97,0
20681220,1.97,0
20681221,1.96,0
20681222,1.96,0
20681223,1.96,0
20681224,1.96,0
20681225,1.96,0
20681226,1.95,0
20681227,1.95,0
20681228,1.96,0
20681229,1.96,0
20681230,1.96,0
20681231,1.97,0
20690101,1.90,0
20690102,1.91,0
20690103,1.91,0
20690104,1.91,0
20690105,1.92,0
20690106,1.93,0
20690107,1.93,0
20690108,1.94,0
20690109,1.94,0
20690110,1.95,0
20690111,1.96,0
20690112,1.97,0
20690113,1.98,0
20690114,1.99,0
20690115,2.00,0
20690116,2.01,0
20690117,2.02,0
20690118,2.03,0
20690119,2.05,0
20690120,2.05,0
20690121,2.07,0
20690122,2.08,0
20690123,2.09,0
20690124,2.11,0
20690125,2.12,0
20690126,2.13,0
20690127,2.15,0
20690128,2.16,0
20690129,2.18,0
20690130,2.19,0
20690131,2.21,0
20690201,2.26,0
20690202,2.29,0
20690203,2.30,0
20690204,2.31,0
20690205,2.34,0
20690206,2.35,0
20690207,2.37,0
20690208,2.39,0
20690209,2.41,0
20690210,2.43,0
20690211,2.44,0
20690212,2.46,0
20690213,2.48,0
20690214,2.50,0
20690215,2.52,0
20690216,2.54,0
20690217,2.56,0
20690218,2.58,0
20690219,2.59,0
20690220,2.61,0
20690221,2.64,0
20690222,2.66,0
20690223,2.68,0
20690224,2.70,0
20690225,2.73,0
20690226,2.75,0
20690227,2.76,0
20690228,2.79,0
20690301,2.75,0
20690302,2.79,0
20690303,2.82,0
20690304,2.83,0
20690305,2.86,0
20690306,2.88,0
20690307,2.90,0
20690308,2.92,0
20690309,2.94,0
20690310,2.97,0
20690311,2.99,0
20690312,3.01,0
20690313,3.04,0
20690314,3.05,0
20690315,3.08,0
20690316,3.10,0
20690317,3.11,0
20690318,3.14,0
20690319,3.17,0
20690320,3.19,0
20690321,3.20,0
20690322,3.22,0
20690323,3.25,0
20690324,3.27,0
20690325,3.29,0
20690326,3.30,0
20690327,3.33,0
20690328,3.35,0
20690329,3.37,0
20690330,3.39,0
20690331,3.41,0
20690401,3.51,0
20690402,3.56,0
20690403,3.58,0
20690404,3.60,0
20690405,3.63,0
20690406,3.64,0
20690407,3.66,0
20690408,3.67,0
20690409,3.69,0
20690410,3.71,0
20690411,3.73,0
20690412,3.74,0
20690413,3.76,0
20690414,3.77,0
20690415,3.78,0
20690416,3.80,0
20690417,3.82,0
20690418,3.84,0
20690419,3.85,0
20690420,3.87,0
20690421,3.89,0
20690422,3.92,0
20690423,3.92,0
20690424,3.93,0
20690425,3.95,0
20690426,3.97,0
20690427,3.98,0
20690428,4.00,0
20690429,4.00,0
20690430,4.03,0
20690501,3.94,0
20690502,3.96,0
20690503,3.97,0
20690504,3.99,0
20690505,4.01,0
20690506,4.02,0
20690507,4.03,0
20690508,4.06,0
20690509,4.06,0
20690510,4.07,0
20690511,4.07,0
20690512,4.11,0
20690513,4.11,0
20690514,4.11,0
20690515,4.13,0
20690516,4.15,0
20690517,4.15,0
20690518,4.17,0
20690519,4.17,0
20690520,4.17,0
20690521,4.19,0
20690522,4.19,0
20690523,4.21,0
20690524,4.21,0
20690525,4.23,0
20690526,4.24,0
20690527,4.24,0
20690528,4.25,0
20690529,4.26,0
20690530,4.28,0
20690531,4.26,0
20690601,4.32,0
20690602,4.34,0
20690603,4.33,0
20690604,4.36,0
20690605,4.35,0
20690606,4.36,0
20690607,4.36,0
20690608,4.36,0
20690609,4.37,0
20690610,4.38,0
20690611,4.37,0
20690612,4.38,0
20690613,4.39,0
20690614,4.39,0
20690615,4.38,0
20690616,4.39,0
20690617,4.40,0
20690618,4.40,0
20690619,4.41,0
20690620,4.41,0
20690621,4.41,0
20690622,4.42,0
20690623,4.40,0
20690624,4.42,0
20690625,4.42,0
20690626,4.42,0
20690627,4.43,0
20690628,4.43,0
20690629,4.43,0
20690630,4.43,0
20690701,4.45,0
20690702,4.45,0
20690703,4.44,0
20690704,4.45,0
20690705,4.45,0
20690706,4.47,0
20690707,4.45,0
20690708,4.44,0
20690709,4.46,0
20690710,4.46,0
20690711,4.44,0
20690712,4.45,0
20690713,4.46,0
20690714,4.45,0
20690715,4.45,0
20690716,4.45,0
20690717,4.45,0
20690718,4.46,0
20690719,4.44,0
20690720,4.44,0
20690721,4.44,0
20690722,4.45,0
20690723,4.43,0
20690724,4.42,0
20690725,4.42,0
20690726,4.43,0
20690727,4.43,0
20690728,4.42,0
20690729,4.40,0
20690730,4.42,0
20690731,4.41,0
20690801,4.38,0
20690802,4.38,0
20690803,4.37,0
20690804,4.36,0
20690805,4.36,0
20690806,4.35,0
20690807,4.34,0
20690808,4.33,0
20690809,4.33,0
20690810,4.32,0
20690811,4.31,0
20690812,4.30,0
20690813,4.29,0
20690814,4.28,0
20690815,4.27,0
20690816,4.26,0
20690817,4.25,0
20690818,4.24,0
20690819,4.23,0
20690820,4.22,0
20690821,4.21,0
20690822,4.19,0
20690823,4.18,0
20690824,4.17,0
20690825,4.15,0
20690826,4.14,0
20690827,4.12,0
20690828,4.11,0
20690829,4.09,0
20690830,4.08,0
20690831,4.06,0
20690901,4.09,0
20690902,4.06,0
20690903,4.04,0
20690904,4.02,0
20690905,4.02,0
20690906,3.98,0
20690907,3.97,0
20690908,3.95,0
20690909,3.94,0
20690910,3.91,0
20690911,3.90,0
20690912,3.88,0
20690913,3.86,0
20690914,3.85,0
20690915,3.81,0
20690916,3.79,0
20690917,3.78,0
20690918,3.76,0
20690919,3.73,0
20690920,3.72,0
20690921,3.71,0
20690922,3.69,0
20690923,3.66,0
20690924,3.65,0
20690925,3.62,0
20690926,3.61,0
20690927,3.59,0
20690928,3.58,0
20690929,3.56,0
20690930,3.54,0
20691001,3.52,0
20691002,3.49,0
20691003,3.47,0
20691004,3.45,0
20691005,3.44,0
20691006,3.43,0
20691007,3.40,0
20691008,3.39,0
20691009,3.37,0
20691010,3.36,0
20691011,3.34,0
20691012,3.30,0
20691013,3.31,0
20691014,3.28,0
20691015,3.26,0
20691016,3.24,0
20691017,3.22,0
20691018,3.20,0
20691019,3.18,0
20691020,3.16,0
20691021,3.15,0
20691022,3.12,0
20691023,3.10,0
20691024,3.09,0
20691025,3.06,0
20691026,3.04,0
20691027,3.02,0
20691028,2.99,0
20691029,2.98,0
20691030,2.95,0
20691031,2.93,0
20691101,2.95,0
20691102,2.91,0
20691103,2.89,0
20691104,2.86,0
20691105,2.83,0
20691106,2.81,0
20691107,2.79,0
20691108,2.77,0
20691109,2.74,0
20691110,2.71,0
20691111,2.70,0
20691112,2.67,0
20691113,2.65,0
20691114,2.62,0
20691115,2.60,0
20691116,2.57,0
20691117,2.55,0
20691118,2.53,0
20691119,2.51,0
20691120,2.48,0
20691121,2.46,0
20691122,2.44,0
20691123,2.42,0
20691124,2.39,0
20691125,2.37,0
20691126,2.35,0
20691127,2.33,0
20691128,2.31,0
20691129,2.29,0
20691130,2.27,0
20691201,2.24,0
20691202,2.20,0
20691203,2.18,0
20691204,2.16,0
20691205,2.15,0
20691206,2.14,0
20691207,2.12,0
20691208,2.11,0
20691209,2.09,0
20691210,2.08,0
20691211,2.07,0
20691212,2.06,0
20691213,2.05,0
20691214,2.04,0
20691215,2.02,0
20691216,2.02,0
20691217,2.01,0
20691218,2.00,0
20691219,1.99,0
20691220,1.99,0
20691221,1.99,0
20691222,1.98,0
20691223,1.98,0
20691224,1.98,0
20691225,1.97,0
20691226,1.97,0
20691227,1.97,0
20691228,1.97,0
20691229,1.97,0
20691230,1.97,0
20691231,1.97,0
20700101,1.99,0
20700102,1.99,0
20700103,1.99,0
20700104,2.00,0
20700105,2.00,0
20700106,2.01,0
20700107,2.01,0
20700108,2.03,0
20700109,2.03,0
20700110,2.04,0
20700111,2.05,0
20700112,2.06,0
20700113,2.06,0
20700114,2.08,0
20700115,2.09,0
20700116,2.09,0
20700117,2.11,0
20700118,2.12,0
20700119,2.14,0
20700120,2.14,0
20700121,2.16,0
20700122,2.17,0
20700123,2.18,0
20700124,2.20,0
20700125,2.21,0
20700126,2.23,0
20700127,2.24,0
20700128,2.26,0
20700129,2.27,0
20700130,2.28,0
20700131,2.30,0
20700201,2.23,0
20700202,2.26,0
20700203,2.27,0
20700204,2.28,0
20700205,2.31,0
20700206,2.32,0
20700207,2.34,0
20700208,2.35,0
20700209,2.37,0
20700210,2.40,0
20700211,2.41,0
20700212,2.43,0
20700213,2.45,0
20700214,2.46,0
20700215,2.49,0
20700216,2.50,0
20700217,2.53,0
20700218,2.55,0
20700219,2.56,0
20700220,2.58,0
20700221,2.60,0
20700222,2.63,0
20700223,2.64,0
20700224,2.67,0
20700225,2.69,0
20700226,2.71,0
20700227,2.73,0
20700228,2.75,0
20700301,2.77,0
20700302,2.81,0
20700303,2.83,0
20700304,2.85,0
20700305,2.87,0
20700306,2.90,0
20700307,2.92,0
20700308,2.94,0
20700309,2.96,0
20700310,2.99,0
20700311,3.01,0
20700312,3.03,0
20700313,3.05,0
20700314,3.07,0
20700315,3.09,0
20700316,3.12,0
20700317,3.13,0
20700318,3.16,0
20700319,3.19,0
20700320,3.21,0
20700321,3.22,0
20700322,3.24,0
20700323,3.27,0
20700324,3.29,0
20700325,3.31,0
20700326,3.32,0
20700327,3.35,0
20700328,3.37,0
20700329,3.39,0
20700330,3.41,0
20700331,3.43,0
20700401,3.51,0
20700402,3.56,0
20700403,3.57,0
20700404,3.59,0
20700405,3.63,0
20700406,3.63,0
20700407,3.65,0
20700408,3.67,0
20700409,3.69,0
20700410,3.71,0
20700411,3.73,0
20700412,3.74,0
20700413,3.76,0
20700414,3.77,0
20700415,3.78,0
20700416,3.80,0
20700417,3.82,0
20700418,3.84,0
20700419,3.85,0
20700420,3.87,0
20700421,3.88,0
20700422,3.91,0
20700423,3.92,0
20700424,3.92,0
20700425,3.94,0
20700426,3.96,0
20700427,3.97,0
20700428,3.99,0
20700429,4.00,0
20700430,4.02,0
20700501,3.97,0
20700502,4.00,0
20700503,4.01,0
20700504,4.02,0
20700505,4.05,0
20700506,4.05,0
20700507,4.06,0
20700508,4.09,0
20700509,4.10,0
20700510,4.10,0
20700511,4.10,0
20700512,4.14,0
20700513,4.14,0
20700514,4.15,0
20700515,4.16,0
20700516,4.18,0
20700517,4.18,0
20700518,4.21,0
20700519,4.21,0
20700520,4.21,0
20700521,4.23,0
20700522,4.23,0
20700523,4.24,0
20700524,4.24,0
20700525,4.26,0
20700526,4.27,0
20700527,4.27,0
20700528,4.28,0
20700529,4.30,0
20700530,4.31,0
20700531,4.29,0
20700601,4.34,0
20700602,4.37,0
20700603,4.36,0
20700604,4.39,0
20700605,4.38,0
20700606,4.39,0
20700607,4.38,0
20700608,4.39,0
20700609,4.40,0
20700610,4.41,0
20700611,4.40,0
20700612,4.41,0
20700613,4.42,0
20700614,4.42,0
20700615,4.41,0
20700616,4.42,0
20700617,4.42,0
20700618,4.43,0
20700619,4.43,0
20700620,4.43,0
20700621,4.44,0
20700622,4.44,0
20700623,4.43,0
20700624,4.45,0
20700625,4.45,0
20700626,4.45,0
20700627,4.46,0
20700628,4.45,0
20700629,4.46,0
20700630,4.46,0
20700701,4.41,0
20700702,4.40,0
20700703,4.40,0
20700704,4.41,0
20700705,4.40,0
20700706,4.42,0
20700707,4.40,0
20700708,4.40,0
20700709,4.42,0
20700710,4.42,0
20700711,4.40,0
20700712,4.41,0
20700713,4.41,0
20700714,4.41,0
20700715,4.41,0
20700716,4.40,0
20700717,4.40,0
20700718,4.42,0
20700719,4.40,0
20700720,4.40,0
20700721,4.39,0
20700722,4.40,0
20700723,4.38,0
20700724,4.38,0
20700725,4.38,0
20700726,4.39,0
20700727,4.39,0
20700728,4.38,0
20700729,4.36,0
20700730,4.37,0
20700731,4.37,0
20700801,4.36,0
20700802,4.36,0
20700803,4.35,0
20700804,4.34,0
20700805,4.34,0
20700806,4.33,0
20700807,4.32,0
20700808,4.32,0
20700809,4.31,0
20700810,4.30,0
20700811,4.29,0
20700812,4.28,0
20700813,4.28,0
20700814,4.26,0
20700815,4.25,0
20700816,4.25,0
20700817,4.23,0
20700818,4.22,0
20700819,4.21,0
20700820,4.20,0
20700821,4.19,0
20700822,4.17,0
20700823,4.16,0
20700824,4.15,0
20700825,4.13,0
20700826,4.12,0
20700827,4.11,0
20700828,4.09,0
20700829,4.07,0
20700830,4.06,0
20700831,4.04,0
20700901,4.05,0
20700902,4.02,0
20700903,4.00,0
20700904,3.98,0
20700905,3.98,0
20700906,3.94,0
20700907,3.93,0
20700908,3.91,0
20700909,3.90,0
20700910,3.87,0
20700911,3.86,0
20700912,3.84,0
20700913,3.82,0
20700914,3.81,0
20700915,3.77,0
20700916,3.75,0
20700917,3.74,0
20700918,3.72,0
20700919,3.70,0
20700920,3.68,0
20700921,3.67,0
20700922,3.65,0
20700923,3.62,0
20700924,3.61,0
20700925,3.58,0
20700926,3.57,0
20700927,3.56,0
20700928,3.54,0
20700929,3.53,0
20700930,3.51,0
20701001,3.51,0
20701002,3.48,0
20701003,3.46,0
20701004,3.44,0
20701005,3.42,0
20701006,3.41,0
20701007,3.38,0
20701008,3.38,0
20701009,3.36,0
20701010,3.34,0
20701011,3.32,0
20701012,3.29,0
20701013,3.29,0
20701014,3.27,0
20701015,3.25,0
20701016,3.23,0
20701017,3.21,0
20701018,3.19,0
20701019,3.16,0
20701020,3.15,0
20701021,3.14,0
20701022,3.11,0
20701023,3.09,0
20701024,3.07,0
20701025,3.05,0
20701026,3.03,0
20701027,3.00,0
20701028,2.98,0
20701029,2.97,0
20701030,2.94,0
20701031,2.92,0
20701101,2.92,0
20701102,2.88,0
20701103,2.86,0
20701104,2.82,0
20701105,2.80,0
20701106,2.78,0
20701107,2.76,0
20701108,2.74,0
20701109,2.71,0
20701110,2.68,0
20701111,2.67,0
20701112,2.64,0
20701113,2.62,0
20701114,2.59,0
20701115,2.57,0
20701116,2.54,0
20701117,2.52,0
20701118,2.50,0
20701119,2.48,0
20701120,2.45,0
20701121,2.43,0
20701122,2.41,0
20701123,2.39,0
20701124,2.36,0
20701125,2.34,0
20701126,2.33,0
20701127,2.30,0
20701128,2.28,0
20701129,2.26,0
20701130,2.24,0
20701201,2.24,0
20701202,2.20,0
20701203,2.18,0
20701204,2.16,0
20701205,2.15,0
20701206,2.14,0
20701207,2.12,0
20701208,2.11,0
20701209,2.09,0
20701210,2.08,0
20701211,2.07,0
20701212,2.06,0
20701213,2.05,0
20701214,2.04,0
20701215,2.02,0
20701216,2.02,0
20701217,2.01,0
20701218,2.00,0
20701219,1.99,0
20701220,1.99,0
20701221,1.99,0
20701222,1.98,0
20701223,1.98,0
20701224,1.98,0
20701225,1.97,0
20701226,1.97,0
20701227,1.97,0
20701228,1.97,0
20701229,1.98,0
20701230,1.97,0
20701231,1.97,0
20710101,1.95,0
20710102,1.95,0
20710103,1.95,0
20710104,1.96,0
20710105,1.97,0
20710106,1.97,0
20710107,1.98,0
20710108,1.99,0
20710109,1.99,0
20710110,2.00,0
20710111,2.01,0
20710112,2.02,0
20710113,2.02,0
20710114,2.04,0
20710115,2.05,0
20710116,2.05,0
20710117,2.07,0
20710118,2.08,0
20710119,2.10,0
20710120,2.10,0
20710121,2.12,0
20710122,2.13,0
20710123,2.14,0
20710124,2.16,0
20710125,2.17,0
20710126,2.18,0
20710127,2.20,0
20710128,2.22,0
20710129,2.23,0
20710130,2.24,0
20710131,2.26,0
20710201,2.29,0
20710202,2.31,0
20710203,2.33,0
20710204,2.34,0
20710205,2.37,0
20710206,2.38,0
20710207,2.40,0
20710208,2.41,0
20710209,2.43,0
20710210,2.46,0
20710211,2.47,0
20710212,2.49,0
20710213,2.51,0
20710214,2.53,0
20710215,2.55,0
20710216,2.56,0
20710217,2.59,0
20710218,2.61,0
20710219,2.62,0
20710220,2.64,0
20710221,2.67,0
20710222,2.69,0
20710223,2.71,0
20710224,2.73,0
20710225,2.76,0
20710226,2.77,0
20710227,2.79,0
20710228,2.81,0
20710301,2.79,0
20710302,2.83,0
20710303,2.86,0
20710304,2.87,0
20710305,2.90,0
20710306,2.92,0
20710307,2.94,0
20710308,2.96,0
20710309,2.98,0
20710310,3.01,0
20710311,3.03,0
20710312,3.05,0
20710313,3.08,0
20710314,3.09,0
20710315,3.12,0
20710316,3.14,0
20710317,3.16,0
20710318,3.18,0
20710319,3.21,0
20710320,3.23,0
20710321,3.25,0
20710322,3.27,0
20710323,3.29,0
20710324,3.31,0
20710325,3.34,0
20710326,3.35,0
20710327,3.37,0
20710328,3.39,0
20710329,3.41,0
20710330,3.43,0
20710331,3.46,0
20710401,3.52,0
20710402,3.57,0
20710403,3.58,0
20710404,3.61,0
20710405,3.64,0
20710406,3.65,0
20710407,3.67,0
20710408,3.68,0
20710409,3.70,0
20710410,3.72,0
20710411,3.74,0
20710412,3.75,0
20710413,3.77,0
20710414,3.78,0
20710415,3.79,0
20710416,3.81,0
20710417,3.83,0
20710418,3.85,0
20710419,3.86,0
20710420,3.88,0
20710421,3.90,0
20710422,3.93,0
20710423,3.93,0
20710424,3.94,0
20710425,3.96,0
20710426,3.98,0
20710427,3.99,0
20710428,4.01,0
20710429,4.01,0
20710430,4.04,0
20710501,4.00,0
20710502,4.02,0
20710503,4.03,0
20710504,4.05,0
20710505,4.07,0
20710506,4.08,0
20710507,4.09,0
20710508,4.12,0
20710509,4.13,0
20710510,4.13,0
20710511,4.13,0
20710512,4.17,0
20710513,4.17,0
20710514,4.17,0
20710515,4.19,0
20710516,4.21,0
20710517,4.21,0
20710518,4.23,0
20710519,4.23,0
20710520,4.23,0
20710521,4.25,0
20710522,4.25,0
20710523,4.27,0
20710524,4.27,0
20710525,4.28,0
20710526,4.30,0
20710527,4.30,0
20710528,4.31,0
20710529,4.32,0
20710530,4.34,0
20710531,4.32,0
20710601,4.29,0
20710602,4.31,0
20710603,4.31,0
20710604,4.33,0
20710605,4.33,0
20710606,4.34,0
20710607,4.33,0
20710608,4.34,0
20710609,4.35,0
20710610,4.36,0
20710611,4.35,0
20710612,4.36,0
20710613,4.37,0
20710614,4.37,0
20710615,4.36,0
20710616,4.37,0
20710617,4.37,0
20710618,4.38,0
20710619,4.38,0
20710620,4.38,0
20710621,4.39,0
20710622,4.39,0
20710623,4.38,0
20710624,4.40,0
20710625,4.40,0
20710626,4.40,0
20710627,4.40,0
20710628,4.40,0
20710629,4.41,0
20710630,4.41,0
20710701,4.45,0
20710702,4.45,0
20710703,4.45,0
20710704,4.45,0
20710705,4.45,0
20710706,4.47,0
20710707,4.45,0
20710708,4.45,0
20710709,4.46,0
20710710,4.46,0
20710711,4.44,0
20710712,4.46,0
20710713,4.46,0
20710714,4.45,0
20710715,4.45,0
20710716,4.45,0
20710717,4.45,0
20710718,4.46,0
20710719,4.44,0
20710720,4.44,0
20710721,4.44,0
20710722,4.45,0
20710723,4.43,0
20710724,4.42,0
20710725,4.42,0
20710726,4.43,0
20710727,4.43,0
20710728,4.42,0
20710729,4.40,0
20710730,4.42,0
20710731,4.41,0
20710801,4.36,0
20710802,4.36,0
20710803,4.35,0
20710804,4.34,0
20710805,4.34,0
20710806,4.33,0
20710807,4.32,0
20710808,4.32,0
20710809,4.31,0
20710810,4.30,0
20710811,4.29,0
20710812,4.28,0
20710813,4.28,0
20710814,4.26,0
20710815,4.25,0
20710816,4.25,0
20710817,4.23,0
20710818,4.22,0
20710819,4.21,0
20710820,4.20,0
20710821,4.19,0
20710822,4.17,0
20710823,4.16,0
20710824,4.15,0
20710825,4.13,0
20710826,4.12,0
20710827,4.11,0
20710828,4.09,0
20710829,4.07,0
20710830,4.06,0
20710831,4.04,0
20710901,4.06,0
20710902,4.03,0
20710903,4.02,0
20710904,4.00,0
20710905,3.99,0
20710906,3.96,0
20710907,3.94,0
20710908,3.92,0
20710909,3.91,0
20710910,3.88,0
20710911,3.88,0
20710912,3.85,0
20710913,3.83,0
20710914,3.82,0
20710915,3.79,0
20710916,3.77,0
20710917,3.76,0
20710918,3.73,0
20710919,3.71,0
20710920,3.70,0
20710921,3.69,0
20710922,3.66,0
20710923,3.64,0
20710924,3.62,0
20710925,3.60,0
20710926,3.58,0
20710927,3.57,0
20710928,3.55,0
20710929,3.54,0
20710930,3.52,0
20711001,3.48,0
20711002,3.45,0
20711003,3.43,0
20711004,3.41,0
20711005,3.39,0
20711006,3.38,0
20711007,3.35,0
20711008,3.35,0
20711009,3.33,0
20711010,3.31,0
20711011,3.29,0
20711012,3.26,0
20711013,3.26,0
20711014,3.24,0
20711015,3.22,0
20711016,3.20,0
20711017,3.18,0
20711018,3.16,0
20711019,3.14,0
20711020,3.12,0
20711021,3.11,0
20711022,3.08,0
20711023,3.06,0
20711024,3.04,0
20711025,3.02,0
20711026,3.00,0
20711027,2.98,0
20711028,2.95,0
20711029,2.94,0
20711030,2.91,0
20711031,2.89,0
20711101,2.96,0
20711102,2.92,0
20711103,2.90,0
20711104,2.87,0
20711105,2.85,0
20711106,2.83,0
20711107,2.81,0
20711108,2.78,0
20711109,2.75,0
20711110,2.72,0
20711111,2.71,0
20711112,2.68,0
20711113,2.66,0
20711114,2.63,0
20711115,2.61,0
20711116,2.58,0
20711117,2.56,0
20711118,2.54,0
20711119,2.52,0
20711120,2.49,0
20711121,2.47,0
20711122,2.45,0
20711123,2.43,0
20711124,2.40,0
20711125,2.38,0
20711126,2.36,0
20711127,2.33,0
20711128,2.32,0
20711129,2.30,0
20711130,2.28,0
20711201,2.22,0
20711202,2.18,0
20711203,2.16,0
20711204,2.14,0
20711205,2.13,0
20711206,2.12,0
20711207,2.10,0
20711208,2.09,0
20711209,2.07,0
20711210,2.06,0
20711211,2.05,0
20711212,2.04,0
20711213,2.03,0
20711214,2.01,0
20711215,2.00,0
20711216,1.99,0
20711217,1.99,0
20711218,1.98,0
20711219,1.97,0
20711220,1.97,0
20711221,1.97,0
20711222,1.96,0
20711223,1.96,0
20711224,1.96,0
20711225,1.95,0
20711226,1.95,0
20711227,1.94,0
20711228,1.95,0
20711229,1.95,0
20711230,1.95,0
20711231,1.95,0
20720101,1.96,0
20720102,1.97,0
20720103,1.97,0
20720104,1.97,0
20720105,1.98,0
20720106,1.99,0
20720107,1.99,0
20720108,2.00,0
20720109,2.00,0
20720110,2.02,0
20720111,2.02,0
20720112,2.03,0
20720113,2.04,0
20720114,2.05,0
20720115,2.06,0
20720116,2.07,0
20720117,2.08,0
20720118,2.10,0
20720119,2.11,0
20720120,2.11,0
20720121,2.13,0
20720122,2.14,0
20720123,2.16,0
20720124,2.17,0
20720125,2.19,0
20720126,2.20,0
20720127,2.22,0
20720128,2.23,0
20720129,2.25,0
20720130,2.26,0
20720131,2.28,0
20720201,2.26,0
20720202,2.28,0
20720203,2.30,0
20720204,2.31,0
20720205,2.33,0
20720206,2.35,0
20720207,2.37,0
20720208,2.38,0
20720209,2.40,0
20720210,2.42,0
20720211,2.43,0
20720212,2.45,0
20720213,2.48,0
20720214,2.49,0
20720215,2.51,0
20720216,2.53,0
20720217,2.55,0
20720218,2.58,0
20720219,2.58,0
20720220,2.61,0
20720221,2.63,0
20720222,2.65,0
20720223,2.67,0
20720224,2.69,0
20720225,2.72,0
20720226,2.74,0
20720227,2.75,0
20720228,2.78,0
20720229,2.79,0
20720301,2.83,0
20720302,2.85,0
20720303,2.87,0
20720304,2.89,0
20720305,2.92,0
20720306,2.94,0
20720307,2.96,0
20720308,2.98,0
20720309,3.01,0
20720310,3.03,0
20720311,3.05,0
20720312,3.07,0
20720313,3.09,0
20720314,3.11,0
20720315,3.14,0
20720316,3.15,0
20720317,3.18,0
20720318,3.21,0
20720319,3.23,0
20720320,3.24,0
20720321,3.26,0
20720322,3.29,0
20720323,3.31,0
20720324,3.33,0
20720325,3.34,0
20720326,3.37,0
20720327,3.39,0
20720328,3.41,0
20720329,3.43,0
20720330,3.45,0
20720331,3.47,0
20720401,3.56,0
20720402,3.57,0
20720403,3.59,0
20720404,3.62,0
20720405,3.63,0
20720406,3.65,0
20720407,3.66,0
20720408,3.69,0
20720409,3.71,0
20720410,3.72,0
20720411,3.73,0
20720412,3.76,0
20720413,3.76,0
20720414,3.77,0
20720415,3.79,0
20720416,3.82,0
20720417,3.84,0
20720418,3.84,0
20720419,3.86,0
20720420,3.88,0
20720421,3.91,0
20720422,3.92,0
20720423,3.92,0
20720424,3.94,0
20720425,3.96,0
20720426,3.97,0
20720427,3.99,0
20720428,4.00,0
20720429,4.02,0
20720430,4.02,0
20720501,4.00,0
20720502,4.01,0
20720503,4.02,0
20720504,4.05,0
20720505,4.05,0
20720506,4.06,0
20720507,4.09,0
20720508,4.10,0
20720509,4.10,0
20720510,4.10,0
20720511,4.14,0
20720512,4.14,0
20720513,4.15,0
20720514,4.16,0
20720515,4.18,0
20720516,4.19,0
20720517,4.21,0
20720518,4.21,0
20720519,4.21,0
20720520,4.23,0
20720521,4.23,0
20720522,4.24,0
20720523,4.24,0
20720524,4.26,0
20720525,4.27,0
20720526,4.27,0
20720527,4.28,0
20720528,4.30,0
20720529,4.31,0
20720530,4.29,0
20720531,4.31,0
20720601,4.36,0
20720602,4.35,0
20720603,4.38,0
20720604,4.38,0
20720605,4.38,0
20720606,4.38,0
20720607,4.39,0
20720608,4.40,0
20720609,4.40,0
20720610,4.39,0
20720611,4.41,0
20720612,4.41,0
20720613,4.42,0
20720614,4.41,0
20720615,4.41,0
20720616,4.42,0
20720617,4.42,0
20720618,4.43,0
20720619,4.43,0
20720620,4.43,0
20720621,4.44,0
20720622,4.43,0
20720623,4.44,0
20720624,4.45,0
20720625,4.45,0
20720626,4.45,0
20720627,4.45,0
20720628,4.45,0
20720629,4.45,0
20720630,4.45,0
20720701,4.45,0
20720702,4.44,0
20720703,4.45,0
20720704,4.45,0
20720705,4.46,0
20720706,4.45,0
20720707,4.44,0
20720708,4.46,0
20720709,4.46,0
20720710,4.44,0
20720711,4.45,0
20720712,4.46,0
20720713,4.45,0
20720714,4.45,0
20720715,4.45,0
20720716,4.45,0
20720717,4.46,0
20720718,4.44,0
20720719,4.44,0
20720720,4.44,0
20720721,4.45,0
20720722,4.43,0
20720723,4.42,0
20720724,4.42,0
20720725,4.43,0
20720726,4.43,0
20720727,4.42,0
20720728,4.40,0
20720729,4.41,0
20720730,4.41,0
20720731,4.40,0
20720801,4.40,0
20720802,4.39,0
20720803,4.39,0
20720804,4.38,0
20720805,4.37,0
20720806,4.37,0
20720807,4.36,0
20720808,4.35,0
20720809,4.34,0
20720810,4.33,0
20720811,4.33,0
20720812,4.32,0
20720813,4.30,0
20720814,4.30,0
20720815,4.29,0
20720816,4.27,0
20720817,4.26,0
20720818,4.25,0
20720819,4.24,0
20720820,4.23,0
20720821,4.21,0
20720822,4.20,0
20720823,4.19,0
20720824,4.17,0
20720825,4.16,0
20720826,4.15,0
20720827,4.13,0
20720828,4.11,0
20720829,4.10,0
20720830,4.08,0
20720831,4.07,0
20720901,4.04,0
20720902,4.02,0
20720903,4.00,0
20720904,3.99,0
20720905,3.96,0
20720906,3.94,0
20720907,3.92,0
20720908,3.92,0
20720909,3.88,0
20720910,3.88,0
20720911,3.86,0
20720912,3.84,0
20720913,3.83,0
20720914,3.79,0
20720915,3.77,0
20720916,3.76,0
20720917,3.74,0
20720918,3.71,0
20720919,3.70,0
20720920,3.69,0
20720921,3.66,0
20720922,3.64,0
20720923,3.63,0
20720924,3.60,0
20720925,3.59,0
20720926,3.57,0
20720927,3.55,0
20720928,3.54,0
20720929,3.52,0
20720930,3.49,0
20721001,3.49,0
20721002,3.47,0
20721003,3.45,0
20721004,3.43,0
20721005,3.42,0
20721006,3.39,0
20721007,3.38,0
20721008,3.36,0
20721009,3.35,0
20721010,3.33,0
20721011,3.30,0
20721012,3.30,0
20721013,3.27,0
20721014,3.25,0
20721015,3.24,0
20721016,3.22,0
20721017,3.19,0
20721018,3.17,0
20721019,3.16,0
20721020,3.14,0
20721021,3.12,0
20721022,3.10,0
20721023,3.08,0
20721024,3.06,0
20721025,3.03,0
20721026,3.01,0
20721027,2.99,0
20721028,2.97,0
20721029,2.95,0
20721030,2.93,0
20721031,2.90,0
20721101,2.90,0
20721102,2.87,0
20721103,2.84,0
20721104,2.82,0
20721105,2.80,0
20721106,2.78,0
20721107,2.75,0
20721108,2.73,0
20721109,2.70,0
20721110,2.68,0
20721111,2.66,0
20721112,2.64,0
20721113,2.61,0
20721114,2.59,0
20721115,2.56,0
20721116,2.54,0
20721117,2.52,0
20721118,2.50,0
20721119,2.47,0
20721120,2.45,0
20721121,2.42,0
20721122,2.41,0
20721123,2.38,0
20721124,2.36,0
20721125,2.34,0
20721126,2.31,0
20721127,2.30,0
20721128,2.28,0
20721129,2.26,0
20721130,2.24,0
20721201,2.16,0
20721202,2.14,0
20721203,2.13,0
20721204,2.11,0
20721205,2.10,0
20721206,2.08,0
20721207,2.07,0
20721208,2.06,0
20721209,2.04,0
20721210,2.03,0
20721211,2.02,0
20721212,2.01,0
20721213,2.00,0
20721214,1.99,0
20721215,1.98,0
20721216,1.97,0
20721217,1.97,0
20721218,1.96,0
20721219,1.95,0
20721220,1.95,0
20721221,1.94,0
20721222,1.94,0
20721223,1.94,0
20721224,1.94,0
20721225,1.94,0
20721226,1.93,0
20721227,1.93,0
20721228,1.94,0
20721229,1.94,0
20721230,1.94,0
20721231,1.95,0
20730101,1.94,0
20730102,1.94,0
20730103,1.94,0
20730104,1.95,0
20730105,1.95,0
20730106,1.96,0
20730107,1.96,0
20730108,1.97,0
20730109,1.98,0
20730110,1.99,0
20730111,2.00,0
20730112,2.00,0
20730113,2.01,0
20730114,2.03,0
20730115,2.03,0
20730116,2.04,0
20730117,2.06,0
20730118,2.07,0
20730119,2.08,0
20730120,2.09,0
20730121,2.10,0
20730122,2.11,0
20730123,2.13,0
20730124,2.14,0
20730125,2.16,0
20730126,2.17,0
20730127,2.19,0
20730128,2.20,0
20730129,2.22,0
20730130,2.23,0
20730131,2.25,0
20730201,2.32,0
20730202,2.34,0
20730203,2.35,0
20730204,2.37,0
20730205,2.39,0
20730206,2.41,0
20730207,2.43,0
20730208,2.44,0
20730209,2.46,0
20730210,2.48,0
20730211,2.49,0
20730212,2.52,0
20730213,2.54,0
20730214,2.55,0
20730215,2.58,0
20730216,2.59,0
20730217,2.62,0
20730218,2.64,0
20730219,2.65,0
20730220,2.67,0
20730221,2.70,0
20730222,2.72,0
20730223,2.74,0
20730224,2.76,0
20730225,2.79,0
20730226,2.80,0
20730227,2.82,0
20730228,2.85,0
20730301,2.86,0
20730302,2.90,0
20730303,2.92,0
20730304,2.94,0
20730305,2.96,0
20730306,2.99,0
20730307,3.01,0
20730308,3.03,0
20730309,3.05,0
20730310,3.08,0
20730311,3.10,0
20730312,3.12,0
20730313,3.15,0
20730314,3.16,0
20730315,3.19,0
20730316,3.21,0
20730317,3.23,0
20730318,3.26,0
20730319,3.28,0
20730320,3.30,0
20730321,3.32,0
20730322,3.34,0
20730323,3.36,0
20730324,3.39,0
20730325,3.41,0
20730326,3.42,0
20730327,3.44,0
20730328,3.47,0
20730329,3.49,0
20730330,3.51,0
20730331,3.53,0
20730401,3.51,0
20730402,3.57,0
20730403,3.58,0
20730404,3.60,0
20730405,3.64,0
20730406,3.64,0
20730407,3.66,0
20730408,3.68,0
20730409,3.70,0
20730410,3.72,0
20730411,3.74,0
20730412,3.75,0
20730413,3.77,0
20730414,3.78,0
20730415,3.79,0
20730416,3.81,0
20730417,3.83,0
20730418,3.85,0
20730419,3.86,0
20730420,3.88,0
20730421,3.89,0
20730422,3.92,0
20730423,3.93,0
20730424,3.93,0
20730425,3.95,0
20730426,3.97,0
20730427,3.98,0
20730428,4.00,0
20730429,4.01,0
20730430,4.03,0
20730501,4.04,0
20730502,4.06,0
20730503,4.07,0
20730504,4.09,0
20730505,4.11,0
20730506,4.12,0
20730507,4.13,0
20730508,4.16,0
20730509,4.16,0
20730510,4.17,0
20730511,4.17,0
20730512,4.21,0
20730513,4.21,0
20730514,4.21,0
20730515,4.23,0
20730516,4.25,0
20730517,4.25,0
20730518,4.27,0
20730519,4.27,0
20730520,4.27,0
20730521,4.29,0
20730522,4.29,0
20730523,4.31,0
20730524,4.31,0
20730525,4.32,0
20730526,4.34,0
20730527,4.34,0
20730528,4.35,0
20730529,4.36,0
20730530,4.38,0
20730531,4.36,0
20730601,4.34,0
20730602,4.36,0
20730603,4.35,0
20730604,4.38,0
20730605,4.38,0
20730606,4.39,0
20730607,4.38,0
20730608,4.39,0
20730609,4.40,0
20730610,4.41,0
20730611,4.40,0
20730612,4.41,0
20730613,4.41,0
20730614,4.42,0
20730615,4.41,0
20730616,4.42,0
20730617,4.42,0
20730618,4.43,0
20730619,4.43,0
20730620,4.43,0
20730621,4.44,0
20730622,4.44,0
20730623,4.43,0
20730624,4.45,0
20730625,4.45,0
20730626,4.45,0
20730627,4.45,0
20730628,4.45,0
20730629,4.46,0
20730630,4.45,0
20730701,4.47,0
20730702,4.46,0
20730703,4.46,0
20730704,4.46,0
20730705,4.46,0
20730706,4.48,0
20730707,4.46,0
20730708,4.46,0
20730709,4.47,0
20730710,4.48,0
20730711,4.46,0
20730712,4.47,0
20730713,4.47,0
20730714,4.47,0
20730715,4.46,0
20730716,4.46,0
20730717,4.46,0
20730718,4.47,0
20730719,4.45,0
20730720,4.46,0
20730721,4.45,0
20730722,4.46,0
20730723,4.44,0
20730724,4.44,0
20730725,4.44,0
20730726,4.45,0
20730727,4.44,0
20730728,4.44,0
20730729,4.42,0
20730730,4.43,0
20730731,4.42,0
20730801,4.37,0
20730802,4.36,0
20730803,4.36,0
20730804,4.35,0
20730805,4.34,0
20730806,4.34,0
20730807,4.33,0
20730808,4.32,0
20730809,4.31,0
20730810,4.31,0
20730811,4.30,0
20730812,4.29,0
20730813,4.28,0
20730814,4.27,0
20730815,4.26,0
20730816,4.25,0
20730817,4.24,0
20730818,4.23,0
20730819,4.22,0
20730820,4.20,0
20730821,4.19,0
20730822,4.18,0
20730823,4.17,0
20730824,4.15,0
20730825,4.14,0
20730826,4.13,0
20730827,4.11,0
20730828,4.09,0
20730829,4.08,0
20730830,4.07,0
20730831,4.05,0
20730901,4.08,0
20730902,4.05,0
20730903,4.03,0
20730904,4.01,0
20730905,4.01,0
20730906,3.97,0
20730907,3.96,0
20730908,3.94,0
20730909,3.93,0
20730910,3.90,0
20730911,3.89,0
20730912,3.87,0
20730913,3.85,0
20730914,3.84,0
20730915,3.80,0
20730916,3.78,0
20730917,3.77,0
20730918,3.75,0
20730919,3.72,0
20730920,3.71,0
20730921,3.70,0
20730922,3.68,0
20730923,3.65,0
20730924,3.64,0
20730925,3.61,0
20730926,3.60,0
20730927,3.59,0
20730928,3.57,0
20730929,3.55,0
20730930,3.54,0
20731001,3.52,0
20731002,3.49,0
20731003,3.48,0
20731004,3.46,0
20731005,3.44,0
20731006,3.43,0
20731007,3.40,0
20731008,3.39,0
20731009,3.37,0
20731010,3.36,0
20731011,3.34,0
20731012,3.31,0
20731013,3.31,0
20731014,3.28,0
20731015,3.26,0
20731016,3.25,0
20731017,3.23,0
20731018,3.20,0
20731019,3.18,0
20731020,3.16,0
20731021,3.15,0
20731022,3.13,0
20731023,3.10,0
20731024,3.09,0
20731025,3.07,0
20731026,3.04,0
20731027,3.02,0
20731028,2.99,0
20731029,2.98,0
20731030,2.96,0
20731031,2.94,0
20731101,2.92,0
20731102,2.88,0
20731103,2.86,0
20731104,2.82,0
20731105,2.80,0
20731106,2.78,0
20731107,2.76,0
20731108,2.74,0
20731109,2.71,0
20731110,2.68,0
20731111,2.67,0
20731112,2.64,0
20731113,2.62,0
20731114,2.59,0
20731115,2.57,0
20731116,2.54,0
20731117,2.52,0
20731118,2.50,0
20731119,2.48,0
20731120,2.45,0
20731121,2.43,0
20731122,2.41,0
20731123,2.39,0
20731124,2.36,0
20731125,2.34,0
20731126,2.33,0
20731127,2.30,0
20731128,2.28,0
20731129,2.26,0
20731130,2.24,0
20731201,2.14,0
20731202,2.10,0
20731203,2.09,0
20731204,2.07,0
20731205,2.06,0
20731206,2.04,0
20731207,2.03,0
20731208,2.02,0
20731209,2.00,0
20731210,1.99,0
20731211,1.98,0
20731212,1.97,0
20731213,1.96,0
20731214,1.94,0
20731215,1.93,0
20731216,1.92,0
20731217,1.92,0
20731218,1.91,0
20731219,1.90,0
20731220,1.90,0
20731221,1.90,0
20731222,1.89,0
20731223,1.89,0
20731224,1.89,0
20731225,1.88,0
20731226,1.88,0
20731227,1.88,0
20731228,1.88,0
20731229,1.88,0
20731230,1.88,0
20731231,1.88,0
20740101,1.93,0
20740102,1.94,0
20740103,1.94,0
20740104,1.95,0
20740105,1.95,0
20740106,1.96,0
20740107,1.96,0
20740108,1.97,0
20740109,1.98,0
20740110,1.99,0
20740111,1.99,0
20740112,2.00,0
20740113,2.01,0
20740114,2.02,0
20740115,2.03,0
20740116,2.04,0
20740117,2.05,0
20740118,2.07,0
20740119,2.08,0
20740120,2.08,0
20740121,2.10,0
20740122,2.11,0
20740123,2.13,0
20740124,2.14,0
20740125,2.16,0
20740126,2.17,0
20740127,2.19,0
20740128,2.20,0
20740129,2.22,0
20740130,2.23,0
20740131,2.24,0
20740201,2.18,0
20740202,2.21,0
20740203,2.22,0
20740204,2.23,0
20740205,2.26,0
20740206,2.27,0
20740207,2.29,0
20740208,2.30,0
20740209,2.32,0
20740210,2.35,0
20740211,2.35,0
20740212,2.38,0
20740213,2.40,0
20740214,2.41,0
20740215,2.44,0
20740216,2.45,0
20740217,2.47,0
20740218,2.50,0
20740219,2.51,0
20740220,2.53,0
20740221,2.55,0
20740222,2.57,0
20740223,2.59,0
20740224,2.61,0
20740225,2.64,0
20740226,2.66,0
20740227,2.67,0
20740228,2.70,0
20740301,2.83,0
20740302,2.87,0
20740303,2.90,0
20740304,2.91,0
20740305,2.94,0
20740306,2.96,0
20740307,2.99,0
20740308,3.00,0
20740309,3.03,0
20740310,3.05,0
20740311,3.07,0
20740312,3.10,0
20740313,3.12,0
20740314,3.13,0
20740315,3.16,0
20740316,3.18,0
20740317,3.20,0
20740318,3.23,0
20740319,3.25,0
20740320,3.28,0
20740321,3.29,0
20740322,3.31,0
20740323,3.33,0
20740324,3.36,0
20740325,3.38,0
20740326,3.39,0
20740327,3.41,0
20740328,3.44,0
20740329,3.46,0
20740330,3.48,0
20740331,3.50,0
20740401,3.50,0
20740402,3.55,0
20740403,3.57,0
20740404,3.59,0
20740405,3.62,0
20740406,3.63,0
20740407,3.65,0
20740408,3.66,0
20740409,3.68,0
20740410,3.71,0
20740411,3.72,0
20740412,3.73,0
20740413,3.75,0
20740414,3.76,0
20740415,3.77,0
20740416,3.79,0
20740417,3.81,0
20740418,3.83,0
20740419,3.84,0
20740420,3.86,0
20740421,3.88,0
20740422,3.91,0
20740423,3.91,0
20740424,3.92,0
20740425,3.94,0
20740426,3.96,0
20740427,3.97,0
20740428,3.99,0
20740429,3.99,0
20740430,4.02,0
20740501,3.96,0
20740502,3.99,0
20740503,4.00,0
20740504,4.01,0
20740505,4.04,0
20740506,4.04,0
20740507,4.05,0
20740508,4.08,0
20740509,4.09,0
20740510,4.09,0
20740511,4.09,0
20740512,4.13,0
20740513,4.13,0
20740514,4.14,0
20740515,4.15,0
20740516,4.17,0
20740517,4.17,0
20740518,4.19,0
20740519,4.19,0
20740520,4.19,0
20740521,4.21,0
20740522,4.21,0
20740523,4.23,0
20740524,4.23,0
20740525,4.25,0
20740526,4.26,0
20740527,4.26,0
20740528,4.27,0
20740529,4.29,0
20740530,4.30,0
20740531,4.28,0
20740601,4.30,0
20740602,4.32,0
20740603,4.31,0
20740604,4.34,0
20740605,4.34,0
20740606,4.34,0
20740607,4.34,0
20740608,4.35,0
20740609,4.36,0
20740610,4.36,0
20740611,4.35,0
20740612,4.37,0
20740613,4.37,0
20740614,4.38,0
20740615,4.37,0
20740616,4.37,0
20740617,4.38,0
20740618,4.38,0
20740619,4.39,0
20740620,4.39,0
20740621,4.39,0
20740622,4.40,0
20740623,4.39,0
20740624,4.40,0
20740625,4.41,0
20740626,4.41,0
20740627,4.41,0
20740628,4.41,0
20740629,4.41,0
20740630,4.41,0
20740701,4.46,0
20740702,4.45,0
20740703,4.45,0
20740704,4.45,0
20740705,4.45,0
20740706,4.47,0
20740707,4.45,0
20740708,4.45,0
20740709,4.46,0
20740710,4.46,0
20740711,4.44,0
20740712,4.46,0
20740713,4.46,0
20740714,4.45,0
20740715,4.45,0
20740716,4.45,0
20740717,4.45,0
20740718,4.46,0
20740719,4.44,0
20740720,4.44,0
20740721,4.44,0
20740722,4.45,0
20740723,4.43,0
20740724,4.42,0
20740725,4.42,0
20740726,4.43,0
20740727,4.43,0
20740728,4.42,0
20740729,4.40,0
20740730,4.42,0
20740731,4.41,0
20740801,4.35,0
20740802,4.35,0
20740803,4.34,0
20740804,4.34,0
20740805,4.33,0
20740806,4.32,0
20740807,4.31,0
20740808,4.31,0
20740809,4.30,0
20740810,4.29,0
20740811,4.28,0
20740812,4.28,0
20740813,4.27,0
20740814,4.25,0
20740815,4.25,0
20740816,4.24,0
20740817,4.22,0
20740818,4.21,0
20740819,4.20,0
20740820,4.19,0
20740821,4.18,0
20740822,4.16,0
20740823,4.15,0
20740824,4.14,0
20740825,4.12,0
20740826,4.11,0
20740827,4.10,0
20740828,4.08,0
20740829,4.06,0
20740830,4.05,0
20740831,4.04,0
20740901,4.03,0
20740902,4.00,0
20740903,3.98,0
20740904,3.96,0
20740905,3.96,0
20740906,3.92,0
20740907,3.91,0
20740908,3.89,0
20740909,3.88,0
20740910,3.85,0
20740911,3.84,0
20740912,3.82,0
20740913,3.80,0
20740914,3.79,0
20740915,3.75,0
20740916,3.73,0
20740917,3.72,0
20740918,3.70,0
20740919,3.68,0
20740920,3.66,0
20740921,3.65,0
20740922,3.63,0
20740923,3.60,0
20740924,3.59,0
20740925,3.56,0
20740926,3.55,0
20740927,3.54,0
20740928,3.52,0
20740929,3.51,0
20740930,3.49,0
20741001,3.46,0
20741002,3.43,0
20741003,3.41,0
20741004,3.39,0
20741005,3.37,0
20741006,3.37,0
20741007,3.34,0
20741008,3.33,0
20741009,3.31,0
20741010,3.29,0
20741011,3.27,0
20741012,3.24,0
20741013,3.24,0
20741014,3.22,0
20741015,3.20,0
20741016,3.18,0
20741017,3.16,0
20741018,3.14,0
20741019,3.12,0
20741020,3.10,0
20741021,3.09,0
20741022,3.06,0
20741023,3.04,0
20741024,3.03,0
20741025,3.00,0
20741026,2.98,0
20741027,2.96,0
20741028,2.93,0
20741029,2.92,0
20741030,2.90,0
20741031,2.87,0
20741101,2.97,0
20741102,2.93,0
20741103,2.91,0
20741104,2.88,0
20741105,2.86,0
20741106,2.84,0
20741107,2.82,0
20741108,2.79,0
20741109,2.76,0
20741110,2.74,0
20741111,2.72,0
20741112,2.69,0
20741113,2.67,0
20741114,2.64,0
20741115,2.62,0
20741116,2.59,0
20741117,2.57,0
20741118,2.55,0
20741119,2.53,0
20741120,2.50,0
20741121,2.48,0
20741122,2.46,0
20741123,2.44,0
20741124,2.41,0
20741125,2.39,0
20741126,2.37,0
20741127,2.34,0
20741128,2.33,0
20741129,2.31,0
20741130,2.29,0
20741201,2.20,0
20741202,2.16,0
20741203,2.14,0
20741204,2.12,0
20741205,2.11,0
20741206,2.10,0
20741207,2.08,0
20741208,2.07,0
20741209,2.05,0
20741210,2.04,0
20741211,2.03,0
20741212,2.02,0
20741213,2.01,0
20741214,2.00,0
20741215,1.98,0
20741216,1.98,0
20741217,1.97,0
20741218,1.96,0
20741219,1.95,0
20741220,1.95,0
20741221,1.95,0
20741222,1.94,0
20741223,1.94,0
20741224,1.94,0
20741225,1.93,0
20741226,1.93,0
20741227,1.93,0
20741228,1.93,0
20741229,1.93,0
20741230,1.93,0
20741231,1.93,0
20750101,1.93,0
20750102,1.94,0
20750103,1.94,0
20750104,1.95,0
20750105,1.95,0
20750106,1.96,0
20750107,1.96,0
20750108,1.97,0
20750109,1.97,0
20750110,1.99,0
20750111,1.99,0
20750112,2.00,0
20750113,2.01,0
20750114,2.02,0
20750115,2.03,0
20750116,2.04,0
20750117,2.05,0
20750118,2.06,0
20750119,2.08,0
20750120,2.08,0
20750121,2.10,0
20750122,2.11,0
20750123,2.12,0
20750124,2.14,0
20750125,2.15,0
20750126,2.17,0
20750127,2.18,0
20750128,2.20,0
20750129,2.21,0
20750130,2.22,0
20750131,2.24,0
20750201,2.22,0
20750202,2.24,0
20750203,2.25,0
20750204,2.26,0
20750205,2.29,0
20750206,2.30,0
20750207,2.33,0
20750208,2.34,0
20750209,2.36,0
20750210,2.38,0
20750211,2.39,0
20750212,2.41,0
20750213,2.43,0
20750214,2.45,0
20750215,2.47,0
20750216,2.49,0
20750217,2.51,0
20750218,2.53,0
20750219,2.54,0
20750220,2.56,0
20750221,2.59,0
20750222,2.61,0
20750223,2.62,0
20750224,2.65,0
20750225,2.68,0
20750226,2.69,0
20750227,2.71,0
20750228,2.73,0
20750301,2.76,0
20750302,2.80,0
20750303,2.82,0
20750304,2.84,0
20750305,2.86,0
20750306,2.89,0
20750307,2.91,0
20750308,2.93,0
20750309,2.95,0
20750310,2.98,0
20750311,3.00,0
20750312,3.02,0
20750313,3.04,0
20750314,3.06,0
20750315,3.08,0
20750316,3.11,0
20750317,3.12,0
20750318,3.15,0
20750319,3.17,0
20750320,3.20,0
20750321,3.21,0
20750322,3.23,0
20750323,3.25,0
20750324,3.28,0
20750325,3.30,0
20750326,3.31,0
20750327,3.33,0
20750328,3.36,0
20750329,3.37,0
20750330,3.40,0
20750331,3.42,0
20750401,3.49,0
20750402,3.55,0
20750403,3.56,0
20750404,3.58,0
20750405,3.62,0
20750406,3.62,0
20750407,3.64,0
20750408,3.65,0
20750409,3.68,0
20750410,3.70,0
20750411,3.71,0
20750412,3.72,0
20750413,3.75,0
20750414,3.76,0
20750415,3.76,0
20750416,3.79,0
20750417,3.81,0
20750418,3.83,0
20750419,3.83,0
20750420,3.85,0
20750421,3.87,0
20750422,3.90,0
20750423,3.91,0
20750424,3.91,0
20750425,3.93,0
20750426,3.95,0
20750427,3.96,0
20750428,3.98,0
20750429,3.99,0
20750430,4.01,0
20750501,4.02,0
20750502,4.05,0
20750503,4.06,0
20750504,4.07,0
20750505,4.10,0
20750506,4.10,0
20750507,4.11,0
20750508,4.14,0
20750509,4.15,0
20750510,4.15,0
20750511,4.15,0
20750512,4.19,0
20750513,4.19,0
20750514,4.20,0
20750515,4.21,0
20750516,4.23,0
20750517,4.23,0
20750518,4.26,0
20750519,4.26,0
20750520,4.26,0
20750521,4.28,0
20750522,4.28,0
20750523,4.29,0
20750524,4.29,0
20750525,4.31,0
20750526,4.32,0
20750527,4.32,0
20750528,4.33,0
20750529,4.35,0
20750530,4.36,0
20750531,4.34,0
20750601,4.34,0
20750602,4.37,0
20750603,4.36,0
20750604,4.39,0
20750605,4.38,0
20750606,4.39,0
20750607,4.38,0
20750608,4.39,0
20750609,4.40,0
20750610,4.41,0
20750611,4.40,0
20750612,4.41,0
20750613,4.42,0
20750614,4.42,0
20750615,4.41,0
20750616,4.42,0
20750617,4.42,0
20750618,4.43,0
20750619,4.43,0
20750620,4.43,0
20750621,4.44,0
20750622,4.44,0
20750623,4.43,0
20750624,4.45,0
20750625,4.45,0
20750626,4.45,0
20750627,4.46,0
20750628,4.45,0
20750629,4.46,0
20750630,4.46,0
20750701,4.46,0
20750702,4.45,0
20750703,4.45,0
20750704,4.45,0
20750705,4.45,0
20750706,4.47,0
20750707,4.45,0
20750708,4.45,0
20750709,4.46,0
20750710,4.46,0
20750711,4.44,0
20750712,4.46,0
20750713,4.46,0
20750714,4.46,0
20750715,4.45,0
20750716,4.45,0
20750717,4.45,0
20750718,4.46,0
20750719,4.44,0
20750720,4.44,0
20750721,4.44,0
20750722,4.45,0
20750723,4.43,0
20750724,4.42,0
20750725,4.42,0
20750726,4.44,0
20750727,4.43,0
20750728,4.42,0
20750729,4.40,0
20750730,4.42,0
20750731,4.41,0
20750801,4.37,0
20750802,4.36,0
20750803,4.35,0
20750804,4.35,0
20750805,4.34,0
20750806,4.33,0
20750807,4.33,0
20750808,4.32,0
20750809,4.31,0
20750810,4.30,0
20750811,4.30,0
20750812,4.29,0
20750813,4.28,0
20750814,4.27,0
20750815,4.26,0
20750816,4.25,0
20750817,4.23,0
20750818,4.22,0
20750819,4.22,0
20750820,4.20,0
20750821,4.19,0
20750822,4.18,0
20750823,4.17,0
20750824,4.15,0
20750825,4.13,0
20750826,4.12,0
20750827,4.11,0
20750828,4.09,0
20750829,4.08,0
20750830,4.06,0
20750831,4.05,0
20750901,4.06,0
20750902,4.03,0
20750903,4.01,0
20750904,4.00,0
20750905,3.99,0
20750906,3.96,0
20750907,3.94,0
20750908,3.92,0
20750909,3.91,0
20750910,3.88,0
20750911,3.87,0
20750912,3.85,0
20750913,3.83,0
20750914,3.82,0
20750915,3.78,0
20750916,3.76,0
20750917,3.75,0
20750918,3.73,0
20750919,3.71,0
20750920,3.69,0
20750921,3.68,0
20750922,3.66,0
20750923,3.63,0
20750924,3.62,0
20750925,3.59,0
20750926,3.58,0
20750927,3.57,0
20750928,3.55,0
20750929,3.54,0
20750930,3.52,0
20751001,3.52,0
20751002,3.49,0
20751003,3.47,0
20751004,3.45,0
20751005,3.43,0
20751006,3.43,0
20751007,3.40,0
20751008,3.39,0
20751009,3.37,0
20751010,3.35,0
20751011,3.33,0
20751012,3.30,0
20751013,3.30,0
20751014,3.28,0
20751015,3.26,0
20751016,3.24,0
20751017,3.22,0
20751018,3.20,0
20751019,3.18,0
20751020,3.16,0
20751021,3.15,0
20751022,3.12,0
20751023,3.10,0
20751024,3.08,0
20751025,3.06,0
20751026,3.04,0
20751027,3.02,0
20751028,2.99,0
20751029,2.98,0
20751030,2.95,0
20751031,2.93,0
20751101,2.97,0
20751102,2.93,0
20751103,2.91,0
20751104,2.87,0
20751105,2.85,0
20751106,2.83,0
20751107,2.81,0
20751108,2.79,0
20751109,2.76,0
20751110,2.73,0
20751111,2.71,0
20751112,2.69,0
20751113,2.67,0
20751114,2.64,0
20751115,2.62,0
20751116,2.59,0
20751117,2.57,0
20751118,2.55,0
20751119,2.53,0
20751120,2.50,0
20751121,2.48,0
20751122,2.45,0
20751123,2.44,0
20751124,2.41,0
20751125,2.39,0
20751126,2.37,0
20751127,2.34,0
20751128,2.33,0
20751129,2.31,0
20751130,2.29,0
20751201,2.14,0
20751202,2.10,0
20751203,2.09,0
20751204,2.07,0
20751205,2.06,0
20751206,2.04,0
20751207,2.03,0
20751208,2.02,0
20751209,2.00,0
20751210,1.99,0
20751211,1.98,0
20751212,1.96,0
20751213,1.96,0
20751214,1.94,0
20751215,1.93,0
20751216,1.92,0
20751217,1.92,0
20751218,1.91,0
20751219,1.90,0
20751220,1.90,0
20751221,1.90,0
20751222,1.89,0
20751223,1.89,0
20751224,1.89,0
20751225,1.88,0
20751226,1.88,0
20751227,1.87,0
20751228,1.88,0
20751229,1.88,0
20751230,1.88,0
20751231,1.88,0
20760101,2.00,0
20760102,2.00,0
20760103,2.00,0
20760104,2.01,0
20760105,2.02,0
20760106,2.02,0
20760107,2.03,0
20760108,2.04,0
20760109,2.04,0
20760110,2.05,0
20760111,2.06,0
20760112,2.07,0
20760113,2.08,0
20760114,2.09,0
20760115,2.10,0
20760116,2.11,0
20760117,2.12,0
20760118,2.13,0
20760119,2.15,0
20760120,2.15,0
20760121,2.17,0
20760122,2.18,0
20760123,2.20,0
20760124,2.21,0
20760125,2.23,0
20760126,2.24,0
20760127,2.26,0
20760128,2.27,0
20760129,2.29,0
20760130,2.30,0
20760131,2.32,0
20760201,2.25,0
20760202,2.27,0
20760203,2.28,0
20760204,2.29,0
20760205,2.32,0
20760206,2.34,0
20760207,2.36,0
20760208,2.37,0
20760209,2.39,0
20760210,2.41,0
20760211,2.42,0
20760212,2.44,0
20760213,2.46,0
20760214,2.48,0
20760215,2.50,0
20760216,2.52,0
20760217,2.54,0
20760218,2.56,0
20760219,2.57,0
20760220,2.60,0
20760221,2.62,0
20760222,2.64,0
20760223,2.66,0
20760224,2.68,0
20760225,2.71,0
20760226,2.73,0
20760227,2.74,0
20760228,2.77,0
20760229,2.78,0
20760301,2.84,0
20760302,2.86,0
20760303,2.88,0
20760304,2.90,0
20760305,2.93,0
20760306,2.95,0
20760307,2.97,0
20760308,2.99,0
20760309,3.02,0
20760310,3.04,0
20760311,3.06,0
20760312,3.09,0
20760313,3.10,0
20760314,3.13,0
20760315,3.15,0
20760316,3.16,0
20760317,3.19,0
20760318,3.22,0
20760319,3.24,0
20760320,3.26,0
20760321,3.28,0
20760322,3.30,0
20760323,3.32,0
20760324,3.35,0
20760325,3.36,0
20760326,3.38,0
20760327,3.40,0
20760328,3.42,0
20760329,3.44,0
20760330,3.47,0
20760331,3.48,0
20760401,3.59,0
20760402,3.60,0
20760403,3.62,0
20760404,3.66,0
20760405,3.66,0
20760406,3.69,0
20760407,3.70,0
20760408,3.72,0
20760409,3.74,0
20760410,3.76,0
20760411,3.77,0
20760412,3.79,0
20760413,3.80,0
20760414,3.81,0
20760415,3.83,0
20760416,3.85,0
20760417,3.87,0
20760418,3.88,0
20760419,3.90,0
20760420,3.92,0
20760421,3.94,0
20760422,3.95,0
20760423,3.96,0
20760424,3.98,0
20760425,4.00,0
20760426,4.01,0
20760427,4.03,0
20760428,4.03,0
20760429,4.05,0
20760430,4.06,0
20760501,4.07,0
20760502,4.08,0
20760503,4.10,0
20760504,4.12,0
20760505,4.12,0
20760506,4.13,0
20760507,4.16,0
20760508,4.17,0
20760509,4.17,0
20760510,4.18,0
20760511,4.21,0
20760512,4.21,0
20760513,4.22,0
20760514,4.24,0
20760515,4.26,0
20760516,4.26,0
20760517,4.28,0
20760518,4.28,0
20760519,4.28,0
20760520,4.30,0
20760521,4.30,0
20760522,4.31,0
20760523,4.32,0
20760524,4.33,0
20760525,4.34,0
20760526,4.34,0
20760527,4.36,0
20760528,4.37,0
20760529,4.38,0
20760530,4.36,0
20760531,4.38,0
20760601,4.37,0
20760602,4.36,0
20760603,4.39,0
20760604,4.38,0
20760605,4.39,0
20760606,4.39,0
20760607,4.39,0
20760608,4.41,0
20760609,4.41,0
20760610,4.40,0
20760611,4.41,0
20760612,4.42,0
20760613,4.43,0
20760614,4.41,0
20760615,4.42,0
20760616,4.43,0
20760617,4.43,0
20760618,4.44,0
20760619,4.44,0
20760620,4.44,0
20760621,4.45,0
20760622,4.43,0
20760623,4.45,0
20760624,4.45,0
20760625,4.45,0
20760626,4.46,0
20760627,4.46,0
20760628,4.46,0
20760629,4.46,0
20760630,4.46,0
20760701,4.44,0
20760702,4.43,0
20760703,4.44,0
20760704,4.44,0
20760705,4.45,0
20760706,4.44,0
20760707,4.43,0
20760708,4.45,0
20760709,4.45,0
20760710,4.43,0
20760711,4.44,0
20760712,4.45,0
20760713,4.44,0
20760714,4.44,0
20760715,4.43,0
20760716,4.44,0
20760717,4.45,0
20760718,4.43,0
20760719,4.43,0
20760720,4.42,0
20760721,4.44,0
20760722,4.42,0
20760723,4.41,0
20760724,4.41,0
20760725,4.42,0
20760726,4.42,0
20760727,4.41,0
20760728,4.39,0
20760729,4.40,0
20760730,4.40,0
20760731,4.39,0
20760801,4.38,0
20760802,4.38,0
20760803,4.37,0
20760804,4.36,0
20760805,4.36,0
20760806,4.35,0
20760807,4.34,0
20760808,4.34,0
20760809,4.33,0
20760810,4.32,0
20760811,4.31,0
20760812,4.30,0
20760813,4.29,0
20760814,4.28,0
20760815,4.27,0
20760816,4.26,0
20760817,4.25,0
20760818,4.24,0
20760819,4.22,0
20760820,4.21,0
20760821,4.20,0
20760822,4.19,0
20760823,4.17,0
20760824,4.16,0
20760825,4.15,0
20760826,4.13,0
20760827,4.12,0
20760828,4.10,0
20760829,4.09,0
20760830,4.07,0
20760831,4.05,0
20760901,4.00,0
20760902,3.98,0
20760903,3.96,0
20760904,3.96,0
20760905,3.92,0
20760906,3.91,0
20760907,3.89,0
20760908,3.88,0
20760909,3.85,0
20760910,3.84,0
20760911,3.82,0
20760912,3.80,0
20760913,3.79,0
20760914,3.75,0
20760915,3.73,0
20760916,3.72,0
20760917,3.70,0
20760918,3.68,0
20760919,3.66,0
20760920,3.65,0
20760921,3.63,0
20760922,3.60,0
20760923,3.59,0
20760924,3.56,0
20760925,3.55,0
20760926,3.54,0
20760927,3.52,0
20760928,3.51,0
20760929,3.49,0
20760930,3.46,0
20761001,3.48,0
20761002,3.46,0
20761003,3.44,0
20761004,3.42,0
20761005,3.41,0
20761006,3.38,0
20761007,3.38,0
20761008,3.36,0
20761009,3.34,0
20761010,3.32,0
20761011,3.29,0
20761012,3.29,0
20761013,3.27,0
20761014,3.25,0
20761015,3.23,0
20761016,3.21,0
20761017,3.19,0
20761018,3.16,0
20761019,3.15,0
20761020,3.14,0
20761021,3.11,0
20761022,3.09,0
20761023,3.07,0
20761024,3.05,0
20761025,3.03,0
20761026,3.00,0
20761027,2.98,0
20761028,2.97,0
20761029,2.94,0
20761030,2.92,0
20761031,2.90,0
20761101,2.86,0
20761102,2.84,0
20761103,2.81,0
20761104,2.78,0
20761105,2.76,0
20761106,2.74,0
20761107,2.72,0
20761108,2.69,0
20761109,2.67,0
20761110,2.65,0
20761111,2.62,0
20761112,2.60,0
20761113,2.57,0
20761114,2.55,0
20761115,2.52,0
20761116,2.51,0
20761117,2.48,0
20761118,2.46,0
20761119,2.43,0
20761120,2.41,0
20761121,2.39,0
20761122,2.37,0
20761123,2.34,0
20761124,2.33,0
20761125,2.31,0
20761126,2.28,0
20761127,2.27,0
20761128,2.24,0
20761129,2.23,0
20761130,2.21,0
20761201,2.19,0
20761202,2.17,0
20761203,2.16,0
20761204,2.14,0
20761205,2.13,0
20761206,2.11,0
20761207,2.10,0
20761208,2.08,0
20761209,2.07,0
20761210,2.06,0
20761211,2.05,0
20761212,2.04,0
20761213,2.03,0
20761214,2.01,0
20761215,2.01,0
20761216,2.00,0
20761217,1.99,0
20761218,1.98,0
20761219,1.98,0
20761220,1.98,0
20761221,1.97,0
20761222,1.97,0
20761223,1.97,0
20761224,1.96,0
20761225,1.96,0
20761226,1.96,0
20761227,1.96,0
20761228,1.97,0
20761229,1.97,0
20761230,1.97,0
20761231,1.98,0
20770101,1.93,0
20770102,1.93,0
20770103,1.94,0
20770104,1.94,0
20770105,1.95,0
20770106,1.95,0
20770107,1.96,0
20770108,1.97,0
20770109,1.97,0
20770110,1.98,0
20770111,1.99,0
20770112,2.00,0
20770113,2.00,0
20770114,2.02,0
20770115,2.03,0
20770116,2.03,0
20770117,2.05,0
20770118,2.06,0
20770119,2.07,0
20770120,2.08,0
20770121,2.10,0
20770122,2.11,0
20770123,2.12,0
20770124,2.13,0
20770125,2.15,0
20770126,2.16,0
20770127,2.18,0
20770128,2.19,0
20770129,2.21,0
20770130,2.22,0
20770131,2.24,0
20770201,2.18,0
20770202,2.21,0
20770203,2.22,0
20770204,2.23,0
20770205,2.26,0
20770206,2.27,0
20770207,2.29,0
20770208,2.30,0
20770209,2.32,0
20770210,2.35,0
20770211,2.35,0
20770212,2.38,0
20770213,2.40,0
20770214,2.41,0
20770215,2.44,0
20770216,2.45,0
20770217,2.47,0
20770218,2.50,0
20770219,2.50,0
20770220,2.53,0
20770221,2.55,0
20770222,2.57,0
20770223,2.59,0
20770224,2.61,0
20770225,2.64,0
20770226,2.66,0
20770227,2.67,0
20770228,2.70,0
20770301,2.77,0
20770302,2.81,0
20770303,2.84,0
20770304,2.85,0
20770305,2.88,0
20770306,2.90,0
20770307,2.93,0
20770308,2.94,0
20770309,2.97,0
20770310,2.99,0
20770311,3.01,0
20770312,3.03,0
20770313,3.06,0
20770314,3.07,0
20770315,3.10,0
20770316,3.12,0
20770317,3.14,0
20770318,3.16,0
20770319,3.19,0
20770320,3.21,0
20770321,3.23,0
20770322,3.25,0
20770323,3.27,0
20770324,3.29,0
20770325,3.32,0
20770326,3.33,0
20770327,3.35,0
20770328,3.37,0
20770329,3.39,0
20770330,3.41,0
20770331,3.44,0
20770401,3.49,0
20770402,3.55,0
20770403,3.56,0
20770404,3.58,0
20770405,3.61,0
20770406,3.62,0
20770407,3.64,0
20770408,3.65,0
20770409,3.68,0
20770410,3.70,0
20770411,3.71,0
20770412,3.72,0
20770413,3.75,0
20770414,3.75,0
20770415,3.76,0
20770416,3.78,0
20770417,3.80,0
20770418,3.83,0
20770419,3.83,0
20770420,3.85,0
20770421,3.87,0
20770422,3.90,0
20770423,3.91,0
20770424,3.91,0
20770425,3.93,0
20770426,3.95,0
20770427,3.96,0
20770428,3.98,0
20770429,3.99,0
20770430,4.01,0
20770501,3.98,0
20770502,4.01,0
20770503,4.02,0
20770504,4.04,0
20770505,4.06,0
20770506,4.06,0
20770507,4.07,0
20770508,4.10,0
20770509,4.11,0
20770510,4.11,0
20770511,4.11,0
20770512,4.15,0
20770513,4.15,0
20770514,4.16,0
20770515,4.17,0
20770516,4.19,0
20770517,4.20,0
20770518,4.22,0
20770519,4.22,0
20770520,4.22,0
20770521,4.24,0
20770522,4.24,0
20770523,4.25,0
20770524,4.26,0
20770525,4.27,0
20770526,4.28,0
20770527,4.28,0
20770528,4.29,0
20770529,4.31,0
20770530,4.32,0
20770531,4.30,0
20770601,4.35,0
20770602,4.37,0
20770603,4.36,0
20770604,4.39,0
20770605,4.38,0
20770606,4.39,0
20770607,4.39,0
20770608,4.39,0
20770609,4.41,0
20770610,4.41,0
20770611,4.40,0
20770612,4.41,0
20770613,4.42,0
20770614,4.43,0
20770615,4.42,0
20770616,4.42,0
20770617,4.43,0
20770618,4.43,0
20770619,4.44,0
20770620,4.44,0
20770621,4.44,0
20770622,4.45,0
20770623,4.43,0
20770624,4.45,0
20770625,4.46,0
20770626,4.45,0
20770627,4.46,0
20770628,4.46,0
20770629,4.46,0
20770630,4.46,0
20770701,4.46,0
20770702,4.45,0
20770703,4.45,0
20770704,4.46,0
20770705,4.45,0
20770706,4.47,0
20770707,4.45,0
20770708,4.45,0
20770709,4.47,0
20770710,4.47,0
20770711,4.45,0
20770712,4.46,0
20770713,4.46,0
20770714,4.46,0
20770715,4.46,0
20770716,4.45,0
20770717,4.45,0
20770718,4.47,0
20770719,4.45,0
20770720,4.45,0
20770721,4.44,0
20770722,4.45,0
20770723,4.43,0
20770724,4.43,0
20770725,4.43,0
20770726,4.44,0
20770727,4.43,0
20770728,4.43,0
20770729,4.41,0
20770730,4.42,0
20770731,4.42,0
20770801,4.40,0
20770802,4.39,0
20770803,4.39,0
20770804,4.38,0
20770805,4.37,0
20770806,4.37,0
20770807,4.36,0
20770808,4.35,0
20770809,4.34,0
20770810,4.34,0
20770811,4.33,0
20770812,4.32,0
20770813,4.31,0
20770814,4.30,0
20770815,4.29,0
20770816,4.28,0
20770817,4.27,0
20770818,4.26,0
20770819,4.25,0
20770820,4.23,0
20770821,4.22,0
20770822,4.21,0
20770823,4.20,0
20770824,4.18,0
20770825,4.17,0
20770826,4.16,0
20770827,4.14,0
20770828,4.12,0
20770829,4.11,0
20770830,4.10,0
20770831,4.08,0
20770901,4.10,0
20770902,4.07,0
20770903,4.06,0
20770904,4.04,0
20770905,4.03,0
20770906,4.00,0
20770907,3.98,0
20770908,3.96,0
20770909,3.95,0
20770910,3.92,0
20770911,3.92,0
20770912,3.89,0
20770913,3.87,0
20770914,3.86,0
20770915,3.83,0
20770916,3.81,0
20770917,3.80,0
20770918,3.77,0
20770919,3.75,0
20770920,3.74,0
20770921,3.73,0
20770922,3.70,0
20770923,3.68,0
20770924,3.66,0
20770925,3.63,0
20770926,3.62,0
20770927,3.61,0
20770928,3.59,0
20770929,3.58,0
20770930,3.56,0
20771001,3.56,0
20771002,3.53,0
20771003,3.51,0
20771004,3.49,0
20771005,3.48,0
20771006,3.47,0
20771007,3.44,0
20771008,3.43,0
20771009,3.41,0
20771010,3.40,0
20771011,3.37,0
20771012,3.34,0
20771013,3.34,0
20771014,3.32,0
20771015,3.30,0
20771016,3.28,0
20771017,3.26,0
20771018,3.24,0
20771019,3.22,0
20771020,3.20,0
20771021,3.19,0
20771022,3.16,0
20771023,3.14,0
20771024,3.12,0
20771025,3.10,0
20771026,3.08,0
20771027,3.06,0
20771028,3.03,0
20771029,3.02,0
20771030,2.99,0
20771031,2.97,0
20771101,2.93,0
20771102,2.90,0
20771103,2.88,0
20771104,2.84,0
20771105,2.82,0
20771106,2.80,0
20771107,2.78,0
20771108,2.76,0
20771109,2.73,0
20771110,2.70,0
20771111,2.68,0
20771112,2.66,0
20771113,2.64,0
20771114,2.61,0
20771115,2.59,0
20771116,2.56,0
20771117,2.54,0
20771118,2.52,0
20771119,2.50,0
20771120,2.47,0
20771121,2.45,0
20771122,2.42,0
20771123,2.41,0
20771124,2.38,0
20771125,2.36,0
20771126,2.34,0
20771127,2.31,0
20771128,2.30,0
20771129,2.28,0
20771130,2.26,0
20771201,2.21,0
20771202,2.17,0
20771203,2.15,0
20771204,2.13,0
20771205,2.12,0
20771206,2.11,0
20771207,2.09,0
20771208,2.08,0
20771209,2.06,0
20771210,2.05,0
20771211,2.04,0
20771212,2.03,0
20771213,2.02,0
20771214,2.00,0
20771215,1.99,0
20771216,1.98,0
20771217,1.98,0
20771218,1.97,0
20771219,1.96,0
20771220,1.96,0
20771221,1.96,0
20771222,1.95,0
20771223,1.95,0
20771224,1.95,0
20771225,1.94,0
20771226,1.94,0
20771227,1.93,0
20771228,1.94,0
20771229,1.94,0
20771230,1.94,0
20771231,1.94,0
20780101,1.97,0
20780102,1.98,0
20780103,1.98,0
20780104,1.99,0
20780105,1.99,0
20780106,2.00,0
20780107,2.00,0
20780108,2.01,0
20780109,2.02,0
20780110,2.03,0
20780111,2.03,0
20780112,2.04,0
20780113,2.05,0
20780114,2.06,0
20780115,2.07,0
20780116,2.08,0
20780117,2.10,0
20780118,2.11,0
20780119,2.12,0
20780120,2.13,0
20780121,2.15,0
20780122,2.15,0
20780123,2.17,0
20780124,2.18,0
20780125,2.20,0
20780126,2.21,0
20780127,2.23,0
20780128,2.24,0
20780129,2.26,0
20780130,2.27,0
20780131,2.29,0
20780201,2.26,0
20780202,2.28,0
20780203,2.30,0
20780204,2.31,0
20780205,2.34,0
20780206,2.35,0
20780207,2.37,0
20780208,2.38,0
20780209,2.40,0
20780210,2.43,0
20780211,2.43,0
20780212,2.46,0
20780213,2.48,0
20780214,2.49,0
20780215,2.52,0
20780216,2.53,0
20780217,2.56,0
20780218,2.58,0
20780219,2.59,0
20780220,2.61,0
20780221,2.63,0
20780222,2.66,0
20780223,2.67,0
20780224,2.70,0
20780225,2.73,0
20780226,2.74,0
20780227,2.76,0
20780228,2.78,0
20780301,2.81,0
20780302,2.86,0
20780303,2.88,0
20780304,2.90,0
20780305,2.92,0
20780306,2.94,0
20780307,2.97,0
20780308,2.99,0
20780309,3.01,0
20780310,3.03,0
20780311,3.05,0
20780312,3.08,0
20780313,3.10,0
20780314,3.12,0
20780315,3.14,0
20780316,3.17,0
20780317,3.18,0
20780318,3.21,0
20780319,3.23,0
20780320,3.26,0
20780321,3.27,0
20780322,3.29,0
20780323,3.32,0
20780324,3.34,0
20780325,3.36,0
20780326,3.37,0
20780327,3.40,0
20780328,3.42,0
20780329,3.44,0
20780330,3.46,0
20780331,3.48,0
20780401,3.54,0
20780402,3.60,0
20780403,3.61,0
20780404,3.63,0
20780405,3.66,0
20780406,3.67,0
20780407,3.69,0
20780408,3.70,0
20780409,3.73,0
20780410,3.75,0
20780411,3.76,0
20780412,3.77,0
20780413,3.80,0
20780414,3.80,0
20780415,3.81,0
20780416,3.83,0
20780417,3.86,0
20780418,3.88,0
20780419,3.88,0
20780420,3.90,0
20780421,3.92,0
20780422,3.95,0
20780423,3.96,0
20780424,3.96,0
20780425,3.98,0
20780426,4.00,0
20780427,4.01,0
20780428,4.03,0
20780429,4.04,0
20780430,4.06,0
20780501,4.06,0
20780502,4.09,0
20780503,4.10,0
20780504,4.11,0
20780505,4.14,0
20780506,4.14,0
20780507,4.15,0
20780508,4.18,0
20780509,4.19,0
20780510,4.19,0
20780511,4.19,0
20780512,4.23,0
20780513,4.23,0
20780514,4.24,0
20780515,4.25,0
20780516,4.27,0
20780517,4.27,0
20780518,4.29,0
20780519,4.29,0
20780520,4.29,0
20780521,4.31,0
20780522,4.31,0
20780523,4.33,0
20780524,4.33,0
20780525,4.35,0
20780526,4.36,0
20780527,4.36,0
20780528,4.37,0
20780529,4.39,0
20780530,4.40,0
20780531,4.38,0
20780601,4.31,0
20780602,4.33,0
20780603,4.32,0
20780604,4.35,0
20780605,4.35,0
20780606,4.36,0
20780607,4.35,0
20780608,4.36,0
20780609,4.37,0
20780610,4.38,0
20780611,4.37,0
20780612,4.38,0
20780613,4.38,0
20780614,4.39,0
20780615,4.38,0
20780616,4.39,0
20780617,4.39,0
20780618,4.40,0
20780619,4.40,0
20780620,4.40,0
20780621,4.41,0
20780622,4.41,0
20780623,4.40,0
20780624,4.42,0
20780625,4.42,0
20780626,4.42,0
20780627,4.42,0
20780628,4.42,0
20780629,4.43,0
20780630,4.42,0
20780701,4.44,0
20780702,4.44,0
20780703,4.44,0
20780704,4.44,0
20780705,4.44,0
20780706,4.46,0
20780707,4.44,0
20780708,4.43,0
20780709,4.45,0
20780710,4.45,0
20780711,4.43,0
20780712,4.44,0
20780713,4.45,0
20780714,4.44,0
20780715,4.44,0
20780716,4.44,0
20780717,4.44,0
20780718,4.45,0
20780719,4.43,0
20780720,4.43,0
20780721,4.43,0
20780722,4.44,0
20780723,4.42,0
20780724,4.41,0
20780725,4.41,0
20780726,4.42,0
20780727,4.42,0
20780728,4.41,0
20780729,4.39,0
20780730,4.41,0
20780731,4.40,0
20780801,4.37,0
20780802,4.36,0
20780803,4.36,0
20780804,4.35,0
20780805,4.34,0
20780806,4.33,0
20780807,4.33,0
20780808,4.32,0
20780809,4.31,0
20780810,4.30,0
20780811,4.30,0
20780812,4.29,0
20780813,4.28,0
20780814,4.27,0
20780815,4.26,0
20780816,4.25,0
20780817,4.24,0
20780818,4.23,0
20780819,4.22,0
20780820,4.20,0
20780821,4.19,0
20780822,4.18,0
20780823,4.17,0
20780824,4.15,0
20780825,4.14,0
20780826,4.13,0
20780827,4.11,0
20780828,4.09,0
20780829,4.08,0
20780830,4.07,0
20780831,4.05,0
20780901,4.07,0
20780902,4.04,0
20780903,4.02,0
20780904,4.01,0
20780905,4.00,0
20780906,3.97,0
20780907,3.95,0
20780908,3.93,0
20780909,3.92,0
20780910,3.89,0
20780911,3.88,0
20780912,3.86,0
20780913,3.84,0
20780914,3.83,0
20780915,3.79,0
20780916,3.77,0
20780917,3.76,0
20780918,3.74,0
20780919,3.72,0
20780920,3.70,0
20780921,3.69,0
20780922,3.67,0
20780923,3.64,0
20780924,3.63,0
20780925,3.60,0
20780926,3.59,0
20780927,3.58,0
20780928,3.56,0
20780929,3.55,0
20780930,3.53,0
20781001,3.48,0
20781002,3.46,0
20781003,3.44,0
20781004,3.42,0
20781005,3.40,0
20781006,3.39,0
20781007,3.36,0
20781008,3.35,0
20781009,3.33,0
20781010,3.32,0
20781011,3.30,0
20781012,3.27,0
20781013,3.27,0
20781014,3.25,0
20781015,3.23,0
20781016,3.21,0
20781017,3.19,0
20781018,3.16,0
20781019,3.14,0
20781020,3.13,0
20781021,3.12,0
20781022,3.09,0
20781023,3.07,0
20781024,3.05,0
20781025,3.03,0
20781026,3.01,0
20781027,2.98,0
20781028,2.96,0
20781029,2.95,0
20781030,2.92,0
20781031,2.90,0
20781101,2.97,0
20781102,2.93,0
20781103,2.91,0
20781104,2.88,0
20781105,2.86,0
20781106,2.84,0
20781107,2.82,0
20781108,2.79,0
20781109,2.76,0
20781110,2.74,0
20781111,2.72,0
20781112,2.69,0
20781113,2.67,0
20781114,2.64,0
20781115,2.62,0
20781116,2.59,0
20781117,2.57,0
20781118,2.55,0
20781119,2.53,0
20781120,2.50,0
20781121,2.48,0
20781122,2.46,0
20781123,2.44,0
20781124,2.41,0
20781125,2.39,0
20781126,2.37,0
20781127,2.34,0
20781128,2.33,0
20781129,2.31,0
20781130,2.29,0
20781201,2.23,0
20781202,2.19,0
20781203,2.17,0
20781204,2.16,0
20781205,2.14,0
20781206,2.13,0
20781207,2.11,0
20781208,2.10,0
20781209,2.08,0
20781210,2.07,0
20781211,2.06,0
20781212,2.05,0
20781213,2.04,0
20781214,2.03,0
20781215,2.01,0
20781216,2.01,0
20781217,2.00,0
20781218,1.99,0
20781219,1.98,0
20781220,1.98,0
20781221,1.98,0
20781222,1.97,0
20781223,1.97,0
20781224,1.97,0
20781225,1.97,0
20781226,1.96,0
20781227,1.96,0
20781228,1.96,0
20781229,1.97,0
20781230,1.97,0
20781231,1.97,0
20790101,1.92,0
20790102,1.93,0
20790103,1.93,0
20790104,1.93,0
20790105,1.94,0
20790106,1.95,0
20790107,1.95,0
20790108,1.96,0
20790109,1.96,0
20790110,1.97,0
20790111,1.98,0
20790112,1.99,0
20790113,2.00,0
20790114,2.01,0
20790115,2.02,0
20790116,2.02,0
20790117,2.04,0
20790118,2.05,0
20790119,2.07,0
20790120,2.07,0
20790121,2.09,0
20790122,2.10,0
20790123,2.11,0
20790124,2.13,0
20790125,2.14,0
20790126,2.15,0
20790127,2.17,0
20790128,2.18,0
20790129,2.20,0
20790130,2.21,0
20790131,2.23,0
20790201,2.22,0
20790202,2.24,0
20790203,2.25,0
20790204,2.26,0
20790205,2.29,0
20790206,2.30,0
20790207,2.33,0
20790208,2.34,0
20790209,2.36,0
20790210,2.38,0
20790211,2.39,0
20790212,2.41,0
20790213,2.43,0
20790214,2.45,0
20790215,2.47,0
20790216,2.49,0
20790217,2.51,0
20790218,2.53,0
20790219,2.54,0
20790220,2.56,0
20790221,2.59,0
20790222,2.61,0
20790223,2.62,0
20790224,2.65,0
20790225,2.68,0
20790226,2.69,0
20790227,2.71,0
20790228,2.73,0
20790301,2.82,0
20790302,2.86,0
20790303,2.88,0
20790304,2.90,0
20790305,2.92,0
20790306,2.95,0
20790307,2.97,0
20790308,2.99,0
20790309,3.01,0
20790310,3.04,0
20790311,3.06,0
20790312,3.08,0
20790313,3.11,0
20790314,3.12,0
20790315,3.15,0
20790316,3.17,0
20790317,3.19,0
20790318,3.21,0
20790319,3.24,0
20790320,3.26,0
20790321,3.28,0
20790322,3.30,0
20790323,3.32,0
20790324,3.34,0
20790325,3.37,0
20790326,3.38,0
20790327,3.40,0
20790328,3.42,0
20790329,3.44,0
20790330,3.46,0
20790331,3.49,0
20790401,3.53,0
20790402,3.58,0
20790403,3.60,0
20790404,3.62,0
20790405,3.65,0
20790406,3.66,0
20790407,3.68,0
20790408,3.69,0
20790409,3.71,0
20790410,3.74,0
20790411,3.75,0
20790412,3.76,0
20790413,3.78,0
20790414,3.79,0
20790415,3.80,0
20790416,3.82,0
20790417,3.84,0
20790418,3.86,0
20790419,3.87,0
20790420,3.89,0
20790421,3.91,0
20790422,3.94,0
20790423,3.94,0
20790424,3.95,0
20790425,3.97,0
20790426,3.99,0
20790427,4.00,0
20790428,4.02,0
20790429,4.02,0
20790430,4.05,0
20790501,4.03,0
20790502,4.06,0
20790503,4.07,0
20790504,4.09,0
20790505,4.11,0
20790506,4.12,0
20790507,4.12,0
20790508,4.15,0
20790509,4.16,0
20790510,4.17,0
20790511,4.17,0
20790512,4.20,0
20790513,4.21,0
20790514,4.21,0
20790515,4.23,0
20790516,4.25,0
20790517,4.25,0
20790518,4.27,0
20790519,4.27,0
20790520,4.27,0
20790521,4.29,0
20790522,4.29,0
20790523,4.30,0
20790524,4.31,0
20790525,4.32,0
20790526,4.34,0
20790527,4.33,0
20790528,4.35,0
20790529,4.36,0
20790530,4.38,0
20790531,4.36,0
20790601,4.31,0
20790602,4.33,0
20790603,4.32,0
20790604,4.35,0
20790605,4.35,0
20790606,4.35,0
20790607,4.35,0
20790608,4.36,0
20790609,4.37,0
20790610,4.37,0
20790611,4.36,0
20790612,4.37,0
20790613,4.38,0
20790614,4.39,0
20790615,4.38,0
20790616,4.38,0
20790617,4.39,0
20790618,4.39,0
20790619,4.40,0
20790620,4.40,0
20790621,4.40,0
20790622,4.41,0
20790623,4.40,0
20790624,4.41,0
20790625,4.42,0
20790626,4.41,0
20790627,4.42,0
20790628,4.42,0
20790629,4.42,0
20790630,4.42,0
20790701,4.51,0
20790702,4.50,0
20790703,4.50,0
20790704,4.50,0
20790705,4.50,0
20790706,4.52,0
20790707,4.50,0
20790708,4.50,0
20790709,4.51,0
20790710,4.52,0
20790711,4.50,0
20790712,4.51,0
20790713,4.51,0
20790714,4.51,0
20790715,4.50,0
20790716,4.50,0
20790717,4.50,0
20790718,4.51,0
20790719,4.49,0
20790720,4.50,0
20790721,4.49,0
20790722,4.50,0
20790723,4.48,0
20790724,4.48,0
20790725,4.48,0
20790726,4.49,0
20790727,4.48,0
20790728,4.48,0
20790729,4.45,0
20790730,4.47,0
20790731,4.46,0
20790801,4.40,0
20790802,4.40,0
20790803,4.39,0
20790804,4.39,0
20790805,4.38,0
20790806,4.37,0
20790807,4.36,0
20790808,4.36,0
20790809,4.35,0
20790810,4.34,0
20790811,4.33,0
20790812,4.33,0
20790813,4.32,0
20790814,4.30,0
20790815,4.29,0
20790816,4.29,0
20790817,4.27,0
20790818,4.26,0
20790819,4.25,0
20790820,4.24,0
20790821,4.23,0
20790822,4.21,0
20790823,4.20,0
20790824,4.19,0
20790825,4.17,0
20790826,4.16,0
20790827,4.14,0
20790828,4.13,0
20790829,4.11,0
20790830,4.10,0
20790831,4.08,0
20790901,4.06,0
20790902,4.03,0
20790903,4.01,0
20790904,4.00,0
20790905,3.99,0
20790906,3.96,0
20790907,3.94,0
20790908,3.92,0
20790909,3.91,0
20790910,3.88,0
20790911,3.88,0
20790912,3.85,0
20790913,3.83,0
20790914,3.82,0
20790915,3.79,0
20790916,3.77,0
20790917,3.76,0
20790918,3.73,0
20790919,3.71,0
20790920,3.70,0
20790921,3.69,0
20790922,3.66,0
20790923,3.64,0
20790924,3.62,0
20790925,3.59,0
20790926,3.58,0
20790927,3.57,0
20790928,3.55,0
20790929,3.54,0
20790930,3.52,0
20791001,3.48,0
20791002,3.45,0
20791003,3.43,0
20791004,3.41,0
20791005,3.39,0
20791006,3.39,0
20791007,3.36,0
20791008,3.35,0
20791009,3.33,0
20791010,3.31,0
20791011,3.29,0
20791012,3.26,0
20791013,3.26,0
20791014,3.24,0
20791015,3.22,0
20791016,3.20,0
20791017,3.18,0
20791018,3.16,0
20791019,3.14,0
20791020,3.12,0
20791021,3.11,0
20791022,3.08,0
20791023,3.06,0
20791024,3.04,0
20791025,3.02,0
20791026,3.00,0
20791027,2.98,0
20791028,2.95,0
20791029,2.94,0
20791030,2.91,0
20791031,2.89,0
20791101,2.94,0
20791102,2.90,0
20791103,2.88,0
20791104,2.85,0
20791105,2.83,0
20791106,2.81,0
20791107,2.79,0
20791108,2.76,0
20791109,2.74,0
20791110,2.71,0
20791111,2.69,0
20791112,2.67,0
20791113,2.64,0
20791114,2.62,0
20791115,2.59,0
20791116,2.57,0
20791117,2.55,0
20791118,2.52,0
20791119,2.50,0
20791120,2.47,0
20791121,2.46,0
20791122,2.43,0
20791123,2.41,0
20791124,2.38,0
20791125,2.37,0
20791126,2.35,0
20791127,2.32,0
20791128,2.31,0
20791129,2.28,0
20791130,2.27,0
20791201,2.22,0
20791202,2.19,0
20791203,2.17,0
20791204,2.15,0
20791205,2.14,0
20791206,2.12,0
20791207,2.10,0
20791208,2.10,0
20791209,2.08,0
20791210,2.07,0
20791211,2.06,0
20791212,2.04,0
20791213,2.03,0
20791214,2.02,0
20791215,2.01,0
20791216,2.00,0
20791217,2.00,0
20791218,1.99,0
20791219,1.98,0
20791220,1.97,0
20791221,1.97,0
20791222,1.96,0
20791223,1.96,0
20791224,1.97,0
20791225,1.96,0
20791226,1.96,0
20791227,1.95,0
20791228,1.96,0
20791229,1.96,0
20791230,1.96,0
20791231,1.96,0
,,
,,
,,
,,
,,
,,
,,
,,
,,
,,
,,
,,
,,
,,
,,
,,
,,
,,
,,
,,
,,
,,
,,
,,
,,
,,
,,
,,
,,
,,
,,
,,
,,
,,
,,
,,
,,
,,
,,
,,
,,
,,
,,
,,
,,
,,
,,
,,
