Air Temperature (deg. C),River Water Temperature (deg. C),Date,,,,,
13.46,9.45,!    1/1/2025,,,,,
13.40,9.35,!    1/2/2025,,,,,
13.35,9.25,!    1/3/2025,,,,,
13.29,9.15,!    1/4/2025,,,,,
13.29,8.95,!    1/5/2025,,,,,
13.24,8.85,!    1/6/2025,,,,,
13.18,8.75,!    1/7/2025,,,,,
13.18,8.65,!    1/8/2025,,,,,
13.12,8.55,!    1/9/2025,,,,,
13.12,8.55,!    1/10/2025,,,,,
13.12,8.45,!    1/11/2025,,,,,
13.07,8.45,!    1/12/2025,,,,,
13.07,8.35,!    1/13/2025,,,,,
13.07,8.15,!    1/14/2025,,,,,
13.07,8.05,!    1/15/2025,,,,,
13.07,7.95,!    1/16/2025,,,,,
13.07,7.85,!    1/17/2025,,,,,
13.12,7.85,!    1/18/2025,,,,,
13.12,7.85,!    1/19/2025,,,,,
13.12,7.55,!    1/20/2025,,,,,
13.18,7.65,!    1/21/2025,,,,,
13.24,7.65,!    1/22/2025,,,,,
13.24,7.65,!    1/23/2025,,,,,
13.29,7.75,!    1/24/2025,,,,,
13.35,7.75,!    1/25/2025,,,,,
13.40,7.95,!    1/26/2025,,,,,
13.46,7.95,!    1/27/2025,,,,,
13.51,7.85,!    1/28/2025,,,,,
13.57,7.75,!    1/29/2025,,,,,
13.62,7.65,!    1/30/2025,,,,,
13.74,7.65,!    1/31/2025,,,,,
12.92,6.90,!    2/1/2025,,,,,
12.97,6.90,!    2/2/2025,,,,,
13.08,7.10,!    2/3/2025,,,,,
13.14,7.10,!    2/4/2025,,,,,
13.25,7.10,!    2/5/2025,,,,,
13.36,7.20,!    2/6/2025,,,,,
13.47,7.20,!    2/7/2025,,,,,
13.53,7.40,!    2/8/2025,,,,,
13.64,7.50,!    2/9/2025,,,,,
13.75,7.60,!    2/10/2025,,,,,
13.86,7.60,!    2/11/2025,,,,,
13.97,7.70,!    2/12/2025,,,,,
14.08,7.70,!    2/13/2025,,,,,
14.19,7.70,!    2/14/2025,,,,,
14.30,7.70,!    2/15/2025,,,,,
14.42,7.80,!    2/16/2025,,,,,
14.53,7.90,!    2/17/2025,,,,,
14.64,7.90,!    2/18/2025,,,,,
14.75,8.00,!    2/19/2025,,,,,
14.86,8.10,!    2/20/2025,,,,,
14.97,8.30,!    2/21/2025,,,,,
15.08,8.40,!    2/22/2025,,,,,
15.19,8.50,!    2/23/2025,,,,,
15.30,8.70,!    2/24/2025,,,,,
15.47,8.80,!    2/25/2025,,,,,
15.58,8.80,!    2/26/2025,,,,,
15.69,9.00,!    2/27/2025,,,,,
15.80,9.10,!    2/28/2025,,,,,
16.52,10.09,!    3/1/2025,,,,,
16.84,9.59,!    3/2/2025,,,,,
16.95,9.59,!    3/3/2025,,,,,
17.06,9.59,!    3/4/2025,,,,,
17.17,9.59,!    3/5/2025,,,,,
17.28,9.69,!    3/6/2025,,,,,
17.39,9.79,!    3/7/2025,,,,,
17.50,9.89,!    3/8/2025,,,,,
17.61,10.09,!    3/9/2025,,,,,
17.72,10.29,!    3/10/2025,,,,,
17.78,10.49,!    3/11/2025,,,,,
17.89,10.69,!    3/12/2025,,,,,
18.00,10.79,!    3/13/2025,,,,,
18.11,10.99,!    3/14/2025,,,,,
18.22,11.09,!    3/15/2025,,,,,
18.34,11.29,!    3/16/2025,,,,,
18.45,11.39,!    3/17/2025,,,,,
18.50,11.49,!    3/18/2025,,,,,
18.61,11.69,!    3/19/2025,,,,,
18.72,11.99,!    3/20/2025,,,,,
18.84,12.09,!    3/21/2025,,,,,
18.89,12.29,!    3/22/2025,,,,,
19.00,12.29,!    3/23/2025,,,,,
19.11,12.49,!    3/24/2025,,,,,
19.22,12.79,!    3/25/2025,,,,,
19.28,12.99,!    3/26/2025,,,,,
19.39,13.19,!    3/27/2025,,,,,
19.50,13.39,!    3/28/2025,,,,,
19.56,13.59,!    3/29/2025,,,,,
19.67,13.79,!    3/30/2025,,,,,
19.78,13.99,!    3/31/2025,,,,,
19.98,14.36,!    4/1/2025,,,,,
20.42,14.56,!    4/2/2025,,,,,
20.53,14.76,!    4/3/2025,,,,,
20.64,15.06,!    4/4/2025,,,,,
20.75,15.36,!    4/5/2025,,,,,
20.81,15.56,!    4/6/2025,,,,,
20.92,15.66,!    4/7/2025,,,,,
21.03,15.76,!    4/8/2025,,,,,
21.14,15.96,!    4/9/2025,,,,,
21.25,16.16,!    4/10/2025,,,,,
21.31,16.36,!    4/11/2025,,,,,
21.42,16.66,!    4/12/2025,,,,,
21.53,16.76,!    4/13/2025,,,,,
21.64,16.86,!    4/14/2025,,,,,
21.75,17.06,!    4/15/2025,,,,,
21.86,17.16,!    4/16/2025,,,,,
21.97,17.26,!    4/17/2025,,,,,
22.08,17.36,!    4/18/2025,,,,,
22.19,17.56,!    4/19/2025,,,,,
22.31,17.66,!    4/20/2025,,,,,
22.42,17.86,!    4/21/2025,,,,,
22.58,18.16,!    4/22/2025,,,,,
22.69,18.26,!    4/23/2025,,,,,
22.81,18.36,!    4/24/2025,,,,,
22.92,18.46,!    4/25/2025,,,,,
23.03,18.56,!    4/26/2025,,,,,
23.19,18.76,!    4/27/2025,,,,,
23.31,18.96,!    4/28/2025,,,,,
23.42,19.36,!    4/29/2025,,,,,
23.58,19.56,!    4/30/2025,,,,,
22.79,19.58,!    5/1/2025,,,,,
23.01,19.78,!    5/2/2025,,,,,
23.17,19.88,!    5/3/2025,,,,,
23.28,20.08,!    5/4/2025,,,,,
23.45,20.08,!    5/5/2025,,,,,
23.56,20.18,!    5/6/2025,,,,,
23.73,20.28,!    5/7/2025,,,,,
23.84,20.48,!    5/8/2025,,,,,
24.01,20.68,!    5/9/2025,,,,,
24.12,20.88,!    5/10/2025,,,,,
24.23,20.98,!    5/11/2025,,,,,
24.40,21.08,!    5/12/2025,,,,,
24.51,21.28,!    5/13/2025,,,,,
24.67,21.38,!    5/14/2025,,,,,
24.78,21.48,!    5/15/2025,,,,,
24.95,21.68,!    5/16/2025,,,,,
25.06,21.88,!    5/17/2025,,,,,
25.23,22.08,!    5/18/2025,,,,,
25.34,22.08,!    5/19/2025,,,,,
25.45,22.28,!    5/20/2025,,,,,
25.62,22.48,!    5/21/2025,,,,,
25.73,22.78,!    5/22/2025,,,,,
25.84,22.98,!    5/23/2025,,,,,
26.01,23.18,!    5/24/2025,,,,,
26.12,23.38,!    5/25/2025,,,,,
26.23,23.68,!    5/26/2025,,,,,
26.34,23.88,!    5/27/2025,,,,,
26.45,23.98,!    5/28/2025,,,,,
26.56,24.18,!    5/29/2025,,,,,
26.67,24.38,!    5/30/2025,,,,,
26.78,24.48,!    5/31/2025,,,,,
26.88,24.24,!    6/1/2025,,,,,
27.08,24.44,!    6/2/2025,,,,,
27.13,24.64,!    6/3/2025,,,,,
27.24,24.84,!    6/4/2025,,,,,
27.35,25.04,!    6/5/2025,,,,,
27.41,25.24,!    6/6/2025,,,,,
27.52,25.54,!    6/7/2025,,,,,
27.58,25.84,!    6/8/2025,,,,,
27.69,26.14,!    6/9/2025,,,,,
27.74,26.34,!    6/10/2025,,,,,
27.80,26.54,!    6/11/2025,,,,,
27.91,26.74,!    6/12/2025,,,,,
27.97,26.84,!    6/13/2025,,,,,
28.02,26.94,!    6/14/2025,,,,,
28.08,27.14,!    6/15/2025,,,,,
28.13,27.34,!    6/16/2025,,,,,
28.19,27.54,!    6/17/2025,,,,,
28.24,27.64,!    6/18/2025,,,,,
28.30,27.74,!    6/19/2025,,,,,
28.30,27.84,!    6/20/2025,,,,,
28.35,28.04,!    6/21/2025,,,,,
28.41,28.14,!    6/22/2025,,,,,
28.47,28.24,!    6/23/2025,,,,,
28.47,28.34,!    6/24/2025,,,,,
28.52,28.54,!    6/25/2025,,,,,
28.52,28.64,!    6/26/2025,,,,,
28.58,28.74,!    6/27/2025,,,,,
28.58,28.84,!    6/28/2025,,,,,
28.63,28.84,!    6/29/2025,,,,,
28.63,28.94,!    6/30/2025,,,,,
29.20,29.33,!    7/1/2025,,,,,
29.14,29.43,!    7/2/2025,,,,,
29.14,29.63,!    7/3/2025,,,,,
29.20,29.63,!    7/4/2025,,,,,
29.20,29.63,!    7/5/2025,,,,,
29.25,29.63,!    7/6/2025,,,,,
29.25,29.63,!    7/7/2025,,,,,
29.25,29.63,!    7/8/2025,,,,,
29.25,29.53,!    7/9/2025,,,,,
29.31,29.63,!    7/10/2025,,,,,
29.31,29.63,!    7/11/2025,,,,,
29.31,29.63,!    7/12/2025,,,,,
29.36,29.63,!    7/13/2025,,,,,
29.36,29.73,!    7/14/2025,,,,,
29.36,29.73,!    7/15/2025,,,,,
29.36,29.73,!    7/16/2025,,,,,
29.42,29.73,!    7/17/2025,,,,,
29.42,29.83,!    7/18/2025,,,,,
29.42,29.83,!    7/19/2025,,,,,
29.47,30.03,!    7/20/2025,,,,,
29.47,30.13,!    7/21/2025,,,,,
29.47,30.13,!    7/22/2025,,,,,
29.47,30.23,!    7/23/2025,,,,,
29.47,30.23,!    7/24/2025,,,,,
29.53,30.23,!    7/25/2025,,,,,
29.53,30.33,!    7/26/2025,,,,,
29.53,30.43,!    7/27/2025,,,,,
29.53,30.53,!    7/28/2025,,,,,
29.53,30.53,!    7/29/2025,,,,,
29.58,30.63,!    7/30/2025,,,,,
29.58,30.63,!    7/31/2025,,,,,
29.25,30.52,!    8/1/2025,,,,,
29.26,30.42,!    8/2/2025,,,,,
29.26,30.52,!    8/3/2025,,,,,
29.26,30.52,!    8/4/2025,,,,,
29.26,30.62,!    8/5/2025,,,,,
29.26,30.62,!    8/6/2025,,,,,
29.26,30.72,!    8/7/2025,,,,,
29.26,30.82,!    8/8/2025,,,,,
29.26,30.82,!    8/9/2025,,,,,
29.26,30.92,!    8/10/2025,,,,,
29.26,30.82,!    8/11/2025,,,,,
29.26,30.92,!    8/12/2025,,,,,
29.26,30.82,!    8/13/2025,,,,,
29.21,30.62,!    8/14/2025,,,,,
29.21,30.62,!    8/15/2025,,,,,
29.21,30.62,!    8/16/2025,,,,,
29.15,30.72,!    8/17/2025,,,,,
29.15,30.72,!    8/18/2025,,,,,
29.15,30.62,!    8/19/2025,,,,,
29.10,30.52,!    8/20/2025,,,,,
29.10,30.32,!    8/21/2025,,,,,
29.04,30.32,!    8/22/2025,,,,,
29.04,30.32,!    8/23/2025,,,,,
28.99,30.32,!    8/24/2025,,,,,
28.93,30.42,!    8/25/2025,,,,,
28.93,30.32,!    8/26/2025,,,,,
28.87,30.22,!    8/27/2025,,,,,
28.82,30.12,!    8/28/2025,,,,,
28.76,30.02,!    8/29/2025,,,,,
28.76,29.92,!    8/30/2025,,,,,
28.71,29.82,!    8/31/2025,,,,,
28.62,30.36,!    9/1/2025,,,,,
28.43,30.26,!    9/2/2025,,,,,
28.38,30.16,!    9/3/2025,,,,,
28.32,29.96,!    9/4/2025,,,,,
28.21,29.96,!    9/5/2025,,,,,
28.15,29.86,!    9/6/2025,,,,,
28.10,29.86,!    9/7/2025,,,,,
28.04,29.86,!    9/8/2025,,,,,
27.93,29.76,!    9/9/2025,,,,,
27.88,29.66,!    9/10/2025,,,,,
27.82,29.56,!    9/11/2025,,,,,
27.71,29.36,!    9/12/2025,,,,,
27.65,29.26,!    9/13/2025,,,,,
27.54,29.26,!    9/14/2025,,,,,
27.43,29.16,!    9/15/2025,,,,,
27.38,29.06,!    9/16/2025,,,,,
27.27,28.86,!    9/17/2025,,,,,
27.15,28.76,!    9/18/2025,,,,,
27.04,28.66,!    9/19/2025,,,,,
26.93,28.36,!    9/20/2025,,,,,
26.82,28.26,!    9/21/2025,,,,,
26.71,28.06,!    9/22/2025,,,,,
26.60,27.96,!    9/23/2025,,,,,
26.49,27.96,!    9/24/2025,,,,,
26.32,27.76,!    9/25/2025,,,,,
26.21,27.66,!    9/26/2025,,,,,
26.10,27.36,!    9/27/2025,,,,,
25.93,27.36,!    9/28/2025,,,,,
25.82,27.26,!    9/29/2025,,,,,
25.65,27.06,!    9/30/2025,,,,,
25.62,27.33,!    10/1/2025,,,,,
25.34,27.03,!    10/2/2025,,,,,
25.17,26.73,!    10/3/2025,,,,,
25.01,26.53,!    10/4/2025,,,,,
24.84,26.53,!    10/5/2025,,,,,
24.67,26.43,!    10/6/2025,,,,,
24.51,26.23,!    10/7/2025,,,,,
24.34,26.03,!    10/8/2025,,,,,
24.17,25.83,!    10/9/2025,,,,,
23.95,25.63,!    10/10/2025,,,,,
23.79,25.53,!    10/11/2025,,,,,
23.62,25.43,!    10/12/2025,,,,,
23.45,25.23,!    10/13/2025,,,,,
23.23,25.03,!    10/14/2025,,,,,
23.06,24.83,!    10/15/2025,,,,,
22.84,24.63,!    10/16/2025,,,,,
22.67,24.43,!    10/17/2025,,,,,
22.45,24.13,!    10/18/2025,,,,,
22.29,23.93,!    10/19/2025,,,,,
22.06,23.63,!    10/20/2025,,,,,
21.90,23.13,!    10/21/2025,,,,,
21.67,22.83,!    10/22/2025,,,,,
21.51,22.53,!    10/23/2025,,,,,
21.29,22.13,!    10/24/2025,,,,,
21.12,21.83,!    10/25/2025,,,,,
20.90,21.43,!    10/26/2025,,,,,
20.73,21.23,!    10/27/2025,,,,,
20.51,21.03,!    10/28/2025,,,,,
20.34,20.53,!    10/29/2025,,,,,
20.12,20.13,!    10/30/2025,,,,,
19.95,19.93,!    10/31/2025,,,,,
20.85,19.08,!    11/1/2025,,,,,
20.45,18.88,!    11/2/2025,,,,,
20.28,18.68,!    11/3/2025,,,,,
20.06,18.58,!    11/4/2025,,,,,
19.89,18.38,!    11/5/2025,,,,,
19.72,18.18,!    11/6/2025,,,,,
19.56,18.28,!    11/7/2025,,,,,
19.39,18.08,!    11/8/2025,,,,,
19.22,17.88,!    11/9/2025,,,,,
19.06,17.68,!    11/10/2025,,,,,
18.89,17.48,!    11/11/2025,,,,,
18.72,17.28,!    11/12/2025,,,,,
18.61,17.08,!    11/13/2025,,,,,
18.45,16.78,!    11/14/2025,,,,,
18.28,16.48,!    11/15/2025,,,,,
18.17,16.28,!    11/16/2025,,,,,
18.00,16.08,!    11/17/2025,,,,,
17.89,15.78,!    11/18/2025,,,,,
17.78,15.48,!    11/19/2025,,,,,
17.61,15.18,!    11/20/2025,,,,,
17.50,14.98,!    11/21/2025,,,,,
17.39,14.78,!    11/22/2025,,,,,
17.28,14.58,!    11/23/2025,,,,,
17.17,14.48,!    11/24/2025,,,,,
17.06,14.38,!    11/25/2025,,,,,
16.95,14.28,!    11/26/2025,,,,,
16.83,14.08,!    11/27/2025,,,,,
16.72,13.88,!    11/28/2025,,,,,
16.61,13.68,!    11/29/2025,,,,,
16.56,13.58,!    11/30/2025,,,,,
15.36,13.45,!    12/1/2025,,,,,
15.05,13.15,!    12/2/2025,,,,,
14.99,12.95,!    12/3/2025,,,,,
14.88,12.85,!    12/4/2025,,,,,
14.77,12.65,!    12/5/2025,,,,,
14.71,12.45,!    12/6/2025,,,,,
14.60,12.05,!    12/7/2025,,,,,
14.55,11.85,!    12/8/2025,,,,,
14.44,11.65,!    12/9/2025,,,,,
14.38,11.45,!    12/10/2025,,,,,
14.27,11.25,!    12/11/2025,,,,,
14.21,10.95,!    12/12/2025,,,,,
14.10,10.85,!    12/13/2025,,,,,
14.05,10.65,!    12/14/2025,,,,,
13.99,10.55,!    12/15/2025,,,,,
13.88,10.35,!    12/16/2025,,,,,
13.83,10.25,!    12/17/2025,,,,,
13.71,10.05,!    12/18/2025,,,,,
13.66,9.95,!    12/19/2025,,,,,
13.60,9.85,!    12/20/2025,,,,,
13.49,9.75,!    12/21/2025,,,,,
13.44,9.65,!    12/22/2025,,,,,
13.38,9.65,!    12/23/2025,,,,,
13.33,9.55,!    12/24/2025,,,,,
13.21,9.45,!    12/25/2025,,,,,
13.16,9.35,!    12/26/2025,,,,,
13.10,9.25,!    12/27/2025,,,,,
13.05,9.25,!    12/28/2025,,,,,
12.99,9.25,!    12/29/2025,,,,,
12.94,9.15,!    12/30/2025,,,,,
12.88,9.15,!    12/31/2025,,,,,
13.79,9.27,!    1/1/2026,,,,,
13.73,9.17,!    1/2/2026,,,,,
13.68,9.07,!    1/3/2026,,,,,
13.62,8.97,!    1/4/2026,,,,,
13.62,8.77,!    1/5/2026,,,,,
13.57,8.67,!    1/6/2026,,,,,
13.51,8.57,!    1/7/2026,,,,,
13.51,8.47,!    1/8/2026,,,,,
13.45,8.37,!    1/9/2026,,,,,
13.45,8.37,!    1/10/2026,,,,,
13.45,8.27,!    1/11/2026,,,,,
13.40,8.27,!    1/12/2026,,,,,
13.40,8.17,!    1/13/2026,,,,,
13.40,7.97,!    1/14/2026,,,,,
13.40,7.87,!    1/15/2026,,,,,
13.40,7.77,!    1/16/2026,,,,,
13.40,7.67,!    1/17/2026,,,,,
13.45,7.67,!    1/18/2026,,,,,
13.45,7.67,!    1/19/2026,,,,,
13.45,7.37,!    1/20/2026,,,,,
13.51,7.47,!    1/21/2026,,,,,
13.57,7.47,!    1/22/2026,,,,,
13.57,7.47,!    1/23/2026,,,,,
13.62,7.57,!    1/24/2026,,,,,
13.68,7.57,!    1/25/2026,,,,,
13.73,7.77,!    1/26/2026,,,,,
13.79,7.77,!    1/27/2026,,,,,
13.84,7.67,!    1/28/2026,,,,,
13.90,7.57,!    1/29/2026,,,,,
13.95,7.47,!    1/30/2026,,,,,
14.07,7.47,!    1/31/2026,,,,,
12.52,7.85,!    2/1/2026,,,,,
12.57,7.85,!    2/2/2026,,,,,
12.68,8.05,!    2/3/2026,,,,,
12.74,8.05,!    2/4/2026,,,,,
12.85,8.05,!    2/5/2026,,,,,
12.96,8.15,!    2/6/2026,,,,,
13.07,8.15,!    2/7/2026,,,,,
13.13,8.35,!    2/8/2026,,,,,
13.24,8.45,!    2/9/2026,,,,,
13.35,8.55,!    2/10/2026,,,,,
13.46,8.55,!    2/11/2026,,,,,
13.57,8.65,!    2/12/2026,,,,,
13.68,8.65,!    2/13/2026,,,,,
13.79,8.65,!    2/14/2026,,,,,
13.90,8.65,!    2/15/2026,,,,,
14.02,8.75,!    2/16/2026,,,,,
14.13,8.85,!    2/17/2026,,,,,
14.24,8.85,!    2/18/2026,,,,,
14.35,8.95,!    2/19/2026,,,,,
14.46,9.05,!    2/20/2026,,,,,
14.57,9.25,!    2/21/2026,,,,,
14.68,9.35,!    2/22/2026,,,,,
14.79,9.45,!    2/23/2026,,,,,
14.90,9.65,!    2/24/2026,,,,,
15.07,9.75,!    2/25/2026,,,,,
15.18,9.75,!    2/26/2026,,,,,
15.29,9.95,!    2/27/2026,,,,,
15.40,10.05,!    2/28/2026,,,,,
16.11,9.88,!    3/1/2026,,,,,
16.42,9.38,!    3/2/2026,,,,,
16.53,9.38,!    3/3/2026,,,,,
16.65,9.38,!    3/4/2026,,,,,
16.76,9.38,!    3/5/2026,,,,,
16.87,9.48,!    3/6/2026,,,,,
16.98,9.58,!    3/7/2026,,,,,
17.09,9.68,!    3/8/2026,,,,,
17.20,9.88,!    3/9/2026,,,,,
17.31,10.08,!    3/10/2026,,,,,
17.37,10.28,!    3/11/2026,,,,,
17.48,10.48,!    3/12/2026,,,,,
17.59,10.58,!    3/13/2026,,,,,
17.70,10.78,!    3/14/2026,,,,,
17.81,10.88,!    3/15/2026,,,,,
17.92,11.08,!    3/16/2026,,,,,
18.03,11.18,!    3/17/2026,,,,,
18.09,11.28,!    3/18/2026,,,,,
18.20,11.48,!    3/19/2026,,,,,
18.31,11.78,!    3/20/2026,,,,,
18.42,11.88,!    3/21/2026,,,,,
18.48,12.08,!    3/22/2026,,,,,
18.59,12.08,!    3/23/2026,,,,,
18.70,12.28,!    3/24/2026,,,,,
18.81,12.58,!    3/25/2026,,,,,
18.87,12.78,!    3/26/2026,,,,,
18.98,12.98,!    3/27/2026,,,,,
19.09,13.18,!    3/28/2026,,,,,
19.15,13.38,!    3/29/2026,,,,,
19.26,13.58,!    3/30/2026,,,,,
19.37,13.78,!    3/31/2026,,,,,
19.60,14.36,!    4/1/2026,,,,,
20.04,14.56,!    4/2/2026,,,,,
20.16,14.76,!    4/3/2026,,,,,
20.27,15.06,!    4/4/2026,,,,,
20.38,15.36,!    4/5/2026,,,,,
20.43,15.56,!    4/6/2026,,,,,
20.54,15.66,!    4/7/2026,,,,,
20.66,15.76,!    4/8/2026,,,,,
20.77,15.96,!    4/9/2026,,,,,
20.88,16.16,!    4/10/2026,,,,,
20.93,16.36,!    4/11/2026,,,,,
21.04,16.66,!    4/12/2026,,,,,
21.16,16.76,!    4/13/2026,,,,,
21.27,16.86,!    4/14/2026,,,,,
21.38,17.06,!    4/15/2026,,,,,
21.49,17.16,!    4/16/2026,,,,,
21.60,17.26,!    4/17/2026,,,,,
21.71,17.36,!    4/18/2026,,,,,
21.82,17.56,!    4/19/2026,,,,,
21.93,17.66,!    4/20/2026,,,,,
22.04,17.86,!    4/21/2026,,,,,
22.21,18.16,!    4/22/2026,,,,,
22.32,18.26,!    4/23/2026,,,,,
22.43,18.36,!    4/24/2026,,,,,
22.54,18.46,!    4/25/2026,,,,,
22.66,18.56,!    4/26/2026,,,,,
22.82,18.76,!    4/27/2026,,,,,
22.93,18.96,!    4/28/2026,,,,,
23.04,19.36,!    4/29/2026,,,,,
23.21,19.56,!    4/30/2026,,,,,
23.34,19.48,!    5/1/2026,,,,,
23.56,19.68,!    5/2/2026,,,,,
23.72,19.78,!    5/3/2026,,,,,
23.83,19.98,!    5/4/2026,,,,,
24.00,19.98,!    5/5/2026,,,,,
24.11,20.08,!    5/6/2026,,,,,
24.28,20.18,!    5/7/2026,,,,,
24.39,20.38,!    5/8/2026,,,,,
24.56,20.58,!    5/9/2026,,,,,
24.67,20.78,!    5/10/2026,,,,,
24.78,20.88,!    5/11/2026,,,,,
24.95,20.98,!    5/12/2026,,,,,
25.06,21.18,!    5/13/2026,,,,,
25.22,21.28,!    5/14/2026,,,,,
25.33,21.38,!    5/15/2026,,,,,
25.50,21.58,!    5/16/2026,,,,,
25.61,21.78,!    5/17/2026,,,,,
25.78,21.98,!    5/18/2026,,,,,
25.89,21.98,!    5/19/2026,,,,,
26.00,22.18,!    5/20/2026,,,,,
26.17,22.38,!    5/21/2026,,,,,
26.28,22.68,!    5/22/2026,,,,,
26.39,22.88,!    5/23/2026,,,,,
26.56,23.08,!    5/24/2026,,,,,
26.67,23.28,!    5/25/2026,,,,,
26.78,23.58,!    5/26/2026,,,,,
26.89,23.78,!    5/27/2026,,,,,
27.00,23.88,!    5/28/2026,,,,,
27.11,24.08,!    5/29/2026,,,,,
27.22,24.28,!    5/30/2026,,,,,
27.33,24.38,!    5/31/2026,,,,,
26.84,24.15,!    6/1/2026,,,,,
27.04,24.35,!    6/2/2026,,,,,
27.09,24.55,!    6/3/2026,,,,,
27.21,24.75,!    6/4/2026,,,,,
27.32,24.95,!    6/5/2026,,,,,
27.37,25.15,!    6/6/2026,,,,,
27.48,25.45,!    6/7/2026,,,,,
27.54,25.75,!    6/8/2026,,,,,
27.65,26.05,!    6/9/2026,,,,,
27.71,26.25,!    6/10/2026,,,,,
27.76,26.45,!    6/11/2026,,,,,
27.87,26.65,!    6/12/2026,,,,,
27.93,26.75,!    6/13/2026,,,,,
27.98,26.85,!    6/14/2026,,,,,
28.04,27.05,!    6/15/2026,,,,,
28.09,27.25,!    6/16/2026,,,,,
28.15,27.45,!    6/17/2026,,,,,
28.21,27.55,!    6/18/2026,,,,,
28.26,27.65,!    6/19/2026,,,,,
28.26,27.75,!    6/20/2026,,,,,
28.32,27.95,!    6/21/2026,,,,,
28.37,28.05,!    6/22/2026,,,,,
28.43,28.15,!    6/23/2026,,,,,
28.43,28.25,!    6/24/2026,,,,,
28.48,28.45,!    6/25/2026,,,,,
28.48,28.55,!    6/26/2026,,,,,
28.54,28.65,!    6/27/2026,,,,,
28.54,28.75,!    6/28/2026,,,,,
28.59,28.75,!    6/29/2026,,,,,
28.59,28.85,!    6/30/2026,,,,,
28.95,29.59,!    7/1/2026,,,,,
28.90,29.69,!    7/2/2026,,,,,
28.90,29.89,!    7/3/2026,,,,,
28.95,29.89,!    7/4/2026,,,,,
28.95,29.89,!    7/5/2026,,,,,
29.01,29.89,!    7/6/2026,,,,,
29.01,29.89,!    7/7/2026,,,,,
29.01,29.89,!    7/8/2026,,,,,
29.01,29.79,!    7/9/2026,,,,,
29.06,29.89,!    7/10/2026,,,,,
29.06,29.89,!    7/11/2026,,,,,
29.06,29.89,!    7/12/2026,,,,,
29.12,29.89,!    7/13/2026,,,,,
29.12,29.99,!    7/14/2026,,,,,
29.12,29.99,!    7/15/2026,,,,,
29.12,29.99,!    7/16/2026,,,,,
29.17,29.99,!    7/17/2026,,,,,
29.17,30.09,!    7/18/2026,,,,,
29.17,30.09,!    7/19/2026,,,,,
29.23,30.29,!    7/20/2026,,,,,
29.23,30.39,!    7/21/2026,,,,,
29.23,30.39,!    7/22/2026,,,,,
29.23,30.49,!    7/23/2026,,,,,
29.23,30.49,!    7/24/2026,,,,,
29.28,30.49,!    7/25/2026,,,,,
29.28,30.59,!    7/26/2026,,,,,
29.28,30.69,!    7/27/2026,,,,,
29.28,30.79,!    7/28/2026,,,,,
29.28,30.79,!    7/29/2026,,,,,
29.34,30.89,!    7/30/2026,,,,,
29.34,30.89,!    7/31/2026,,,,,
29.43,30.67,!    8/1/2026,,,,,
29.44,30.57,!    8/2/2026,,,,,
29.44,30.67,!    8/3/2026,,,,,
29.44,30.67,!    8/4/2026,,,,,
29.44,30.77,!    8/5/2026,,,,,
29.44,30.77,!    8/6/2026,,,,,
29.44,30.87,!    8/7/2026,,,,,
29.44,30.97,!    8/8/2026,,,,,
29.44,30.97,!    8/9/2026,,,,,
29.44,31.07,!    8/10/2026,,,,,
29.44,30.97,!    8/11/2026,,,,,
29.44,31.07,!    8/12/2026,,,,,
29.44,30.97,!    8/13/2026,,,,,
29.39,30.77,!    8/14/2026,,,,,
29.39,30.77,!    8/15/2026,,,,,
29.39,30.77,!    8/16/2026,,,,,
29.33,30.87,!    8/17/2026,,,,,
29.33,30.87,!    8/18/2026,,,,,
29.33,30.77,!    8/19/2026,,,,,
29.28,30.67,!    8/20/2026,,,,,
29.28,30.47,!    8/21/2026,,,,,
29.22,30.47,!    8/22/2026,,,,,
29.22,30.47,!    8/23/2026,,,,,
29.17,30.47,!    8/24/2026,,,,,
29.11,30.57,!    8/25/2026,,,,,
29.11,30.47,!    8/26/2026,,,,,
29.05,30.37,!    8/27/2026,,,,,
29.00,30.27,!    8/28/2026,,,,,
28.94,30.17,!    8/29/2026,,,,,
28.94,30.07,!    8/30/2026,,,,,
28.89,29.97,!    8/31/2026,,,,,
28.83,29.88,!    9/1/2026,,,,,
28.65,29.78,!    9/2/2026,,,,,
28.59,29.68,!    9/3/2026,,,,,
28.53,29.48,!    9/4/2026,,,,,
28.42,29.48,!    9/5/2026,,,,,
28.37,29.38,!    9/6/2026,,,,,
28.31,29.38,!    9/7/2026,,,,,
28.26,29.38,!    9/8/2026,,,,,
28.15,29.28,!    9/9/2026,,,,,
28.09,29.18,!    9/10/2026,,,,,
28.03,29.08,!    9/11/2026,,,,,
27.92,28.88,!    9/12/2026,,,,,
27.87,28.78,!    9/13/2026,,,,,
27.76,28.78,!    9/14/2026,,,,,
27.65,28.68,!    9/15/2026,,,,,
27.59,28.58,!    9/16/2026,,,,,
27.48,28.38,!    9/17/2026,,,,,
27.37,28.28,!    9/18/2026,,,,,
27.26,28.18,!    9/19/2026,,,,,
27.15,27.88,!    9/20/2026,,,,,
27.03,27.78,!    9/21/2026,,,,,
26.92,27.58,!    9/22/2026,,,,,
26.81,27.48,!    9/23/2026,,,,,
26.70,27.48,!    9/24/2026,,,,,
26.53,27.28,!    9/25/2026,,,,,
26.42,27.18,!    9/26/2026,,,,,
26.31,26.88,!    9/27/2026,,,,,
26.15,26.88,!    9/28/2026,,,,,
26.03,26.78,!    9/29/2026,,,,,
25.87,26.58,!    9/30/2026,,,,,
26.11,26.44,!    10/1/2026,,,,,
25.83,26.14,!    10/2/2026,,,,,
25.66,25.84,!    10/3/2026,,,,,
25.49,25.64,!    10/4/2026,,,,,
25.33,25.64,!    10/5/2026,,,,,
25.16,25.54,!    10/6/2026,,,,,
24.99,25.34,!    10/7/2026,,,,,
24.83,25.14,!    10/8/2026,,,,,
24.66,24.94,!    10/9/2026,,,,,
24.44,24.74,!    10/10/2026,,,,,
24.27,24.64,!    10/11/2026,,,,,
24.11,24.54,!    10/12/2026,,,,,
23.94,24.34,!    10/13/2026,,,,,
23.72,24.14,!    10/14/2026,,,,,
23.55,23.94,!    10/15/2026,,,,,
23.33,23.74,!    10/16/2026,,,,,
23.16,23.54,!    10/17/2026,,,,,
22.94,23.24,!    10/18/2026,,,,,
22.77,23.04,!    10/19/2026,,,,,
22.55,22.74,!    10/20/2026,,,,,
22.38,22.24,!    10/21/2026,,,,,
22.16,21.94,!    10/22/2026,,,,,
21.99,21.64,!    10/23/2026,,,,,
21.77,21.24,!    10/24/2026,,,,,
21.61,20.94,!    10/25/2026,,,,,
21.38,20.54,!    10/26/2026,,,,,
21.22,20.34,!    10/27/2026,,,,,
20.99,20.14,!    10/28/2026,,,,,
20.83,19.64,!    10/29/2026,,,,,
20.61,19.24,!    10/30/2026,,,,,
20.44,19.04,!    10/31/2026,,,,,
20.17,19.63,!    11/1/2026,,,,,
19.77,19.43,!    11/2/2026,,,,,
19.60,19.23,!    11/3/2026,,,,,
19.38,19.13,!    11/4/2026,,,,,
19.21,18.93,!    11/5/2026,,,,,
19.05,18.73,!    11/6/2026,,,,,
18.88,18.83,!    11/7/2026,,,,,
18.71,18.63,!    11/8/2026,,,,,
18.55,18.43,!    11/9/2026,,,,,
18.38,18.23,!    11/10/2026,,,,,
18.21,18.03,!    11/11/2026,,,,,
18.05,17.83,!    11/12/2026,,,,,
17.93,17.63,!    11/13/2026,,,,,
17.77,17.33,!    11/14/2026,,,,,
17.60,17.03,!    11/15/2026,,,,,
17.49,16.83,!    11/16/2026,,,,,
17.32,16.63,!    11/17/2026,,,,,
17.21,16.33,!    11/18/2026,,,,,
17.10,16.03,!    11/19/2026,,,,,
16.93,15.73,!    11/20/2026,,,,,
16.82,15.53,!    11/21/2026,,,,,
16.71,15.33,!    11/22/2026,,,,,
16.60,15.13,!    11/23/2026,,,,,
16.49,15.03,!    11/24/2026,,,,,
16.38,14.93,!    11/25/2026,,,,,
16.27,14.83,!    11/26/2026,,,,,
16.16,14.63,!    11/27/2026,,,,,
16.05,14.43,!    11/28/2026,,,,,
15.93,14.23,!    11/29/2026,,,,,
15.88,14.13,!    11/30/2026,,,,,
15.83,12.71,!    12/1/2026,,,,,
15.51,12.41,!    12/2/2026,,,,,
15.46,12.21,!    12/3/2026,,,,,
15.34,12.11,!    12/4/2026,,,,,
15.23,11.91,!    12/5/2026,,,,,
15.18,11.71,!    12/6/2026,,,,,
15.07,11.31,!    12/7/2026,,,,,
15.01,11.11,!    12/8/2026,,,,,
14.90,10.91,!    12/9/2026,,,,,
14.84,10.71,!    12/10/2026,,,,,
14.73,10.51,!    12/11/2026,,,,,
14.68,10.21,!    12/12/2026,,,,,
14.57,10.11,!    12/13/2026,,,,,
14.51,9.91,!    12/14/2026,,,,,
14.46,9.81,!    12/15/2026,,,,,
14.34,9.61,!    12/16/2026,,,,,
14.29,9.51,!    12/17/2026,,,,,
14.18,9.31,!    12/18/2026,,,,,
14.12,9.21,!    12/19/2026,,,,,
14.07,9.11,!    12/20/2026,,,,,
13.96,9.01,!    12/21/2026,,,,,
13.90,8.91,!    12/22/2026,,,,,
13.84,8.91,!    12/23/2026,,,,,
13.79,8.81,!    12/24/2026,,,,,
13.68,8.71,!    12/25/2026,,,,,
13.62,8.61,!    12/26/2026,,,,,
13.57,8.51,!    12/27/2026,,,,,
13.51,8.51,!    12/28/2026,,,,,
13.46,8.51,!    12/29/2026,,,,,
13.40,8.41,!    12/30/2026,,,,,
13.34,8.41,!    12/31/2026,,,,,
13.12,10.14,!    1/1/2027,,,,,
13.06,10.04,!    1/2/2027,,,,,
13.01,9.94,!    1/3/2027,,,,,
12.95,9.84,!    1/4/2027,,,,,
12.95,9.64,!    1/5/2027,,,,,
12.90,9.54,!    1/6/2027,,,,,
12.84,9.44,!    1/7/2027,,,,,
12.84,9.34,!    1/8/2027,,,,,
12.79,9.24,!    1/9/2027,,,,,
12.79,9.24,!    1/10/2027,,,,,
12.79,9.14,!    1/11/2027,,,,,
12.73,9.14,!    1/12/2027,,,,,
12.73,9.04,!    1/13/2027,,,,,
12.73,8.84,!    1/14/2027,,,,,
12.73,8.74,!    1/15/2027,,,,,
12.73,8.64,!    1/16/2027,,,,,
12.73,8.54,!    1/17/2027,,,,,
12.79,8.54,!    1/18/2027,,,,,
12.79,8.54,!    1/19/2027,,,,,
12.79,8.24,!    1/20/2027,,,,,
12.84,8.34,!    1/21/2027,,,,,
12.90,8.34,!    1/22/2027,,,,,
12.90,8.34,!    1/23/2027,,,,,
12.95,8.44,!    1/24/2027,,,,,
13.01,8.44,!    1/25/2027,,,,,
13.06,8.64,!    1/26/2027,,,,,
13.12,8.64,!    1/27/2027,,,,,
13.18,8.54,!    1/28/2027,,,,,
13.23,8.44,!    1/29/2027,,,,,
13.29,8.34,!    1/30/2027,,,,,
13.40,8.34,!    1/31/2027,,,,,
13.48,6.19,!    2/1/2027,,,,,
13.54,6.19,!    2/2/2027,,,,,
13.65,6.39,!    2/3/2027,,,,,
13.71,6.39,!    2/4/2027,,,,,
13.82,6.39,!    2/5/2027,,,,,
13.93,6.49,!    2/6/2027,,,,,
14.04,6.49,!    2/7/2027,,,,,
14.10,6.69,!    2/8/2027,,,,,
14.21,6.79,!    2/9/2027,,,,,
14.32,6.89,!    2/10/2027,,,,,
14.43,6.89,!    2/11/2027,,,,,
14.54,6.99,!    2/12/2027,,,,,
14.65,6.99,!    2/13/2027,,,,,
14.76,6.99,!    2/14/2027,,,,,
14.87,6.99,!    2/15/2027,,,,,
14.98,7.09,!    2/16/2027,,,,,
15.10,7.19,!    2/17/2027,,,,,
15.21,7.19,!    2/18/2027,,,,,
15.32,7.29,!    2/19/2027,,,,,
15.43,7.39,!    2/20/2027,,,,,
15.54,7.59,!    2/21/2027,,,,,
15.65,7.69,!    2/22/2027,,,,,
15.76,7.79,!    2/23/2027,,,,,
15.87,7.99,!    2/24/2027,,,,,
16.04,8.09,!    2/25/2027,,,,,
16.15,8.09,!    2/26/2027,,,,,
16.26,8.29,!    2/27/2027,,,,,
16.37,8.39,!    2/28/2027,,,,,
16.14,10.53,!    3/1/2027,,,,,
16.46,10.03,!    3/2/2027,,,,,
16.57,10.03,!    3/3/2027,,,,,
16.68,10.03,!    3/4/2027,,,,,
16.79,10.03,!    3/5/2027,,,,,
16.90,10.13,!    3/6/2027,,,,,
17.01,10.23,!    3/7/2027,,,,,
17.12,10.33,!    3/8/2027,,,,,
17.23,10.53,!    3/9/2027,,,,,
17.34,10.73,!    3/10/2027,,,,,
17.40,10.93,!    3/11/2027,,,,,
17.51,11.13,!    3/12/2027,,,,,
17.62,11.23,!    3/13/2027,,,,,
17.73,11.43,!    3/14/2027,,,,,
17.84,11.53,!    3/15/2027,,,,,
17.96,11.73,!    3/16/2027,,,,,
18.07,11.83,!    3/17/2027,,,,,
18.12,11.93,!    3/18/2027,,,,,
18.23,12.13,!    3/19/2027,,,,,
18.34,12.43,!    3/20/2027,,,,,
18.46,12.53,!    3/21/2027,,,,,
18.51,12.73,!    3/22/2027,,,,,
18.62,12.73,!    3/23/2027,,,,,
18.73,12.93,!    3/24/2027,,,,,
18.84,13.23,!    3/25/2027,,,,,
18.90,13.43,!    3/26/2027,,,,,
19.01,13.63,!    3/27/2027,,,,,
19.12,13.83,!    3/28/2027,,,,,
19.18,14.03,!    3/29/2027,,,,,
19.29,14.23,!    3/30/2027,,,,,
19.40,14.43,!    3/31/2027,,,,,
20.29,14.19,!    4/1/2027,,,,,
20.73,14.39,!    4/2/2027,,,,,
20.84,14.59,!    4/3/2027,,,,,
20.95,14.89,!    4/4/2027,,,,,
21.06,15.19,!    4/5/2027,,,,,
21.12,15.39,!    4/6/2027,,,,,
21.23,15.49,!    4/7/2027,,,,,
21.34,15.59,!    4/8/2027,,,,,
21.45,15.79,!    4/9/2027,,,,,
21.56,15.99,!    4/10/2027,,,,,
21.62,16.19,!    4/11/2027,,,,,
21.73,16.49,!    4/12/2027,,,,,
21.84,16.59,!    4/13/2027,,,,,
21.95,16.69,!    4/14/2027,,,,,
22.06,16.89,!    4/15/2027,,,,,
22.17,16.99,!    4/16/2027,,,,,
22.28,17.09,!    4/17/2027,,,,,
22.39,17.19,!    4/18/2027,,,,,
22.50,17.39,!    4/19/2027,,,,,
22.62,17.49,!    4/20/2027,,,,,
22.73,17.69,!    4/21/2027,,,,,
22.89,17.99,!    4/22/2027,,,,,
23.00,18.09,!    4/23/2027,,,,,
23.12,18.19,!    4/24/2027,,,,,
23.23,18.29,!    4/25/2027,,,,,
23.34,18.39,!    4/26/2027,,,,,
23.50,18.59,!    4/27/2027,,,,,
23.62,18.79,!    4/28/2027,,,,,
23.73,19.19,!    4/29/2027,,,,,
23.89,19.39,!    4/30/2027,,,,,
23.34,19.66,!    5/1/2027,,,,,
23.56,19.86,!    5/2/2027,,,,,
23.72,19.96,!    5/3/2027,,,,,
23.83,20.16,!    5/4/2027,,,,,
24.00,20.16,!    5/5/2027,,,,,
24.11,20.26,!    5/6/2027,,,,,
24.28,20.36,!    5/7/2027,,,,,
24.39,20.56,!    5/8/2027,,,,,
24.56,20.76,!    5/9/2027,,,,,
24.67,20.96,!    5/10/2027,,,,,
24.78,21.06,!    5/11/2027,,,,,
24.95,21.16,!    5/12/2027,,,,,
25.06,21.36,!    5/13/2027,,,,,
25.22,21.46,!    5/14/2027,,,,,
25.33,21.56,!    5/15/2027,,,,,
25.50,21.76,!    5/16/2027,,,,,
25.61,21.96,!    5/17/2027,,,,,
25.78,22.16,!    5/18/2027,,,,,
25.89,22.16,!    5/19/2027,,,,,
26.00,22.36,!    5/20/2027,,,,,
26.17,22.56,!    5/21/2027,,,,,
26.28,22.86,!    5/22/2027,,,,,
26.39,23.06,!    5/23/2027,,,,,
26.56,23.26,!    5/24/2027,,,,,
26.67,23.46,!    5/25/2027,,,,,
26.78,23.76,!    5/26/2027,,,,,
26.89,23.96,!    5/27/2027,,,,,
27.00,24.06,!    5/28/2027,,,,,
27.11,24.26,!    5/29/2027,,,,,
27.22,24.46,!    5/30/2027,,,,,
27.33,24.56,!    5/31/2027,,,,,
27.19,24.53,!    6/1/2027,,,,,
27.39,24.73,!    6/2/2027,,,,,
27.44,24.93,!    6/3/2027,,,,,
27.55,25.13,!    6/4/2027,,,,,
27.67,25.33,!    6/5/2027,,,,,
27.72,25.53,!    6/6/2027,,,,,
27.83,25.83,!    6/7/2027,,,,,
27.89,26.13,!    6/8/2027,,,,,
28.00,26.43,!    6/9/2027,,,,,
28.05,26.63,!    6/10/2027,,,,,
28.11,26.83,!    6/11/2027,,,,,
28.22,27.03,!    6/12/2027,,,,,
28.28,27.13,!    6/13/2027,,,,,
28.33,27.23,!    6/14/2027,,,,,
28.39,27.43,!    6/15/2027,,,,,
28.44,27.63,!    6/16/2027,,,,,
28.50,27.83,!    6/17/2027,,,,,
28.55,27.93,!    6/18/2027,,,,,
28.61,28.03,!    6/19/2027,,,,,
28.61,28.13,!    6/20/2027,,,,,
28.67,28.33,!    6/21/2027,,,,,
28.72,28.43,!    6/22/2027,,,,,
28.78,28.53,!    6/23/2027,,,,,
28.78,28.63,!    6/24/2027,,,,,
28.83,28.83,!    6/25/2027,,,,,
28.83,28.93,!    6/26/2027,,,,,
28.89,29.03,!    6/27/2027,,,,,
28.89,29.13,!    6/28/2027,,,,,
28.94,29.13,!    6/29/2027,,,,,
28.94,29.23,!    6/30/2027,,,,,
29.49,29.59,!    7/1/2027,,,,,
29.44,29.69,!    7/2/2027,,,,,
29.44,29.89,!    7/3/2027,,,,,
29.49,29.89,!    7/4/2027,,,,,
29.49,29.89,!    7/5/2027,,,,,
29.55,29.89,!    7/6/2027,,,,,
29.55,29.89,!    7/7/2027,,,,,
29.55,29.89,!    7/8/2027,,,,,
29.55,29.79,!    7/9/2027,,,,,
29.60,29.89,!    7/10/2027,,,,,
29.60,29.89,!    7/11/2027,,,,,
29.60,29.89,!    7/12/2027,,,,,
29.66,29.89,!    7/13/2027,,,,,
29.66,29.99,!    7/14/2027,,,,,
29.66,29.99,!    7/15/2027,,,,,
29.66,29.99,!    7/16/2027,,,,,
29.72,29.99,!    7/17/2027,,,,,
29.72,30.09,!    7/18/2027,,,,,
29.72,30.09,!    7/19/2027,,,,,
29.77,30.29,!    7/20/2027,,,,,
29.77,30.39,!    7/21/2027,,,,,
29.77,30.39,!    7/22/2027,,,,,
29.77,30.49,!    7/23/2027,,,,,
29.77,30.49,!    7/24/2027,,,,,
29.83,30.49,!    7/25/2027,,,,,
29.83,30.59,!    7/26/2027,,,,,
29.83,30.69,!    7/27/2027,,,,,
29.83,30.79,!    7/28/2027,,,,,
29.83,30.79,!    7/29/2027,,,,,
29.88,30.89,!    7/30/2027,,,,,
29.88,30.89,!    7/31/2027,,,,,
29.31,30.87,!    8/1/2027,,,,,
29.32,30.77,!    8/2/2027,,,,,
29.32,30.87,!    8/3/2027,,,,,
29.32,30.87,!    8/4/2027,,,,,
29.32,30.97,!    8/5/2027,,,,,
29.32,30.97,!    8/6/2027,,,,,
29.32,31.07,!    8/7/2027,,,,,
29.32,31.17,!    8/8/2027,,,,,
29.32,31.17,!    8/9/2027,,,,,
29.32,31.27,!    8/10/2027,,,,,
29.32,31.17,!    8/11/2027,,,,,
29.32,31.27,!    8/12/2027,,,,,
29.32,31.17,!    8/13/2027,,,,,
29.27,30.97,!    8/14/2027,,,,,
29.27,30.97,!    8/15/2027,,,,,
29.27,30.97,!    8/16/2027,,,,,
29.21,31.07,!    8/17/2027,,,,,
29.21,31.07,!    8/18/2027,,,,,
29.21,30.97,!    8/19/2027,,,,,
29.16,30.87,!    8/20/2027,,,,,
29.16,30.67,!    8/21/2027,,,,,
29.10,30.67,!    8/22/2027,,,,,
29.10,30.67,!    8/23/2027,,,,,
29.05,30.67,!    8/24/2027,,,,,
28.99,30.77,!    8/25/2027,,,,,
28.99,30.67,!    8/26/2027,,,,,
28.93,30.57,!    8/27/2027,,,,,
28.88,30.47,!    8/28/2027,,,,,
28.82,30.37,!    8/29/2027,,,,,
28.82,30.27,!    8/30/2027,,,,,
28.77,30.17,!    8/31/2027,,,,,
28.76,29.95,!    9/1/2027,,,,,
28.57,29.85,!    9/2/2027,,,,,
28.52,29.75,!    9/3/2027,,,,,
28.46,29.55,!    9/4/2027,,,,,
28.35,29.55,!    9/5/2027,,,,,
28.29,29.45,!    9/6/2027,,,,,
28.24,29.45,!    9/7/2027,,,,,
28.18,29.45,!    9/8/2027,,,,,
28.07,29.35,!    9/9/2027,,,,,
28.02,29.25,!    9/10/2027,,,,,
27.96,29.15,!    9/11/2027,,,,,
27.85,28.95,!    9/12/2027,,,,,
27.79,28.85,!    9/13/2027,,,,,
27.68,28.85,!    9/14/2027,,,,,
27.57,28.75,!    9/15/2027,,,,,
27.52,28.65,!    9/16/2027,,,,,
27.40,28.45,!    9/17/2027,,,,,
27.29,28.35,!    9/18/2027,,,,,
27.18,28.25,!    9/19/2027,,,,,
27.07,27.95,!    9/20/2027,,,,,
26.96,27.85,!    9/21/2027,,,,,
26.85,27.65,!    9/22/2027,,,,,
26.74,27.55,!    9/23/2027,,,,,
26.63,27.55,!    9/24/2027,,,,,
26.46,27.35,!    9/25/2027,,,,,
26.35,27.25,!    9/26/2027,,,,,
26.24,26.95,!    9/27/2027,,,,,
26.07,26.95,!    9/28/2027,,,,,
25.96,26.85,!    9/29/2027,,,,,
25.79,26.65,!    9/30/2027,,,,,
26.25,26.81,!    10/1/2027,,,,,
25.97,26.51,!    10/2/2027,,,,,
25.80,26.21,!    10/3/2027,,,,,
25.64,26.01,!    10/4/2027,,,,,
25.47,26.01,!    10/5/2027,,,,,
25.30,25.91,!    10/6/2027,,,,,
25.14,25.71,!    10/7/2027,,,,,
24.97,25.51,!    10/8/2027,,,,,
24.80,25.31,!    10/9/2027,,,,,
24.58,25.11,!    10/10/2027,,,,,
24.41,25.01,!    10/11/2027,,,,,
24.25,24.91,!    10/12/2027,,,,,
24.08,24.71,!    10/13/2027,,,,,
23.86,24.51,!    10/14/2027,,,,,
23.69,24.31,!    10/15/2027,,,,,
23.47,24.11,!    10/16/2027,,,,,
23.30,23.91,!    10/17/2027,,,,,
23.08,23.61,!    10/18/2027,,,,,
22.91,23.41,!    10/19/2027,,,,,
22.69,23.11,!    10/20/2027,,,,,
22.53,22.61,!    10/21/2027,,,,,
22.30,22.31,!    10/22/2027,,,,,
22.14,22.01,!    10/23/2027,,,,,
21.91,21.61,!    10/24/2027,,,,,
21.75,21.31,!    10/25/2027,,,,,
21.53,20.91,!    10/26/2027,,,,,
21.36,20.71,!    10/27/2027,,,,,
21.14,20.51,!    10/28/2027,,,,,
20.97,20.01,!    10/29/2027,,,,,
20.75,19.61,!    10/30/2027,,,,,
20.58,19.41,!    10/31/2027,,,,,
19.79,19.92,!    11/1/2027,,,,,
19.39,19.72,!    11/2/2027,,,,,
19.22,19.52,!    11/3/2027,,,,,
19.00,19.42,!    11/4/2027,,,,,
18.84,19.22,!    11/5/2027,,,,,
18.67,19.02,!    11/6/2027,,,,,
18.50,19.12,!    11/7/2027,,,,,
18.34,18.92,!    11/8/2027,,,,,
18.17,18.72,!    11/9/2027,,,,,
18.00,18.52,!    11/10/2027,,,,,
17.84,18.32,!    11/11/2027,,,,,
17.67,18.12,!    11/12/2027,,,,,
17.56,17.92,!    11/13/2027,,,,,
17.39,17.62,!    11/14/2027,,,,,
17.22,17.32,!    11/15/2027,,,,,
17.11,17.12,!    11/16/2027,,,,,
16.95,16.92,!    11/17/2027,,,,,
16.84,16.62,!    11/18/2027,,,,,
16.72,16.32,!    11/19/2027,,,,,
16.56,16.02,!    11/20/2027,,,,,
16.45,15.82,!    11/21/2027,,,,,
16.34,15.62,!    11/22/2027,,,,,
16.22,15.42,!    11/23/2027,,,,,
16.11,15.32,!    11/24/2027,,,,,
16.00,15.22,!    11/25/2027,,,,,
15.89,15.12,!    11/26/2027,,,,,
15.78,14.92,!    11/27/2027,,,,,
15.67,14.72,!    11/28/2027,,,,,
15.56,14.52,!    11/29/2027,,,,,
15.50,14.42,!    11/30/2027,,,,,
16.04,13.17,!    12/1/2027,,,,,
15.72,12.87,!    12/2/2027,,,,,
15.67,12.67,!    12/3/2027,,,,,
15.56,12.57,!    12/4/2027,,,,,
15.45,12.37,!    12/5/2027,,,,,
15.39,12.17,!    12/6/2027,,,,,
15.28,11.77,!    12/7/2027,,,,,
15.22,11.57,!    12/8/2027,,,,,
15.11,11.37,!    12/9/2027,,,,,
15.06,11.17,!    12/10/2027,,,,,
14.95,10.97,!    12/11/2027,,,,,
14.89,10.67,!    12/12/2027,,,,,
14.78,10.57,!    12/13/2027,,,,,
14.72,10.37,!    12/14/2027,,,,,
14.67,10.27,!    12/15/2027,,,,,
14.56,10.07,!    12/16/2027,,,,,
14.50,9.97,!    12/17/2027,,,,,
14.39,9.77,!    12/18/2027,,,,,
14.33,9.67,!    12/19/2027,,,,,
14.28,9.57,!    12/20/2027,,,,,
14.17,9.47,!    12/21/2027,,,,,
14.11,9.37,!    12/22/2027,,,,,
14.06,9.37,!    12/23/2027,,,,,
14.00,9.27,!    12/24/2027,,,,,
13.89,9.17,!    12/25/2027,,,,,
13.83,9.07,!    12/26/2027,,,,,
13.78,8.97,!    12/27/2027,,,,,
13.72,8.97,!    12/28/2027,,,,,
13.67,8.97,!    12/29/2027,,,,,
13.61,8.87,!    12/30/2027,,,,,
13.56,8.87,!    12/31/2027,,,,,
13.33,9.47,!    1/1/2028,,,,,
13.27,9.37,!    1/2/2028,,,,,
13.22,9.27,!    1/3/2028,,,,,
13.16,9.17,!    1/4/2028,,,,,
13.16,8.97,!    1/5/2028,,,,,
13.11,8.87,!    1/6/2028,,,,,
13.05,8.77,!    1/7/2028,,,,,
13.05,8.67,!    1/8/2028,,,,,
12.99,8.57,!    1/9/2028,,,,,
12.99,8.57,!    1/10/2028,,,,,
12.99,8.47,!    1/11/2028,,,,,
12.94,8.47,!    1/12/2028,,,,,
12.94,8.37,!    1/13/2028,,,,,
12.94,8.17,!    1/14/2028,,,,,
12.94,8.07,!    1/15/2028,,,,,
12.94,7.97,!    1/16/2028,,,,,
12.94,7.87,!    1/17/2028,,,,,
12.99,7.87,!    1/18/2028,,,,,
12.99,7.87,!    1/19/2028,,,,,
12.99,7.57,!    1/20/2028,,,,,
13.05,7.67,!    1/21/2028,,,,,
13.11,7.67,!    1/22/2028,,,,,
13.11,7.67,!    1/23/2028,,,,,
13.16,7.77,!    1/24/2028,,,,,
13.22,7.77,!    1/25/2028,,,,,
13.27,7.97,!    1/26/2028,,,,,
13.33,7.97,!    1/27/2028,,,,,
13.38,7.87,!    1/28/2028,,,,,
13.44,7.77,!    1/29/2028,,,,,
13.49,7.67,!    1/30/2028,,,,,
13.61,7.67,!    1/31/2028,,,,,
12.30,7.60,!    2/1/2028,,,,,
12.36,7.60,!    2/2/2028,,,,,
12.47,7.80,!    2/3/2028,,,,,
12.52,7.80,!    2/4/2028,,,,,
12.63,7.80,!    2/5/2028,,,,,
12.75,7.90,!    2/6/2028,,,,,
12.86,7.90,!    2/7/2028,,,,,
12.91,8.10,!    2/8/2028,,,,,
13.02,8.20,!    2/9/2028,,,,,
13.13,8.30,!    2/10/2028,,,,,
13.25,8.30,!    2/11/2028,,,,,
13.36,8.40,!    2/12/2028,,,,,
13.47,8.40,!    2/13/2028,,,,,
13.58,8.40,!    2/14/2028,,,,,
13.69,8.40,!    2/15/2028,,,,,
13.80,8.50,!    2/16/2028,,,,,
13.91,8.60,!    2/17/2028,,,,,
14.02,8.60,!    2/18/2028,,,,,
14.13,8.70,!    2/19/2028,,,,,
14.25,8.80,!    2/20/2028,,,,,
14.36,9.00,!    2/21/2028,,,,,
14.47,9.10,!    2/22/2028,,,,,
14.58,9.20,!    2/23/2028,,,,,
14.69,9.40,!    2/24/2028,,,,,
14.86,9.50,!    2/25/2028,,,,,
14.97,9.50,!    2/26/2028,,,,,
15.08,9.70,!    2/27/2028,,,,,
15.19,9.80,!    2/28/2028,,,,,
15.19,10.50,!    2/29/2028,,,,,
16.48,10.72,!    3/1/2028,,,,,
16.59,10.72,!    3/2/2028,,,,,
16.70,10.72,!    3/3/2028,,,,,
16.82,10.72,!    3/4/2028,,,,,
16.93,10.82,!    3/5/2028,,,,,
17.04,10.92,!    3/6/2028,,,,,
17.15,11.02,!    3/7/2028,,,,,
17.26,11.22,!    3/8/2028,,,,,
17.37,11.42,!    3/9/2028,,,,,
17.43,11.62,!    3/10/2028,,,,,
17.54,11.82,!    3/11/2028,,,,,
17.65,11.92,!    3/12/2028,,,,,
17.76,12.12,!    3/13/2028,,,,,
17.87,12.22,!    3/14/2028,,,,,
17.98,12.42,!    3/15/2028,,,,,
18.09,12.52,!    3/16/2028,,,,,
18.15,12.62,!    3/17/2028,,,,,
18.26,12.82,!    3/18/2028,,,,,
18.37,13.12,!    3/19/2028,,,,,
18.48,13.22,!    3/20/2028,,,,,
18.54,13.42,!    3/21/2028,,,,,
18.65,13.42,!    3/22/2028,,,,,
18.76,13.62,!    3/23/2028,,,,,
18.87,13.92,!    3/24/2028,,,,,
18.93,14.12,!    3/25/2028,,,,,
19.04,14.32,!    3/26/2028,,,,,
19.15,14.52,!    3/27/2028,,,,,
19.20,14.72,!    3/28/2028,,,,,
19.32,14.92,!    3/29/2028,,,,,
19.43,15.12,!    3/30/2028,,,,,
19.54,15.22,!    3/31/2028,,,,,
19.86,14.83,!    4/1/2028,,,,,
19.97,15.03,!    4/2/2028,,,,,
20.08,15.33,!    4/3/2028,,,,,
20.19,15.63,!    4/4/2028,,,,,
20.25,15.83,!    4/5/2028,,,,,
20.36,15.93,!    4/6/2028,,,,,
20.47,16.03,!    4/7/2028,,,,,
20.58,16.23,!    4/8/2028,,,,,
20.69,16.43,!    4/9/2028,,,,,
20.75,16.63,!    4/10/2028,,,,,
20.86,16.93,!    4/11/2028,,,,,
20.97,17.03,!    4/12/2028,,,,,
21.08,17.13,!    4/13/2028,,,,,
21.19,17.33,!    4/14/2028,,,,,
21.30,17.43,!    4/15/2028,,,,,
21.41,17.53,!    4/16/2028,,,,,
21.52,17.63,!    4/17/2028,,,,,
21.64,17.83,!    4/18/2028,,,,,
21.75,17.93,!    4/19/2028,,,,,
21.86,18.13,!    4/20/2028,,,,,
22.02,18.43,!    4/21/2028,,,,,
22.14,18.53,!    4/22/2028,,,,,
22.25,18.63,!    4/23/2028,,,,,
22.36,18.73,!    4/24/2028,,,,,
22.47,18.83,!    4/25/2028,,,,,
22.64,19.03,!    4/26/2028,,,,,
22.75,19.23,!    4/27/2028,,,,,
22.86,19.63,!    4/28/2028,,,,,
23.02,19.83,!    4/29/2028,,,,,
23.14,20.03,!    4/30/2028,,,,,
23.23,19.65,!    5/1/2028,,,,,
23.40,19.75,!    5/2/2028,,,,,
23.51,19.95,!    5/3/2028,,,,,
23.68,19.95,!    5/4/2028,,,,,
23.79,20.05,!    5/5/2028,,,,,
23.95,20.15,!    5/6/2028,,,,,
24.07,20.35,!    5/7/2028,,,,,
24.23,20.55,!    5/8/2028,,,,,
24.34,20.75,!    5/9/2028,,,,,
24.45,20.85,!    5/10/2028,,,,,
24.62,20.95,!    5/11/2028,,,,,
24.73,21.15,!    5/12/2028,,,,,
24.90,21.25,!    5/13/2028,,,,,
25.01,21.35,!    5/14/2028,,,,,
25.18,21.55,!    5/15/2028,,,,,
25.29,21.75,!    5/16/2028,,,,,
25.45,21.95,!    5/17/2028,,,,,
25.57,21.95,!    5/18/2028,,,,,
25.68,22.15,!    5/19/2028,,,,,
25.84,22.35,!    5/20/2028,,,,,
25.95,22.65,!    5/21/2028,,,,,
26.07,22.85,!    5/22/2028,,,,,
26.23,23.05,!    5/23/2028,,,,,
26.34,23.25,!    5/24/2028,,,,,
26.45,23.55,!    5/25/2028,,,,,
26.57,23.75,!    5/26/2028,,,,,
26.68,23.85,!    5/27/2028,,,,,
26.79,24.05,!    5/28/2028,,,,,
26.90,24.25,!    5/29/2028,,,,,
27.01,24.35,!    5/30/2028,,,,,
27.12,24.55,!    5/31/2028,,,,,
27.59,24.42,!    6/1/2028,,,,,
27.65,24.62,!    6/2/2028,,,,,
27.76,24.82,!    6/3/2028,,,,,
27.87,25.02,!    6/4/2028,,,,,
27.93,25.22,!    6/5/2028,,,,,
28.04,25.52,!    6/6/2028,,,,,
28.09,25.82,!    6/7/2028,,,,,
28.20,26.12,!    6/8/2028,,,,,
28.26,26.32,!    6/9/2028,,,,,
28.31,26.52,!    6/10/2028,,,,,
28.43,26.72,!    6/11/2028,,,,,
28.48,26.82,!    6/12/2028,,,,,
28.54,26.92,!    6/13/2028,,,,,
28.59,27.12,!    6/14/2028,,,,,
28.65,27.32,!    6/15/2028,,,,,
28.70,27.52,!    6/16/2028,,,,,
28.76,27.62,!    6/17/2028,,,,,
28.81,27.72,!    6/18/2028,,,,,
28.81,27.82,!    6/19/2028,,,,,
28.87,28.02,!    6/20/2028,,,,,
28.93,28.12,!    6/21/2028,,,,,
28.98,28.22,!    6/22/2028,,,,,
28.98,28.32,!    6/23/2028,,,,,
29.04,28.52,!    6/24/2028,,,,,
29.04,28.62,!    6/25/2028,,,,,
29.09,28.72,!    6/26/2028,,,,,
29.09,28.82,!    6/27/2028,,,,,
29.15,28.82,!    6/28/2028,,,,,
29.15,28.92,!    6/29/2028,,,,,
29.20,29.12,!    6/30/2028,,,,,
28.89,29.45,!    7/1/2028,,,,,
28.89,29.65,!    7/2/2028,,,,,
28.94,29.65,!    7/3/2028,,,,,
28.94,29.65,!    7/4/2028,,,,,
29.00,29.65,!    7/5/2028,,,,,
29.00,29.65,!    7/6/2028,,,,,
29.00,29.65,!    7/7/2028,,,,,
29.00,29.55,!    7/8/2028,,,,,
29.06,29.65,!    7/9/2028,,,,,
29.06,29.65,!    7/10/2028,,,,,
29.06,29.65,!    7/11/2028,,,,,
29.11,29.65,!    7/12/2028,,,,,
29.11,29.75,!    7/13/2028,,,,,
29.11,29.75,!    7/14/2028,,,,,
29.11,29.75,!    7/15/2028,,,,,
29.17,29.75,!    7/16/2028,,,,,
29.17,29.85,!    7/17/2028,,,,,
29.17,29.85,!    7/18/2028,,,,,
29.22,30.05,!    7/19/2028,,,,,
29.22,30.15,!    7/20/2028,,,,,
29.22,30.15,!    7/21/2028,,,,,
29.22,30.25,!    7/22/2028,,,,,
29.22,30.25,!    7/23/2028,,,,,
29.28,30.25,!    7/24/2028,,,,,
29.28,30.35,!    7/25/2028,,,,,
29.28,30.45,!    7/26/2028,,,,,
29.28,30.55,!    7/27/2028,,,,,
29.28,30.55,!    7/28/2028,,,,,
29.33,30.65,!    7/29/2028,,,,,
29.33,30.65,!    7/30/2028,,,,,
29.33,30.75,!    7/31/2028,,,,,
28.89,30.79,!    8/1/2028,,,,,
28.89,30.89,!    8/2/2028,,,,,
28.89,30.89,!    8/3/2028,,,,,
28.89,30.99,!    8/4/2028,,,,,
28.89,30.99,!    8/5/2028,,,,,
28.89,31.09,!    8/6/2028,,,,,
28.89,31.19,!    8/7/2028,,,,,
28.89,31.19,!    8/8/2028,,,,,
28.89,31.29,!    8/9/2028,,,,,
28.89,31.19,!    8/10/2028,,,,,
28.89,31.29,!    8/11/2028,,,,,
28.89,31.19,!    8/12/2028,,,,,
28.83,30.99,!    8/13/2028,,,,,
28.83,30.99,!    8/14/2028,,,,,
28.83,30.99,!    8/15/2028,,,,,
28.78,31.09,!    8/16/2028,,,,,
28.78,31.09,!    8/17/2028,,,,,
28.78,30.99,!    8/18/2028,,,,,
28.72,30.89,!    8/19/2028,,,,,
28.72,30.69,!    8/20/2028,,,,,
28.67,30.69,!    8/21/2028,,,,,
28.67,30.69,!    8/22/2028,,,,,
28.61,30.69,!    8/23/2028,,,,,
28.55,30.79,!    8/24/2028,,,,,
28.55,30.69,!    8/25/2028,,,,,
28.50,30.59,!    8/26/2028,,,,,
28.44,30.49,!    8/27/2028,,,,,
28.39,30.39,!    8/28/2028,,,,,
28.39,30.29,!    8/29/2028,,,,,
28.33,30.19,!    8/30/2028,,,,,
28.28,30.09,!    8/31/2028,,,,,
28.25,30.02,!    9/1/2028,,,,,
28.19,29.92,!    9/2/2028,,,,,
28.13,29.72,!    9/3/2028,,,,,
28.02,29.72,!    9/4/2028,,,,,
27.97,29.62,!    9/5/2028,,,,,
27.91,29.62,!    9/6/2028,,,,,
27.86,29.62,!    9/7/2028,,,,,
27.75,29.52,!    9/8/2028,,,,,
27.69,29.42,!    9/9/2028,,,,,
27.63,29.32,!    9/10/2028,,,,,
27.52,29.12,!    9/11/2028,,,,,
27.47,29.02,!    9/12/2028,,,,,
27.36,29.02,!    9/13/2028,,,,,
27.25,28.92,!    9/14/2028,,,,,
27.19,28.82,!    9/15/2028,,,,,
27.08,28.62,!    9/16/2028,,,,,
26.97,28.52,!    9/17/2028,,,,,
26.86,28.42,!    9/18/2028,,,,,
26.75,28.12,!    9/19/2028,,,,,
26.63,28.02,!    9/20/2028,,,,,
26.52,27.82,!    9/21/2028,,,,,
26.41,27.72,!    9/22/2028,,,,,
26.30,27.72,!    9/23/2028,,,,,
26.13,27.52,!    9/24/2028,,,,,
26.02,27.42,!    9/25/2028,,,,,
25.91,27.12,!    9/26/2028,,,,,
25.75,27.12,!    9/27/2028,,,,,
25.63,27.02,!    9/28/2028,,,,,
25.47,26.82,!    9/29/2028,,,,,
25.30,26.62,!    9/30/2028,,,,,
25.48,25.88,!    10/1/2028,,,,,
25.32,25.58,!    10/2/2028,,,,,
25.15,25.38,!    10/3/2028,,,,,
24.98,25.38,!    10/4/2028,,,,,
24.82,25.28,!    10/5/2028,,,,,
24.65,25.08,!    10/6/2028,,,,,
24.48,24.88,!    10/7/2028,,,,,
24.32,24.68,!    10/8/2028,,,,,
24.09,24.48,!    10/9/2028,,,,,
23.93,24.38,!    10/10/2028,,,,,
23.76,24.28,!    10/11/2028,,,,,
23.59,24.08,!    10/12/2028,,,,,
23.37,23.88,!    10/13/2028,,,,,
23.20,23.68,!    10/14/2028,,,,,
22.98,23.48,!    10/15/2028,,,,,
22.82,23.28,!    10/16/2028,,,,,
22.59,22.98,!    10/17/2028,,,,,
22.43,22.78,!    10/18/2028,,,,,
22.20,22.48,!    10/19/2028,,,,,
22.04,21.98,!    10/20/2028,,,,,
21.82,21.68,!    10/21/2028,,,,,
21.65,21.38,!    10/22/2028,,,,,
21.43,20.98,!    10/23/2028,,,,,
21.26,20.68,!    10/24/2028,,,,,
21.04,20.28,!    10/25/2028,,,,,
20.87,20.08,!    10/26/2028,,,,,
20.65,19.88,!    10/27/2028,,,,,
20.48,19.38,!    10/28/2028,,,,,
20.26,18.98,!    10/29/2028,,,,,
20.09,18.78,!    10/30/2028,,,,,
19.87,18.58,!    10/31/2028,,,,,
20.29,19.59,!    11/1/2028,,,,,
20.12,19.39,!    11/2/2028,,,,,
19.90,19.29,!    11/3/2028,,,,,
19.74,19.09,!    11/4/2028,,,,,
19.57,18.89,!    11/5/2028,,,,,
19.40,18.99,!    11/6/2028,,,,,
19.24,18.79,!    11/7/2028,,,,,
19.07,18.59,!    11/8/2028,,,,,
18.90,18.39,!    11/9/2028,,,,,
18.74,18.19,!    11/10/2028,,,,,
18.57,17.99,!    11/11/2028,,,,,
18.46,17.79,!    11/12/2028,,,,,
18.29,17.49,!    11/13/2028,,,,,
18.12,17.19,!    11/14/2028,,,,,
18.01,16.99,!    11/15/2028,,,,,
17.85,16.79,!    11/16/2028,,,,,
17.74,16.49,!    11/17/2028,,,,,
17.62,16.19,!    11/18/2028,,,,,
17.46,15.89,!    11/19/2028,,,,,
17.35,15.69,!    11/20/2028,,,,,
17.24,15.49,!    11/21/2028,,,,,
17.12,15.29,!    11/22/2028,,,,,
17.01,15.19,!    11/23/2028,,,,,
16.90,15.09,!    11/24/2028,,,,,
16.79,14.99,!    11/25/2028,,,,,
16.68,14.79,!    11/26/2028,,,,,
16.57,14.59,!    11/27/2028,,,,,
16.46,14.39,!    11/28/2028,,,,,
16.40,14.29,!    11/29/2028,,,,,
16.29,14.19,!    11/30/2028,,,,,
14.88,13.39,!    12/1/2028,,,,,
14.83,13.19,!    12/2/2028,,,,,
14.72,13.09,!    12/3/2028,,,,,
14.61,12.89,!    12/4/2028,,,,,
14.55,12.69,!    12/5/2028,,,,,
14.44,12.29,!    12/6/2028,,,,,
14.38,12.09,!    12/7/2028,,,,,
14.27,11.89,!    12/8/2028,,,,,
14.22,11.69,!    12/9/2028,,,,,
14.11,11.49,!    12/10/2028,,,,,
14.05,11.19,!    12/11/2028,,,,,
13.94,11.09,!    12/12/2028,,,,,
13.88,10.89,!    12/13/2028,,,,,
13.83,10.79,!    12/14/2028,,,,,
13.72,10.59,!    12/15/2028,,,,,
13.66,10.49,!    12/16/2028,,,,,
13.55,10.29,!    12/17/2028,,,,,
13.49,10.19,!    12/18/2028,,,,,
13.44,10.09,!    12/19/2028,,,,,
13.33,9.99,!    12/20/2028,,,,,
13.27,9.89,!    12/21/2028,,,,,
13.22,9.89,!    12/22/2028,,,,,
13.16,9.79,!    12/23/2028,,,,,
13.05,9.69,!    12/24/2028,,,,,
12.99,9.59,!    12/25/2028,,,,,
12.94,9.49,!    12/26/2028,,,,,
12.88,9.49,!    12/27/2028,,,,,
12.83,9.49,!    12/28/2028,,,,,
12.77,9.39,!    12/29/2028,,,,,
12.72,9.39,!    12/30/2028,,,,,
12.66,9.39,!    12/31/2028,,,,,
13.70,9.17,!    1/1/2029,,,,,
13.65,9.07,!    1/2/2029,,,,,
13.59,8.97,!    1/3/2029,,,,,
13.54,8.87,!    1/4/2029,,,,,
13.54,8.67,!    1/5/2029,,,,,
13.48,8.57,!    1/6/2029,,,,,
13.43,8.47,!    1/7/2029,,,,,
13.43,8.37,!    1/8/2029,,,,,
13.37,8.27,!    1/9/2029,,,,,
13.37,8.27,!    1/10/2029,,,,,
13.37,8.17,!    1/11/2029,,,,,
13.31,8.17,!    1/12/2029,,,,,
13.31,8.07,!    1/13/2029,,,,,
13.31,7.87,!    1/14/2029,,,,,
13.31,7.77,!    1/15/2029,,,,,
13.31,7.67,!    1/16/2029,,,,,
13.31,7.57,!    1/17/2029,,,,,
13.37,7.57,!    1/18/2029,,,,,
13.37,7.57,!    1/19/2029,,,,,
13.37,7.27,!    1/20/2029,,,,,
13.43,7.37,!    1/21/2029,,,,,
13.48,7.37,!    1/22/2029,,,,,
13.48,7.37,!    1/23/2029,,,,,
13.54,7.47,!    1/24/2029,,,,,
13.59,7.47,!    1/25/2029,,,,,
13.65,7.67,!    1/26/2029,,,,,
13.70,7.67,!    1/27/2029,,,,,
13.76,7.57,!    1/28/2029,,,,,
13.81,7.47,!    1/29/2029,,,,,
13.87,7.37,!    1/30/2029,,,,,
13.98,7.37,!    1/31/2029,,,,,
13.53,6.80,!    2/1/2029,,,,,
13.58,6.80,!    2/2/2029,,,,,
13.70,7.00,!    2/3/2029,,,,,
13.75,7.00,!    2/4/2029,,,,,
13.86,7.00,!    2/5/2029,,,,,
13.97,7.10,!    2/6/2029,,,,,
14.08,7.10,!    2/7/2029,,,,,
14.14,7.30,!    2/8/2029,,,,,
14.25,7.40,!    2/9/2029,,,,,
14.36,7.50,!    2/10/2029,,,,,
14.47,7.50,!    2/11/2029,,,,,
14.58,7.60,!    2/12/2029,,,,,
14.70,7.60,!    2/13/2029,,,,,
14.81,7.60,!    2/14/2029,,,,,
14.92,7.60,!    2/15/2029,,,,,
15.03,7.70,!    2/16/2029,,,,,
15.14,7.80,!    2/17/2029,,,,,
15.25,7.80,!    2/18/2029,,,,,
15.36,7.90,!    2/19/2029,,,,,
15.47,8.00,!    2/20/2029,,,,,
15.58,8.20,!    2/21/2029,,,,,
15.70,8.30,!    2/22/2029,,,,,
15.81,8.40,!    2/23/2029,,,,,
15.92,8.60,!    2/24/2029,,,,,
16.08,8.70,!    2/25/2029,,,,,
16.20,8.70,!    2/26/2029,,,,,
16.31,8.90,!    2/27/2029,,,,,
16.42,9.00,!    2/28/2029,,,,,
16.02,9.72,!    3/1/2029,,,,,
16.33,9.22,!    3/2/2029,,,,,
16.44,9.22,!    3/3/2029,,,,,
16.55,9.22,!    3/4/2029,,,,,
16.66,9.22,!    3/5/2029,,,,,
16.78,9.32,!    3/6/2029,,,,,
16.89,9.42,!    3/7/2029,,,,,
17.00,9.52,!    3/8/2029,,,,,
17.11,9.72,!    3/9/2029,,,,,
17.22,9.92,!    3/10/2029,,,,,
17.28,10.12,!    3/11/2029,,,,,
17.39,10.32,!    3/12/2029,,,,,
17.50,10.42,!    3/13/2029,,,,,
17.61,10.62,!    3/14/2029,,,,,
17.72,10.72,!    3/15/2029,,,,,
17.83,10.92,!    3/16/2029,,,,,
17.94,11.02,!    3/17/2029,,,,,
18.00,11.12,!    3/18/2029,,,,,
18.11,11.32,!    3/19/2029,,,,,
18.22,11.62,!    3/20/2029,,,,,
18.33,11.72,!    3/21/2029,,,,,
18.39,11.92,!    3/22/2029,,,,,
18.50,11.92,!    3/23/2029,,,,,
18.61,12.12,!    3/24/2029,,,,,
18.72,12.42,!    3/25/2029,,,,,
18.78,12.62,!    3/26/2029,,,,,
18.89,12.82,!    3/27/2029,,,,,
19.00,13.02,!    3/28/2029,,,,,
19.05,13.22,!    3/29/2029,,,,,
19.16,13.42,!    3/30/2029,,,,,
19.28,13.62,!    3/31/2029,,,,,
19.34,14.72,!    4/1/2029,,,,,
19.78,14.92,!    4/2/2029,,,,,
19.89,15.12,!    4/3/2029,,,,,
20.00,15.42,!    4/4/2029,,,,,
20.11,15.72,!    4/5/2029,,,,,
20.16,15.92,!    4/6/2029,,,,,
20.28,16.02,!    4/7/2029,,,,,
20.39,16.12,!    4/8/2029,,,,,
20.50,16.32,!    4/9/2029,,,,,
20.61,16.52,!    4/10/2029,,,,,
20.66,16.72,!    4/11/2029,,,,,
20.78,17.02,!    4/12/2029,,,,,
20.89,17.12,!    4/13/2029,,,,,
21.00,17.22,!    4/14/2029,,,,,
21.11,17.42,!    4/15/2029,,,,,
21.22,17.52,!    4/16/2029,,,,,
21.33,17.62,!    4/17/2029,,,,,
21.44,17.72,!    4/18/2029,,,,,
21.55,17.92,!    4/19/2029,,,,,
21.66,18.02,!    4/20/2029,,,,,
21.78,18.22,!    4/21/2029,,,,,
21.94,18.52,!    4/22/2029,,,,,
22.05,18.62,!    4/23/2029,,,,,
22.16,18.72,!    4/24/2029,,,,,
22.28,18.82,!    4/25/2029,,,,,
22.39,18.92,!    4/26/2029,,,,,
22.55,19.12,!    4/27/2029,,,,,
22.66,19.32,!    4/28/2029,,,,,
22.78,19.72,!    4/29/2029,,,,,
22.94,19.92,!    4/30/2029,,,,,
22.89,19.72,!    5/1/2029,,,,,
23.11,19.92,!    5/2/2029,,,,,
23.28,20.02,!    5/3/2029,,,,,
23.39,20.22,!    5/4/2029,,,,,
23.56,20.22,!    5/5/2029,,,,,
23.67,20.32,!    5/6/2029,,,,,
23.84,20.42,!    5/7/2029,,,,,
23.95,20.62,!    5/8/2029,,,,,
24.11,20.82,!    5/9/2029,,,,,
24.22,21.02,!    5/10/2029,,,,,
24.34,21.12,!    5/11/2029,,,,,
24.50,21.22,!    5/12/2029,,,,,
24.61,21.42,!    5/13/2029,,,,,
24.78,21.52,!    5/14/2029,,,,,
24.89,21.62,!    5/15/2029,,,,,
25.06,21.82,!    5/16/2029,,,,,
25.17,22.02,!    5/17/2029,,,,,
25.34,22.22,!    5/18/2029,,,,,
25.45,22.22,!    5/19/2029,,,,,
25.56,22.42,!    5/20/2029,,,,,
25.72,22.62,!    5/21/2029,,,,,
25.84,22.92,!    5/22/2029,,,,,
25.95,23.12,!    5/23/2029,,,,,
26.11,23.32,!    5/24/2029,,,,,
26.22,23.52,!    5/25/2029,,,,,
26.34,23.82,!    5/26/2029,,,,,
26.45,24.02,!    5/27/2029,,,,,
26.56,24.12,!    5/28/2029,,,,,
26.67,24.32,!    5/29/2029,,,,,
26.78,24.52,!    5/30/2029,,,,,
26.89,24.62,!    5/31/2029,,,,,
27.37,24.95,!    6/1/2029,,,,,
27.57,25.15,!    6/2/2029,,,,,
27.62,25.35,!    6/3/2029,,,,,
27.73,25.55,!    6/4/2029,,,,,
27.84,25.75,!    6/5/2029,,,,,
27.90,25.95,!    6/6/2029,,,,,
28.01,26.25,!    6/7/2029,,,,,
28.07,26.55,!    6/8/2029,,,,,
28.18,26.85,!    6/9/2029,,,,,
28.23,27.05,!    6/10/2029,,,,,
28.29,27.25,!    6/11/2029,,,,,
28.40,27.45,!    6/12/2029,,,,,
28.46,27.55,!    6/13/2029,,,,,
28.51,27.65,!    6/14/2029,,,,,
28.57,27.85,!    6/15/2029,,,,,
28.62,28.05,!    6/16/2029,,,,,
28.68,28.25,!    6/17/2029,,,,,
28.73,28.35,!    6/18/2029,,,,,
28.79,28.45,!    6/19/2029,,,,,
28.79,28.55,!    6/20/2029,,,,,
28.84,28.75,!    6/21/2029,,,,,
28.90,28.85,!    6/22/2029,,,,,
28.96,28.95,!    6/23/2029,,,,,
28.96,29.05,!    6/24/2029,,,,,
29.01,29.25,!    6/25/2029,,,,,
29.01,29.35,!    6/26/2029,,,,,
29.07,29.45,!    6/27/2029,,,,,
29.07,29.55,!    6/28/2029,,,,,
29.12,29.55,!    6/29/2029,,,,,
29.12,29.65,!    6/30/2029,,,,,
29.13,29.92,!    7/1/2029,,,,,
29.07,30.02,!    7/2/2029,,,,,
29.07,30.22,!    7/3/2029,,,,,
29.13,30.22,!    7/4/2029,,,,,
29.13,30.22,!    7/5/2029,,,,,
29.18,30.22,!    7/6/2029,,,,,
29.18,30.22,!    7/7/2029,,,,,
29.18,30.22,!    7/8/2029,,,,,
29.18,30.12,!    7/9/2029,,,,,
29.24,30.22,!    7/10/2029,,,,,
29.24,30.22,!    7/11/2029,,,,,
29.24,30.22,!    7/12/2029,,,,,
29.29,30.22,!    7/13/2029,,,,,
29.29,30.32,!    7/14/2029,,,,,
29.29,30.32,!    7/15/2029,,,,,
29.29,30.32,!    7/16/2029,,,,,
29.35,30.32,!    7/17/2029,,,,,
29.35,30.42,!    7/18/2029,,,,,
29.35,30.42,!    7/19/2029,,,,,
29.40,30.62,!    7/20/2029,,,,,
29.40,30.72,!    7/21/2029,,,,,
29.40,30.72,!    7/22/2029,,,,,
29.40,30.82,!    7/23/2029,,,,,
29.40,30.82,!    7/24/2029,,,,,
29.46,30.82,!    7/25/2029,,,,,
29.46,30.92,!    7/26/2029,,,,,
29.46,31.02,!    7/27/2029,,,,,
29.46,31.12,!    7/28/2029,,,,,
29.46,31.12,!    7/29/2029,,,,,
29.51,31.22,!    7/30/2029,,,,,
29.51,31.22,!    7/31/2029,,,,,
29.50,30.92,!    8/1/2029,,,,,
29.51,30.82,!    8/2/2029,,,,,
29.51,30.92,!    8/3/2029,,,,,
29.51,30.92,!    8/4/2029,,,,,
29.51,31.02,!    8/5/2029,,,,,
29.51,31.02,!    8/6/2029,,,,,
29.51,31.12,!    8/7/2029,,,,,
29.51,31.22,!    8/8/2029,,,,,
29.51,31.22,!    8/9/2029,,,,,
29.51,31.32,!    8/10/2029,,,,,
29.51,31.22,!    8/11/2029,,,,,
29.51,31.32,!    8/12/2029,,,,,
29.51,31.22,!    8/13/2029,,,,,
29.46,31.02,!    8/14/2029,,,,,
29.46,31.02,!    8/15/2029,,,,,
29.46,31.02,!    8/16/2029,,,,,
29.40,31.12,!    8/17/2029,,,,,
29.40,31.12,!    8/18/2029,,,,,
29.40,31.02,!    8/19/2029,,,,,
29.35,30.92,!    8/20/2029,,,,,
29.35,30.72,!    8/21/2029,,,,,
29.29,30.72,!    8/22/2029,,,,,
29.29,30.72,!    8/23/2029,,,,,
29.24,30.72,!    8/24/2029,,,,,
29.18,30.82,!    8/25/2029,,,,,
29.18,30.72,!    8/26/2029,,,,,
29.13,30.62,!    8/27/2029,,,,,
29.07,30.52,!    8/28/2029,,,,,
29.01,30.42,!    8/29/2029,,,,,
29.01,30.32,!    8/30/2029,,,,,
28.96,30.22,!    8/31/2029,,,,,
28.73,30.21,!    9/1/2029,,,,,
28.54,30.11,!    9/2/2029,,,,,
28.48,30.01,!    9/3/2029,,,,,
28.42,29.81,!    9/4/2029,,,,,
28.31,29.81,!    9/5/2029,,,,,
28.26,29.71,!    9/6/2029,,,,,
28.20,29.71,!    9/7/2029,,,,,
28.15,29.71,!    9/8/2029,,,,,
28.04,29.61,!    9/9/2029,,,,,
27.98,29.51,!    9/10/2029,,,,,
27.92,29.41,!    9/11/2029,,,,,
27.81,29.21,!    9/12/2029,,,,,
27.76,29.11,!    9/13/2029,,,,,
27.65,29.11,!    9/14/2029,,,,,
27.54,29.01,!    9/15/2029,,,,,
27.48,28.91,!    9/16/2029,,,,,
27.37,28.71,!    9/17/2029,,,,,
27.26,28.61,!    9/18/2029,,,,,
27.15,28.51,!    9/19/2029,,,,,
27.04,28.21,!    9/20/2029,,,,,
26.92,28.11,!    9/21/2029,,,,,
26.81,27.91,!    9/22/2029,,,,,
26.70,27.81,!    9/23/2029,,,,,
26.59,27.81,!    9/24/2029,,,,,
26.42,27.61,!    9/25/2029,,,,,
26.31,27.51,!    9/26/2029,,,,,
26.20,27.21,!    9/27/2029,,,,,
26.04,27.21,!    9/28/2029,,,,,
25.92,27.11,!    9/29/2029,,,,,
25.76,26.91,!    9/30/2029,,,,,
26.34,26.62,!    10/1/2029,,,,,
26.06,26.32,!    10/2/2029,,,,,
25.89,26.02,!    10/3/2029,,,,,
25.72,25.82,!    10/4/2029,,,,,
25.56,25.82,!    10/5/2029,,,,,
25.39,25.72,!    10/6/2029,,,,,
25.22,25.52,!    10/7/2029,,,,,
25.06,25.32,!    10/8/2029,,,,,
24.89,25.12,!    10/9/2029,,,,,
24.67,24.92,!    10/10/2029,,,,,
24.50,24.82,!    10/11/2029,,,,,
24.33,24.72,!    10/12/2029,,,,,
24.17,24.52,!    10/13/2029,,,,,
23.94,24.32,!    10/14/2029,,,,,
23.78,24.12,!    10/15/2029,,,,,
23.56,23.92,!    10/16/2029,,,,,
23.39,23.72,!    10/17/2029,,,,,
23.17,23.42,!    10/18/2029,,,,,
23.00,23.22,!    10/19/2029,,,,,
22.78,22.92,!    10/20/2029,,,,,
22.61,22.42,!    10/21/2029,,,,,
22.39,22.12,!    10/22/2029,,,,,
22.22,21.82,!    10/23/2029,,,,,
22.00,21.42,!    10/24/2029,,,,,
21.83,21.12,!    10/25/2029,,,,,
21.61,20.72,!    10/26/2029,,,,,
21.44,20.52,!    10/27/2029,,,,,
21.22,20.32,!    10/28/2029,,,,,
21.06,19.82,!    10/29/2029,,,,,
20.83,19.42,!    10/30/2029,,,,,
20.67,19.22,!    10/31/2029,,,,,
20.53,19.67,!    11/1/2029,,,,,
20.13,19.47,!    11/2/2029,,,,,
19.96,19.27,!    11/3/2029,,,,,
19.74,19.17,!    11/4/2029,,,,,
19.57,18.97,!    11/5/2029,,,,,
19.41,18.77,!    11/6/2029,,,,,
19.24,18.87,!    11/7/2029,,,,,
19.07,18.67,!    11/8/2029,,,,,
18.91,18.47,!    11/9/2029,,,,,
18.74,18.27,!    11/10/2029,,,,,
18.57,18.07,!    11/11/2029,,,,,
18.41,17.87,!    11/12/2029,,,,,
18.29,17.67,!    11/13/2029,,,,,
18.13,17.37,!    11/14/2029,,,,,
17.96,17.07,!    11/15/2029,,,,,
17.85,16.87,!    11/16/2029,,,,,
17.68,16.67,!    11/17/2029,,,,,
17.57,16.37,!    11/18/2029,,,,,
17.46,16.07,!    11/19/2029,,,,,
17.29,15.77,!    11/20/2029,,,,,
17.18,15.57,!    11/21/2029,,,,,
17.07,15.37,!    11/22/2029,,,,,
16.96,15.17,!    11/23/2029,,,,,
16.85,15.07,!    11/24/2029,,,,,
16.74,14.97,!    11/25/2029,,,,,
16.63,14.87,!    11/26/2029,,,,,
16.52,14.67,!    11/27/2029,,,,,
16.41,14.47,!    11/28/2029,,,,,
16.29,14.27,!    11/29/2029,,,,,
16.24,14.17,!    11/30/2029,,,,,
15.53,13.83,!    12/1/2029,,,,,
15.21,13.53,!    12/2/2029,,,,,
15.16,13.33,!    12/3/2029,,,,,
15.05,13.23,!    12/4/2029,,,,,
14.94,13.03,!    12/5/2029,,,,,
14.88,12.83,!    12/6/2029,,,,,
14.77,12.43,!    12/7/2029,,,,,
14.71,12.23,!    12/8/2029,,,,,
14.60,12.03,!    12/9/2029,,,,,
14.55,11.83,!    12/10/2029,,,,,
14.44,11.63,!    12/11/2029,,,,,
14.38,11.33,!    12/12/2029,,,,,
14.27,11.23,!    12/13/2029,,,,,
14.21,11.03,!    12/14/2029,,,,,
14.16,10.93,!    12/15/2029,,,,,
14.05,10.73,!    12/16/2029,,,,,
13.99,10.63,!    12/17/2029,,,,,
13.88,10.43,!    12/18/2029,,,,,
13.82,10.33,!    12/19/2029,,,,,
13.77,10.23,!    12/20/2029,,,,,
13.66,10.13,!    12/21/2029,,,,,
13.60,10.03,!    12/22/2029,,,,,
13.55,10.03,!    12/23/2029,,,,,
13.49,9.93,!    12/24/2029,,,,,
13.38,9.83,!    12/25/2029,,,,,
13.32,9.73,!    12/26/2029,,,,,
13.27,9.63,!    12/27/2029,,,,,
13.21,9.63,!    12/28/2029,,,,,
13.16,9.63,!    12/29/2029,,,,,
13.10,9.53,!    12/30/2029,,,,,
13.05,9.53,!    12/31/2029,,,,,
13.54,9.26,!    1/1/2030,,,,,
13.48,9.16,!    1/2/2030,,,,,
13.42,9.06,!    1/3/2030,,,,,
13.37,8.96,!    1/4/2030,,,,,
13.37,8.76,!    1/5/2030,,,,,
13.31,8.66,!    1/6/2030,,,,,
13.26,8.56,!    1/7/2030,,,,,
13.26,8.46,!    1/8/2030,,,,,
13.20,8.36,!    1/9/2030,,,,,
13.20,8.36,!    1/10/2030,,,,,
13.20,8.26,!    1/11/2030,,,,,
13.15,8.26,!    1/12/2030,,,,,
13.15,8.16,!    1/13/2030,,,,,
13.15,7.96,!    1/14/2030,,,,,
13.15,7.86,!    1/15/2030,,,,,
13.15,7.76,!    1/16/2030,,,,,
13.15,7.66,!    1/17/2030,,,,,
13.20,7.66,!    1/18/2030,,,,,
13.20,7.66,!    1/19/2030,,,,,
13.20,7.36,!    1/20/2030,,,,,
13.26,7.46,!    1/21/2030,,,,,
13.31,7.46,!    1/22/2030,,,,,
13.31,7.46,!    1/23/2030,,,,,
13.37,7.56,!    1/24/2030,,,,,
13.42,7.56,!    1/25/2030,,,,,
13.48,7.76,!    1/26/2030,,,,,
13.54,7.76,!    1/27/2030,,,,,
13.59,7.66,!    1/28/2030,,,,,
13.65,7.56,!    1/29/2030,,,,,
13.70,7.46,!    1/30/2030,,,,,
13.81,7.46,!    1/31/2030,,,,,
13.19,8.20,!    2/1/2030,,,,,
13.25,8.20,!    2/2/2030,,,,,
13.36,8.40,!    2/3/2030,,,,,
13.42,8.40,!    2/4/2030,,,,,
13.53,8.40,!    2/5/2030,,,,,
13.64,8.50,!    2/6/2030,,,,,
13.75,8.50,!    2/7/2030,,,,,
13.80,8.70,!    2/8/2030,,,,,
13.92,8.80,!    2/9/2030,,,,,
14.03,8.90,!    2/10/2030,,,,,
14.14,8.90,!    2/11/2030,,,,,
14.25,9.00,!    2/12/2030,,,,,
14.36,9.00,!    2/13/2030,,,,,
14.47,9.00,!    2/14/2030,,,,,
14.58,9.00,!    2/15/2030,,,,,
14.69,9.10,!    2/16/2030,,,,,
14.80,9.20,!    2/17/2030,,,,,
14.92,9.20,!    2/18/2030,,,,,
15.03,9.30,!    2/19/2030,,,,,
15.14,9.40,!    2/20/2030,,,,,
15.25,9.60,!    2/21/2030,,,,,
15.36,9.70,!    2/22/2030,,,,,
15.47,9.80,!    2/23/2030,,,,,
15.58,10.00,!    2/24/2030,,,,,
15.75,10.10,!    2/25/2030,,,,,
15.86,10.10,!    2/26/2030,,,,,
15.97,10.30,!    2/27/2030,,,,,
16.08,10.40,!    2/28/2030,,,,,
16.76,10.63,!    3/1/2030,,,,,
17.08,10.13,!    3/2/2030,,,,,
17.19,10.13,!    3/3/2030,,,,,
17.30,10.13,!    3/4/2030,,,,,
17.41,10.13,!    3/5/2030,,,,,
17.52,10.23,!    3/6/2030,,,,,
17.63,10.33,!    3/7/2030,,,,,
17.74,10.43,!    3/8/2030,,,,,
17.86,10.63,!    3/9/2030,,,,,
17.97,10.83,!    3/10/2030,,,,,
18.02,11.03,!    3/11/2030,,,,,
18.13,11.23,!    3/12/2030,,,,,
18.24,11.33,!    3/13/2030,,,,,
18.36,11.53,!    3/14/2030,,,,,
18.47,11.63,!    3/15/2030,,,,,
18.58,11.83,!    3/16/2030,,,,,
18.69,11.93,!    3/17/2030,,,,,
18.74,12.03,!    3/18/2030,,,,,
18.86,12.23,!    3/19/2030,,,,,
18.97,12.53,!    3/20/2030,,,,,
19.08,12.63,!    3/21/2030,,,,,
19.13,12.83,!    3/22/2030,,,,,
19.24,12.83,!    3/23/2030,,,,,
19.36,13.03,!    3/24/2030,,,,,
19.47,13.33,!    3/25/2030,,,,,
19.52,13.53,!    3/26/2030,,,,,
19.63,13.73,!    3/27/2030,,,,,
19.74,13.93,!    3/28/2030,,,,,
19.80,14.13,!    3/29/2030,,,,,
19.91,14.33,!    3/30/2030,,,,,
20.02,14.53,!    3/31/2030,,,,,
19.98,14.53,!    4/1/2030,,,,,
20.42,14.73,!    4/2/2030,,,,,
20.53,14.93,!    4/3/2030,,,,,
20.64,15.23,!    4/4/2030,,,,,
20.75,15.53,!    4/5/2030,,,,,
20.81,15.73,!    4/6/2030,,,,,
20.92,15.83,!    4/7/2030,,,,,
21.03,15.93,!    4/8/2030,,,,,
21.14,16.13,!    4/9/2030,,,,,
21.25,16.33,!    4/10/2030,,,,,
21.31,16.53,!    4/11/2030,,,,,
21.42,16.83,!    4/12/2030,,,,,
21.53,16.93,!    4/13/2030,,,,,
21.64,17.03,!    4/14/2030,,,,,
21.75,17.23,!    4/15/2030,,,,,
21.86,17.33,!    4/16/2030,,,,,
21.97,17.43,!    4/17/2030,,,,,
22.09,17.53,!    4/18/2030,,,,,
22.20,17.73,!    4/19/2030,,,,,
22.31,17.83,!    4/20/2030,,,,,
22.42,18.03,!    4/21/2030,,,,,
22.59,18.33,!    4/22/2030,,,,,
22.70,18.43,!    4/23/2030,,,,,
22.81,18.53,!    4/24/2030,,,,,
22.92,18.63,!    4/25/2030,,,,,
23.03,18.73,!    4/26/2030,,,,,
23.20,18.93,!    4/27/2030,,,,,
23.31,19.13,!    4/28/2030,,,,,
23.42,19.53,!    4/29/2030,,,,,
23.59,19.73,!    4/30/2030,,,,,
23.17,20.12,!    5/1/2030,,,,,
23.39,20.32,!    5/2/2030,,,,,
23.55,20.42,!    5/3/2030,,,,,
23.66,20.62,!    5/4/2030,,,,,
23.83,20.62,!    5/5/2030,,,,,
23.94,20.72,!    5/6/2030,,,,,
24.11,20.82,!    5/7/2030,,,,,
24.22,21.02,!    5/8/2030,,,,,
24.39,21.22,!    5/9/2030,,,,,
24.50,21.42,!    5/10/2030,,,,,
24.61,21.52,!    5/11/2030,,,,,
24.78,21.62,!    5/12/2030,,,,,
24.89,21.82,!    5/13/2030,,,,,
25.05,21.92,!    5/14/2030,,,,,
25.16,22.02,!    5/15/2030,,,,,
25.33,22.22,!    5/16/2030,,,,,
25.44,22.42,!    5/17/2030,,,,,
25.61,22.62,!    5/18/2030,,,,,
25.72,22.62,!    5/19/2030,,,,,
25.83,22.82,!    5/20/2030,,,,,
26.00,23.02,!    5/21/2030,,,,,
26.11,23.32,!    5/22/2030,,,,,
26.22,23.52,!    5/23/2030,,,,,
26.39,23.72,!    5/24/2030,,,,,
26.50,23.92,!    5/25/2030,,,,,
26.61,24.22,!    5/26/2030,,,,,
26.72,24.42,!    5/27/2030,,,,,
26.83,24.52,!    5/28/2030,,,,,
26.94,24.72,!    5/29/2030,,,,,
27.05,24.92,!    5/30/2030,,,,,
27.16,25.02,!    5/31/2030,,,,,
27.22,24.52,!    6/1/2030,,,,,
27.41,24.72,!    6/2/2030,,,,,
27.47,24.92,!    6/3/2030,,,,,
27.58,25.12,!    6/4/2030,,,,,
27.69,25.32,!    6/5/2030,,,,,
27.75,25.52,!    6/6/2030,,,,,
27.86,25.82,!    6/7/2030,,,,,
27.91,26.12,!    6/8/2030,,,,,
28.03,26.42,!    6/9/2030,,,,,
28.08,26.62,!    6/10/2030,,,,,
28.14,26.82,!    6/11/2030,,,,,
28.25,27.02,!    6/12/2030,,,,,
28.30,27.12,!    6/13/2030,,,,,
28.36,27.22,!    6/14/2030,,,,,
28.41,27.42,!    6/15/2030,,,,,
28.47,27.62,!    6/16/2030,,,,,
28.53,27.82,!    6/17/2030,,,,,
28.58,27.92,!    6/18/2030,,,,,
28.64,28.02,!    6/19/2030,,,,,
28.64,28.12,!    6/20/2030,,,,,
28.69,28.32,!    6/21/2030,,,,,
28.75,28.42,!    6/22/2030,,,,,
28.80,28.52,!    6/23/2030,,,,,
28.80,28.62,!    6/24/2030,,,,,
28.86,28.82,!    6/25/2030,,,,,
28.86,28.92,!    6/26/2030,,,,,
28.91,29.02,!    6/27/2030,,,,,
28.91,29.12,!    6/28/2030,,,,,
28.97,29.12,!    6/29/2030,,,,,
28.97,29.22,!    6/30/2030,,,,,
29.11,29.79,!    7/1/2030,,,,,
29.06,29.89,!    7/2/2030,,,,,
29.06,30.09,!    7/3/2030,,,,,
29.11,30.09,!    7/4/2030,,,,,
29.11,30.09,!    7/5/2030,,,,,
29.17,30.09,!    7/6/2030,,,,,
29.17,30.09,!    7/7/2030,,,,,
29.17,30.09,!    7/8/2030,,,,,
29.17,29.99,!    7/9/2030,,,,,
29.22,30.09,!    7/10/2030,,,,,
29.22,30.09,!    7/11/2030,,,,,
29.22,30.09,!    7/12/2030,,,,,
29.28,30.09,!    7/13/2030,,,,,
29.28,30.19,!    7/14/2030,,,,,
29.28,30.19,!    7/15/2030,,,,,
29.28,30.19,!    7/16/2030,,,,,
29.33,30.19,!    7/17/2030,,,,,
29.33,30.29,!    7/18/2030,,,,,
29.33,30.29,!    7/19/2030,,,,,
29.39,30.49,!    7/20/2030,,,,,
29.39,30.59,!    7/21/2030,,,,,
29.39,30.59,!    7/22/2030,,,,,
29.39,30.69,!    7/23/2030,,,,,
29.39,30.69,!    7/24/2030,,,,,
29.45,30.69,!    7/25/2030,,,,,
29.45,30.79,!    7/26/2030,,,,,
29.45,30.89,!    7/27/2030,,,,,
29.45,30.99,!    7/28/2030,,,,,
29.45,30.99,!    7/29/2030,,,,,
29.50,31.09,!    7/30/2030,,,,,
29.50,31.09,!    7/31/2030,,,,,
29.21,31.16,!    8/1/2030,,,,,
29.22,31.06,!    8/2/2030,,,,,
29.22,31.16,!    8/3/2030,,,,,
29.22,31.16,!    8/4/2030,,,,,
29.22,31.26,!    8/5/2030,,,,,
29.22,31.26,!    8/6/2030,,,,,
29.22,31.36,!    8/7/2030,,,,,
29.22,31.46,!    8/8/2030,,,,,
29.22,31.46,!    8/9/2030,,,,,
29.22,31.56,!    8/10/2030,,,,,
29.22,31.46,!    8/11/2030,,,,,
29.22,31.56,!    8/12/2030,,,,,
29.22,31.46,!    8/13/2030,,,,,
29.16,31.26,!    8/14/2030,,,,,
29.16,31.26,!    8/15/2030,,,,,
29.16,31.26,!    8/16/2030,,,,,
29.11,31.36,!    8/17/2030,,,,,
29.11,31.36,!    8/18/2030,,,,,
29.11,31.26,!    8/19/2030,,,,,
29.05,31.16,!    8/20/2030,,,,,
29.05,30.96,!    8/21/2030,,,,,
29.00,30.96,!    8/22/2030,,,,,
29.00,30.96,!    8/23/2030,,,,,
28.94,30.96,!    8/24/2030,,,,,
28.88,31.06,!    8/25/2030,,,,,
28.88,30.96,!    8/26/2030,,,,,
28.83,30.86,!    8/27/2030,,,,,
28.77,30.76,!    8/28/2030,,,,,
28.72,30.66,!    8/29/2030,,,,,
28.72,30.56,!    8/30/2030,,,,,
28.66,30.46,!    8/31/2030,,,,,
28.32,30.34,!    9/1/2030,,,,,
28.14,30.24,!    9/2/2030,,,,,
28.08,30.14,!    9/3/2030,,,,,
28.02,29.94,!    9/4/2030,,,,,
27.91,29.94,!    9/5/2030,,,,,
27.86,29.84,!    9/6/2030,,,,,
27.80,29.84,!    9/7/2030,,,,,
27.75,29.84,!    9/8/2030,,,,,
27.64,29.74,!    9/9/2030,,,,,
27.58,29.64,!    9/10/2030,,,,,
27.52,29.54,!    9/11/2030,,,,,
27.41,29.34,!    9/12/2030,,,,,
27.36,29.24,!    9/13/2030,,,,,
27.25,29.24,!    9/14/2030,,,,,
27.14,29.14,!    9/15/2030,,,,,
27.08,29.04,!    9/16/2030,,,,,
26.97,28.84,!    9/17/2030,,,,,
26.86,28.74,!    9/18/2030,,,,,
26.75,28.64,!    9/19/2030,,,,,
26.64,28.34,!    9/20/2030,,,,,
26.52,28.24,!    9/21/2030,,,,,
26.41,28.04,!    9/22/2030,,,,,
26.30,27.94,!    9/23/2030,,,,,
26.19,27.94,!    9/24/2030,,,,,
26.02,27.74,!    9/25/2030,,,,,
25.91,27.64,!    9/26/2030,,,,,
25.80,27.34,!    9/27/2030,,,,,
25.64,27.34,!    9/28/2030,,,,,
25.52,27.24,!    9/29/2030,,,,,
25.36,27.04,!    9/30/2030,,,,,
26.12,26.39,!    10/1/2030,,,,,
25.84,26.09,!    10/2/2030,,,,,
25.67,25.79,!    10/3/2030,,,,,
25.50,25.59,!    10/4/2030,,,,,
25.34,25.59,!    10/5/2030,,,,,
25.17,25.49,!    10/6/2030,,,,,
25.00,25.29,!    10/7/2030,,,,,
24.84,25.09,!    10/8/2030,,,,,
24.67,24.89,!    10/9/2030,,,,,
24.45,24.69,!    10/10/2030,,,,,
24.28,24.59,!    10/11/2030,,,,,
24.11,24.49,!    10/12/2030,,,,,
23.95,24.29,!    10/13/2030,,,,,
23.73,24.09,!    10/14/2030,,,,,
23.56,23.89,!    10/15/2030,,,,,
23.34,23.69,!    10/16/2030,,,,,
23.17,23.49,!    10/17/2030,,,,,
22.95,23.19,!    10/18/2030,,,,,
22.78,22.99,!    10/19/2030,,,,,
22.56,22.69,!    10/20/2030,,,,,
22.39,22.19,!    10/21/2030,,,,,
22.17,21.89,!    10/22/2030,,,,,
22.00,21.59,!    10/23/2030,,,,,
21.78,21.19,!    10/24/2030,,,,,
21.61,20.89,!    10/25/2030,,,,,
21.39,20.49,!    10/26/2030,,,,,
21.23,20.29,!    10/27/2030,,,,,
21.00,20.09,!    10/28/2030,,,,,
20.84,19.59,!    10/29/2030,,,,,
20.61,19.19,!    10/30/2030,,,,,
20.45,18.99,!    10/31/2030,,,,,
20.89,20.15,!    11/1/2030,,,,,
20.49,19.95,!    11/2/2030,,,,,
20.32,19.75,!    11/3/2030,,,,,
20.10,19.65,!    11/4/2030,,,,,
19.93,19.45,!    11/5/2030,,,,,
19.77,19.25,!    11/6/2030,,,,,
19.60,19.35,!    11/7/2030,,,,,
19.43,19.15,!    11/8/2030,,,,,
19.27,18.95,!    11/9/2030,,,,,
19.10,18.75,!    11/10/2030,,,,,
18.93,18.55,!    11/11/2030,,,,,
18.77,18.35,!    11/12/2030,,,,,
18.66,18.15,!    11/13/2030,,,,,
18.49,17.85,!    11/14/2030,,,,,
18.32,17.55,!    11/15/2030,,,,,
18.21,17.35,!    11/16/2030,,,,,
18.05,17.15,!    11/17/2030,,,,,
17.93,16.85,!    11/18/2030,,,,,
17.82,16.55,!    11/19/2030,,,,,
17.66,16.25,!    11/20/2030,,,,,
17.55,16.05,!    11/21/2030,,,,,
17.43,15.85,!    11/22/2030,,,,,
17.32,15.65,!    11/23/2030,,,,,
17.21,15.55,!    11/24/2030,,,,,
17.10,15.45,!    11/25/2030,,,,,
16.99,15.35,!    11/26/2030,,,,,
16.88,15.15,!    11/27/2030,,,,,
16.77,14.95,!    11/28/2030,,,,,
16.66,14.75,!    11/29/2030,,,,,
16.60,14.65,!    11/30/2030,,,,,
14.73,13.54,!    12/1/2030,,,,,
14.42,13.24,!    12/2/2030,,,,,
14.36,13.04,!    12/3/2030,,,,,
14.25,12.94,!    12/4/2030,,,,,
14.14,12.74,!    12/5/2030,,,,,
14.09,12.54,!    12/6/2030,,,,,
13.97,12.14,!    12/7/2030,,,,,
13.92,11.94,!    12/8/2030,,,,,
13.81,11.74,!    12/9/2030,,,,,
13.75,11.54,!    12/10/2030,,,,,
13.64,11.34,!    12/11/2030,,,,,
13.59,11.04,!    12/12/2030,,,,,
13.47,10.94,!    12/13/2030,,,,,
13.42,10.74,!    12/14/2030,,,,,
13.36,10.64,!    12/15/2030,,,,,
13.25,10.44,!    12/16/2030,,,,,
13.20,10.34,!    12/17/2030,,,,,
13.09,10.14,!    12/18/2030,,,,,
13.03,10.04,!    12/19/2030,,,,,
12.97,9.94,!    12/20/2030,,,,,
12.86,9.84,!    12/21/2030,,,,,
12.81,9.74,!    12/22/2030,,,,,
12.75,9.74,!    12/23/2030,,,,,
12.70,9.64,!    12/24/2030,,,,,
12.59,9.54,!    12/25/2030,,,,,
12.53,9.44,!    12/26/2030,,,,,
12.47,9.34,!    12/27/2030,,,,,
12.42,9.34,!    12/28/2030,,,,,
12.36,9.34,!    12/29/2030,,,,,
12.31,9.24,!    12/30/2030,,,,,
12.25,9.24,!    12/31/2030,,,,,
13.23,9.35,!    1/1/2031,,,,,
13.18,9.25,!    1/2/2031,,,,,
13.12,9.15,!    1/3/2031,,,,,
13.07,9.05,!    1/4/2031,,,,,
13.07,8.85,!    1/5/2031,,,,,
13.01,8.75,!    1/6/2031,,,,,
12.96,8.65,!    1/7/2031,,,,,
12.96,8.55,!    1/8/2031,,,,,
12.90,8.45,!    1/9/2031,,,,,
12.90,8.45,!    1/10/2031,,,,,
12.90,8.35,!    1/11/2031,,,,,
12.84,8.35,!    1/12/2031,,,,,
12.84,8.25,!    1/13/2031,,,,,
12.84,8.05,!    1/14/2031,,,,,
12.84,7.95,!    1/15/2031,,,,,
12.84,7.85,!    1/16/2031,,,,,
12.84,7.75,!    1/17/2031,,,,,
12.90,7.75,!    1/18/2031,,,,,
12.90,7.75,!    1/19/2031,,,,,
12.90,7.45,!    1/20/2031,,,,,
12.96,7.55,!    1/21/2031,,,,,
13.01,7.55,!    1/22/2031,,,,,
13.01,7.55,!    1/23/2031,,,,,
13.07,7.65,!    1/24/2031,,,,,
13.12,7.65,!    1/25/2031,,,,,
13.18,7.85,!    1/26/2031,,,,,
13.23,7.85,!    1/27/2031,,,,,
13.29,7.75,!    1/28/2031,,,,,
13.34,7.65,!    1/29/2031,,,,,
13.40,7.55,!    1/30/2031,,,,,
13.51,7.55,!    1/31/2031,,,,,
13.42,6.80,!    2/1/2031,,,,,
13.47,6.80,!    2/2/2031,,,,,
13.58,7.00,!    2/3/2031,,,,,
13.64,7.00,!    2/4/2031,,,,,
13.75,7.00,!    2/5/2031,,,,,
13.86,7.10,!    2/6/2031,,,,,
13.97,7.10,!    2/7/2031,,,,,
14.03,7.30,!    2/8/2031,,,,,
14.14,7.40,!    2/9/2031,,,,,
14.25,7.50,!    2/10/2031,,,,,
14.36,7.50,!    2/11/2031,,,,,
14.47,7.60,!    2/12/2031,,,,,
14.58,7.60,!    2/13/2031,,,,,
14.70,7.60,!    2/14/2031,,,,,
14.81,7.60,!    2/15/2031,,,,,
14.92,7.70,!    2/16/2031,,,,,
15.03,7.80,!    2/17/2031,,,,,
15.14,7.80,!    2/18/2031,,,,,
15.25,7.90,!    2/19/2031,,,,,
15.36,8.00,!    2/20/2031,,,,,
15.47,8.20,!    2/21/2031,,,,,
15.58,8.30,!    2/22/2031,,,,,
15.70,8.40,!    2/23/2031,,,,,
15.81,8.60,!    2/24/2031,,,,,
15.97,8.70,!    2/25/2031,,,,,
16.08,8.70,!    2/26/2031,,,,,
16.20,8.90,!    2/27/2031,,,,,
16.31,9.00,!    2/28/2031,,,,,
16.11,9.35,!    3/1/2031,,,,,
16.43,8.85,!    3/2/2031,,,,,
16.54,8.85,!    3/3/2031,,,,,
16.65,8.85,!    3/4/2031,,,,,
16.76,8.85,!    3/5/2031,,,,,
16.87,8.95,!    3/6/2031,,,,,
16.98,9.05,!    3/7/2031,,,,,
17.10,9.15,!    3/8/2031,,,,,
17.21,9.35,!    3/9/2031,,,,,
17.32,9.55,!    3/10/2031,,,,,
17.37,9.75,!    3/11/2031,,,,,
17.48,9.95,!    3/12/2031,,,,,
17.60,10.05,!    3/13/2031,,,,,
17.71,10.25,!    3/14/2031,,,,,
17.82,10.35,!    3/15/2031,,,,,
17.93,10.55,!    3/16/2031,,,,,
18.04,10.65,!    3/17/2031,,,,,
18.10,10.75,!    3/18/2031,,,,,
18.21,10.95,!    3/19/2031,,,,,
18.32,11.25,!    3/20/2031,,,,,
18.43,11.35,!    3/21/2031,,,,,
18.48,11.55,!    3/22/2031,,,,,
18.60,11.55,!    3/23/2031,,,,,
18.71,11.75,!    3/24/2031,,,,,
18.82,12.05,!    3/25/2031,,,,,
18.87,12.25,!    3/26/2031,,,,,
18.98,12.45,!    3/27/2031,,,,,
19.10,12.65,!    3/28/2031,,,,,
19.15,12.85,!    3/29/2031,,,,,
19.26,13.05,!    3/30/2031,,,,,
19.37,13.25,!    3/31/2031,,,,,
19.81,14.63,!    4/1/2031,,,,,
20.25,14.83,!    4/2/2031,,,,,
20.36,15.03,!    4/3/2031,,,,,
20.47,15.33,!    4/4/2031,,,,,
20.58,15.63,!    4/5/2031,,,,,
20.63,15.83,!    4/6/2031,,,,,
20.75,15.93,!    4/7/2031,,,,,
20.86,16.03,!    4/8/2031,,,,,
20.97,16.23,!    4/9/2031,,,,,
21.08,16.43,!    4/10/2031,,,,,
21.13,16.63,!    4/11/2031,,,,,
21.25,16.93,!    4/12/2031,,,,,
21.36,17.03,!    4/13/2031,,,,,
21.47,17.13,!    4/14/2031,,,,,
21.58,17.33,!    4/15/2031,,,,,
21.69,17.43,!    4/16/2031,,,,,
21.80,17.53,!    4/17/2031,,,,,
21.91,17.63,!    4/18/2031,,,,,
22.02,17.83,!    4/19/2031,,,,,
22.13,17.93,!    4/20/2031,,,,,
22.25,18.13,!    4/21/2031,,,,,
22.41,18.43,!    4/22/2031,,,,,
22.52,18.53,!    4/23/2031,,,,,
22.63,18.63,!    4/24/2031,,,,,
22.75,18.73,!    4/25/2031,,,,,
22.86,18.83,!    4/26/2031,,,,,
23.02,19.03,!    4/27/2031,,,,,
23.13,19.23,!    4/28/2031,,,,,
23.25,19.63,!    4/29/2031,,,,,
23.41,19.83,!    4/30/2031,,,,,
23.00,19.44,!    5/1/2031,,,,,
23.22,19.64,!    5/2/2031,,,,,
23.38,19.74,!    5/3/2031,,,,,
23.49,19.94,!    5/4/2031,,,,,
23.66,19.94,!    5/5/2031,,,,,
23.77,20.04,!    5/6/2031,,,,,
23.94,20.14,!    5/7/2031,,,,,
24.05,20.34,!    5/8/2031,,,,,
24.22,20.54,!    5/9/2031,,,,,
24.33,20.74,!    5/10/2031,,,,,
24.44,20.84,!    5/11/2031,,,,,
24.60,20.94,!    5/12/2031,,,,,
24.72,21.14,!    5/13/2031,,,,,
24.88,21.24,!    5/14/2031,,,,,
24.99,21.34,!    5/15/2031,,,,,
25.16,21.54,!    5/16/2031,,,,,
25.27,21.74,!    5/17/2031,,,,,
25.44,21.94,!    5/18/2031,,,,,
25.55,21.94,!    5/19/2031,,,,,
25.66,22.14,!    5/20/2031,,,,,
25.83,22.34,!    5/21/2031,,,,,
25.94,22.64,!    5/22/2031,,,,,
26.05,22.84,!    5/23/2031,,,,,
26.22,23.04,!    5/24/2031,,,,,
26.33,23.24,!    5/25/2031,,,,,
26.44,23.54,!    5/26/2031,,,,,
26.55,23.74,!    5/27/2031,,,,,
26.66,23.84,!    5/28/2031,,,,,
26.77,24.04,!    5/29/2031,,,,,
26.88,24.24,!    5/30/2031,,,,,
26.99,24.34,!    5/31/2031,,,,,
27.29,24.58,!    6/1/2031,,,,,
27.48,24.78,!    6/2/2031,,,,,
27.54,24.98,!    6/3/2031,,,,,
27.65,25.18,!    6/4/2031,,,,,
27.76,25.38,!    6/5/2031,,,,,
27.82,25.58,!    6/6/2031,,,,,
27.93,25.88,!    6/7/2031,,,,,
27.98,26.18,!    6/8/2031,,,,,
28.10,26.48,!    6/9/2031,,,,,
28.15,26.68,!    6/10/2031,,,,,
28.21,26.88,!    6/11/2031,,,,,
28.32,27.08,!    6/12/2031,,,,,
28.37,27.18,!    6/13/2031,,,,,
28.43,27.28,!    6/14/2031,,,,,
28.48,27.48,!    6/15/2031,,,,,
28.54,27.68,!    6/16/2031,,,,,
28.60,27.88,!    6/17/2031,,,,,
28.65,27.98,!    6/18/2031,,,,,
28.71,28.08,!    6/19/2031,,,,,
28.71,28.18,!    6/20/2031,,,,,
28.76,28.38,!    6/21/2031,,,,,
28.82,28.48,!    6/22/2031,,,,,
28.87,28.58,!    6/23/2031,,,,,
28.87,28.68,!    6/24/2031,,,,,
28.93,28.88,!    6/25/2031,,,,,
28.93,28.98,!    6/26/2031,,,,,
28.98,29.08,!    6/27/2031,,,,,
28.98,29.18,!    6/28/2031,,,,,
29.04,29.18,!    6/29/2031,,,,,
29.04,29.28,!    6/30/2031,,,,,
28.93,29.89,!    7/1/2031,,,,,
28.87,29.99,!    7/2/2031,,,,,
28.87,30.19,!    7/3/2031,,,,,
28.93,30.19,!    7/4/2031,,,,,
28.93,30.19,!    7/5/2031,,,,,
28.98,30.19,!    7/6/2031,,,,,
28.98,30.19,!    7/7/2031,,,,,
28.98,30.19,!    7/8/2031,,,,,
28.98,30.09,!    7/9/2031,,,,,
29.04,30.19,!    7/10/2031,,,,,
29.04,30.19,!    7/11/2031,,,,,
29.04,30.19,!    7/12/2031,,,,,
29.09,30.19,!    7/13/2031,,,,,
29.09,30.29,!    7/14/2031,,,,,
29.09,30.29,!    7/15/2031,,,,,
29.09,30.29,!    7/16/2031,,,,,
29.15,30.29,!    7/17/2031,,,,,
29.15,30.39,!    7/18/2031,,,,,
29.15,30.39,!    7/19/2031,,,,,
29.21,30.59,!    7/20/2031,,,,,
29.21,30.69,!    7/21/2031,,,,,
29.21,30.69,!    7/22/2031,,,,,
29.21,30.79,!    7/23/2031,,,,,
29.21,30.79,!    7/24/2031,,,,,
29.26,30.79,!    7/25/2031,,,,,
29.26,30.89,!    7/26/2031,,,,,
29.26,30.99,!    7/27/2031,,,,,
29.26,31.09,!    7/28/2031,,,,,
29.26,31.09,!    7/29/2031,,,,,
29.32,31.19,!    7/30/2031,,,,,
29.32,31.19,!    7/31/2031,,,,,
28.98,31.00,!    8/1/2031,,,,,
28.99,30.90,!    8/2/2031,,,,,
28.99,31.00,!    8/3/2031,,,,,
28.99,31.00,!    8/4/2031,,,,,
28.99,31.10,!    8/5/2031,,,,,
28.99,31.10,!    8/6/2031,,,,,
28.99,31.20,!    8/7/2031,,,,,
28.99,31.30,!    8/8/2031,,,,,
28.99,31.30,!    8/9/2031,,,,,
28.99,31.40,!    8/10/2031,,,,,
28.99,31.30,!    8/11/2031,,,,,
28.99,31.40,!    8/12/2031,,,,,
28.99,31.30,!    8/13/2031,,,,,
28.94,31.10,!    8/14/2031,,,,,
28.94,31.10,!    8/15/2031,,,,,
28.94,31.10,!    8/16/2031,,,,,
28.88,31.20,!    8/17/2031,,,,,
28.88,31.20,!    8/18/2031,,,,,
28.88,31.10,!    8/19/2031,,,,,
28.83,31.00,!    8/20/2031,,,,,
28.83,30.80,!    8/21/2031,,,,,
28.77,30.80,!    8/22/2031,,,,,
28.77,30.80,!    8/23/2031,,,,,
28.72,30.80,!    8/24/2031,,,,,
28.66,30.90,!    8/25/2031,,,,,
28.66,30.80,!    8/26/2031,,,,,
28.60,30.70,!    8/27/2031,,,,,
28.55,30.60,!    8/28/2031,,,,,
28.49,30.50,!    8/29/2031,,,,,
28.49,30.40,!    8/30/2031,,,,,
28.44,30.30,!    8/31/2031,,,,,
29.05,30.17,!    9/1/2031,,,,,
28.86,30.07,!    9/2/2031,,,,,
28.81,29.97,!    9/3/2031,,,,,
28.75,29.77,!    9/4/2031,,,,,
28.64,29.77,!    9/5/2031,,,,,
28.58,29.67,!    9/6/2031,,,,,
28.53,29.67,!    9/7/2031,,,,,
28.47,29.67,!    9/8/2031,,,,,
28.36,29.57,!    9/9/2031,,,,,
28.31,29.47,!    9/10/2031,,,,,
28.25,29.37,!    9/11/2031,,,,,
28.14,29.17,!    9/12/2031,,,,,
28.08,29.07,!    9/13/2031,,,,,
27.97,29.07,!    9/14/2031,,,,,
27.86,28.97,!    9/15/2031,,,,,
27.81,28.87,!    9/16/2031,,,,,
27.69,28.67,!    9/17/2031,,,,,
27.58,28.57,!    9/18/2031,,,,,
27.47,28.47,!    9/19/2031,,,,,
27.36,28.17,!    9/20/2031,,,,,
27.25,28.07,!    9/21/2031,,,,,
27.14,27.87,!    9/22/2031,,,,,
27.03,27.77,!    9/23/2031,,,,,
26.92,27.77,!    9/24/2031,,,,,
26.75,27.57,!    9/25/2031,,,,,
26.64,27.47,!    9/26/2031,,,,,
26.53,27.17,!    9/27/2031,,,,,
26.36,27.17,!    9/28/2031,,,,,
26.25,27.07,!    9/29/2031,,,,,
26.08,26.87,!    9/30/2031,,,,,
25.71,26.50,!    10/1/2031,,,,,
25.42,26.20,!    10/2/2031,,,,,
25.26,25.90,!    10/3/2031,,,,,
25.09,25.70,!    10/4/2031,,,,,
24.92,25.70,!    10/5/2031,,,,,
24.76,25.60,!    10/6/2031,,,,,
24.59,25.40,!    10/7/2031,,,,,
24.42,25.20,!    10/8/2031,,,,,
24.26,25.00,!    10/9/2031,,,,,
24.04,24.80,!    10/10/2031,,,,,
23.87,24.70,!    10/11/2031,,,,,
23.70,24.60,!    10/12/2031,,,,,
23.54,24.40,!    10/13/2031,,,,,
23.31,24.20,!    10/14/2031,,,,,
23.15,24.00,!    10/15/2031,,,,,
22.92,23.80,!    10/16/2031,,,,,
22.76,23.60,!    10/17/2031,,,,,
22.54,23.30,!    10/18/2031,,,,,
22.37,23.10,!    10/19/2031,,,,,
22.15,22.80,!    10/20/2031,,,,,
21.98,22.30,!    10/21/2031,,,,,
21.76,22.00,!    10/22/2031,,,,,
21.59,21.70,!    10/23/2031,,,,,
21.37,21.30,!    10/24/2031,,,,,
21.20,21.00,!    10/25/2031,,,,,
20.98,20.60,!    10/26/2031,,,,,
20.81,20.40,!    10/27/2031,,,,,
20.59,20.20,!    10/28/2031,,,,,
20.42,19.70,!    10/29/2031,,,,,
20.20,19.30,!    10/30/2031,,,,,
20.04,19.10,!    10/31/2031,,,,,
21.09,19.88,!    11/1/2031,,,,,
20.69,19.68,!    11/2/2031,,,,,
20.52,19.48,!    11/3/2031,,,,,
20.30,19.38,!    11/4/2031,,,,,
20.13,19.18,!    11/5/2031,,,,,
19.97,18.98,!    11/6/2031,,,,,
19.80,19.08,!    11/7/2031,,,,,
19.63,18.88,!    11/8/2031,,,,,
19.47,18.68,!    11/9/2031,,,,,
19.30,18.48,!    11/10/2031,,,,,
19.13,18.28,!    11/11/2031,,,,,
18.97,18.08,!    11/12/2031,,,,,
18.86,17.88,!    11/13/2031,,,,,
18.69,17.58,!    11/14/2031,,,,,
18.52,17.28,!    11/15/2031,,,,,
18.41,17.08,!    11/16/2031,,,,,
18.24,16.88,!    11/17/2031,,,,,
18.13,16.58,!    11/18/2031,,,,,
18.02,16.28,!    11/19/2031,,,,,
17.86,15.98,!    11/20/2031,,,,,
17.74,15.78,!    11/21/2031,,,,,
17.63,15.58,!    11/22/2031,,,,,
17.52,15.38,!    11/23/2031,,,,,
17.41,15.28,!    11/24/2031,,,,,
17.30,15.18,!    11/25/2031,,,,,
17.19,15.08,!    11/26/2031,,,,,
17.08,14.88,!    11/27/2031,,,,,
16.97,14.68,!    11/28/2031,,,,,
16.86,14.48,!    11/29/2031,,,,,
16.80,14.38,!    11/30/2031,,,,,
16.50,14.59,!    12/1/2031,,,,,
16.18,14.29,!    12/2/2031,,,,,
16.13,14.09,!    12/3/2031,,,,,
16.02,13.99,!    12/4/2031,,,,,
15.91,13.79,!    12/5/2031,,,,,
15.85,13.59,!    12/6/2031,,,,,
15.74,13.19,!    12/7/2031,,,,,
15.68,12.99,!    12/8/2031,,,,,
15.57,12.79,!    12/9/2031,,,,,
15.52,12.59,!    12/10/2031,,,,,
15.41,12.39,!    12/11/2031,,,,,
15.35,12.09,!    12/12/2031,,,,,
15.24,11.99,!    12/13/2031,,,,,
15.18,11.79,!    12/14/2031,,,,,
15.13,11.69,!    12/15/2031,,,,,
15.02,11.49,!    12/16/2031,,,,,
14.96,11.39,!    12/17/2031,,,,,
14.85,11.19,!    12/18/2031,,,,,
14.79,11.09,!    12/19/2031,,,,,
14.74,10.99,!    12/20/2031,,,,,
14.63,10.89,!    12/21/2031,,,,,
14.57,10.79,!    12/22/2031,,,,,
14.52,10.79,!    12/23/2031,,,,,
14.46,10.69,!    12/24/2031,,,,,
14.35,10.59,!    12/25/2031,,,,,
14.29,10.49,!    12/26/2031,,,,,
14.24,10.39,!    12/27/2031,,,,,
14.18,10.39,!    12/28/2031,,,,,
14.13,10.39,!    12/29/2031,,,,,
14.07,10.29,!    12/30/2031,,,,,
14.02,10.29,!    12/31/2031,,,,,
12.35,8.92,!    1/1/2032,,,,,
12.30,8.82,!    1/2/2032,,,,,
12.24,8.72,!    1/3/2032,,,,,
12.19,8.62,!    1/4/2032,,,,,
12.19,8.42,!    1/5/2032,,,,,
12.13,8.32,!    1/6/2032,,,,,
12.08,8.22,!    1/7/2032,,,,,
12.08,8.12,!    1/8/2032,,,,,
12.02,8.02,!    1/9/2032,,,,,
12.02,8.02,!    1/10/2032,,,,,
12.02,7.92,!    1/11/2032,,,,,
11.97,7.92,!    1/12/2032,,,,,
11.97,7.82,!    1/13/2032,,,,,
11.97,7.62,!    1/14/2032,,,,,
11.97,7.52,!    1/15/2032,,,,,
11.97,7.42,!    1/16/2032,,,,,
11.97,7.32,!    1/17/2032,,,,,
12.02,7.32,!    1/18/2032,,,,,
12.02,7.32,!    1/19/2032,,,,,
12.02,7.02,!    1/20/2032,,,,,
12.08,7.12,!    1/21/2032,,,,,
12.13,7.12,!    1/22/2032,,,,,
12.13,7.12,!    1/23/2032,,,,,
12.19,7.22,!    1/24/2032,,,,,
12.24,7.22,!    1/25/2032,,,,,
12.30,7.42,!    1/26/2032,,,,,
12.35,7.42,!    1/27/2032,,,,,
12.41,7.32,!    1/28/2032,,,,,
12.47,7.22,!    1/29/2032,,,,,
12.52,7.12,!    1/30/2032,,,,,
12.63,7.12,!    1/31/2032,,,,,
13.37,6.06,!    2/1/2032,,,,,
13.43,6.06,!    2/2/2032,,,,,
13.54,6.26,!    2/3/2032,,,,,
13.59,6.26,!    2/4/2032,,,,,
13.70,6.26,!    2/5/2032,,,,,
13.82,6.36,!    2/6/2032,,,,,
13.93,6.36,!    2/7/2032,,,,,
13.98,6.56,!    2/8/2032,,,,,
14.09,6.66,!    2/9/2032,,,,,
14.20,6.76,!    2/10/2032,,,,,
14.32,6.76,!    2/11/2032,,,,,
14.43,6.86,!    2/12/2032,,,,,
14.54,6.86,!    2/13/2032,,,,,
14.65,6.86,!    2/14/2032,,,,,
14.76,6.86,!    2/15/2032,,,,,
14.87,6.96,!    2/16/2032,,,,,
14.98,7.06,!    2/17/2032,,,,,
15.09,7.06,!    2/18/2032,,,,,
15.20,7.16,!    2/19/2032,,,,,
15.32,7.26,!    2/20/2032,,,,,
15.43,7.46,!    2/21/2032,,,,,
15.54,7.56,!    2/22/2032,,,,,
15.65,7.66,!    2/23/2032,,,,,
15.76,7.86,!    2/24/2032,,,,,
15.93,7.96,!    2/25/2032,,,,,
16.04,7.96,!    2/26/2032,,,,,
16.15,8.16,!    2/27/2032,,,,,
16.26,8.26,!    2/28/2032,,,,,
16.26,8.96,!    2/29/2032,,,,,
16.42,9.38,!    3/1/2032,,,,,
16.53,9.38,!    3/2/2032,,,,,
16.65,9.38,!    3/3/2032,,,,,
16.76,9.38,!    3/4/2032,,,,,
16.87,9.48,!    3/5/2032,,,,,
16.98,9.58,!    3/6/2032,,,,,
17.09,9.68,!    3/7/2032,,,,,
17.20,9.88,!    3/8/2032,,,,,
17.31,10.08,!    3/9/2032,,,,,
17.37,10.28,!    3/10/2032,,,,,
17.48,10.48,!    3/11/2032,,,,,
17.59,10.58,!    3/12/2032,,,,,
17.70,10.78,!    3/13/2032,,,,,
17.81,10.88,!    3/14/2032,,,,,
17.92,11.08,!    3/15/2032,,,,,
18.03,11.18,!    3/16/2032,,,,,
18.09,11.28,!    3/17/2032,,,,,
18.20,11.48,!    3/18/2032,,,,,
18.31,11.78,!    3/19/2032,,,,,
18.42,11.88,!    3/20/2032,,,,,
18.48,12.08,!    3/21/2032,,,,,
18.59,12.08,!    3/22/2032,,,,,
18.70,12.28,!    3/23/2032,,,,,
18.81,12.58,!    3/24/2032,,,,,
18.87,12.78,!    3/25/2032,,,,,
18.98,12.98,!    3/26/2032,,,,,
19.09,13.18,!    3/27/2032,,,,,
19.15,13.38,!    3/28/2032,,,,,
19.26,13.58,!    3/29/2032,,,,,
19.37,13.78,!    3/30/2032,,,,,
19.48,13.88,!    3/31/2032,,,,,
20.38,14.88,!    4/1/2032,,,,,
20.49,15.08,!    4/2/2032,,,,,
20.60,15.38,!    4/3/2032,,,,,
20.71,15.68,!    4/4/2032,,,,,
20.77,15.88,!    4/5/2032,,,,,
20.88,15.98,!    4/6/2032,,,,,
20.99,16.08,!    4/7/2032,,,,,
21.10,16.28,!    4/8/2032,,,,,
21.21,16.48,!    4/9/2032,,,,,
21.27,16.68,!    4/10/2032,,,,,
21.38,16.98,!    4/11/2032,,,,,
21.49,17.08,!    4/12/2032,,,,,
21.60,17.18,!    4/13/2032,,,,,
21.71,17.38,!    4/14/2032,,,,,
21.82,17.48,!    4/15/2032,,,,,
21.93,17.58,!    4/16/2032,,,,,
22.04,17.68,!    4/17/2032,,,,,
22.16,17.88,!    4/18/2032,,,,,
22.27,17.98,!    4/19/2032,,,,,
22.38,18.18,!    4/20/2032,,,,,
22.54,18.48,!    4/21/2032,,,,,
22.66,18.58,!    4/22/2032,,,,,
22.77,18.68,!    4/23/2032,,,,,
22.88,18.78,!    4/24/2032,,,,,
22.99,18.88,!    4/25/2032,,,,,
23.16,19.08,!    4/26/2032,,,,,
23.27,19.28,!    4/27/2032,,,,,
23.38,19.68,!    4/28/2032,,,,,
23.54,19.88,!    4/29/2032,,,,,
23.66,20.08,!    4/30/2032,,,,,
23.50,19.87,!    5/1/2032,,,,,
23.66,19.97,!    5/2/2032,,,,,
23.77,20.17,!    5/3/2032,,,,,
23.94,20.17,!    5/4/2032,,,,,
24.05,20.27,!    5/5/2032,,,,,
24.22,20.37,!    5/6/2032,,,,,
24.33,20.57,!    5/7/2032,,,,,
24.50,20.77,!    5/8/2032,,,,,
24.61,20.97,!    5/9/2032,,,,,
24.72,21.07,!    5/10/2032,,,,,
24.88,21.17,!    5/11/2032,,,,,
25.00,21.37,!    5/12/2032,,,,,
25.16,21.47,!    5/13/2032,,,,,
25.27,21.57,!    5/14/2032,,,,,
25.44,21.77,!    5/15/2032,,,,,
25.55,21.97,!    5/16/2032,,,,,
25.72,22.17,!    5/17/2032,,,,,
25.83,22.17,!    5/18/2032,,,,,
25.94,22.37,!    5/19/2032,,,,,
26.11,22.57,!    5/20/2032,,,,,
26.22,22.87,!    5/21/2032,,,,,
26.33,23.07,!    5/22/2032,,,,,
26.50,23.27,!    5/23/2032,,,,,
26.61,23.47,!    5/24/2032,,,,,
26.72,23.77,!    5/25/2032,,,,,
26.83,23.97,!    5/26/2032,,,,,
26.94,24.07,!    5/27/2032,,,,,
27.05,24.27,!    5/28/2032,,,,,
27.16,24.47,!    5/29/2032,,,,,
27.27,24.57,!    5/30/2032,,,,,
27.38,24.77,!    5/31/2032,,,,,
27.34,24.77,!    6/1/2032,,,,,24.1
27.39,24.97,!    6/2/2032,,,,,24.3
27.50,25.17,!    6/3/2032,,,,,24.5
27.61,25.37,!    6/4/2032,,,,,24.8
27.67,25.57,!    6/5/2032,,,,,25.1
27.78,25.87,!    6/6/2032,,,,,25.2
27.84,26.17,!    6/7/2032,,,,,25.3
27.95,26.47,!    6/8/2032,,,,,25.4
28.00,26.67,!    6/9/2032,,,,,25.4
28.06,26.87,!    6/10/2032,,,,,25.5
28.17,27.07,!    6/11/2032,,,,,25.2
28.22,27.17,!    6/12/2032,,,,,25.1
28.28,27.27,!    6/13/2032,,,,,25.2
28.34,27.47,!    6/14/2032,,,,,25.3
28.39,27.67,!    6/15/2032,,,,,25.4
28.45,27.87,!    6/16/2032,,,,,25.5
28.50,27.97,!    6/17/2032,,,,,25.7
28.56,28.07,!    6/18/2032,,,,,25.9
28.56,28.17,!    6/19/2032,,,,,26
28.61,28.37,!    6/20/2032,,,,,26
28.67,28.47,!    6/21/2032,,,,,26
28.72,28.57,!    6/22/2032,,,,,26.2
28.72,28.67,!    6/23/2032,,,,,26.4
28.78,28.87,!    6/24/2032,,,,,26.6
28.78,28.97,!    6/25/2032,,,,,26.9
28.84,29.07,!    6/26/2032,,,,,27.2
28.84,29.17,!    6/27/2032,,,,,27.5
28.89,29.17,!    6/28/2032,,,,,27.8
28.89,29.27,!    6/29/2032,,,,,28
28.95,29.47,!    6/30/2032,,,,,28.2
29.04,30.04,!    7/1/2032,,,,,28.3
29.04,30.24,!    7/2/2032,,,,,28.4
29.10,30.24,!    7/3/2032,,,,,28.5
29.10,30.24,!    7/4/2032,,,,,28.5
29.15,30.24,!    7/5/2032,,,,,28.5
29.15,30.24,!    7/6/2032,,,,,28.3
29.15,30.24,!    7/7/2032,,,,,28.4
29.15,30.14,!    7/8/2032,,,,,28.2
29.21,30.24,!    7/9/2032,,,,,28.2
29.21,30.24,!    7/10/2032,,,,,28.4
29.21,30.24,!    7/11/2032,,,,,28.4
29.26,30.24,!    7/12/2032,,,,,28.6
29.26,30.34,!    7/13/2032,,,,,28.6
29.26,30.34,!    7/14/2032,,,,,28.5
29.26,30.34,!    7/15/2032,,,,,28.2
29.32,30.34,!    7/16/2032,,,,,27.8
29.32,30.44,!    7/17/2032,,,,,27.8
29.32,30.44,!    7/18/2032,,,,,27.9
29.37,30.64,!    7/19/2032,,,,,28.1
29.37,30.74,!    7/20/2032,,,,,28.3
29.37,30.74,!    7/21/2032,,,,,28.5
29.37,30.84,!    7/22/2032,,,,,28.5
29.37,30.84,!    7/23/2032,,,,,28.5
29.43,30.84,!    7/24/2032,,,,,28.6
29.43,30.94,!    7/25/2032,,,,,28.8
29.43,31.04,!    7/26/2032,,,,,29
29.43,31.14,!    7/27/2032,,,,,29.2
29.43,31.14,!    7/28/2032,,,,,29.2
29.49,31.24,!    7/29/2032,,,,,29.3
29.49,31.24,!    7/30/2032,,,,,29.4
29.49,31.34,!    7/31/2032,,,,,29.4
29.45,30.90,!    8/1/2032,,,,,29.5
29.45,31.00,!    8/2/2032,,,,,29.6
29.45,31.00,!    8/3/2032,,,,,29.7
29.45,31.10,!    8/4/2032,,,,,29.8
29.45,31.10,!    8/5/2032,,,,,30
29.45,31.20,!    8/6/2032,,,,,30.3
29.45,31.30,!    8/7/2032,,,,,30.5
29.45,31.30,!    8/8/2032,,,,,30.4
29.45,31.40,!    8/9/2032,,,,,30.4
29.45,31.30,!    8/10/2032,,,,,30.3
29.45,31.40,!    8/11/2032,,,,,30.3
29.45,31.30,!    8/12/2032,,,,,30.2
29.40,31.10,!    8/13/2032,,,,,30.1
29.40,31.10,!    8/14/2032,,,,,29.9
29.40,31.10,!    8/15/2032,,,,,29.7
29.34,31.20,!    8/16/2032,,,,,29.7
29.34,31.20,!    8/17/2032,,,,,29.7
29.34,31.10,!    8/18/2032,,,,,29.6
29.29,31.00,!    8/19/2032,,,,,29.3
29.29,30.80,!    8/20/2032,,,,,29.2
29.23,30.80,!    8/21/2032,,,,,29.1
29.23,30.80,!    8/22/2032,,,,,28.6
29.18,30.80,!    8/23/2032,,,,,28.2
29.12,30.90,!    8/24/2032,,,,,28.1
29.12,30.80,!    8/25/2032,,,,,28
29.07,30.70,!    8/26/2032,,,,,28
29.01,30.60,!    8/27/2032,,,,,28
28.95,30.50,!    8/28/2032,,,,,28.2
28.95,30.40,!    8/29/2032,,,,,28.4
28.90,30.30,!    8/30/2032,,,,,28.7
28.84,30.20,!    8/31/2032,,,,,29
28.61,30.37,!    9/1/2032,,,,,29.3
28.55,30.27,!    9/2/2032,,,,,29.5
28.50,30.07,!    9/3/2032,,,,,29.6
28.39,30.07,!    9/4/2032,,,,,29.7
28.33,29.97,!    9/5/2032,,,,,29.8
28.28,29.97,!    9/6/2032,,,,,30
28.22,29.97,!    9/7/2032,,,,,30
28.11,29.87,!    9/8/2032,,,,,30
28.05,29.77,!    9/9/2032,,,,,30
28.00,29.67,!    9/10/2032,,,,,29.9
27.89,29.47,!    9/11/2032,,,,,30.1
27.83,29.37,!    9/12/2032,,,,,30.1
27.72,29.37,!    9/13/2032,,,,,30.1
27.61,29.27,!    9/14/2032,,,,,30.1
27.55,29.17,!    9/15/2032,,,,,30.1
27.44,28.97,!    9/16/2032,,,,,30.2
27.33,28.87,!    9/17/2032,,,,,30.1
27.22,28.77,!    9/18/2032,,,,,30.1
27.11,28.47,!    9/19/2032,,,,,30.1
27.00,28.37,!    9/20/2032,,,,,30
26.89,28.17,!    9/21/2032,,,,,29.9
26.78,28.07,!    9/22/2032,,,,,29.5
26.67,28.07,!    9/23/2032,,,,,29.2
26.50,27.87,!    9/24/2032,,,,,29.1
26.39,27.77,!    9/25/2032,,,,,28.8
26.28,27.47,!    9/26/2032,,,,,28.5
26.11,27.47,!    9/27/2032,,,,,28.1
26.00,27.37,!    9/28/2032,,,,,28
25.83,27.17,!    9/29/2032,,,,,27.8
25.67,26.97,!    9/30/2032,,,,,27.7
26.12,26.64,!    10/1/2032,,,,,27.6
25.96,26.34,!    10/2/2032,,,,,27.4
25.79,26.14,!    10/3/2032,,,,,27.2
25.62,26.14,!    10/4/2032,,,,,27.1
25.46,26.04,!    10/5/2032,,,,,26.9
25.29,25.84,!    10/6/2032,,,,,26.9
25.12,25.64,!    10/7/2032,,,,,26.4
24.96,25.44,!    10/8/2032,,,,,26
24.74,25.24,!    10/9/2032,,,,,25.9
24.57,25.14,!    10/10/2032,,,,,25.9
24.40,25.04,!    10/11/2032,,,,,25.8
24.24,24.84,!    10/12/2032,,,,,25.7
24.01,24.64,!    10/13/2032,,,,,25.6
23.85,24.44,!    10/14/2032,,,,,25.6
23.62,24.24,!    10/15/2032,,,,,25.5
23.46,24.04,!    10/16/2032,,,,,25.4
23.24,23.74,!    10/17/2032,,,,,25.2
23.07,23.54,!    10/18/2032,,,,,25
22.85,23.24,!    10/19/2032,,,,,24.6
22.68,22.74,!    10/20/2032,,,,,24.1
22.46,22.44,!    10/21/2032,,,,,23.8
22.29,22.14,!    10/22/2032,,,,,23.4
22.07,21.74,!    10/23/2032,,,,,23
21.90,21.44,!    10/24/2032,,,,,22.7
21.68,21.04,!    10/25/2032,,,,,22.5
21.51,20.84,!    10/26/2032,,,,,22.1
21.29,20.64,!    10/27/2032,,,,,22
21.12,20.14,!    10/28/2032,,,,,21.9
20.90,19.74,!    10/29/2032,,,,,21.8
20.74,19.54,!    10/30/2032,,,,,21.6
20.51,19.34,!    10/31/2032,,,,,21.5
20.44,20.10,!    11/1/2032,,,,,21.2
20.28,19.90,!    11/2/2032,,,,,21
20.05,19.80,!    11/3/2032,,,,,20.6
19.89,19.60,!    11/4/2032,,,,,20.3
19.72,19.40,!    11/5/2032,,,,,20.1
19.55,19.50,!    11/6/2032,,,,,19.8
19.39,19.30,!    11/7/2032,,,,,19.2
19.22,19.10,!    11/8/2032,,,,,18.8
19.05,18.90,!    11/9/2032,,,,,18.5
18.89,18.70,!    11/10/2032,,,,,18.5
18.72,18.50,!    11/11/2032,,,,,18.3
18.61,18.30,!    11/12/2032,,,,,18
18.44,18.00,!    11/13/2032,,,,,17.4
18.28,17.70,!    11/14/2032,,,,,16.8
18.16,17.50,!    11/15/2032,,,,,16.7
18.00,17.30,!    11/16/2032,,,,,16.4
17.89,17.00,!    11/17/2032,,,,,16.2
17.78,16.70,!    11/18/2032,,,,,16
17.61,16.40,!    11/19/2032,,,,,15.7
17.50,16.20,!    11/20/2032,,,,,15.5
17.39,16.00,!    11/21/2032,,,,,15.5
17.28,15.80,!    11/22/2032,,,,,15.4
17.16,15.70,!    11/23/2032,,,,,15.2
17.05,15.60,!    11/24/2032,,,,,15
16.94,15.50,!    11/25/2032,,,,,14.6
16.83,15.30,!    11/26/2032,,,,,14.3
16.72,15.10,!    11/27/2032,,,,,13.9
16.61,14.90,!    11/28/2032,,,,,13.2
16.55,14.80,!    11/29/2032,,,,,12.5
16.44,14.70,!    11/30/2032,,,,,11.8
16.43,13.51,!    12/1/2032,,,,,11.3
16.37,13.31,!    12/2/2032,,,,,10.9
16.26,13.21,!    12/3/2032,,,,,10.9
16.15,13.01,!    12/4/2032,,,,,10.8
16.09,12.81,!    12/5/2032,,,,,10.9
15.98,12.41,!    12/6/2032,,,,,11.3
15.93,12.21,!    12/7/2032,,,,,11.3
15.81,12.01,!    12/8/2032,,,,,11
15.76,11.81,!    12/9/2032,,,,,10.8
15.65,11.61,!    12/10/2032,,,,,10.6
15.59,11.31,!    12/11/2032,,,,,10
15.48,11.21,!    12/12/2032,,,,,9.6
15.43,11.01,!    12/13/2032,,,,,9.1
15.37,10.91,!    12/14/2032,,,,,8.8
15.26,10.71,!    12/15/2032,,,,,8.6
15.20,10.61,!    12/16/2032,,,,,8.3
15.09,10.41,!    12/17/2032,,,,,8.1
15.04,10.31,!    12/18/2032,,,,,7.9
14.98,10.21,!    12/19/2032,,,,,7.7
14.87,10.11,!    12/20/2032,,,,,7.4
14.81,10.01,!    12/21/2032,,,,,7.3
14.76,10.01,!    12/22/2032,,,,,7.7
14.70,9.91,!    12/23/2032,,,,,7.9
14.59,9.81,!    12/24/2032,,,,,7.9
14.54,9.71,!    12/25/2032,,,,,7.8
14.48,9.61,!    12/26/2032,,,,,7.5
14.43,9.61,!    12/27/2032,,,,,7.5
14.37,9.61,!    12/28/2032,,,,,7.6
14.31,9.51,!    12/29/2032,,,,,7.8
14.26,9.51,!    12/30/2032,,,,,7.9
14.20,9.51,!    12/31/2032,,,,,7.9
13.34,9.00,!    1/1/2033,,,,,7.6
13.28,8.90,!    1/2/2033,,,,,7.4
13.23,8.80,!    1/3/2033,,,,,7.3
13.17,8.70,!    1/4/2033,,,,,7.1
13.17,8.50,!    1/5/2033,,,,,6.9
13.12,8.40,!    1/6/2033,,,,,6.7
13.06,8.30,!    1/7/2033,,,,,6.5
13.06,8.20,!    1/8/2033,,,,,6.2
13.00,8.10,!    1/9/2033,,,,,6
13.00,8.10,!    1/10/2033,,,,,5.7
13.00,8.00,!    1/11/2033,,,,,5.5
12.95,8.00,!    1/12/2033,,,,,5.4
12.95,7.90,!    1/13/2033,,,,,5.2
12.95,7.70,!    1/14/2033,,,,,5.2
12.95,7.60,!    1/15/2033,,,,,5
12.95,7.50,!    1/16/2033,,,,,4.9
12.95,7.40,!    1/17/2033,,,,,4.9
13.00,7.40,!    1/18/2033,,,,,5.1
13.00,7.40,!    1/19/2033,,,,,5.3
13.00,7.10,!    1/20/2033,,,,,5.3
13.06,7.20,!    1/21/2033,,,,,5.4
13.12,7.20,!    1/22/2033,,,,,5.4
13.12,7.20,!    1/23/2033,,,,,5.3
13.17,7.30,!    1/24/2033,,,,,5.2
13.23,7.30,!    1/25/2033,,,,,5
13.28,7.50,!    1/26/2033,,,,,4.8
13.34,7.50,!    1/27/2033,,,,,4.5
13.39,7.40,!    1/28/2033,,,,,4.3
13.45,7.30,!    1/29/2033,,,,,4
13.50,7.20,!    1/30/2033,,,,,3.7
13.62,7.20,!    1/31/2033,,,,,3.5
12.54,7.98,!    2/1/2033,,,,,3.5
12.60,7.98,!    2/2/2033,,,,,3.7
12.71,8.18,!    2/3/2033,,,,,3.9
12.76,8.18,!    2/4/2033,,,,,4.1
12.87,8.18,!    2/5/2033,,,,,4.5
12.98,8.28,!    2/6/2033,,,,,4.6
13.10,8.28,!    2/7/2033,,,,,4.3
13.15,8.48,!    2/8/2033,,,,,4.5
13.26,8.58,!    2/9/2033,,,,,4.4
13.37,8.68,!    2/10/2033,,,,,4.3
13.48,8.68,!    2/11/2033,,,,,4.3
13.60,8.78,!    2/12/2033,,,,,4.2
13.71,8.78,!    2/13/2033,,,,,4
13.82,8.78,!    2/14/2033,,,,,3.7
13.93,8.78,!    2/15/2033,,,,,3.6
14.04,8.88,!    2/16/2033,,,,,3.2
14.15,8.98,!    2/17/2033,,,,,3
14.26,8.98,!    2/18/2033,,,,,3.1
14.37,9.08,!    2/19/2033,,,,,3.6
14.48,9.18,!    2/20/2033,,,,,4.1
14.60,9.38,!    2/21/2033,,,,,4.5
14.71,9.48,!    2/22/2033,,,,,4.8
14.82,9.58,!    2/23/2033,,,,,5.3
14.93,9.78,!    2/24/2033,,,,,6.2
15.10,9.88,!    2/25/2033,,,,,6
15.21,9.88,!    2/26/2033,,,,,6.3
15.32,10.08,!    2/27/2033,,,,,6.5
15.43,10.18,!    2/28/2033,,,,,6.6
15.71,10.28,!    3/1/2033,,,,,7.1
16.03,9.78,!    3/2/2033,,,,,7.6
16.14,9.78,!    3/3/2033,,,,,7.8
16.25,9.78,!    3/4/2033,,,,,7.7
16.36,9.78,!    3/5/2033,,,,,7.3
16.47,9.88,!    3/6/2033,,,,,6.9
16.58,9.98,!    3/7/2033,,,,,6.5
16.69,10.08,!    3/8/2033,,,,,5.9
16.80,10.28,!    3/9/2033,,,,,5.6
16.92,10.48,!    3/10/2033,,,,,5.6
16.97,10.68,!    3/11/2033,,,,,5.4
17.08,10.88,!    3/12/2033,,,,,5.4
17.19,10.98,!    3/13/2033,,,,,5.8
17.30,11.18,!    3/14/2033,,,,,6.2
17.42,11.28,!    3/15/2033,,,,,6.5
17.53,11.48,!    3/16/2033,,,,,7
17.64,11.58,!    3/17/2033,,,,,7.4
17.69,11.68,!    3/18/2033,,,,,7.7
17.80,11.88,!    3/19/2033,,,,,8.2
17.92,12.18,!    3/20/2033,,,,,8.7
18.03,12.28,!    3/21/2033,,,,,9.2
18.08,12.48,!    3/22/2033,,,,,9.5
18.19,12.48,!    3/23/2033,,,,,9.9
18.30,12.68,!    3/24/2033,,,,,10.2
18.42,12.98,!    3/25/2033,,,,,10.6
18.47,13.18,!    3/26/2033,,,,,10.7
18.58,13.38,!    3/27/2033,,,,,10.7
18.69,13.58,!    3/28/2033,,,,,10.7
18.75,13.78,!    3/29/2033,,,,,10.7
18.86,13.98,!    3/30/2033,,,,,11
18.97,14.18,!    3/31/2033,,,,,11.4
19.69,14.72,!    4/1/2033,,,,,11.8
20.13,14.92,!    4/2/2033,,,,,12.4
20.24,15.12,!    4/3/2033,,,,,12.9
20.35,15.42,!    4/4/2033,,,,,13.2
20.46,15.72,!    4/5/2033,,,,,13.3
20.52,15.92,!    4/6/2033,,,,,13.4
20.63,16.02,!    4/7/2033,,,,,13.8
20.74,16.12,!    4/8/2033,,,,,14
20.85,16.32,!    4/9/2033,,,,,14.2
20.96,16.52,!    4/10/2033,,,,,14.3
21.02,16.72,!    4/11/2033,,,,,14.2
21.13,17.02,!    4/12/2033,,,,,14.3
21.24,17.12,!    4/13/2033,,,,,14.3
21.35,17.22,!    4/14/2033,,,,,14.3
21.46,17.42,!    4/15/2033,,,,,14.2
21.58,17.52,!    4/16/2033,,,,,14.1
21.69,17.62,!    4/17/2033,,,,,14
21.80,17.72,!    4/18/2033,,,,,14.1
21.91,17.92,!    4/19/2033,,,,,14.3
22.02,18.02,!    4/20/2033,,,,,14.5
22.13,18.22,!    4/21/2033,,,,,14.9
22.30,18.52,!    4/22/2033,,,,,15.2
22.41,18.62,!    4/23/2033,,,,,15.6
22.52,18.72,!    4/24/2033,,,,,16.1
22.63,18.82,!    4/25/2033,,,,,16.7
22.74,18.92,!    4/26/2033,,,,,17.1
22.91,19.12,!    4/27/2033,,,,,17.6
23.02,19.32,!    4/28/2033,,,,,18.1
23.13,19.72,!    4/29/2033,,,,,18.5
23.30,19.92,!    4/30/2033,,,,,18.8
23.09,19.79,!    5/1/2033,,,,,18.9
23.31,19.99,!    5/2/2033,,,,,19.2
23.48,20.09,!    5/3/2033,,,,,19.4
23.59,20.29,!    5/4/2033,,,,,19.6
23.76,20.29,!    5/5/2033,,,,,19.7
23.87,20.39,!    5/6/2033,,,,,19.7
24.04,20.49,!    5/7/2033,,,,,19.7
24.15,20.69,!    5/8/2033,,,,,19.6
24.31,20.89,!    5/9/2033,,,,,19.4
24.43,21.09,!    5/10/2033,,,,,19.2
24.54,21.19,!    5/11/2033,,,,,19.4
24.70,21.29,!    5/12/2033,,,,,19.7
24.81,21.49,!    5/13/2033,,,,,20
24.98,21.59,!    5/14/2033,,,,,20.2
25.09,21.69,!    5/15/2033,,,,,20.3
25.26,21.89,!    5/16/2033,,,,,20.5
25.37,22.09,!    5/17/2033,,,,,20.8
25.54,22.29,!    5/18/2033,,,,,21
25.65,22.29,!    5/19/2033,,,,,21.2
25.76,22.49,!    5/20/2033,,,,,21.4
25.93,22.69,!    5/21/2033,,,,,21.7
26.04,22.99,!    5/22/2033,,,,,21.9
26.15,23.19,!    5/23/2033,,,,,22.1
26.31,23.39,!    5/24/2033,,,,,22.1
26.43,23.59,!    5/25/2033,,,,,22
26.54,23.89,!    5/26/2033,,,,,21.9
26.65,24.09,!    5/27/2033,,,,,22
26.76,24.19,!    5/28/2033,,,,,22.4
26.87,24.39,!    5/29/2033,,,,,22.4
26.98,24.59,!    5/30/2033,,,,,22.4
27.09,24.69,!    5/31/2033,,,,,22.4
27.59,24.78,!    6/1/2033,,,,,22.5
27.79,24.98,!    6/2/2033,,,,,
27.84,25.18,!    6/3/2033,,,,,
27.95,25.38,!    6/4/2033,,,,,
28.06,25.58,!    6/5/2033,,,,,
28.12,25.78,!    6/6/2033,,,,,
28.23,26.08,!    6/7/2033,,,,,
28.29,26.38,!    6/8/2033,,,,,
28.40,26.68,!    6/9/2033,,,,,
28.45,26.88,!    6/10/2033,,,,,
28.51,27.08,!    6/11/2033,,,,,
28.62,27.28,!    6/12/2033,,,,,
28.67,27.38,!    6/13/2033,,,,,
28.73,27.48,!    6/14/2033,,,,,
28.79,27.68,!    6/15/2033,,,,,
28.84,27.88,!    6/16/2033,,,,,
28.90,28.08,!    6/17/2033,,,,,
28.95,28.18,!    6/18/2033,,,,,
29.01,28.28,!    6/19/2033,,,,,
29.01,28.38,!    6/20/2033,,,,,
29.06,28.58,!    6/21/2033,,,,,
29.12,28.68,!    6/22/2033,,,,,
29.17,28.78,!    6/23/2033,,,,,
29.17,28.88,!    6/24/2033,,,,,
29.23,29.08,!    6/25/2033,,,,,
29.23,29.18,!    6/26/2033,,,,,
29.29,29.28,!    6/27/2033,,,,,
29.29,29.38,!    6/28/2033,,,,,
29.34,29.38,!    6/29/2033,,,,,
29.34,29.48,!    6/30/2033,,,,,
29.20,29.98,!    7/1/2033,,,,,
29.15,30.08,!    7/2/2033,,,,,
29.15,30.28,!    7/3/2033,,,,,
29.20,30.28,!    7/4/2033,,,,,
29.20,30.28,!    7/5/2033,,,,,
29.26,30.28,!    7/6/2033,,,,,
29.26,30.28,!    7/7/2033,,,,,
29.26,30.28,!    7/8/2033,,,,,
29.26,30.18,!    7/9/2033,,,,,
29.31,30.28,!    7/10/2033,,,,,
29.31,30.28,!    7/11/2033,,,,,
29.31,30.28,!    7/12/2033,,,,,
29.37,30.28,!    7/13/2033,,,,,
29.37,30.38,!    7/14/2033,,,,,
29.37,30.38,!    7/15/2033,,,,,
29.37,30.38,!    7/16/2033,,,,,
29.43,30.38,!    7/17/2033,,,,,
29.43,30.48,!    7/18/2033,,,,,
29.43,30.48,!    7/19/2033,,,,,
29.48,30.68,!    7/20/2033,,,,,
29.48,30.78,!    7/21/2033,,,,,
29.48,30.78,!    7/22/2033,,,,,
29.48,30.88,!    7/23/2033,,,,,
29.48,30.88,!    7/24/2033,,,,,
29.54,30.88,!    7/25/2033,,,,,
29.54,30.98,!    7/26/2033,,,,,
29.54,31.08,!    7/27/2033,,,,,
29.54,31.18,!    7/28/2033,,,,,
29.54,31.18,!    7/29/2033,,,,,
29.59,31.28,!    7/30/2033,,,,,
29.59,31.28,!    7/31/2033,,,,,
29.23,31.26,!    8/1/2033,,,,,
29.24,31.16,!    8/2/2033,,,,,
29.24,31.26,!    8/3/2033,,,,,
29.24,31.26,!    8/4/2033,,,,,
29.24,31.36,!    8/5/2033,,,,,
29.24,31.36,!    8/6/2033,,,,,
29.24,31.46,!    8/7/2033,,,,,
29.24,31.56,!    8/8/2033,,,,,
29.24,31.56,!    8/9/2033,,,,,
29.24,31.66,!    8/10/2033,,,,,
29.24,31.56,!    8/11/2033,,,,,
29.24,31.66,!    8/12/2033,,,,,
29.24,31.56,!    8/13/2033,,,,,
29.18,31.36,!    8/14/2033,,,,,
29.18,31.36,!    8/15/2033,,,,,
29.18,31.36,!    8/16/2033,,,,,
29.13,31.46,!    8/17/2033,,,,,
29.13,31.46,!    8/18/2033,,,,,
29.13,31.36,!    8/19/2033,,,,,
29.07,31.26,!    8/20/2033,,,,,
29.07,31.06,!    8/21/2033,,,,,
29.02,31.06,!    8/22/2033,,,,,
29.02,31.06,!    8/23/2033,,,,,
28.96,31.06,!    8/24/2033,,,,,
28.91,31.16,!    8/25/2033,,,,,
28.91,31.06,!    8/26/2033,,,,,
28.85,30.96,!    8/27/2033,,,,,
28.80,30.86,!    8/28/2033,,,,,
28.74,30.76,!    8/29/2033,,,,,
28.74,30.66,!    8/30/2033,,,,,
28.68,30.56,!    8/31/2033,,,,,
29.41,30.26,!    9/1/2033,,,,,
29.22,30.16,!    9/2/2033,,,,,
29.17,30.06,!    9/3/2033,,,,,
29.11,29.86,!    9/4/2033,,,,,
29.00,29.86,!    9/5/2033,,,,,
28.95,29.76,!    9/6/2033,,,,,
28.89,29.76,!    9/7/2033,,,,,
28.83,29.76,!    9/8/2033,,,,,
28.72,29.66,!    9/9/2033,,,,,
28.67,29.56,!    9/10/2033,,,,,
28.61,29.46,!    9/11/2033,,,,,
28.50,29.26,!    9/12/2033,,,,,
28.45,29.16,!    9/13/2033,,,,,
28.33,29.16,!    9/14/2033,,,,,
28.22,29.06,!    9/15/2033,,,,,
28.17,28.96,!    9/16/2033,,,,,
28.06,28.76,!    9/17/2033,,,,,
27.95,28.66,!    9/18/2033,,,,,
27.83,28.56,!    9/19/2033,,,,,
27.72,28.26,!    9/20/2033,,,,,
27.61,28.16,!    9/21/2033,,,,,
27.50,27.96,!    9/22/2033,,,,,
27.39,27.86,!    9/23/2033,,,,,
27.28,27.86,!    9/24/2033,,,,,
27.11,27.66,!    9/25/2033,,,,,
27.00,27.56,!    9/26/2033,,,,,
26.89,27.26,!    9/27/2033,,,,,
26.72,27.26,!    9/28/2033,,,,,
26.61,27.16,!    9/29/2033,,,,,
26.45,26.96,!    9/30/2033,,,,,
26.39,26.77,!    10/1/2033,,,,,
26.11,26.47,!    10/2/2033,,,,,
25.94,26.17,!    10/3/2033,,,,,
25.78,25.97,!    10/4/2033,,,,,
25.61,25.97,!    10/5/2033,,,,,
25.44,25.87,!    10/6/2033,,,,,
25.28,25.67,!    10/7/2033,,,,,
25.11,25.47,!    10/8/2033,,,,,
24.94,25.27,!    10/9/2033,,,,,
24.72,25.07,!    10/10/2033,,,,,
24.56,24.97,!    10/11/2033,,,,,
24.39,24.87,!    10/12/2033,,,,,
24.22,24.67,!    10/13/2033,,,,,
24.00,24.47,!    10/14/2033,,,,,
23.83,24.27,!    10/15/2033,,,,,
23.61,24.07,!    10/16/2033,,,,,
23.44,23.87,!    10/17/2033,,,,,
23.22,23.57,!    10/18/2033,,,,,
23.06,23.37,!    10/19/2033,,,,,
22.83,23.07,!    10/20/2033,,,,,
22.67,22.57,!    10/21/2033,,,,,
22.44,22.27,!    10/22/2033,,,,,
22.28,21.97,!    10/23/2033,,,,,
22.06,21.57,!    10/24/2033,,,,,
21.89,21.27,!    10/25/2033,,,,,
21.67,20.87,!    10/26/2033,,,,,
21.50,20.67,!    10/27/2033,,,,,
21.28,20.47,!    10/28/2033,,,,,
21.11,19.97,!    10/29/2033,,,,,
20.89,19.57,!    10/30/2033,,,,,
20.72,19.37,!    10/31/2033,,,,,
20.32,19.75,!    11/1/2033,,,,,
19.92,19.55,!    11/2/2033,,,,,
19.75,19.35,!    11/3/2033,,,,,
19.53,19.25,!    11/4/2033,,,,,
19.37,19.05,!    11/5/2033,,,,,
19.20,18.85,!    11/6/2033,,,,,
19.03,18.95,!    11/7/2033,,,,,
18.87,18.75,!    11/8/2033,,,,,
18.70,18.55,!    11/9/2033,,,,,
18.53,18.35,!    11/10/2033,,,,,
18.37,18.15,!    11/11/2033,,,,,
18.20,17.95,!    11/12/2033,,,,,
18.09,17.75,!    11/13/2033,,,,,
17.92,17.45,!    11/14/2033,,,,,
17.75,17.15,!    11/15/2033,,,,,
17.64,16.95,!    11/16/2033,,,,,
17.48,16.75,!    11/17/2033,,,,,
17.37,16.45,!    11/18/2033,,,,,
17.25,16.15,!    11/19/2033,,,,,
17.09,15.85,!    11/20/2033,,,,,
16.98,15.65,!    11/21/2033,,,,,
16.87,15.45,!    11/22/2033,,,,,
16.75,15.25,!    11/23/2033,,,,,
16.64,15.15,!    11/24/2033,,,,,
16.53,15.05,!    11/25/2033,,,,,
16.42,14.95,!    11/26/2033,,,,,
16.31,14.75,!    11/27/2033,,,,,
16.20,14.55,!    11/28/2033,,,,,
16.09,14.35,!    11/29/2033,,,,,
16.03,14.25,!    11/30/2033,,,,,
16.66,13.47,!    12/1/2033,,,,,
16.35,13.17,!    12/2/2033,,,,,
16.30,12.97,!    12/3/2033,,,,,
16.18,12.87,!    12/4/2033,,,,,
16.07,12.67,!    12/5/2033,,,,,
16.02,12.47,!    12/6/2033,,,,,
15.91,12.07,!    12/7/2033,,,,,
15.85,11.87,!    12/8/2033,,,,,
15.74,11.67,!    12/9/2033,,,,,
15.68,11.47,!    12/10/2033,,,,,
15.57,11.27,!    12/11/2033,,,,,
15.52,10.97,!    12/12/2033,,,,,
15.41,10.87,!    12/13/2033,,,,,
15.35,10.67,!    12/14/2033,,,,,
15.30,10.57,!    12/15/2033,,,,,
15.18,10.37,!    12/16/2033,,,,,
15.13,10.27,!    12/17/2033,,,,,
15.02,10.07,!    12/18/2033,,,,,
14.96,9.97,!    12/19/2033,,,,,
14.91,9.87,!    12/20/2033,,,,,
14.80,9.77,!    12/21/2033,,,,,
14.74,9.67,!    12/22/2033,,,,,
14.68,9.67,!    12/23/2033,,,,,
14.63,9.57,!    12/24/2033,,,,,
14.52,9.47,!    12/25/2033,,,,,
14.46,9.37,!    12/26/2033,,,,,
14.41,9.27,!    12/27/2033,,,,,
14.35,9.27,!    12/28/2033,,,,,
14.30,9.27,!    12/29/2033,,,,,
14.24,9.17,!    12/30/2033,,,,,
14.18,9.17,!    12/31/2033,,,,,
13.74,9.00,!    1/1/2034,,,,,
13.68,8.90,!    1/2/2034,,,,,
13.63,8.80,!    1/3/2034,,,,,
13.57,8.70,!    1/4/2034,,,,,
13.57,8.50,!    1/5/2034,,,,,
13.52,8.40,!    1/6/2034,,,,,
13.46,8.30,!    1/7/2034,,,,,
13.46,8.20,!    1/8/2034,,,,,
13.41,8.10,!    1/9/2034,,,,,
13.41,8.10,!    1/10/2034,,,,,
13.41,8.00,!    1/11/2034,,,,,
13.35,8.00,!    1/12/2034,,,,,
13.35,7.90,!    1/13/2034,,,,,
13.35,7.70,!    1/14/2034,,,,,
13.35,7.60,!    1/15/2034,,,,,
13.35,7.50,!    1/16/2034,,,,,
13.35,7.40,!    1/17/2034,,,,,
13.41,7.40,!    1/18/2034,,,,,
13.41,7.40,!    1/19/2034,,,,,
13.41,7.10,!    1/20/2034,,,,,
13.46,7.20,!    1/21/2034,,,,,
13.52,7.20,!    1/22/2034,,,,,
13.52,7.20,!    1/23/2034,,,,,
13.57,7.30,!    1/24/2034,,,,,
13.63,7.30,!    1/25/2034,,,,,
13.68,7.50,!    1/26/2034,,,,,
13.74,7.50,!    1/27/2034,,,,,
13.80,7.40,!    1/28/2034,,,,,
13.85,7.30,!    1/29/2034,,,,,
13.91,7.20,!    1/30/2034,,,,,
14.02,7.20,!    1/31/2034,,,,,
13.05,6.68,!    2/1/2034,,,,,
13.10,6.68,!    2/2/2034,,,,,
13.21,6.88,!    2/3/2034,,,,,
13.27,6.88,!    2/4/2034,,,,,
13.38,6.88,!    2/5/2034,,,,,
13.49,6.98,!    2/6/2034,,,,,
13.60,6.98,!    2/7/2034,,,,,
13.66,7.18,!    2/8/2034,,,,,
13.77,7.28,!    2/9/2034,,,,,
13.88,7.38,!    2/10/2034,,,,,
13.99,7.38,!    2/11/2034,,,,,
14.10,7.48,!    2/12/2034,,,,,
14.21,7.48,!    2/13/2034,,,,,
14.32,7.48,!    2/14/2034,,,,,
14.43,7.48,!    2/15/2034,,,,,
14.55,7.58,!    2/16/2034,,,,,
14.66,7.68,!    2/17/2034,,,,,
14.77,7.68,!    2/18/2034,,,,,
14.88,7.78,!    2/19/2034,,,,,
14.99,7.88,!    2/20/2034,,,,,
15.10,8.08,!    2/21/2034,,,,,
15.21,8.18,!    2/22/2034,,,,,
15.32,8.28,!    2/23/2034,,,,,
15.43,8.48,!    2/24/2034,,,,,
15.60,8.58,!    2/25/2034,,,,,
15.71,8.58,!    2/26/2034,,,,,
15.82,8.78,!    2/27/2034,,,,,
15.93,8.88,!    2/28/2034,,,,,
16.04,10.08,!    3/1/2034,,,,,
16.36,9.58,!    3/2/2034,,,,,
16.47,9.58,!    3/3/2034,,,,,
16.58,9.58,!    3/4/2034,,,,,
16.69,9.58,!    3/5/2034,,,,,
16.80,9.68,!    3/6/2034,,,,,
16.91,9.78,!    3/7/2034,,,,,
17.02,9.88,!    3/8/2034,,,,,
17.14,10.08,!    3/9/2034,,,,,
17.25,10.28,!    3/10/2034,,,,,
17.30,10.48,!    3/11/2034,,,,,
17.41,10.68,!    3/12/2034,,,,,
17.52,10.78,!    3/13/2034,,,,,
17.64,10.98,!    3/14/2034,,,,,
17.75,11.08,!    3/15/2034,,,,,
17.86,11.28,!    3/16/2034,,,,,
17.97,11.38,!    3/17/2034,,,,,
18.02,11.48,!    3/18/2034,,,,,
18.14,11.68,!    3/19/2034,,,,,
18.25,11.98,!    3/20/2034,,,,,
18.36,12.08,!    3/21/2034,,,,,
18.41,12.28,!    3/22/2034,,,,,
18.52,12.28,!    3/23/2034,,,,,
18.64,12.48,!    3/24/2034,,,,,
18.75,12.78,!    3/25/2034,,,,,
18.80,12.98,!    3/26/2034,,,,,
18.91,13.18,!    3/27/2034,,,,,
19.02,13.38,!    3/28/2034,,,,,
19.08,13.58,!    3/29/2034,,,,,
19.19,13.78,!    3/30/2034,,,,,
19.30,13.98,!    3/31/2034,,,,,
19.41,14.28,!    4/1/2034,,,,,
19.85,14.48,!    4/2/2034,,,,,
19.96,14.68,!    4/3/2034,,,,,
20.07,14.98,!    4/4/2034,,,,,
20.18,15.28,!    4/5/2034,,,,,
20.24,15.48,!    4/6/2034,,,,,
20.35,15.58,!    4/7/2034,,,,,
20.46,15.68,!    4/8/2034,,,,,
20.57,15.88,!    4/9/2034,,,,,
20.68,16.08,!    4/10/2034,,,,,
20.74,16.28,!    4/11/2034,,,,,
20.85,16.58,!    4/12/2034,,,,,
20.96,16.68,!    4/13/2034,,,,,
21.07,16.78,!    4/14/2034,,,,,
21.18,16.98,!    4/15/2034,,,,,
21.30,17.08,!    4/16/2034,,,,,
21.41,17.18,!    4/17/2034,,,,,
21.52,17.28,!    4/18/2034,,,,,
21.63,17.48,!    4/19/2034,,,,,
21.74,17.58,!    4/20/2034,,,,,
21.85,17.78,!    4/21/2034,,,,,
22.02,18.08,!    4/22/2034,,,,,
22.13,18.18,!    4/23/2034,,,,,
22.24,18.28,!    4/24/2034,,,,,
22.35,18.38,!    4/25/2034,,,,,
22.46,18.48,!    4/26/2034,,,,,
22.63,18.68,!    4/27/2034,,,,,
22.74,18.88,!    4/28/2034,,,,,
22.85,19.28,!    4/29/2034,,,,,
23.02,19.48,!    4/30/2034,,,,,
23.20,19.51,!    5/1/2034,,,,,
23.42,19.71,!    5/2/2034,,,,,
23.59,19.81,!    5/3/2034,,,,,
23.70,20.01,!    5/4/2034,,,,,
23.87,20.01,!    5/5/2034,,,,,
23.98,20.11,!    5/6/2034,,,,,
24.14,20.21,!    5/7/2034,,,,,
24.26,20.41,!    5/8/2034,,,,,
24.42,20.61,!    5/9/2034,,,,,
24.53,20.81,!    5/10/2034,,,,,
24.64,20.91,!    5/11/2034,,,,,
24.81,21.01,!    5/12/2034,,,,,
24.92,21.21,!    5/13/2034,,,,,
25.09,21.31,!    5/14/2034,,,,,
25.20,21.41,!    5/15/2034,,,,,
25.37,21.61,!    5/16/2034,,,,,
25.48,21.81,!    5/17/2034,,,,,
25.64,22.01,!    5/18/2034,,,,,
25.76,22.01,!    5/19/2034,,,,,
25.87,22.21,!    5/20/2034,,,,,
26.03,22.41,!    5/21/2034,,,,,
26.14,22.71,!    5/22/2034,,,,,
26.26,22.91,!    5/23/2034,,,,,
26.42,23.11,!    5/24/2034,,,,,
26.53,23.31,!    5/25/2034,,,,,
26.64,23.61,!    5/26/2034,,,,,
26.76,23.81,!    5/27/2034,,,,,
26.87,23.91,!    5/28/2034,,,,,
26.98,24.11,!    5/29/2034,,,,,
27.09,24.31,!    5/30/2034,,,,,
27.20,24.41,!    5/31/2034,,,,,
27.21,24.40,!    6/1/2034,,,,,
27.41,24.60,!    6/2/2034,,,,,
27.46,24.80,!    6/3/2034,,,,,
27.57,25.00,!    6/4/2034,,,,,
27.69,25.20,!    6/5/2034,,,,,
27.74,25.40,!    6/6/2034,,,,,
27.85,25.70,!    6/7/2034,,,,,
27.91,26.00,!    6/8/2034,,,,,
28.02,26.30,!    6/9/2034,,,,,
28.07,26.50,!    6/10/2034,,,,,
28.13,26.70,!    6/11/2034,,,,,
28.24,26.90,!    6/12/2034,,,,,
28.30,27.00,!    6/13/2034,,,,,
28.35,27.10,!    6/14/2034,,,,,
28.41,27.30,!    6/15/2034,,,,,
28.46,27.50,!    6/16/2034,,,,,
28.52,27.70,!    6/17/2034,,,,,
28.57,27.80,!    6/18/2034,,,,,
28.63,27.90,!    6/19/2034,,,,,
28.63,28.00,!    6/20/2034,,,,,
28.69,28.20,!    6/21/2034,,,,,
28.74,28.30,!    6/22/2034,,,,,
28.80,28.40,!    6/23/2034,,,,,
28.80,28.50,!    6/24/2034,,,,,
28.85,28.70,!    6/25/2034,,,,,
28.85,28.80,!    6/26/2034,,,,,
28.91,28.90,!    6/27/2034,,,,,
28.91,29.00,!    6/28/2034,,,,,
28.96,29.00,!    6/29/2034,,,,,
28.96,29.10,!    6/30/2034,,,,,
28.98,29.91,!    7/1/2034,,,,,
28.92,30.01,!    7/2/2034,,,,,
28.92,30.21,!    7/3/2034,,,,,
28.98,30.21,!    7/4/2034,,,,,
28.98,30.21,!    7/5/2034,,,,,
29.03,30.21,!    7/6/2034,,,,,
29.03,30.21,!    7/7/2034,,,,,
29.03,30.21,!    7/8/2034,,,,,
29.03,30.11,!    7/9/2034,,,,,
29.09,30.21,!    7/10/2034,,,,,
29.09,30.21,!    7/11/2034,,,,,
29.09,30.21,!    7/12/2034,,,,,
29.15,30.21,!    7/13/2034,,,,,
29.15,30.31,!    7/14/2034,,,,,
29.15,30.31,!    7/15/2034,,,,,
29.15,30.31,!    7/16/2034,,,,,
29.20,30.31,!    7/17/2034,,,,,
29.20,30.41,!    7/18/2034,,,,,
29.20,30.41,!    7/19/2034,,,,,
29.26,30.61,!    7/20/2034,,,,,
29.26,30.71,!    7/21/2034,,,,,
29.26,30.71,!    7/22/2034,,,,,
29.26,30.81,!    7/23/2034,,,,,
29.26,30.81,!    7/24/2034,,,,,
29.31,30.81,!    7/25/2034,,,,,
29.31,30.91,!    7/26/2034,,,,,
29.31,31.01,!    7/27/2034,,,,,
29.31,31.11,!    7/28/2034,,,,,
29.31,31.11,!    7/29/2034,,,,,
29.37,31.21,!    7/30/2034,,,,,
29.37,31.21,!    7/31/2034,,,,,
29.27,30.94,!    8/1/2034,,,,,
29.28,30.84,!    8/2/2034,,,,,
29.28,30.94,!    8/3/2034,,,,,
29.28,30.94,!    8/4/2034,,,,,
29.28,31.04,!    8/5/2034,,,,,
29.28,31.04,!    8/6/2034,,,,,
29.28,31.14,!    8/7/2034,,,,,
29.28,31.24,!    8/8/2034,,,,,
29.28,31.24,!    8/9/2034,,,,,
29.28,31.34,!    8/10/2034,,,,,
29.28,31.24,!    8/11/2034,,,,,
29.28,31.34,!    8/12/2034,,,,,
29.28,31.24,!    8/13/2034,,,,,
29.23,31.04,!    8/14/2034,,,,,
29.23,31.04,!    8/15/2034,,,,,
29.23,31.04,!    8/16/2034,,,,,
29.17,31.14,!    8/17/2034,,,,,
29.17,31.14,!    8/18/2034,,,,,
29.17,31.04,!    8/19/2034,,,,,
29.12,30.94,!    8/20/2034,,,,,
29.12,30.74,!    8/21/2034,,,,,
29.06,30.74,!    8/22/2034,,,,,
29.06,30.74,!    8/23/2034,,,,,
29.01,30.74,!    8/24/2034,,,,,
28.95,30.84,!    8/25/2034,,,,,
28.95,30.74,!    8/26/2034,,,,,
28.90,30.64,!    8/27/2034,,,,,
28.84,30.54,!    8/28/2034,,,,,
28.78,30.44,!    8/29/2034,,,,,
28.78,30.34,!    8/30/2034,,,,,
28.73,30.24,!    8/31/2034,,,,,
29.01,30.46,!    9/1/2034,,,,,
28.82,30.36,!    9/2/2034,,,,,
28.77,30.26,!    9/3/2034,,,,,
28.71,30.06,!    9/4/2034,,,,,
28.60,30.06,!    9/5/2034,,,,,
28.54,29.96,!    9/6/2034,,,,,
28.49,29.96,!    9/7/2034,,,,,
28.43,29.96,!    9/8/2034,,,,,
28.32,29.86,!    9/9/2034,,,,,
28.27,29.76,!    9/10/2034,,,,,
28.21,29.66,!    9/11/2034,,,,,
28.10,29.46,!    9/12/2034,,,,,
28.04,29.36,!    9/13/2034,,,,,
27.93,29.36,!    9/14/2034,,,,,
27.82,29.26,!    9/15/2034,,,,,
27.77,29.16,!    9/16/2034,,,,,
27.66,28.96,!    9/17/2034,,,,,
27.54,28.86,!    9/18/2034,,,,,
27.43,28.76,!    9/19/2034,,,,,
27.32,28.46,!    9/20/2034,,,,,
27.21,28.36,!    9/21/2034,,,,,
27.10,28.16,!    9/22/2034,,,,,
26.99,28.06,!    9/23/2034,,,,,
26.88,28.06,!    9/24/2034,,,,,
26.71,27.86,!    9/25/2034,,,,,
26.60,27.76,!    9/26/2034,,,,,
26.49,27.46,!    9/27/2034,,,,,
26.32,27.46,!    9/28/2034,,,,,
26.21,27.36,!    9/29/2034,,,,,
26.04,27.16,!    9/30/2034,,,,,
25.75,27.13,!    10/1/2034,,,,,
25.46,26.83,!    10/2/2034,,,,,
25.30,26.53,!    10/3/2034,,,,,
25.13,26.33,!    10/4/2034,,,,,
24.96,26.33,!    10/5/2034,,,,,
24.80,26.23,!    10/6/2034,,,,,
24.63,26.03,!    10/7/2034,,,,,
24.46,25.83,!    10/8/2034,,,,,
24.30,25.63,!    10/9/2034,,,,,
24.07,25.43,!    10/10/2034,,,,,
23.91,25.33,!    10/11/2034,,,,,
23.74,25.23,!    10/12/2034,,,,,
23.57,25.03,!    10/13/2034,,,,,
23.35,24.83,!    10/14/2034,,,,,
23.18,24.63,!    10/15/2034,,,,,
22.96,24.43,!    10/16/2034,,,,,
22.80,24.23,!    10/17/2034,,,,,
22.57,23.93,!    10/18/2034,,,,,
22.41,23.73,!    10/19/2034,,,,,
22.18,23.43,!    10/20/2034,,,,,
22.02,22.93,!    10/21/2034,,,,,
21.80,22.63,!    10/22/2034,,,,,
21.63,22.33,!    10/23/2034,,,,,
21.41,21.93,!    10/24/2034,,,,,
21.24,21.63,!    10/25/2034,,,,,
21.02,21.23,!    10/26/2034,,,,,
20.85,21.03,!    10/27/2034,,,,,
20.63,20.83,!    10/28/2034,,,,,
20.46,20.33,!    10/29/2034,,,,,
20.24,19.93,!    10/30/2034,,,,,
20.07,19.73,!    10/31/2034,,,,,
20.89,19.93,!    11/1/2034,,,,,
20.49,19.73,!    11/2/2034,,,,,
20.33,19.53,!    11/3/2034,,,,,
20.10,19.43,!    11/4/2034,,,,,
19.94,19.23,!    11/5/2034,,,,,
19.77,19.03,!    11/6/2034,,,,,
19.60,19.13,!    11/7/2034,,,,,
19.44,18.93,!    11/8/2034,,,,,
19.27,18.73,!    11/9/2034,,,,,
19.10,18.53,!    11/10/2034,,,,,
18.94,18.33,!    11/11/2034,,,,,
18.77,18.13,!    11/12/2034,,,,,
18.66,17.93,!    11/13/2034,,,,,
18.49,17.63,!    11/14/2034,,,,,
18.33,17.33,!    11/15/2034,,,,,
18.21,17.13,!    11/16/2034,,,,,
18.05,16.93,!    11/17/2034,,,,,
17.94,16.63,!    11/18/2034,,,,,
17.83,16.33,!    11/19/2034,,,,,
17.66,16.03,!    11/20/2034,,,,,
17.55,15.83,!    11/21/2034,,,,,
17.44,15.63,!    11/22/2034,,,,,
17.33,15.43,!    11/23/2034,,,,,
17.21,15.33,!    11/24/2034,,,,,
17.10,15.23,!    11/25/2034,,,,,
16.99,15.13,!    11/26/2034,,,,,
16.88,14.93,!    11/27/2034,,,,,
16.77,14.73,!    11/28/2034,,,,,
16.66,14.53,!    11/29/2034,,,,,
16.60,14.43,!    11/30/2034,,,,,
15.97,13.81,!    12/1/2034,,,,,
15.66,13.51,!    12/2/2034,,,,,
15.60,13.31,!    12/3/2034,,,,,
15.49,13.21,!    12/4/2034,,,,,
15.38,13.01,!    12/5/2034,,,,,
15.33,12.81,!    12/6/2034,,,,,
15.22,12.41,!    12/7/2034,,,,,
15.16,12.21,!    12/8/2034,,,,,
15.05,12.01,!    12/9/2034,,,,,
14.99,11.81,!    12/10/2034,,,,,
14.88,11.61,!    12/11/2034,,,,,
14.83,11.31,!    12/12/2034,,,,,
14.72,11.21,!    12/13/2034,,,,,
14.66,11.01,!    12/14/2034,,,,,
14.60,10.91,!    12/15/2034,,,,,
14.49,10.71,!    12/16/2034,,,,,
14.44,10.61,!    12/17/2034,,,,,
14.33,10.41,!    12/18/2034,,,,,
14.27,10.31,!    12/19/2034,,,,,
14.22,10.21,!    12/20/2034,,,,,
14.10,10.11,!    12/21/2034,,,,,
14.05,10.01,!    12/22/2034,,,,,
13.99,10.01,!    12/23/2034,,,,,
13.94,9.91,!    12/24/2034,,,,,
13.83,9.81,!    12/25/2034,,,,,
13.77,9.71,!    12/26/2034,,,,,
13.72,9.61,!    12/27/2034,,,,,
13.66,9.61,!    12/28/2034,,,,,
13.60,9.61,!    12/29/2034,,,,,
13.55,9.51,!    12/30/2034,,,,,
13.49,9.51,!    12/31/2034,,,,,
13.06,9.65,!    1/1/2035,,,,,
13.00,9.55,!    1/2/2035,,,,,
12.95,9.45,!    1/3/2035,,,,,
12.89,9.35,!    1/4/2035,,,,,
12.89,9.15,!    1/5/2035,,,,,
12.84,9.05,!    1/6/2035,,,,,
12.78,8.95,!    1/7/2035,,,,,
12.78,8.85,!    1/8/2035,,,,,
12.73,8.75,!    1/9/2035,,,,,
12.73,8.75,!    1/10/2035,,,,,
12.73,8.65,!    1/11/2035,,,,,
12.67,8.65,!    1/12/2035,,,,,
12.67,8.55,!    1/13/2035,,,,,
12.67,8.35,!    1/14/2035,,,,,
12.67,8.25,!    1/15/2035,,,,,
12.67,8.15,!    1/16/2035,,,,,
12.67,8.05,!    1/17/2035,,,,,
12.73,8.05,!    1/18/2035,,,,,
12.73,8.05,!    1/19/2035,,,,,
12.73,7.75,!    1/20/2035,,,,,
12.78,7.85,!    1/21/2035,,,,,
12.84,7.85,!    1/22/2035,,,,,
12.84,7.85,!    1/23/2035,,,,,
12.89,7.95,!    1/24/2035,,,,,
12.95,7.95,!    1/25/2035,,,,,
13.00,8.15,!    1/26/2035,,,,,
13.06,8.15,!    1/27/2035,,,,,
13.11,8.05,!    1/28/2035,,,,,
13.17,7.95,!    1/29/2035,,,,,
13.23,7.85,!    1/30/2035,,,,,
13.34,7.85,!    1/31/2035,,,,,
13.06,7.59,!    2/1/2035,,,,,
13.11,7.59,!    2/2/2035,,,,,
13.23,7.79,!    2/3/2035,,,,,
13.28,7.79,!    2/4/2035,,,,,
13.39,7.79,!    2/5/2035,,,,,
13.50,7.89,!    2/6/2035,,,,,
13.61,7.89,!    2/7/2035,,,,,
13.67,8.09,!    2/8/2035,,,,,
13.78,8.19,!    2/9/2035,,,,,
13.89,8.29,!    2/10/2035,,,,,
14.00,8.29,!    2/11/2035,,,,,
14.11,8.39,!    2/12/2035,,,,,
14.23,8.39,!    2/13/2035,,,,,
14.34,8.39,!    2/14/2035,,,,,
14.45,8.39,!    2/15/2035,,,,,
14.56,8.49,!    2/16/2035,,,,,
14.67,8.59,!    2/17/2035,,,,,
14.78,8.59,!    2/18/2035,,,,,
14.89,8.69,!    2/19/2035,,,,,
15.00,8.79,!    2/20/2035,,,,,
15.11,8.99,!    2/21/2035,,,,,
15.23,9.09,!    2/22/2035,,,,,
15.34,9.19,!    2/23/2035,,,,,
15.45,9.39,!    2/24/2035,,,,,
15.61,9.49,!    2/25/2035,,,,,
15.73,9.49,!    2/26/2035,,,,,
15.84,9.69,!    2/27/2035,,,,,
15.95,9.79,!    2/28/2035,,,,,
16.12,10.01,!    3/1/2035,,,,,
16.44,9.51,!    3/2/2035,,,,,
16.55,9.51,!    3/3/2035,,,,,
16.66,9.51,!    3/4/2035,,,,,
16.77,9.51,!    3/5/2035,,,,,
16.88,9.61,!    3/6/2035,,,,,
16.99,9.71,!    3/7/2035,,,,,
17.10,9.81,!    3/8/2035,,,,,
17.21,10.01,!    3/9/2035,,,,,
17.32,10.21,!    3/10/2035,,,,,
17.38,10.41,!    3/11/2035,,,,,
17.49,10.61,!    3/12/2035,,,,,
17.60,10.71,!    3/13/2035,,,,,
17.71,10.91,!    3/14/2035,,,,,
17.82,11.01,!    3/15/2035,,,,,
17.94,11.21,!    3/16/2035,,,,,
18.05,11.31,!    3/17/2035,,,,,
18.10,11.41,!    3/18/2035,,,,,
18.21,11.61,!    3/19/2035,,,,,
18.32,11.91,!    3/20/2035,,,,,
18.44,12.01,!    3/21/2035,,,,,
18.49,12.21,!    3/22/2035,,,,,
18.60,12.21,!    3/23/2035,,,,,
18.71,12.41,!    3/24/2035,,,,,
18.82,12.71,!    3/25/2035,,,,,
18.88,12.91,!    3/26/2035,,,,,
18.99,13.11,!    3/27/2035,,,,,
19.10,13.31,!    3/28/2035,,,,,
19.16,13.51,!    3/29/2035,,,,,
19.27,13.71,!    3/30/2035,,,,,
19.38,13.91,!    3/31/2035,,,,,
20.09,14.81,!    4/1/2035,,,,,
20.53,15.01,!    4/2/2035,,,,,
20.64,15.21,!    4/3/2035,,,,,
20.76,15.51,!    4/4/2035,,,,,
20.87,15.81,!    4/5/2035,,,,,
20.92,16.01,!    4/6/2035,,,,,
21.03,16.11,!    4/7/2035,,,,,
21.14,16.21,!    4/8/2035,,,,,
21.26,16.41,!    4/9/2035,,,,,
21.37,16.61,!    4/10/2035,,,,,
21.42,16.81,!    4/11/2035,,,,,
21.53,17.11,!    4/12/2035,,,,,
21.64,17.21,!    4/13/2035,,,,,
21.76,17.31,!    4/14/2035,,,,,
21.87,17.51,!    4/15/2035,,,,,
21.98,17.61,!    4/16/2035,,,,,
22.09,17.71,!    4/17/2035,,,,,
22.20,17.81,!    4/18/2035,,,,,
22.31,18.01,!    4/19/2035,,,,,
22.42,18.11,!    4/20/2035,,,,,
22.53,18.31,!    4/21/2035,,,,,
22.70,18.61,!    4/22/2035,,,,,
22.81,18.71,!    4/23/2035,,,,,
22.92,18.81,!    4/24/2035,,,,,
23.03,18.91,!    4/25/2035,,,,,
23.14,19.01,!    4/26/2035,,,,,
23.31,19.21,!    4/27/2035,,,,,
23.42,19.41,!    4/28/2035,,,,,
23.53,19.81,!    4/29/2035,,,,,
23.70,20.01,!    4/30/2035,,,,,
23.44,20.16,!    5/1/2035,,,,,
23.66,20.36,!    5/2/2035,,,,,
23.83,20.46,!    5/3/2035,,,,,
23.94,20.66,!    5/4/2035,,,,,
24.11,20.66,!    5/5/2035,,,,,
24.22,20.76,!    5/6/2035,,,,,
24.38,20.86,!    5/7/2035,,,,,
24.49,21.06,!    5/8/2035,,,,,
24.66,21.26,!    5/9/2035,,,,,
24.77,21.46,!    5/10/2035,,,,,
24.88,21.56,!    5/11/2035,,,,,
25.05,21.66,!    5/12/2035,,,,,
25.16,21.86,!    5/13/2035,,,,,
25.33,21.96,!    5/14/2035,,,,,
25.44,22.06,!    5/15/2035,,,,,
25.61,22.26,!    5/16/2035,,,,,
25.72,22.46,!    5/17/2035,,,,,
25.88,22.66,!    5/18/2035,,,,,
25.99,22.66,!    5/19/2035,,,,,
26.11,22.86,!    5/20/2035,,,,,
26.27,23.06,!    5/21/2035,,,,,
26.38,23.36,!    5/22/2035,,,,,
26.49,23.56,!    5/23/2035,,,,,
26.66,23.76,!    5/24/2035,,,,,
26.77,23.96,!    5/25/2035,,,,,
26.88,24.26,!    5/26/2035,,,,,
26.99,24.46,!    5/27/2035,,,,,
27.11,24.56,!    5/28/2035,,,,,
27.22,24.76,!    5/29/2035,,,,,
27.33,24.96,!    5/30/2035,,,,,
27.44,25.06,!    5/31/2035,,,,,
27.35,25.29,!    6/1/2035,,,,,
27.54,25.49,!    6/2/2035,,,,,
27.60,25.69,!    6/3/2035,,,,,
27.71,25.89,!    6/4/2035,,,,,
27.82,26.09,!    6/5/2035,,,,,
27.87,26.29,!    6/6/2035,,,,,
27.98,26.59,!    6/7/2035,,,,,
28.04,26.89,!    6/8/2035,,,,,
28.15,27.19,!    6/9/2035,,,,,
28.21,27.39,!    6/10/2035,,,,,
28.26,27.59,!    6/11/2035,,,,,
28.37,27.79,!    6/12/2035,,,,,
28.43,27.89,!    6/13/2035,,,,,
28.48,27.99,!    6/14/2035,,,,,
28.54,28.19,!    6/15/2035,,,,,
28.60,28.39,!    6/16/2035,,,,,
28.65,28.59,!    6/17/2035,,,,,
28.71,28.69,!    6/18/2035,,,,,
28.76,28.79,!    6/19/2035,,,,,
28.76,28.89,!    6/20/2035,,,,,
28.82,29.09,!    6/21/2035,,,,,
28.87,29.19,!    6/22/2035,,,,,
28.93,29.29,!    6/23/2035,,,,,
28.93,29.39,!    6/24/2035,,,,,
28.98,29.59,!    6/25/2035,,,,,
28.98,29.69,!    6/26/2035,,,,,
29.04,29.79,!    6/27/2035,,,,,
29.04,29.89,!    6/28/2035,,,,,
29.10,29.89,!    6/29/2035,,,,,
29.10,29.99,!    6/30/2035,,,,,
29.19,29.89,!    7/1/2035,,,,,
29.14,29.99,!    7/2/2035,,,,,
29.14,30.19,!    7/3/2035,,,,,
29.19,30.19,!    7/4/2035,,,,,
29.19,30.19,!    7/5/2035,,,,,
29.25,30.19,!    7/6/2035,,,,,
29.25,30.19,!    7/7/2035,,,,,
29.25,30.19,!    7/8/2035,,,,,
29.25,30.09,!    7/9/2035,,,,,
29.30,30.19,!    7/10/2035,,,,,
29.30,30.19,!    7/11/2035,,,,,
29.30,30.19,!    7/12/2035,,,,,
29.36,30.19,!    7/13/2035,,,,,
29.36,30.29,!    7/14/2035,,,,,
29.36,30.29,!    7/15/2035,,,,,
29.36,30.29,!    7/16/2035,,,,,
29.42,30.29,!    7/17/2035,,,,,
29.42,30.39,!    7/18/2035,,,,,
29.42,30.39,!    7/19/2035,,,,,
29.47,30.59,!    7/20/2035,,,,,
29.47,30.69,!    7/21/2035,,,,,
29.47,30.69,!    7/22/2035,,,,,
29.47,30.79,!    7/23/2035,,,,,
29.47,30.79,!    7/24/2035,,,,,
29.53,30.79,!    7/25/2035,,,,,
29.53,30.89,!    7/26/2035,,,,,
29.53,30.99,!    7/27/2035,,,,,
29.53,31.09,!    7/28/2035,,,,,
29.53,31.09,!    7/29/2035,,,,,
29.58,31.19,!    7/30/2035,,,,,
29.58,31.19,!    7/31/2035,,,,,
29.59,31.50,!    8/1/2035,,,,,
29.60,31.40,!    8/2/2035,,,,,
29.60,31.50,!    8/3/2035,,,,,
29.60,31.50,!    8/4/2035,,,,,
29.60,31.60,!    8/5/2035,,,,,
29.60,31.60,!    8/6/2035,,,,,
29.60,31.70,!    8/7/2035,,,,,
29.60,31.80,!    8/8/2035,,,,,
29.60,31.80,!    8/9/2035,,,,,
29.60,31.90,!    8/10/2035,,,,,
29.60,31.80,!    8/11/2035,,,,,
29.60,31.90,!    8/12/2035,,,,,
29.60,31.80,!    8/13/2035,,,,,
29.55,31.60,!    8/14/2035,,,,,
29.55,31.60,!    8/15/2035,,,,,
29.55,31.60,!    8/16/2035,,,,,
29.49,31.70,!    8/17/2035,,,,,
29.49,31.70,!    8/18/2035,,,,,
29.49,31.60,!    8/19/2035,,,,,
29.44,31.50,!    8/20/2035,,,,,
29.44,31.30,!    8/21/2035,,,,,
29.38,31.30,!    8/22/2035,,,,,
29.38,31.30,!    8/23/2035,,,,,
29.33,31.30,!    8/24/2035,,,,,
29.27,31.40,!    8/25/2035,,,,,
29.27,31.30,!    8/26/2035,,,,,
29.21,31.20,!    8/27/2035,,,,,
29.16,31.10,!    8/28/2035,,,,,
29.10,31.00,!    8/29/2035,,,,,
29.10,30.90,!    8/30/2035,,,,,
29.05,30.80,!    8/31/2035,,,,,
29.16,30.32,!    9/1/2035,,,,,
28.97,30.22,!    9/2/2035,,,,,
28.92,30.12,!    9/3/2035,,,,,
28.86,29.92,!    9/4/2035,,,,,
28.75,29.92,!    9/5/2035,,,,,
28.70,29.82,!    9/6/2035,,,,,
28.64,29.82,!    9/7/2035,,,,,
28.59,29.82,!    9/8/2035,,,,,
28.47,29.72,!    9/9/2035,,,,,
28.42,29.62,!    9/10/2035,,,,,
28.36,29.52,!    9/11/2035,,,,,
28.25,29.32,!    9/12/2035,,,,,
28.20,29.22,!    9/13/2035,,,,,
28.09,29.22,!    9/14/2035,,,,,
27.97,29.12,!    9/15/2035,,,,,
27.92,29.02,!    9/16/2035,,,,,
27.81,28.82,!    9/17/2035,,,,,
27.70,28.72,!    9/18/2035,,,,,
27.59,28.62,!    9/19/2035,,,,,
27.47,28.32,!    9/20/2035,,,,,
27.36,28.22,!    9/21/2035,,,,,
27.25,28.02,!    9/22/2035,,,,,
27.14,27.92,!    9/23/2035,,,,,
27.03,27.92,!    9/24/2035,,,,,
26.86,27.72,!    9/25/2035,,,,,
26.75,27.62,!    9/26/2035,,,,,
26.64,27.32,!    9/27/2035,,,,,
26.47,27.32,!    9/28/2035,,,,,
26.36,27.22,!    9/29/2035,,,,,
26.20,27.02,!    9/30/2035,,,,,
25.52,26.97,!    10/1/2035,,,,,
25.23,26.67,!    10/2/2035,,,,,
25.07,26.37,!    10/3/2035,,,,,
24.90,26.17,!    10/4/2035,,,,,
24.73,26.17,!    10/5/2035,,,,,
24.57,26.07,!    10/6/2035,,,,,
24.40,25.87,!    10/7/2035,,,,,
24.23,25.67,!    10/8/2035,,,,,
24.07,25.47,!    10/9/2035,,,,,
23.84,25.27,!    10/10/2035,,,,,
23.68,25.17,!    10/11/2035,,,,,
23.51,25.07,!    10/12/2035,,,,,
23.34,24.87,!    10/13/2035,,,,,
23.12,24.67,!    10/14/2035,,,,,
22.96,24.47,!    10/15/2035,,,,,
22.73,24.27,!    10/16/2035,,,,,
22.57,24.07,!    10/17/2035,,,,,
22.34,23.77,!    10/18/2035,,,,,
22.18,23.57,!    10/19/2035,,,,,
21.96,23.27,!    10/20/2035,,,,,
21.79,22.77,!    10/21/2035,,,,,
21.57,22.47,!    10/22/2035,,,,,
21.40,22.17,!    10/23/2035,,,,,
21.18,21.77,!    10/24/2035,,,,,
21.01,21.47,!    10/25/2035,,,,,
20.79,21.07,!    10/26/2035,,,,,
20.62,20.87,!    10/27/2035,,,,,
20.40,20.67,!    10/28/2035,,,,,
20.23,20.17,!    10/29/2035,,,,,
20.01,19.77,!    10/30/2035,,,,,
19.84,19.57,!    10/31/2035,,,,,
20.17,19.05,!    11/1/2035,,,,,
19.77,18.85,!    11/2/2035,,,,,
19.61,18.65,!    11/3/2035,,,,,
19.38,18.55,!    11/4/2035,,,,,
19.22,18.35,!    11/5/2035,,,,,
19.05,18.15,!    11/6/2035,,,,,
18.88,18.25,!    11/7/2035,,,,,
18.72,18.05,!    11/8/2035,,,,,
18.55,17.85,!    11/9/2035,,,,,
18.38,17.65,!    11/10/2035,,,,,
18.22,17.45,!    11/11/2035,,,,,
18.05,17.25,!    11/12/2035,,,,,
17.94,17.05,!    11/13/2035,,,,,
17.77,16.75,!    11/14/2035,,,,,
17.61,16.45,!    11/15/2035,,,,,
17.50,16.25,!    11/16/2035,,,,,
17.33,16.05,!    11/17/2035,,,,,
17.22,15.75,!    11/18/2035,,,,,
17.11,15.45,!    11/19/2035,,,,,
16.94,15.15,!    11/20/2035,,,,,
16.83,14.95,!    11/21/2035,,,,,
16.72,14.75,!    11/22/2035,,,,,
16.61,14.55,!    11/23/2035,,,,,
16.50,14.45,!    11/24/2035,,,,,
16.38,14.35,!    11/25/2035,,,,,
16.27,14.25,!    11/26/2035,,,,,
16.16,14.05,!    11/27/2035,,,,,
16.05,13.85,!    11/28/2035,,,,,
15.94,13.65,!    11/29/2035,,,,,
15.88,13.55,!    11/30/2035,,,,,
16.16,14.26,!    12/1/2035,,,,,
15.84,13.96,!    12/2/2035,,,,,
15.79,13.76,!    12/3/2035,,,,,
15.67,13.66,!    12/4/2035,,,,,
15.56,13.46,!    12/5/2035,,,,,
15.51,13.26,!    12/6/2035,,,,,
15.40,12.86,!    12/7/2035,,,,,
15.34,12.66,!    12/8/2035,,,,,
15.23,12.46,!    12/9/2035,,,,,
15.17,12.26,!    12/10/2035,,,,,
15.06,12.06,!    12/11/2035,,,,,
15.01,11.76,!    12/12/2035,,,,,
14.90,11.66,!    12/13/2035,,,,,
14.84,11.46,!    12/14/2035,,,,,
14.79,11.36,!    12/15/2035,,,,,
14.67,11.16,!    12/16/2035,,,,,
14.62,11.06,!    12/17/2035,,,,,
14.51,10.86,!    12/18/2035,,,,,
14.45,10.76,!    12/19/2035,,,,,
14.40,10.66,!    12/20/2035,,,,,
14.29,10.56,!    12/21/2035,,,,,
14.23,10.46,!    12/22/2035,,,,,
14.17,10.46,!    12/23/2035,,,,,
14.12,10.36,!    12/24/2035,,,,,
14.01,10.26,!    12/25/2035,,,,,
13.95,10.16,!    12/26/2035,,,,,
13.90,10.06,!    12/27/2035,,,,,
13.84,10.06,!    12/28/2035,,,,,
13.79,10.06,!    12/29/2035,,,,,
13.73,9.96,!    12/30/2035,,,,,
13.67,9.96,!    12/31/2035,,,,,
13.45,10.20,!    1/1/2036,,,,,
13.40,10.10,!    1/2/2036,,,,,
13.34,10.00,!    1/3/2036,,,,,
13.28,9.90,!    1/4/2036,,,,,
13.28,9.70,!    1/5/2036,,,,,
13.23,9.60,!    1/6/2036,,,,,
13.17,9.50,!    1/7/2036,,,,,
13.17,9.40,!    1/8/2036,,,,,
13.12,9.30,!    1/9/2036,,,,,
13.12,9.30,!    1/10/2036,,,,,
13.12,9.20,!    1/11/2036,,,,,
13.06,9.20,!    1/12/2036,,,,,
13.06,9.10,!    1/13/2036,,,,,
13.06,8.90,!    1/14/2036,,,,,
13.06,8.80,!    1/15/2036,,,,,
13.06,8.70,!    1/16/2036,,,,,
13.06,8.60,!    1/17/2036,,,,,
13.12,8.60,!    1/18/2036,,,,,
13.12,8.60,!    1/19/2036,,,,,
13.12,8.30,!    1/20/2036,,,,,
13.17,8.40,!    1/21/2036,,,,,
13.23,8.40,!    1/22/2036,,,,,
13.23,8.40,!    1/23/2036,,,,,
13.28,8.50,!    1/24/2036,,,,,
13.34,8.50,!    1/25/2036,,,,,
13.40,8.70,!    1/26/2036,,,,,
13.45,8.70,!    1/27/2036,,,,,
13.51,8.60,!    1/28/2036,,,,,
13.56,8.50,!    1/29/2036,,,,,
13.62,8.40,!    1/30/2036,,,,,
13.73,8.40,!    1/31/2036,,,,,
13.82,7.44,!    2/1/2036,,,,,
13.87,7.44,!    2/2/2036,,,,,
13.98,7.64,!    2/3/2036,,,,,
14.04,7.64,!    2/4/2036,,,,,
14.15,7.64,!    2/5/2036,,,,,
14.26,7.74,!    2/6/2036,,,,,
14.37,7.74,!    2/7/2036,,,,,
14.43,7.94,!    2/8/2036,,,,,
14.54,8.04,!    2/9/2036,,,,,
14.65,8.14,!    2/10/2036,,,,,
14.76,8.14,!    2/11/2036,,,,,
14.87,8.24,!    2/12/2036,,,,,
14.98,8.24,!    2/13/2036,,,,,
15.09,8.24,!    2/14/2036,,,,,
15.21,8.24,!    2/15/2036,,,,,
15.32,8.34,!    2/16/2036,,,,,
15.43,8.44,!    2/17/2036,,,,,
15.54,8.44,!    2/18/2036,,,,,
15.65,8.54,!    2/19/2036,,,,,
15.76,8.64,!    2/20/2036,,,,,
15.87,8.84,!    2/21/2036,,,,,
15.98,8.94,!    2/22/2036,,,,,
16.09,9.04,!    2/23/2036,,,,,
16.21,9.24,!    2/24/2036,,,,,
16.37,9.34,!    2/25/2036,,,,,
16.48,9.34,!    2/26/2036,,,,,
16.59,9.54,!    2/27/2036,,,,,
16.71,9.64,!    2/28/2036,,,,,
16.71,10.34,!    2/29/2036,,,,,
16.78,9.33,!    3/1/2036,,,,,
16.90,9.33,!    3/2/2036,,,,,
17.01,9.33,!    3/3/2036,,,,,
17.12,9.33,!    3/4/2036,,,,,
17.23,9.43,!    3/5/2036,,,,,
17.34,9.53,!    3/6/2036,,,,,
17.45,9.63,!    3/7/2036,,,,,
17.56,9.83,!    3/8/2036,,,,,
17.67,10.03,!    3/9/2036,,,,,
17.73,10.23,!    3/10/2036,,,,,
17.84,10.43,!    3/11/2036,,,,,
17.95,10.53,!    3/12/2036,,,,,
18.06,10.73,!    3/13/2036,,,,,
18.17,10.83,!    3/14/2036,,,,,
18.28,11.03,!    3/15/2036,,,,,
18.40,11.13,!    3/16/2036,,,,,
18.45,11.23,!    3/17/2036,,,,,
18.56,11.43,!    3/18/2036,,,,,
18.67,11.73,!    3/19/2036,,,,,
18.78,11.83,!    3/20/2036,,,,,
18.84,12.03,!    3/21/2036,,,,,
18.95,12.03,!    3/22/2036,,,,,
19.06,12.23,!    3/23/2036,,,,,
19.17,12.53,!    3/24/2036,,,,,
19.23,12.73,!    3/25/2036,,,,,
19.34,12.93,!    3/26/2036,,,,,
19.45,13.13,!    3/27/2036,,,,,
19.51,13.33,!    3/28/2036,,,,,
19.62,13.53,!    3/29/2036,,,,,
19.73,13.73,!    3/30/2036,,,,,
19.84,13.83,!    3/31/2036,,,,,
20.99,15.34,!    4/1/2036,,,,,
21.10,15.54,!    4/2/2036,,,,,
21.21,15.84,!    4/3/2036,,,,,
21.32,16.14,!    4/4/2036,,,,,
21.38,16.34,!    4/5/2036,,,,,
21.49,16.44,!    4/6/2036,,,,,
21.60,16.54,!    4/7/2036,,,,,
21.71,16.74,!    4/8/2036,,,,,
21.82,16.94,!    4/9/2036,,,,,
21.88,17.14,!    4/10/2036,,,,,
21.99,17.44,!    4/11/2036,,,,,
22.10,17.54,!    4/12/2036,,,,,
22.21,17.64,!    4/13/2036,,,,,
22.32,17.84,!    4/14/2036,,,,,
22.44,17.94,!    4/15/2036,,,,,
22.55,18.04,!    4/16/2036,,,,,
22.66,18.14,!    4/17/2036,,,,,
22.77,18.34,!    4/18/2036,,,,,
22.88,18.44,!    4/19/2036,,,,,
22.99,18.64,!    4/20/2036,,,,,
23.16,18.94,!    4/21/2036,,,,,
23.27,19.04,!    4/22/2036,,,,,
23.38,19.14,!    4/23/2036,,,,,
23.49,19.24,!    4/24/2036,,,,,
23.60,19.34,!    4/25/2036,,,,,
23.77,19.54,!    4/26/2036,,,,,
23.88,19.74,!    4/27/2036,,,,,
23.99,20.14,!    4/28/2036,,,,,
24.16,20.34,!    4/29/2036,,,,,
24.27,20.54,!    4/30/2036,,,,,
23.61,19.82,!    5/1/2036,,,,,
23.77,19.92,!    5/2/2036,,,,,
23.88,20.12,!    5/3/2036,,,,,
24.05,20.12,!    5/4/2036,,,,,
24.16,20.22,!    5/5/2036,,,,,
24.33,20.32,!    5/6/2036,,,,,
24.44,20.52,!    5/7/2036,,,,,
24.61,20.72,!    5/8/2036,,,,,
24.72,20.92,!    5/9/2036,,,,,
24.83,21.02,!    5/10/2036,,,,,
25.00,21.12,!    5/11/2036,,,,,
25.11,21.32,!    5/12/2036,,,,,
25.27,21.42,!    5/13/2036,,,,,
25.38,21.52,!    5/14/2036,,,,,
25.55,21.72,!    5/15/2036,,,,,
25.66,21.92,!    5/16/2036,,,,,
25.83,22.12,!    5/17/2036,,,,,
25.94,22.12,!    5/18/2036,,,,,
26.05,22.32,!    5/19/2036,,,,,
26.22,22.52,!    5/20/2036,,,,,
26.33,22.82,!    5/21/2036,,,,,
26.44,23.02,!    5/22/2036,,,,,
26.61,23.22,!    5/23/2036,,,,,
26.72,23.42,!    5/24/2036,,,,,
26.83,23.72,!    5/25/2036,,,,,
26.94,23.92,!    5/26/2036,,,,,
27.05,24.02,!    5/27/2036,,,,,
27.16,24.22,!    5/28/2036,,,,,
27.27,24.42,!    5/29/2036,,,,,
27.38,24.52,!    5/30/2036,,,,,
27.50,24.72,!    5/31/2036,,,,,
27.55,24.85,!    6/1/2036,,,,,
27.60,25.05,!    6/2/2036,,,,,
27.71,25.25,!    6/3/2036,,,,,
27.82,25.45,!    6/4/2036,,,,,
27.88,25.65,!    6/5/2036,,,,,
27.99,25.95,!    6/6/2036,,,,,
28.05,26.25,!    6/7/2036,,,,,
28.16,26.55,!    6/8/2036,,,,,
28.21,26.75,!    6/9/2036,,,,,
28.27,26.95,!    6/10/2036,,,,,
28.38,27.15,!    6/11/2036,,,,,
28.43,27.25,!    6/12/2036,,,,,
28.49,27.35,!    6/13/2036,,,,,
28.55,27.55,!    6/14/2036,,,,,
28.60,27.75,!    6/15/2036,,,,,
28.66,27.95,!    6/16/2036,,,,,
28.71,28.05,!    6/17/2036,,,,,
28.77,28.15,!    6/18/2036,,,,,
28.77,28.25,!    6/19/2036,,,,,
28.82,28.45,!    6/20/2036,,,,,
28.88,28.55,!    6/21/2036,,,,,
28.93,28.65,!    6/22/2036,,,,,
28.93,28.75,!    6/23/2036,,,,,
28.99,28.95,!    6/24/2036,,,,,
28.99,29.05,!    6/25/2036,,,,,
29.05,29.15,!    6/26/2036,,,,,
29.05,29.25,!    6/27/2036,,,,,
29.10,29.25,!    6/28/2036,,,,,
29.10,29.35,!    6/29/2036,,,,,
29.16,29.55,!    6/30/2036,,,,,
29.58,29.97,!    7/1/2036,,,,,
29.58,30.17,!    7/2/2036,,,,,
29.63,30.17,!    7/3/2036,,,,,
29.63,30.17,!    7/4/2036,,,,,
29.69,30.17,!    7/5/2036,,,,,
29.69,30.17,!    7/6/2036,,,,,
29.69,30.17,!    7/7/2036,,,,,
29.69,30.07,!    7/8/2036,,,,,
29.74,30.17,!    7/9/2036,,,,,
29.74,30.17,!    7/10/2036,,,,,
29.74,30.17,!    7/11/2036,,,,,
29.80,30.17,!    7/12/2036,,,,,
29.80,30.27,!    7/13/2036,,,,,
29.80,30.27,!    7/14/2036,,,,,
29.80,30.27,!    7/15/2036,,,,,
29.86,30.27,!    7/16/2036,,,,,
29.86,30.37,!    7/17/2036,,,,,
29.86,30.37,!    7/18/2036,,,,,
29.91,30.57,!    7/19/2036,,,,,
29.91,30.67,!    7/20/2036,,,,,
29.91,30.67,!    7/21/2036,,,,,
29.91,30.77,!    7/22/2036,,,,,
29.91,30.77,!    7/23/2036,,,,,
29.97,30.77,!    7/24/2036,,,,,
29.97,30.87,!    7/25/2036,,,,,
29.97,30.97,!    7/26/2036,,,,,
29.97,31.07,!    7/27/2036,,,,,
29.97,31.07,!    7/28/2036,,,,,
30.02,31.17,!    7/29/2036,,,,,
30.02,31.17,!    7/30/2036,,,,,
30.02,31.27,!    7/31/2036,,,,,
29.76,30.83,!    8/1/2036,,,,,
29.76,30.93,!    8/2/2036,,,,,
29.76,30.93,!    8/3/2036,,,,,
29.76,31.03,!    8/4/2036,,,,,
29.76,31.03,!    8/5/2036,,,,,
29.76,31.13,!    8/6/2036,,,,,
29.76,31.23,!    8/7/2036,,,,,
29.76,31.23,!    8/8/2036,,,,,
29.76,31.33,!    8/9/2036,,,,,
29.76,31.23,!    8/10/2036,,,,,
29.76,31.33,!    8/11/2036,,,,,
29.76,31.23,!    8/12/2036,,,,,
29.70,31.03,!    8/13/2036,,,,,
29.70,31.03,!    8/14/2036,,,,,
29.70,31.03,!    8/15/2036,,,,,
29.64,31.13,!    8/16/2036,,,,,
29.64,31.13,!    8/17/2036,,,,,
29.64,31.03,!    8/18/2036,,,,,
29.59,30.93,!    8/19/2036,,,,,
29.59,30.73,!    8/20/2036,,,,,
29.53,30.73,!    8/21/2036,,,,,
29.53,30.73,!    8/22/2036,,,,,
29.48,30.73,!    8/23/2036,,,,,
29.42,30.83,!    8/24/2036,,,,,
29.42,30.73,!    8/25/2036,,,,,
29.37,30.63,!    8/26/2036,,,,,
29.31,30.53,!    8/27/2036,,,,,
29.26,30.43,!    8/28/2036,,,,,
29.26,30.33,!    8/29/2036,,,,,
29.20,30.23,!    8/30/2036,,,,,
29.14,30.13,!    8/31/2036,,,,,
28.84,30.49,!    9/1/2036,,,,,
28.79,30.39,!    9/2/2036,,,,,
28.73,30.19,!    9/3/2036,,,,,
28.62,30.19,!    9/4/2036,,,,,
28.57,30.09,!    9/5/2036,,,,,
28.51,30.09,!    9/6/2036,,,,,
28.46,30.09,!    9/7/2036,,,,,
28.34,29.99,!    9/8/2036,,,,,
28.29,29.89,!    9/9/2036,,,,,
28.23,29.79,!    9/10/2036,,,,,
28.12,29.59,!    9/11/2036,,,,,
28.07,29.49,!    9/12/2036,,,,,
27.96,29.49,!    9/13/2036,,,,,
27.84,29.39,!    9/14/2036,,,,,
27.79,29.29,!    9/15/2036,,,,,
27.68,29.09,!    9/16/2036,,,,,
27.57,28.99,!    9/17/2036,,,,,
27.46,28.89,!    9/18/2036,,,,,
27.34,28.59,!    9/19/2036,,,,,
27.23,28.49,!    9/20/2036,,,,,
27.12,28.29,!    9/21/2036,,,,,
27.01,28.19,!    9/22/2036,,,,,
26.90,28.19,!    9/23/2036,,,,,
26.73,27.99,!    9/24/2036,,,,,
26.62,27.89,!    9/25/2036,,,,,
26.51,27.59,!    9/26/2036,,,,,
26.34,27.59,!    9/27/2036,,,,,
26.23,27.49,!    9/28/2036,,,,,
26.07,27.29,!    9/29/2036,,,,,
25.90,27.09,!    9/30/2036,,,,,
25.83,26.67,!    10/1/2036,,,,,
25.66,26.37,!    10/2/2036,,,,,
25.49,26.17,!    10/3/2036,,,,,
25.33,26.17,!    10/4/2036,,,,,
25.16,26.07,!    10/5/2036,,,,,
24.99,25.87,!    10/6/2036,,,,,
24.83,25.67,!    10/7/2036,,,,,
24.66,25.47,!    10/8/2036,,,,,
24.44,25.27,!    10/9/2036,,,,,
24.27,25.17,!    10/10/2036,,,,,
24.10,25.07,!    10/11/2036,,,,,
23.94,24.87,!    10/12/2036,,,,,
23.71,24.67,!    10/13/2036,,,,,
23.55,24.47,!    10/14/2036,,,,,
23.33,24.27,!    10/15/2036,,,,,
23.16,24.07,!    10/16/2036,,,,,
22.94,23.77,!    10/17/2036,,,,,
22.77,23.57,!    10/18/2036,,,,,
22.55,23.27,!    10/19/2036,,,,,
22.38,22.77,!    10/20/2036,,,,,
22.16,22.47,!    10/21/2036,,,,,
21.99,22.17,!    10/22/2036,,,,,
21.77,21.77,!    10/23/2036,,,,,
21.60,21.47,!    10/24/2036,,,,,
21.38,21.07,!    10/25/2036,,,,,
21.21,20.87,!    10/26/2036,,,,,
20.99,20.67,!    10/27/2036,,,,,
20.83,20.17,!    10/28/2036,,,,,
20.60,19.77,!    10/29/2036,,,,,
20.44,19.57,!    10/30/2036,,,,,
20.21,19.37,!    10/31/2036,,,,,
20.38,19.54,!    11/1/2036,,,,,
20.21,19.34,!    11/2/2036,,,,,
19.99,19.24,!    11/3/2036,,,,,
19.82,19.04,!    11/4/2036,,,,,
19.65,18.84,!    11/5/2036,,,,,
19.49,18.94,!    11/6/2036,,,,,
19.32,18.74,!    11/7/2036,,,,,
19.15,18.54,!    11/8/2036,,,,,
18.99,18.34,!    11/9/2036,,,,,
18.82,18.14,!    11/10/2036,,,,,
18.65,17.94,!    11/11/2036,,,,,
18.54,17.74,!    11/12/2036,,,,,
18.38,17.44,!    11/13/2036,,,,,
18.21,17.14,!    11/14/2036,,,,,
18.10,16.94,!    11/15/2036,,,,,
17.93,16.74,!    11/16/2036,,,,,
17.82,16.44,!    11/17/2036,,,,,
17.71,16.14,!    11/18/2036,,,,,
17.54,15.84,!    11/19/2036,,,,,
17.43,15.64,!    11/20/2036,,,,,
17.32,15.44,!    11/21/2036,,,,,
17.21,15.24,!    11/22/2036,,,,,
17.10,15.14,!    11/23/2036,,,,,
16.99,15.04,!    11/24/2036,,,,,
16.88,14.94,!    11/25/2036,,,,,
16.76,14.74,!    11/26/2036,,,,,
16.65,14.54,!    11/27/2036,,,,,
16.54,14.34,!    11/28/2036,,,,,
16.49,14.24,!    11/29/2036,,,,,
16.38,14.14,!    11/30/2036,,,,,
14.70,14.42,!    12/1/2036,,,,,
14.65,14.22,!    12/2/2036,,,,,
14.54,14.12,!    12/3/2036,,,,,
14.43,13.92,!    12/4/2036,,,,,
14.37,13.72,!    12/5/2036,,,,,
14.26,13.32,!    12/6/2036,,,,,
14.20,13.12,!    12/7/2036,,,,,
14.09,12.92,!    12/8/2036,,,,,
14.04,12.72,!    12/9/2036,,,,,
13.93,12.52,!    12/10/2036,,,,,
13.87,12.22,!    12/11/2036,,,,,
13.76,12.12,!    12/12/2036,,,,,
13.70,11.92,!    12/13/2036,,,,,
13.65,11.82,!    12/14/2036,,,,,
13.54,11.62,!    12/15/2036,,,,,
13.48,11.52,!    12/16/2036,,,,,
13.37,11.32,!    12/17/2036,,,,,
13.32,11.22,!    12/18/2036,,,,,
13.26,11.12,!    12/19/2036,,,,,
13.15,11.02,!    12/20/2036,,,,,
13.09,10.92,!    12/21/2036,,,,,
13.04,10.92,!    12/22/2036,,,,,
12.98,10.82,!    12/23/2036,,,,,
12.87,10.72,!    12/24/2036,,,,,
12.82,10.62,!    12/25/2036,,,,,
12.76,10.52,!    12/26/2036,,,,,
12.70,10.52,!    12/27/2036,,,,,
12.65,10.52,!    12/28/2036,,,,,
12.59,10.42,!    12/29/2036,,,,,
12.54,10.42,!    12/30/2036,,,,,
12.48,10.42,!    12/31/2036,,,,,
12.92,9.56,!    1/1/2037,,,,,
12.87,9.46,!    1/2/2037,,,,,
12.81,9.36,!    1/3/2037,,,,,
12.76,9.26,!    1/4/2037,,,,,
12.76,9.06,!    1/5/2037,,,,,
12.70,8.96,!    1/6/2037,,,,,
12.65,8.86,!    1/7/2037,,,,,
12.65,8.76,!    1/8/2037,,,,,
12.59,8.66,!    1/9/2037,,,,,
12.59,8.66,!    1/10/2037,,,,,
12.59,8.56,!    1/11/2037,,,,,
12.53,8.56,!    1/12/2037,,,,,
12.53,8.46,!    1/13/2037,,,,,
12.53,8.26,!    1/14/2037,,,,,
12.53,8.16,!    1/15/2037,,,,,
12.53,8.06,!    1/16/2037,,,,,
12.53,7.96,!    1/17/2037,,,,,
12.59,7.96,!    1/18/2037,,,,,
12.59,7.96,!    1/19/2037,,,,,
12.59,7.66,!    1/20/2037,,,,,
12.65,7.76,!    1/21/2037,,,,,
12.70,7.76,!    1/22/2037,,,,,
12.70,7.76,!    1/23/2037,,,,,
12.76,7.86,!    1/24/2037,,,,,
12.81,7.86,!    1/25/2037,,,,,
12.87,8.06,!    1/26/2037,,,,,
12.92,8.06,!    1/27/2037,,,,,
12.98,7.96,!    1/28/2037,,,,,
13.03,7.86,!    1/29/2037,,,,,
13.09,7.76,!    1/30/2037,,,,,
13.20,7.76,!    1/31/2037,,,,,
13.42,8.04,!    2/1/2037,,,,,
13.47,8.04,!    2/2/2037,,,,,
13.58,8.24,!    2/3/2037,,,,,
13.64,8.24,!    2/4/2037,,,,,
13.75,8.24,!    2/5/2037,,,,,
13.86,8.34,!    2/6/2037,,,,,
13.97,8.34,!    2/7/2037,,,,,
14.03,8.54,!    2/8/2037,,,,,
14.14,8.64,!    2/9/2037,,,,,
14.25,8.74,!    2/10/2037,,,,,
14.36,8.74,!    2/11/2037,,,,,
14.47,8.84,!    2/12/2037,,,,,
14.58,8.84,!    2/13/2037,,,,,
14.70,8.84,!    2/14/2037,,,,,
14.81,8.84,!    2/15/2037,,,,,
14.92,8.94,!    2/16/2037,,,,,
15.03,9.04,!    2/17/2037,,,,,
15.14,9.04,!    2/18/2037,,,,,
15.25,9.14,!    2/19/2037,,,,,
15.36,9.24,!    2/20/2037,,,,,
15.47,9.44,!    2/21/2037,,,,,
15.58,9.54,!    2/22/2037,,,,,
15.70,9.64,!    2/23/2037,,,,,
15.81,9.84,!    2/24/2037,,,,,
15.97,9.94,!    2/25/2037,,,,,
16.08,9.94,!    2/26/2037,,,,,
16.20,10.14,!    2/27/2037,,,,,
16.31,10.24,!    2/28/2037,,,,,
15.94,10.47,!    3/1/2037,,,,,
16.25,9.97,!    3/2/2037,,,,,
16.36,9.97,!    3/3/2037,,,,,
16.47,9.97,!    3/4/2037,,,,,
16.58,9.97,!    3/5/2037,,,,,
16.70,10.07,!    3/6/2037,,,,,
16.81,10.17,!    3/7/2037,,,,,
16.92,10.27,!    3/8/2037,,,,,
17.03,10.47,!    3/9/2037,,,,,
17.14,10.67,!    3/10/2037,,,,,
17.20,10.87,!    3/11/2037,,,,,
17.31,11.07,!    3/12/2037,,,,,
17.42,11.17,!    3/13/2037,,,,,
17.53,11.37,!    3/14/2037,,,,,
17.64,11.47,!    3/15/2037,,,,,
17.75,11.67,!    3/16/2037,,,,,
17.86,11.77,!    3/17/2037,,,,,
17.92,11.87,!    3/18/2037,,,,,
18.03,12.07,!    3/19/2037,,,,,
18.14,12.37,!    3/20/2037,,,,,
18.25,12.47,!    3/21/2037,,,,,
18.31,12.67,!    3/22/2037,,,,,
18.42,12.67,!    3/23/2037,,,,,
18.53,12.87,!    3/24/2037,,,,,
18.64,13.17,!    3/25/2037,,,,,
18.70,13.37,!    3/26/2037,,,,,
18.81,13.57,!    3/27/2037,,,,,
18.92,13.77,!    3/28/2037,,,,,
18.97,13.97,!    3/29/2037,,,,,
19.08,14.17,!    3/30/2037,,,,,
19.20,14.37,!    3/31/2037,,,,,
19.81,14.58,!    4/1/2037,,,,,
20.25,14.78,!    4/2/2037,,,,,
20.36,14.98,!    4/3/2037,,,,,
20.47,15.28,!    4/4/2037,,,,,
20.58,15.58,!    4/5/2037,,,,,
20.64,15.78,!    4/6/2037,,,,,
20.75,15.88,!    4/7/2037,,,,,
20.86,15.98,!    4/8/2037,,,,,
20.97,16.18,!    4/9/2037,,,,,
21.08,16.38,!    4/10/2037,,,,,
21.14,16.58,!    4/11/2037,,,,,
21.25,16.88,!    4/12/2037,,,,,
21.36,16.98,!    4/13/2037,,,,,
21.47,17.08,!    4/14/2037,,,,,
21.58,17.28,!    4/15/2037,,,,,
21.69,17.38,!    4/16/2037,,,,,
21.80,17.48,!    4/17/2037,,,,,
21.91,17.58,!    4/18/2037,,,,,
22.03,17.78,!    4/19/2037,,,,,
22.14,17.88,!    4/20/2037,,,,,
22.25,18.08,!    4/21/2037,,,,,
22.41,18.38,!    4/22/2037,,,,,
22.53,18.48,!    4/23/2037,,,,,
22.64,18.58,!    4/24/2037,,,,,
22.75,18.68,!    4/25/2037,,,,,
22.86,18.78,!    4/26/2037,,,,,
23.03,18.98,!    4/27/2037,,,,,
23.14,19.18,!    4/28/2037,,,,,
23.25,19.58,!    4/29/2037,,,,,
23.41,19.78,!    4/30/2037,,,,,
23.43,19.69,!    5/1/2037,,,,,
23.65,19.89,!    5/2/2037,,,,,
23.81,19.99,!    5/3/2037,,,,,
23.92,20.19,!    5/4/2037,,,,,
24.09,20.19,!    5/5/2037,,,,,
24.20,20.29,!    5/6/2037,,,,,
24.37,20.39,!    5/7/2037,,,,,
24.48,20.59,!    5/8/2037,,,,,
24.65,20.79,!    5/9/2037,,,,,
24.76,20.99,!    5/10/2037,,,,,
24.87,21.09,!    5/11/2037,,,,,
25.04,21.19,!    5/12/2037,,,,,
25.15,21.39,!    5/13/2037,,,,,
25.31,21.49,!    5/14/2037,,,,,
25.42,21.59,!    5/15/2037,,,,,
25.59,21.79,!    5/16/2037,,,,,
25.70,21.99,!    5/17/2037,,,,,
25.87,22.19,!    5/18/2037,,,,,
25.98,22.19,!    5/19/2037,,,,,
26.09,22.39,!    5/20/2037,,,,,
26.26,22.59,!    5/21/2037,,,,,
26.37,22.89,!    5/22/2037,,,,,
26.48,23.09,!    5/23/2037,,,,,
26.65,23.29,!    5/24/2037,,,,,
26.76,23.49,!    5/25/2037,,,,,
26.87,23.79,!    5/26/2037,,,,,
26.98,23.99,!    5/27/2037,,,,,
27.09,24.09,!    5/28/2037,,,,,
27.20,24.29,!    5/29/2037,,,,,
27.31,24.49,!    5/30/2037,,,,,
27.42,24.59,!    5/31/2037,,,,,
27.31,24.74,!    6/1/2037,,,,,
27.51,24.94,!    6/2/2037,,,,,
27.56,25.14,!    6/3/2037,,,,,
27.67,25.34,!    6/4/2037,,,,,
27.79,25.54,!    6/5/2037,,,,,
27.84,25.74,!    6/6/2037,,,,,
27.95,26.04,!    6/7/2037,,,,,
28.01,26.34,!    6/8/2037,,,,,
28.12,26.64,!    6/9/2037,,,,,
28.17,26.84,!    6/10/2037,,,,,
28.23,27.04,!    6/11/2037,,,,,
28.34,27.24,!    6/12/2037,,,,,
28.40,27.34,!    6/13/2037,,,,,
28.45,27.44,!    6/14/2037,,,,,
28.51,27.64,!    6/15/2037,,,,,
28.56,27.84,!    6/16/2037,,,,,
28.62,28.04,!    6/17/2037,,,,,
28.67,28.14,!    6/18/2037,,,,,
28.73,28.24,!    6/19/2037,,,,,
28.73,28.34,!    6/20/2037,,,,,
28.79,28.54,!    6/21/2037,,,,,
28.84,28.64,!    6/22/2037,,,,,
28.90,28.74,!    6/23/2037,,,,,
28.90,28.84,!    6/24/2037,,,,,
28.95,29.04,!    6/25/2037,,,,,
28.95,29.14,!    6/26/2037,,,,,
29.01,29.24,!    6/27/2037,,,,,
29.01,29.34,!    6/28/2037,,,,,
29.06,29.34,!    6/29/2037,,,,,
29.06,29.44,!    6/30/2037,,,,,
29.61,29.91,!    7/1/2037,,,,,
29.55,30.01,!    7/2/2037,,,,,
29.55,30.21,!    7/3/2037,,,,,
29.61,30.21,!    7/4/2037,,,,,
29.61,30.21,!    7/5/2037,,,,,
29.66,30.21,!    7/6/2037,,,,,
29.66,30.21,!    7/7/2037,,,,,
29.66,30.21,!    7/8/2037,,,,,
29.66,30.11,!    7/9/2037,,,,,
29.72,30.21,!    7/10/2037,,,,,
29.72,30.21,!    7/11/2037,,,,,
29.72,30.21,!    7/12/2037,,,,,
29.77,30.21,!    7/13/2037,,,,,
29.77,30.31,!    7/14/2037,,,,,
29.77,30.31,!    7/15/2037,,,,,
29.77,30.31,!    7/16/2037,,,,,
29.83,30.31,!    7/17/2037,,,,,
29.83,30.41,!    7/18/2037,,,,,
29.83,30.41,!    7/19/2037,,,,,
29.88,30.61,!    7/20/2037,,,,,
29.88,30.71,!    7/21/2037,,,,,
29.88,30.71,!    7/22/2037,,,,,
29.88,30.81,!    7/23/2037,,,,,
29.88,30.81,!    7/24/2037,,,,,
29.94,30.81,!    7/25/2037,,,,,
29.94,30.91,!    7/26/2037,,,,,
29.94,31.01,!    7/27/2037,,,,,
29.94,31.11,!    7/28/2037,,,,,
29.94,31.11,!    7/29/2037,,,,,
29.99,31.21,!    7/30/2037,,,,,
29.99,31.21,!    7/31/2037,,,,,
29.75,31.11,!    8/1/2037,,,,,
29.76,31.01,!    8/2/2037,,,,,
29.76,31.11,!    8/3/2037,,,,,
29.76,31.11,!    8/4/2037,,,,,
29.76,31.21,!    8/5/2037,,,,,
29.76,31.21,!    8/6/2037,,,,,
29.76,31.31,!    8/7/2037,,,,,
29.76,31.41,!    8/8/2037,,,,,
29.76,31.41,!    8/9/2037,,,,,
29.76,31.51,!    8/10/2037,,,,,
29.76,31.41,!    8/11/2037,,,,,
29.76,31.51,!    8/12/2037,,,,,
29.76,31.41,!    8/13/2037,,,,,
29.70,31.21,!    8/14/2037,,,,,
29.70,31.21,!    8/15/2037,,,,,
29.70,31.21,!    8/16/2037,,,,,
29.65,31.31,!    8/17/2037,,,,,
29.65,31.31,!    8/18/2037,,,,,
29.65,31.21,!    8/19/2037,,,,,
29.59,31.11,!    8/20/2037,,,,,
29.59,30.91,!    8/21/2037,,,,,
29.54,30.91,!    8/22/2037,,,,,
29.54,30.91,!    8/23/2037,,,,,
29.48,30.91,!    8/24/2037,,,,,
29.43,31.01,!    8/25/2037,,,,,
29.43,30.91,!    8/26/2037,,,,,
29.37,30.81,!    8/27/2037,,,,,
29.32,30.71,!    8/28/2037,,,,,
29.26,30.61,!    8/29/2037,,,,,
29.26,30.51,!    8/30/2037,,,,,
29.20,30.41,!    8/31/2037,,,,,
29.24,30.46,!    9/1/2037,,,,,
29.05,30.36,!    9/2/2037,,,,,
28.99,30.26,!    9/3/2037,,,,,
28.94,30.06,!    9/4/2037,,,,,
28.83,30.06,!    9/5/2037,,,,,
28.77,29.96,!    9/6/2037,,,,,
28.72,29.96,!    9/7/2037,,,,,
28.66,29.96,!    9/8/2037,,,,,
28.55,29.86,!    9/9/2037,,,,,
28.49,29.76,!    9/10/2037,,,,,
28.44,29.66,!    9/11/2037,,,,,
28.33,29.46,!    9/12/2037,,,,,
28.27,29.36,!    9/13/2037,,,,,
28.16,29.36,!    9/14/2037,,,,,
28.05,29.26,!    9/15/2037,,,,,
27.99,29.16,!    9/16/2037,,,,,
27.88,28.96,!    9/17/2037,,,,,
27.77,28.86,!    9/18/2037,,,,,
27.66,28.76,!    9/19/2037,,,,,
27.55,28.46,!    9/20/2037,,,,,
27.44,28.36,!    9/21/2037,,,,,
27.33,28.16,!    9/22/2037,,,,,
27.22,28.06,!    9/23/2037,,,,,
27.11,28.06,!    9/24/2037,,,,,
26.94,27.86,!    9/25/2037,,,,,
26.83,27.76,!    9/26/2037,,,,,
26.72,27.46,!    9/27/2037,,,,,
26.55,27.46,!    9/28/2037,,,,,
26.44,27.36,!    9/29/2037,,,,,
26.27,27.16,!    9/30/2037,,,,,
25.52,27.97,!    10/1/2037,,,,,
25.23,27.67,!    10/2/2037,,,,,
25.07,27.37,!    10/3/2037,,,,,
24.90,27.17,!    10/4/2037,,,,,
24.73,27.17,!    10/5/2037,,,,,
24.57,27.07,!    10/6/2037,,,,,
24.40,26.87,!    10/7/2037,,,,,
24.23,26.67,!    10/8/2037,,,,,
24.07,26.47,!    10/9/2037,,,,,
23.84,26.27,!    10/10/2037,,,,,
23.68,26.17,!    10/11/2037,,,,,
23.51,26.07,!    10/12/2037,,,,,
23.34,25.87,!    10/13/2037,,,,,
23.12,25.67,!    10/14/2037,,,,,
22.96,25.47,!    10/15/2037,,,,,
22.73,25.27,!    10/16/2037,,,,,
22.57,25.07,!    10/17/2037,,,,,
22.34,24.77,!    10/18/2037,,,,,
22.18,24.57,!    10/19/2037,,,,,
21.96,24.27,!    10/20/2037,,,,,
21.79,23.77,!    10/21/2037,,,,,
21.57,23.47,!    10/22/2037,,,,,
21.40,23.17,!    10/23/2037,,,,,
21.18,22.77,!    10/24/2037,,,,,
21.01,22.47,!    10/25/2037,,,,,
20.79,22.07,!    10/26/2037,,,,,
20.62,21.87,!    10/27/2037,,,,,
20.40,21.67,!    10/28/2037,,,,,
20.23,21.17,!    10/29/2037,,,,,
20.01,20.77,!    10/30/2037,,,,,
19.84,20.57,!    10/31/2037,,,,,
20.53,20.49,!    11/1/2037,,,,,
20.13,20.29,!    11/2/2037,,,,,
19.97,20.09,!    11/3/2037,,,,,
19.74,19.99,!    11/4/2037,,,,,
19.58,19.79,!    11/5/2037,,,,,
19.41,19.59,!    11/6/2037,,,,,
19.24,19.69,!    11/7/2037,,,,,
19.08,19.49,!    11/8/2037,,,,,
18.91,19.29,!    11/9/2037,,,,,
18.74,19.09,!    11/10/2037,,,,,
18.58,18.89,!    11/11/2037,,,,,
18.41,18.69,!    11/12/2037,,,,,
18.30,18.49,!    11/13/2037,,,,,
18.13,18.19,!    11/14/2037,,,,,
17.97,17.89,!    11/15/2037,,,,,
17.85,17.69,!    11/16/2037,,,,,
17.69,17.49,!    11/17/2037,,,,,
17.58,17.19,!    11/18/2037,,,,,
17.47,16.89,!    11/19/2037,,,,,
17.30,16.59,!    11/20/2037,,,,,
17.19,16.39,!    11/21/2037,,,,,
17.08,16.19,!    11/22/2037,,,,,
16.97,15.99,!    11/23/2037,,,,,
16.85,15.89,!    11/24/2037,,,,,
16.74,15.79,!    11/25/2037,,,,,
16.63,15.69,!    11/26/2037,,,,,
16.52,15.49,!    11/27/2037,,,,,
16.41,15.29,!    11/28/2037,,,,,
16.30,15.09,!    11/29/2037,,,,,
16.24,14.99,!    11/30/2037,,,,,
15.84,13.35,!    12/1/2037,,,,,
15.52,13.05,!    12/2/2037,,,,,
15.47,12.85,!    12/3/2037,,,,,
15.36,12.75,!    12/4/2037,,,,,
15.25,12.55,!    12/5/2037,,,,,
15.19,12.35,!    12/6/2037,,,,,
15.08,11.95,!    12/7/2037,,,,,
15.02,11.75,!    12/8/2037,,,,,
14.91,11.55,!    12/9/2037,,,,,
14.86,11.35,!    12/10/2037,,,,,
14.75,11.15,!    12/11/2037,,,,,
14.69,10.85,!    12/12/2037,,,,,
14.58,10.75,!    12/13/2037,,,,,
14.52,10.55,!    12/14/2037,,,,,
14.47,10.45,!    12/15/2037,,,,,
14.36,10.25,!    12/16/2037,,,,,
14.30,10.15,!    12/17/2037,,,,,
14.19,9.95,!    12/18/2037,,,,,
14.14,9.85,!    12/19/2037,,,,,
14.08,9.75,!    12/20/2037,,,,,
13.97,9.65,!    12/21/2037,,,,,
13.91,9.55,!    12/22/2037,,,,,
13.86,9.55,!    12/23/2037,,,,,
13.80,9.45,!    12/24/2037,,,,,
13.69,9.35,!    12/25/2037,,,,,
13.64,9.25,!    12/26/2037,,,,,
13.58,9.15,!    12/27/2037,,,,,
13.52,9.15,!    12/28/2037,,,,,
13.47,9.15,!    12/29/2037,,,,,
13.41,9.05,!    12/30/2037,,,,,
13.36,9.05,!    12/31/2037,,,,,
13.17,9.47,!    1/1/2038,,,,,
13.11,9.37,!    1/2/2038,,,,,
13.06,9.27,!    1/3/2038,,,,,
13.00,9.17,!    1/4/2038,,,,,
13.00,8.97,!    1/5/2038,,,,,
12.95,8.87,!    1/6/2038,,,,,
12.89,8.77,!    1/7/2038,,,,,
12.89,8.67,!    1/8/2038,,,,,
12.83,8.57,!    1/9/2038,,,,,
12.83,8.57,!    1/10/2038,,,,,
12.83,8.47,!    1/11/2038,,,,,
12.78,8.47,!    1/12/2038,,,,,
12.78,8.37,!    1/13/2038,,,,,
12.78,8.17,!    1/14/2038,,,,,
12.78,8.07,!    1/15/2038,,,,,
12.78,7.97,!    1/16/2038,,,,,
12.78,7.87,!    1/17/2038,,,,,
12.83,7.87,!    1/18/2038,,,,,
12.83,7.87,!    1/19/2038,,,,,
12.83,7.57,!    1/20/2038,,,,,
12.89,7.67,!    1/21/2038,,,,,
12.95,7.67,!    1/22/2038,,,,,
12.95,7.67,!    1/23/2038,,,,,
13.00,7.77,!    1/24/2038,,,,,
13.06,7.77,!    1/25/2038,,,,,
13.11,7.97,!    1/26/2038,,,,,
13.17,7.97,!    1/27/2038,,,,,
13.22,7.87,!    1/28/2038,,,,,
13.28,7.77,!    1/29/2038,,,,,
13.33,7.67,!    1/30/2038,,,,,
13.45,7.67,!    1/31/2038,,,,,
12.90,7.34,!    2/1/2038,,,,,
12.95,7.34,!    2/2/2038,,,,,
13.06,7.54,!    2/3/2038,,,,,
13.12,7.54,!    2/4/2038,,,,,
13.23,7.54,!    2/5/2038,,,,,
13.34,7.64,!    2/6/2038,,,,,
13.45,7.64,!    2/7/2038,,,,,
13.51,7.84,!    2/8/2038,,,,,
13.62,7.94,!    2/9/2038,,,,,
13.73,8.04,!    2/10/2038,,,,,
13.84,8.04,!    2/11/2038,,,,,
13.95,8.14,!    2/12/2038,,,,,
14.06,8.14,!    2/13/2038,,,,,
14.17,8.14,!    2/14/2038,,,,,
14.29,8.14,!    2/15/2038,,,,,
14.40,8.24,!    2/16/2038,,,,,
14.51,8.34,!    2/17/2038,,,,,
14.62,8.34,!    2/18/2038,,,,,
14.73,8.44,!    2/19/2038,,,,,
14.84,8.54,!    2/20/2038,,,,,
14.95,8.74,!    2/21/2038,,,,,
15.06,8.84,!    2/22/2038,,,,,
15.17,8.94,!    2/23/2038,,,,,
15.29,9.14,!    2/24/2038,,,,,
15.45,9.24,!    2/25/2038,,,,,
15.56,9.24,!    2/26/2038,,,,,
15.67,9.44,!    2/27/2038,,,,,
15.79,9.54,!    2/28/2038,,,,,
16.54,10.79,!    3/1/2038,,,,,
16.86,10.29,!    3/2/2038,,,,,
16.97,10.29,!    3/3/2038,,,,,
17.08,10.29,!    3/4/2038,,,,,
17.19,10.29,!    3/5/2038,,,,,
17.31,10.39,!    3/6/2038,,,,,
17.42,10.49,!    3/7/2038,,,,,
17.53,10.59,!    3/8/2038,,,,,
17.64,10.79,!    3/9/2038,,,,,
17.75,10.99,!    3/10/2038,,,,,
17.81,11.19,!    3/11/2038,,,,,
17.92,11.39,!    3/12/2038,,,,,
18.03,11.49,!    3/13/2038,,,,,
18.14,11.69,!    3/14/2038,,,,,
18.25,11.79,!    3/15/2038,,,,,
18.36,11.99,!    3/16/2038,,,,,
18.47,12.09,!    3/17/2038,,,,,
18.53,12.19,!    3/18/2038,,,,,
18.64,12.39,!    3/19/2038,,,,,
18.75,12.69,!    3/20/2038,,,,,
18.86,12.79,!    3/21/2038,,,,,
18.92,12.99,!    3/22/2038,,,,,
19.03,12.99,!    3/23/2038,,,,,
19.14,13.19,!    3/24/2038,,,,,
19.25,13.49,!    3/25/2038,,,,,
19.31,13.69,!    3/26/2038,,,,,
19.42,13.89,!    3/27/2038,,,,,
19.53,14.09,!    3/28/2038,,,,,
19.58,14.29,!    3/29/2038,,,,,
19.69,14.49,!    3/30/2038,,,,,
19.81,14.69,!    3/31/2038,,,,,
19.91,15.20,!    4/1/2038,,,,,
20.34,15.40,!    4/2/2038,,,,,
20.46,15.60,!    4/3/2038,,,,,
20.57,15.90,!    4/4/2038,,,,,
20.68,16.20,!    4/5/2038,,,,,
20.73,16.40,!    4/6/2038,,,,,
20.84,16.50,!    4/7/2038,,,,,
20.96,16.60,!    4/8/2038,,,,,
21.07,16.80,!    4/9/2038,,,,,
21.18,17.00,!    4/10/2038,,,,,
21.23,17.20,!    4/11/2038,,,,,
21.34,17.50,!    4/12/2038,,,,,
21.46,17.60,!    4/13/2038,,,,,
21.57,17.70,!    4/14/2038,,,,,
21.68,17.90,!    4/15/2038,,,,,
21.79,18.00,!    4/16/2038,,,,,
21.90,18.10,!    4/17/2038,,,,,
22.01,18.20,!    4/18/2038,,,,,
22.12,18.40,!    4/19/2038,,,,,
22.23,18.50,!    4/20/2038,,,,,
22.34,18.70,!    4/21/2038,,,,,
22.51,19.00,!    4/22/2038,,,,,
22.62,19.10,!    4/23/2038,,,,,
22.73,19.20,!    4/24/2038,,,,,
22.84,19.30,!    4/25/2038,,,,,
22.96,19.40,!    4/26/2038,,,,,
23.12,19.60,!    4/27/2038,,,,,
23.23,19.80,!    4/28/2038,,,,,
23.34,20.20,!    4/29/2038,,,,,
23.51,20.40,!    4/30/2038,,,,,
22.86,19.58,!    5/1/2038,,,,,
23.08,19.78,!    5/2/2038,,,,,
23.25,19.88,!    5/3/2038,,,,,
23.36,20.08,!    5/4/2038,,,,,
23.52,20.08,!    5/5/2038,,,,,
23.63,20.18,!    5/6/2038,,,,,
23.80,20.28,!    5/7/2038,,,,,
23.91,20.48,!    5/8/2038,,,,,
24.08,20.68,!    5/9/2038,,,,,
24.19,20.88,!    5/10/2038,,,,,
24.30,20.98,!    5/11/2038,,,,,
24.47,21.08,!    5/12/2038,,,,,
24.58,21.28,!    5/13/2038,,,,,
24.75,21.38,!    5/14/2038,,,,,
24.86,21.48,!    5/15/2038,,,,,
25.02,21.68,!    5/16/2038,,,,,
25.13,21.88,!    5/17/2038,,,,,
25.30,22.08,!    5/18/2038,,,,,
25.41,22.08,!    5/19/2038,,,,,
25.52,22.28,!    5/20/2038,,,,,
25.69,22.48,!    5/21/2038,,,,,
25.80,22.78,!    5/22/2038,,,,,
25.91,22.98,!    5/23/2038,,,,,
26.08,23.18,!    5/24/2038,,,,,
26.19,23.38,!    5/25/2038,,,,,
26.30,23.68,!    5/26/2038,,,,,
26.41,23.88,!    5/27/2038,,,,,
26.52,23.98,!    5/28/2038,,,,,
26.63,24.18,!    5/29/2038,,,,,
26.75,24.38,!    5/30/2038,,,,,
26.86,24.48,!    5/31/2038,,,,,
27.65,24.90,!    6/1/2038,,,,,
27.84,25.10,!    6/2/2038,,,,,
27.90,25.30,!    6/3/2038,,,,,
28.01,25.50,!    6/4/2038,,,,,
28.12,25.70,!    6/5/2038,,,,,
28.17,25.90,!    6/6/2038,,,,,
28.28,26.20,!    6/7/2038,,,,,
28.34,26.50,!    6/8/2038,,,,,
28.45,26.80,!    6/9/2038,,,,,
28.51,27.00,!    6/10/2038,,,,,
28.56,27.20,!    6/11/2038,,,,,
28.67,27.40,!    6/12/2038,,,,,
28.73,27.50,!    6/13/2038,,,,,
28.78,27.60,!    6/14/2038,,,,,
28.84,27.80,!    6/15/2038,,,,,
28.90,28.00,!    6/16/2038,,,,,
28.95,28.20,!    6/17/2038,,,,,
29.01,28.30,!    6/18/2038,,,,,
29.06,28.40,!    6/19/2038,,,,,
29.06,28.50,!    6/20/2038,,,,,
29.12,28.70,!    6/21/2038,,,,,
29.17,28.80,!    6/22/2038,,,,,
29.23,28.90,!    6/23/2038,,,,,
29.23,29.00,!    6/24/2038,,,,,
29.28,29.20,!    6/25/2038,,,,,
29.28,29.30,!    6/26/2038,,,,,
29.34,29.40,!    6/27/2038,,,,,
29.34,29.50,!    6/28/2038,,,,,
29.40,29.50,!    6/29/2038,,,,,
29.40,29.60,!    6/30/2038,,,,,
29.67,29.87,!    7/1/2038,,,,,
29.61,29.97,!    7/2/2038,,,,,
29.61,30.17,!    7/3/2038,,,,,
29.67,30.17,!    7/4/2038,,,,,
29.67,30.17,!    7/5/2038,,,,,
29.73,30.17,!    7/6/2038,,,,,
29.73,30.17,!    7/7/2038,,,,,
29.73,30.17,!    7/8/2038,,,,,
29.73,30.07,!    7/9/2038,,,,,
29.78,30.17,!    7/10/2038,,,,,
29.78,30.17,!    7/11/2038,,,,,
29.78,30.17,!    7/12/2038,,,,,
29.84,30.17,!    7/13/2038,,,,,
29.84,30.27,!    7/14/2038,,,,,
29.84,30.27,!    7/15/2038,,,,,
29.84,30.27,!    7/16/2038,,,,,
29.89,30.27,!    7/17/2038,,,,,
29.89,30.37,!    7/18/2038,,,,,
29.89,30.37,!    7/19/2038,,,,,
29.95,30.57,!    7/20/2038,,,,,
29.95,30.67,!    7/21/2038,,,,,
29.95,30.67,!    7/22/2038,,,,,
29.95,30.77,!    7/23/2038,,,,,
29.95,30.77,!    7/24/2038,,,,,
30.00,30.77,!    7/25/2038,,,,,
30.00,30.87,!    7/26/2038,,,,,
30.00,30.97,!    7/27/2038,,,,,
30.00,31.07,!    7/28/2038,,,,,
30.00,31.07,!    7/29/2038,,,,,
30.06,31.17,!    7/30/2038,,,,,
30.06,31.17,!    7/31/2038,,,,,
29.54,31.12,!    8/1/2038,,,,,
29.55,31.02,!    8/2/2038,,,,,
29.55,31.12,!    8/3/2038,,,,,
29.55,31.12,!    8/4/2038,,,,,
29.55,31.22,!    8/5/2038,,,,,
29.55,31.22,!    8/6/2038,,,,,
29.55,31.32,!    8/7/2038,,,,,
29.55,31.42,!    8/8/2038,,,,,
29.55,31.42,!    8/9/2038,,,,,
29.55,31.52,!    8/10/2038,,,,,
29.55,31.42,!    8/11/2038,,,,,
29.55,31.52,!    8/12/2038,,,,,
29.55,31.42,!    8/13/2038,,,,,
29.50,31.22,!    8/14/2038,,,,,
29.50,31.22,!    8/15/2038,,,,,
29.50,31.22,!    8/16/2038,,,,,
29.44,31.32,!    8/17/2038,,,,,
29.44,31.32,!    8/18/2038,,,,,
29.44,31.22,!    8/19/2038,,,,,
29.38,31.12,!    8/20/2038,,,,,
29.38,30.92,!    8/21/2038,,,,,
29.33,30.92,!    8/22/2038,,,,,
29.33,30.92,!    8/23/2038,,,,,
29.27,30.92,!    8/24/2038,,,,,
29.22,31.02,!    8/25/2038,,,,,
29.22,30.92,!    8/26/2038,,,,,
29.16,30.82,!    8/27/2038,,,,,
29.11,30.72,!    8/28/2038,,,,,
29.05,30.62,!    8/29/2038,,,,,
29.05,30.52,!    8/30/2038,,,,,
29.00,30.42,!    8/31/2038,,,,,
28.76,29.92,!    9/1/2038,,,,,
28.57,29.82,!    9/2/2038,,,,,
28.51,29.72,!    9/3/2038,,,,,
28.46,29.52,!    9/4/2038,,,,,
28.34,29.52,!    9/5/2038,,,,,
28.29,29.42,!    9/6/2038,,,,,
28.23,29.42,!    9/7/2038,,,,,
28.18,29.42,!    9/8/2038,,,,,
28.07,29.32,!    9/9/2038,,,,,
28.01,29.22,!    9/10/2038,,,,,
27.96,29.12,!    9/11/2038,,,,,
27.84,28.92,!    9/12/2038,,,,,
27.79,28.82,!    9/13/2038,,,,,
27.68,28.82,!    9/14/2038,,,,,
27.57,28.72,!    9/15/2038,,,,,
27.51,28.62,!    9/16/2038,,,,,
27.40,28.42,!    9/17/2038,,,,,
27.29,28.32,!    9/18/2038,,,,,
27.18,28.22,!    9/19/2038,,,,,
27.07,27.92,!    9/20/2038,,,,,
26.96,27.82,!    9/21/2038,,,,,
26.84,27.62,!    9/22/2038,,,,,
26.73,27.52,!    9/23/2038,,,,,
26.62,27.52,!    9/24/2038,,,,,
26.46,27.32,!    9/25/2038,,,,,
26.34,27.22,!    9/26/2038,,,,,
26.23,26.92,!    9/27/2038,,,,,
26.07,26.92,!    9/28/2038,,,,,
25.96,26.82,!    9/29/2038,,,,,
25.79,26.62,!    9/30/2038,,,,,
26.44,27.20,!    10/1/2038,,,,,
26.16,26.90,!    10/2/2038,,,,,
25.99,26.60,!    10/3/2038,,,,,
25.82,26.40,!    10/4/2038,,,,,
25.66,26.40,!    10/5/2038,,,,,
25.49,26.30,!    10/6/2038,,,,,
25.32,26.10,!    10/7/2038,,,,,
25.16,25.90,!    10/8/2038,,,,,
24.99,25.70,!    10/9/2038,,,,,
24.77,25.50,!    10/10/2038,,,,,
24.60,25.40,!    10/11/2038,,,,,
24.43,25.30,!    10/12/2038,,,,,
24.27,25.10,!    10/13/2038,,,,,
24.05,24.90,!    10/14/2038,,,,,
23.88,24.70,!    10/15/2038,,,,,
23.66,24.50,!    10/16/2038,,,,,
23.49,24.30,!    10/17/2038,,,,,
23.27,24.00,!    10/18/2038,,,,,
23.10,23.80,!    10/19/2038,,,,,
22.88,23.50,!    10/20/2038,,,,,
22.71,23.00,!    10/21/2038,,,,,
22.49,22.70,!    10/22/2038,,,,,
22.32,22.40,!    10/23/2038,,,,,
22.10,22.00,!    10/24/2038,,,,,
21.93,21.70,!    10/25/2038,,,,,
21.71,21.30,!    10/26/2038,,,,,
21.55,21.10,!    10/27/2038,,,,,
21.32,20.90,!    10/28/2038,,,,,
21.16,20.40,!    10/29/2038,,,,,
20.93,20.00,!    10/30/2038,,,,,
20.77,19.80,!    10/31/2038,,,,,
21.25,20.15,!    11/1/2038,,,,,
20.85,19.95,!    11/2/2038,,,,,
20.68,19.75,!    11/3/2038,,,,,
20.46,19.65,!    11/4/2038,,,,,
20.29,19.45,!    11/5/2038,,,,,
20.13,19.25,!    11/6/2038,,,,,
19.96,19.35,!    11/7/2038,,,,,
19.79,19.15,!    11/8/2038,,,,,
19.63,18.95,!    11/9/2038,,,,,
19.46,18.75,!    11/10/2038,,,,,
19.29,18.55,!    11/11/2038,,,,,
19.13,18.35,!    11/12/2038,,,,,
19.02,18.15,!    11/13/2038,,,,,
18.85,17.85,!    11/14/2038,,,,,
18.68,17.55,!    11/15/2038,,,,,
18.57,17.35,!    11/16/2038,,,,,
18.41,17.15,!    11/17/2038,,,,,
18.29,16.85,!    11/18/2038,,,,,
18.18,16.55,!    11/19/2038,,,,,
18.02,16.25,!    11/20/2038,,,,,
17.91,16.05,!    11/21/2038,,,,,
17.79,15.85,!    11/22/2038,,,,,
17.68,15.65,!    11/23/2038,,,,,
17.57,15.55,!    11/24/2038,,,,,
17.46,15.45,!    11/25/2038,,,,,
17.35,15.35,!    11/26/2038,,,,,
17.24,15.15,!    11/27/2038,,,,,
17.13,14.95,!    11/28/2038,,,,,
17.02,14.75,!    11/29/2038,,,,,
16.96,14.65,!    11/30/2038,,,,,
16.19,14.03,!    12/1/2038,,,,,
15.88,13.73,!    12/2/2038,,,,,
15.82,13.53,!    12/3/2038,,,,,
15.71,13.43,!    12/4/2038,,,,,
15.60,13.23,!    12/5/2038,,,,,
15.54,13.03,!    12/6/2038,,,,,
15.43,12.63,!    12/7/2038,,,,,
15.38,12.43,!    12/8/2038,,,,,
15.27,12.23,!    12/9/2038,,,,,
15.21,12.03,!    12/10/2038,,,,,
15.10,11.83,!    12/11/2038,,,,,
15.04,11.53,!    12/12/2038,,,,,
14.93,11.43,!    12/13/2038,,,,,
14.88,11.23,!    12/14/2038,,,,,
14.82,11.13,!    12/15/2038,,,,,
14.71,10.93,!    12/16/2038,,,,,
14.66,10.83,!    12/17/2038,,,,,
14.54,10.63,!    12/18/2038,,,,,
14.49,10.53,!    12/19/2038,,,,,
14.43,10.43,!    12/20/2038,,,,,
14.32,10.33,!    12/21/2038,,,,,
14.27,10.23,!    12/22/2038,,,,,
14.21,10.23,!    12/23/2038,,,,,
14.16,10.13,!    12/24/2038,,,,,
14.04,10.03,!    12/25/2038,,,,,
13.99,9.93,!    12/26/2038,,,,,
13.93,9.83,!    12/27/2038,,,,,
13.88,9.83,!    12/28/2038,,,,,
13.82,9.83,!    12/29/2038,,,,,
13.77,9.73,!    12/30/2038,,,,,
13.71,9.73,!    12/31/2038,,,,,
13.30,9.23,!    1/1/2039,,,,,
13.25,9.13,!    1/2/2039,,,,,
13.19,9.03,!    1/3/2039,,,,,
13.14,8.93,!    1/4/2039,,,,,
13.14,8.73,!    1/5/2039,,,,,
13.08,8.63,!    1/6/2039,,,,,
13.02,8.53,!    1/7/2039,,,,,
13.02,8.43,!    1/8/2039,,,,,
12.97,8.33,!    1/9/2039,,,,,
12.97,8.33,!    1/10/2039,,,,,
12.97,8.23,!    1/11/2039,,,,,
12.91,8.23,!    1/12/2039,,,,,
12.91,8.13,!    1/13/2039,,,,,
12.91,7.93,!    1/14/2039,,,,,
12.91,7.83,!    1/15/2039,,,,,
12.91,7.73,!    1/16/2039,,,,,
12.91,7.63,!    1/17/2039,,,,,
12.97,7.63,!    1/18/2039,,,,,
12.97,7.63,!    1/19/2039,,,,,
12.97,7.33,!    1/20/2039,,,,,
13.02,7.43,!    1/21/2039,,,,,
13.08,7.43,!    1/22/2039,,,,,
13.08,7.43,!    1/23/2039,,,,,
13.14,7.53,!    1/24/2039,,,,,
13.19,7.53,!    1/25/2039,,,,,
13.25,7.73,!    1/26/2039,,,,,
13.30,7.73,!    1/27/2039,,,,,
13.36,7.63,!    1/28/2039,,,,,
13.41,7.53,!    1/29/2039,,,,,
13.47,7.43,!    1/30/2039,,,,,
13.58,7.43,!    1/31/2039,,,,,
13.95,8.03,!    2/1/2039,,,,,
14.01,8.03,!    2/2/2039,,,,,
14.12,8.23,!    2/3/2039,,,,,
14.18,8.23,!    2/4/2039,,,,,
14.29,8.23,!    2/5/2039,,,,,
14.40,8.33,!    2/6/2039,,,,,
14.51,8.33,!    2/7/2039,,,,,
14.56,8.53,!    2/8/2039,,,,,
14.68,8.63,!    2/9/2039,,,,,
14.79,8.73,!    2/10/2039,,,,,
14.90,8.73,!    2/11/2039,,,,,
15.01,8.83,!    2/12/2039,,,,,
15.12,8.83,!    2/13/2039,,,,,
15.23,8.83,!    2/14/2039,,,,,
15.34,8.83,!    2/15/2039,,,,,
15.45,8.93,!    2/16/2039,,,,,
15.56,9.03,!    2/17/2039,,,,,
15.68,9.03,!    2/18/2039,,,,,
15.79,9.13,!    2/19/2039,,,,,
15.90,9.23,!    2/20/2039,,,,,
16.01,9.43,!    2/21/2039,,,,,
16.12,9.53,!    2/22/2039,,,,,
16.23,9.63,!    2/23/2039,,,,,
16.34,9.83,!    2/24/2039,,,,,
16.51,9.93,!    2/25/2039,,,,,
16.62,9.93,!    2/26/2039,,,,,
16.73,10.13,!    2/27/2039,,,,,
16.84,10.23,!    2/28/2039,,,,,
17.25,10.43,!    3/1/2039,,,,,
17.57,9.93,!    3/2/2039,,,,,
17.68,9.93,!    3/3/2039,,,,,
17.79,9.93,!    3/4/2039,,,,,
17.90,9.93,!    3/5/2039,,,,,
18.01,10.03,!    3/6/2039,,,,,
18.12,10.13,!    3/7/2039,,,,,
18.23,10.23,!    3/8/2039,,,,,
18.35,10.43,!    3/9/2039,,,,,
18.46,10.63,!    3/10/2039,,,,,
18.51,10.83,!    3/11/2039,,,,,
18.62,11.03,!    3/12/2039,,,,,
18.73,11.13,!    3/13/2039,,,,,
18.85,11.33,!    3/14/2039,,,,,
18.96,11.43,!    3/15/2039,,,,,
19.07,11.63,!    3/16/2039,,,,,
19.18,11.73,!    3/17/2039,,,,,
19.23,11.83,!    3/18/2039,,,,,
19.35,12.03,!    3/19/2039,,,,,
19.46,12.33,!    3/20/2039,,,,,
19.57,12.43,!    3/21/2039,,,,,
19.62,12.63,!    3/22/2039,,,,,
19.73,12.63,!    3/23/2039,,,,,
19.85,12.83,!    3/24/2039,,,,,
19.96,13.13,!    3/25/2039,,,,,
20.01,13.33,!    3/26/2039,,,,,
20.12,13.53,!    3/27/2039,,,,,
20.23,13.73,!    3/28/2039,,,,,
20.29,13.93,!    3/29/2039,,,,,
20.40,14.13,!    3/30/2039,,,,,
20.51,14.33,!    3/31/2039,,,,,
20.03,14.32,!    4/1/2039,,,,,
20.47,14.52,!    4/2/2039,,,,,
20.58,14.72,!    4/3/2039,,,,,
20.69,15.02,!    4/4/2039,,,,,
20.80,15.32,!    4/5/2039,,,,,
20.86,15.52,!    4/6/2039,,,,,
20.97,15.62,!    4/7/2039,,,,,
21.08,15.72,!    4/8/2039,,,,,
21.19,15.92,!    4/9/2039,,,,,
21.30,16.12,!    4/10/2039,,,,,
21.36,16.32,!    4/11/2039,,,,,
21.47,16.62,!    4/12/2039,,,,,
21.58,16.72,!    4/13/2039,,,,,
21.69,16.82,!    4/14/2039,,,,,
21.80,17.02,!    4/15/2039,,,,,
21.92,17.12,!    4/16/2039,,,,,
22.03,17.22,!    4/17/2039,,,,,
22.14,17.32,!    4/18/2039,,,,,
22.25,17.52,!    4/19/2039,,,,,
22.36,17.62,!    4/20/2039,,,,,
22.47,17.82,!    4/21/2039,,,,,
22.64,18.12,!    4/22/2039,,,,,
22.75,18.22,!    4/23/2039,,,,,
22.86,18.32,!    4/24/2039,,,,,
22.97,18.42,!    4/25/2039,,,,,
23.08,18.52,!    4/26/2039,,,,,
23.25,18.72,!    4/27/2039,,,,,
23.36,18.92,!    4/28/2039,,,,,
23.47,19.32,!    4/29/2039,,,,,
23.64,19.52,!    4/30/2039,,,,,
23.36,19.59,!    5/1/2039,,,,,
23.58,19.79,!    5/2/2039,,,,,
23.74,19.89,!    5/3/2039,,,,,
23.85,20.09,!    5/4/2039,,,,,
24.02,20.09,!    5/5/2039,,,,,
24.13,20.19,!    5/6/2039,,,,,
24.30,20.29,!    5/7/2039,,,,,
24.41,20.49,!    5/8/2039,,,,,
24.58,20.69,!    5/9/2039,,,,,
24.69,20.89,!    5/10/2039,,,,,
24.80,20.99,!    5/11/2039,,,,,
24.97,21.09,!    5/12/2039,,,,,
25.08,21.29,!    5/13/2039,,,,,
25.24,21.39,!    5/14/2039,,,,,
25.35,21.49,!    5/15/2039,,,,,
25.52,21.69,!    5/16/2039,,,,,
25.63,21.89,!    5/17/2039,,,,,
25.80,22.09,!    5/18/2039,,,,,
25.91,22.09,!    5/19/2039,,,,,
26.02,22.29,!    5/20/2039,,,,,
26.19,22.49,!    5/21/2039,,,,,
26.30,22.79,!    5/22/2039,,,,,
26.41,22.99,!    5/23/2039,,,,,
26.58,23.19,!    5/24/2039,,,,,
26.69,23.39,!    5/25/2039,,,,,
26.80,23.69,!    5/26/2039,,,,,
26.91,23.89,!    5/27/2039,,,,,
27.02,23.99,!    5/28/2039,,,,,
27.13,24.19,!    5/29/2039,,,,,
27.24,24.39,!    5/30/2039,,,,,
27.35,24.49,!    5/31/2039,,,,,
27.43,24.85,!    6/1/2039,,,,,
27.62,25.05,!    6/2/2039,,,,,
27.68,25.25,!    6/3/2039,,,,,
27.79,25.45,!    6/4/2039,,,,,
27.90,25.65,!    6/5/2039,,,,,
27.95,25.85,!    6/6/2039,,,,,
28.06,26.15,!    6/7/2039,,,,,
28.12,26.45,!    6/8/2039,,,,,
28.23,26.75,!    6/9/2039,,,,,
28.29,26.95,!    6/10/2039,,,,,
28.34,27.15,!    6/11/2039,,,,,
28.45,27.35,!    6/12/2039,,,,,
28.51,27.45,!    6/13/2039,,,,,
28.56,27.55,!    6/14/2039,,,,,
28.62,27.75,!    6/15/2039,,,,,
28.68,27.95,!    6/16/2039,,,,,
28.73,28.15,!    6/17/2039,,,,,
28.79,28.25,!    6/18/2039,,,,,
28.84,28.35,!    6/19/2039,,,,,
28.84,28.45,!    6/20/2039,,,,,
28.90,28.65,!    6/21/2039,,,,,
28.95,28.75,!    6/22/2039,,,,,
29.01,28.85,!    6/23/2039,,,,,
29.01,28.95,!    6/24/2039,,,,,
29.06,29.15,!    6/25/2039,,,,,
29.06,29.25,!    6/26/2039,,,,,
29.12,29.35,!    6/27/2039,,,,,
29.12,29.45,!    6/28/2039,,,,,
29.18,29.45,!    6/29/2039,,,,,
29.18,29.55,!    6/30/2039,,,,,
29.59,29.63,!    7/1/2039,,,,,
29.53,29.73,!    7/2/2039,,,,,
29.53,29.93,!    7/3/2039,,,,,
29.58,29.93,!    7/4/2039,,,,,
29.58,29.93,!    7/5/2039,,,,,
29.64,29.93,!    7/6/2039,,,,,
29.64,29.93,!    7/7/2039,,,,,
29.64,29.93,!    7/8/2039,,,,,
29.64,29.83,!    7/9/2039,,,,,
29.70,29.93,!    7/10/2039,,,,,
29.70,29.93,!    7/11/2039,,,,,
29.70,29.93,!    7/12/2039,,,,,
29.75,29.93,!    7/13/2039,,,,,
29.75,30.03,!    7/14/2039,,,,,
29.75,30.03,!    7/15/2039,,,,,
29.75,30.03,!    7/16/2039,,,,,
29.81,30.03,!    7/17/2039,,,,,
29.81,30.13,!    7/18/2039,,,,,
29.81,30.13,!    7/19/2039,,,,,
29.86,30.33,!    7/20/2039,,,,,
29.86,30.43,!    7/21/2039,,,,,
29.86,30.43,!    7/22/2039,,,,,
29.86,30.53,!    7/23/2039,,,,,
29.86,30.53,!    7/24/2039,,,,,
29.92,30.53,!    7/25/2039,,,,,
29.92,30.63,!    7/26/2039,,,,,
29.92,30.73,!    7/27/2039,,,,,
29.92,30.83,!    7/28/2039,,,,,
29.92,30.83,!    7/29/2039,,,,,
29.97,30.93,!    7/30/2039,,,,,
29.97,30.93,!    7/31/2039,,,,,
29.47,30.87,!    8/1/2039,,,,,
29.48,30.77,!    8/2/2039,,,,,
29.48,30.87,!    8/3/2039,,,,,
29.48,30.87,!    8/4/2039,,,,,
29.48,30.97,!    8/5/2039,,,,,
29.48,30.97,!    8/6/2039,,,,,
29.48,31.07,!    8/7/2039,,,,,
29.48,31.17,!    8/8/2039,,,,,
29.48,31.17,!    8/9/2039,,,,,
29.48,31.27,!    8/10/2039,,,,,
29.48,31.17,!    8/11/2039,,,,,
29.48,31.27,!    8/12/2039,,,,,
29.48,31.17,!    8/13/2039,,,,,
29.43,30.97,!    8/14/2039,,,,,
29.43,30.97,!    8/15/2039,,,,,
29.43,30.97,!    8/16/2039,,,,,
29.37,31.07,!    8/17/2039,,,,,
29.37,31.07,!    8/18/2039,,,,,
29.37,30.97,!    8/19/2039,,,,,
29.32,30.87,!    8/20/2039,,,,,
29.32,30.67,!    8/21/2039,,,,,
29.26,30.67,!    8/22/2039,,,,,
29.26,30.67,!    8/23/2039,,,,,
29.21,30.67,!    8/24/2039,,,,,
29.15,30.77,!    8/25/2039,,,,,
29.15,30.67,!    8/26/2039,,,,,
29.09,30.57,!    8/27/2039,,,,,
29.04,30.47,!    8/28/2039,,,,,
28.98,30.37,!    8/29/2039,,,,,
28.98,30.27,!    8/30/2039,,,,,
28.93,30.17,!    8/31/2039,,,,,
29.13,30.16,!    9/1/2039,,,,,
28.95,30.06,!    9/2/2039,,,,,
28.89,29.96,!    9/3/2039,,,,,
28.83,29.76,!    9/4/2039,,,,,
28.72,29.76,!    9/5/2039,,,,,
28.67,29.66,!    9/6/2039,,,,,
28.61,29.66,!    9/7/2039,,,,,
28.56,29.66,!    9/8/2039,,,,,
28.45,29.56,!    9/9/2039,,,,,
28.39,29.46,!    9/10/2039,,,,,
28.33,29.36,!    9/11/2039,,,,,
28.22,29.16,!    9/12/2039,,,,,
28.17,29.06,!    9/13/2039,,,,,
28.06,29.06,!    9/14/2039,,,,,
27.95,28.96,!    9/15/2039,,,,,
27.89,28.86,!    9/16/2039,,,,,
27.78,28.66,!    9/17/2039,,,,,
27.67,28.56,!    9/18/2039,,,,,
27.56,28.46,!    9/19/2039,,,,,
27.45,28.16,!    9/20/2039,,,,,
27.33,28.06,!    9/21/2039,,,,,
27.22,27.86,!    9/22/2039,,,,,
27.11,27.76,!    9/23/2039,,,,,
27.00,27.76,!    9/24/2039,,,,,
26.83,27.56,!    9/25/2039,,,,,
26.72,27.46,!    9/26/2039,,,,,
26.61,27.16,!    9/27/2039,,,,,
26.45,27.16,!    9/28/2039,,,,,
26.33,27.06,!    9/29/2039,,,,,
26.17,26.86,!    9/30/2039,,,,,
26.03,26.87,!    10/1/2039,,,,,
25.74,26.57,!    10/2/2039,,,,,
25.58,26.27,!    10/3/2039,,,,,
25.41,26.07,!    10/4/2039,,,,,
25.24,26.07,!    10/5/2039,,,,,
25.08,25.97,!    10/6/2039,,,,,
24.91,25.77,!    10/7/2039,,,,,
24.74,25.57,!    10/8/2039,,,,,
24.58,25.37,!    10/9/2039,,,,,
24.35,25.17,!    10/10/2039,,,,,
24.19,25.07,!    10/11/2039,,,,,
24.02,24.97,!    10/12/2039,,,,,
23.85,24.77,!    10/13/2039,,,,,
23.63,24.57,!    10/14/2039,,,,,
23.46,24.37,!    10/15/2039,,,,,
23.24,24.17,!    10/16/2039,,,,,
23.08,23.97,!    10/17/2039,,,,,
22.85,23.67,!    10/18/2039,,,,,
22.69,23.47,!    10/19/2039,,,,,
22.46,23.17,!    10/20/2039,,,,,
22.30,22.67,!    10/21/2039,,,,,
22.08,22.37,!    10/22/2039,,,,,
21.91,22.07,!    10/23/2039,,,,,
21.69,21.67,!    10/24/2039,,,,,
21.52,21.37,!    10/25/2039,,,,,
21.30,20.97,!    10/26/2039,,,,,
21.13,20.77,!    10/27/2039,,,,,
20.91,20.57,!    10/28/2039,,,,,
20.74,20.07,!    10/29/2039,,,,,
20.52,19.67,!    10/30/2039,,,,,
20.35,19.47,!    10/31/2039,,,,,
21.32,20.60,!    11/1/2039,,,,,
20.92,20.40,!    11/2/2039,,,,,
20.76,20.20,!    11/3/2039,,,,,
20.53,20.10,!    11/4/2039,,,,,
20.37,19.90,!    11/5/2039,,,,,
20.20,19.70,!    11/6/2039,,,,,
20.03,19.80,!    11/7/2039,,,,,
19.87,19.60,!    11/8/2039,,,,,
19.70,19.40,!    11/9/2039,,,,,
19.53,19.20,!    11/10/2039,,,,,
19.37,19.00,!    11/11/2039,,,,,
19.20,18.80,!    11/12/2039,,,,,
19.09,18.60,!    11/13/2039,,,,,
18.92,18.30,!    11/14/2039,,,,,
18.76,18.00,!    11/15/2039,,,,,
18.65,17.80,!    11/16/2039,,,,,
18.48,17.60,!    11/17/2039,,,,,
18.37,17.30,!    11/18/2039,,,,,
18.26,17.00,!    11/19/2039,,,,,
18.09,16.70,!    11/20/2039,,,,,
17.98,16.50,!    11/21/2039,,,,,
17.87,16.30,!    11/22/2039,,,,,
17.76,16.10,!    11/23/2039,,,,,
17.65,16.00,!    11/24/2039,,,,,
17.53,15.90,!    11/25/2039,,,,,
17.42,15.80,!    11/26/2039,,,,,
17.31,15.60,!    11/27/2039,,,,,
17.20,15.40,!    11/28/2039,,,,,
17.09,15.20,!    11/29/2039,,,,,
17.03,15.10,!    11/30/2039,,,,,
15.96,13.89,!    12/1/2039,,,,,
15.65,13.59,!    12/2/2039,,,,,
15.59,13.39,!    12/3/2039,,,,,
15.48,13.29,!    12/4/2039,,,,,
15.37,13.09,!    12/5/2039,,,,,
15.31,12.89,!    12/6/2039,,,,,
15.20,12.49,!    12/7/2039,,,,,
15.15,12.29,!    12/8/2039,,,,,
15.04,12.09,!    12/9/2039,,,,,
14.98,11.89,!    12/10/2039,,,,,
14.87,11.69,!    12/11/2039,,,,,
14.81,11.39,!    12/12/2039,,,,,
14.70,11.29,!    12/13/2039,,,,,
14.65,11.09,!    12/14/2039,,,,,
14.59,10.99,!    12/15/2039,,,,,
14.48,10.79,!    12/16/2039,,,,,
14.42,10.69,!    12/17/2039,,,,,
14.31,10.49,!    12/18/2039,,,,,
14.26,10.39,!    12/19/2039,,,,,
14.20,10.29,!    12/20/2039,,,,,
14.09,10.19,!    12/21/2039,,,,,
14.04,10.09,!    12/22/2039,,,,,
13.98,10.09,!    12/23/2039,,,,,
13.92,9.99,!    12/24/2039,,,,,
13.81,9.89,!    12/25/2039,,,,,
13.76,9.79,!    12/26/2039,,,,,
13.70,9.69,!    12/27/2039,,,,,
13.65,9.69,!    12/28/2039,,,,,
13.59,9.69,!    12/29/2039,,,,,
13.54,9.59,!    12/30/2039,,,,,
13.48,9.59,!    12/31/2039,,,,,
13.48,11.14,!    1/1/2040,,,,,
13.42,11.04,!    1/2/2040,,,,,
13.37,10.94,!    1/3/2040,,,,,
13.31,10.84,!    1/4/2040,,,,,
13.31,10.64,!    1/5/2040,,,,,
13.26,10.54,!    1/6/2040,,,,,
13.20,10.44,!    1/7/2040,,,,,
13.20,10.34,!    1/8/2040,,,,,
13.14,10.24,!    1/9/2040,,,,,
13.14,10.24,!    1/10/2040,,,,,
13.14,10.14,!    1/11/2040,,,,,
13.09,10.14,!    1/12/2040,,,,,
13.09,10.04,!    1/13/2040,,,,,
13.09,9.84,!    1/14/2040,,,,,
13.09,9.74,!    1/15/2040,,,,,
13.09,9.64,!    1/16/2040,,,,,
13.09,9.54,!    1/17/2040,,,,,
13.14,9.54,!    1/18/2040,,,,,
13.14,9.54,!    1/19/2040,,,,,
13.14,9.24,!    1/20/2040,,,,,
13.20,9.34,!    1/21/2040,,,,,
13.26,9.34,!    1/22/2040,,,,,
13.26,9.34,!    1/23/2040,,,,,
13.31,9.44,!    1/24/2040,,,,,
13.37,9.44,!    1/25/2040,,,,,
13.42,9.64,!    1/26/2040,,,,,
13.48,9.64,!    1/27/2040,,,,,
13.53,9.54,!    1/28/2040,,,,,
13.59,9.44,!    1/29/2040,,,,,
13.64,9.34,!    1/30/2040,,,,,
13.76,9.34,!    1/31/2040,,,,,
13.26,7.83,!    2/1/2040,,,,,
13.31,7.83,!    2/2/2040,,,,,
13.42,8.03,!    2/3/2040,,,,,
13.48,8.03,!    2/4/2040,,,,,
13.59,8.03,!    2/5/2040,,,,,
13.70,8.13,!    2/6/2040,,,,,
13.81,8.13,!    2/7/2040,,,,,
13.87,8.33,!    2/8/2040,,,,,
13.98,8.43,!    2/9/2040,,,,,
14.09,8.53,!    2/10/2040,,,,,
14.20,8.53,!    2/11/2040,,,,,
14.31,8.63,!    2/12/2040,,,,,
14.42,8.63,!    2/13/2040,,,,,
14.54,8.63,!    2/14/2040,,,,,
14.65,8.63,!    2/15/2040,,,,,
14.76,8.73,!    2/16/2040,,,,,
14.87,8.83,!    2/17/2040,,,,,
14.98,8.83,!    2/18/2040,,,,,
15.09,8.93,!    2/19/2040,,,,,
15.20,9.03,!    2/20/2040,,,,,
15.31,9.23,!    2/21/2040,,,,,
15.42,9.33,!    2/22/2040,,,,,
15.54,9.43,!    2/23/2040,,,,,
15.65,9.63,!    2/24/2040,,,,,
15.81,9.73,!    2/25/2040,,,,,
15.92,9.73,!    2/26/2040,,,,,
16.04,9.93,!    2/27/2040,,,,,
16.15,10.03,!    2/28/2040,,,,,
16.15,10.73,!    2/29/2040,,,,,
17.26,10.66,!    3/1/2040,,,,,
17.37,10.66,!    3/2/2040,,,,,
17.48,10.66,!    3/3/2040,,,,,
17.60,10.66,!    3/4/2040,,,,,
17.71,10.76,!    3/5/2040,,,,,
17.82,10.86,!    3/6/2040,,,,,
17.93,10.96,!    3/7/2040,,,,,
18.04,11.16,!    3/8/2040,,,,,
18.15,11.36,!    3/9/2040,,,,,
18.21,11.56,!    3/10/2040,,,,,
18.32,11.76,!    3/11/2040,,,,,
18.43,11.86,!    3/12/2040,,,,,
18.54,12.06,!    3/13/2040,,,,,
18.65,12.16,!    3/14/2040,,,,,
18.76,12.36,!    3/15/2040,,,,,
18.87,12.46,!    3/16/2040,,,,,
18.93,12.56,!    3/17/2040,,,,,
19.04,12.76,!    3/18/2040,,,,,
19.15,13.06,!    3/19/2040,,,,,
19.26,13.16,!    3/20/2040,,,,,
19.32,13.36,!    3/21/2040,,,,,
19.43,13.36,!    3/22/2040,,,,,
19.54,13.56,!    3/23/2040,,,,,
19.65,13.86,!    3/24/2040,,,,,
19.71,14.06,!    3/25/2040,,,,,
19.82,14.26,!    3/26/2040,,,,,
19.93,14.46,!    3/27/2040,,,,,
19.98,14.66,!    3/28/2040,,,,,
20.10,14.86,!    3/29/2040,,,,,
20.21,15.06,!    3/30/2040,,,,,
20.32,15.16,!    3/31/2040,,,,,
20.74,14.98,!    4/1/2040,,,,,
20.85,15.18,!    4/2/2040,,,,,
20.96,15.48,!    4/3/2040,,,,,
21.07,15.78,!    4/4/2040,,,,,
21.13,15.98,!    4/5/2040,,,,,
21.24,16.08,!    4/6/2040,,,,,
21.35,16.18,!    4/7/2040,,,,,
21.46,16.38,!    4/8/2040,,,,,
21.57,16.58,!    4/9/2040,,,,,
21.63,16.78,!    4/10/2040,,,,,
21.74,17.08,!    4/11/2040,,,,,
21.85,17.18,!    4/12/2040,,,,,
21.96,17.28,!    4/13/2040,,,,,
22.07,17.48,!    4/14/2040,,,,,
22.18,17.58,!    4/15/2040,,,,,
22.30,17.68,!    4/16/2040,,,,,
22.41,17.78,!    4/17/2040,,,,,
22.52,17.98,!    4/18/2040,,,,,
22.63,18.08,!    4/19/2040,,,,,
22.74,18.28,!    4/20/2040,,,,,
22.91,18.58,!    4/21/2040,,,,,
23.02,18.68,!    4/22/2040,,,,,
23.13,18.78,!    4/23/2040,,,,,
23.24,18.88,!    4/24/2040,,,,,
23.35,18.98,!    4/25/2040,,,,,
23.52,19.18,!    4/26/2040,,,,,
23.63,19.38,!    4/27/2040,,,,,
23.74,19.78,!    4/28/2040,,,,,
23.91,19.98,!    4/29/2040,,,,,
24.02,20.18,!    4/30/2040,,,,,
23.61,20.12,!    5/1/2040,,,,,
23.77,20.22,!    5/2/2040,,,,,
23.89,20.42,!    5/3/2040,,,,,
24.05,20.42,!    5/4/2040,,,,,
24.16,20.52,!    5/5/2040,,,,,
24.33,20.62,!    5/6/2040,,,,,
24.44,20.82,!    5/7/2040,,,,,
24.61,21.02,!    5/8/2040,,,,,
24.72,21.22,!    5/9/2040,,,,,
24.83,21.32,!    5/10/2040,,,,,
25.00,21.42,!    5/11/2040,,,,,
25.11,21.62,!    5/12/2040,,,,,
25.27,21.72,!    5/13/2040,,,,,
25.39,21.82,!    5/14/2040,,,,,
25.55,22.02,!    5/15/2040,,,,,
25.66,22.22,!    5/16/2040,,,,,
25.83,22.42,!    5/17/2040,,,,,
25.94,22.42,!    5/18/2040,,,,,
26.05,22.62,!    5/19/2040,,,,,
26.22,22.82,!    5/20/2040,,,,,
26.33,23.12,!    5/21/2040,,,,,
26.44,23.32,!    5/22/2040,,,,,
26.61,23.52,!    5/23/2040,,,,,
26.72,23.72,!    5/24/2040,,,,,
26.83,24.02,!    5/25/2040,,,,,
26.94,24.22,!    5/26/2040,,,,,
27.05,24.32,!    5/27/2040,,,,,
27.16,24.52,!    5/28/2040,,,,,
27.27,24.72,!    5/29/2040,,,,,
27.39,24.82,!    5/30/2040,,,,,
27.50,25.02,!    5/31/2040,,,,,
27.63,25.02,!    6/1/2040,,,,,
27.68,25.22,!    6/2/2040,,,,,
27.79,25.42,!    6/3/2040,,,,,
27.90,25.62,!    6/4/2040,,,,,
27.96,25.82,!    6/5/2040,,,,,
28.07,26.12,!    6/6/2040,,,,,
28.13,26.42,!    6/7/2040,,,,,
28.24,26.72,!    6/8/2040,,,,,
28.29,26.92,!    6/9/2040,,,,,
28.35,27.12,!    6/10/2040,,,,,
28.46,27.32,!    6/11/2040,,,,,
28.52,27.42,!    6/12/2040,,,,,
28.57,27.52,!    6/13/2040,,,,,
28.63,27.72,!    6/14/2040,,,,,
28.68,27.92,!    6/15/2040,,,,,
28.74,28.12,!    6/16/2040,,,,,
28.79,28.22,!    6/17/2040,,,,,
28.85,28.32,!    6/18/2040,,,,,
28.85,28.42,!    6/19/2040,,,,,
28.90,28.62,!    6/20/2040,,,,,
28.96,28.72,!    6/21/2040,,,,,
29.02,28.82,!    6/22/2040,,,,,
29.02,28.92,!    6/23/2040,,,,,
29.07,29.12,!    6/24/2040,,,,,
29.07,29.22,!    6/25/2040,,,,,
29.13,29.32,!    6/26/2040,,,,,
29.13,29.42,!    6/27/2040,,,,,
29.18,29.42,!    6/28/2040,,,,,
29.18,29.52,!    6/29/2040,,,,,
29.24,29.72,!    6/30/2040,,,,,
29.43,29.82,!    7/1/2040,,,,,
29.43,30.02,!    7/2/2040,,,,,
29.48,30.02,!    7/3/2040,,,,,
29.48,30.02,!    7/4/2040,,,,,
29.54,30.02,!    7/5/2040,,,,,
29.54,30.02,!    7/6/2040,,,,,
29.54,30.02,!    7/7/2040,,,,,
29.54,29.92,!    7/8/2040,,,,,
29.59,30.02,!    7/9/2040,,,,,
29.59,30.02,!    7/10/2040,,,,,
29.59,30.02,!    7/11/2040,,,,,
29.65,30.02,!    7/12/2040,,,,,
29.65,30.12,!    7/13/2040,,,,,
29.65,30.12,!    7/14/2040,,,,,
29.65,30.12,!    7/15/2040,,,,,
29.71,30.12,!    7/16/2040,,,,,
29.71,30.22,!    7/17/2040,,,,,
29.71,30.22,!    7/18/2040,,,,,
29.76,30.42,!    7/19/2040,,,,,
29.76,30.52,!    7/20/2040,,,,,
29.76,30.52,!    7/21/2040,,,,,
29.76,30.62,!    7/22/2040,,,,,
29.76,30.62,!    7/23/2040,,,,,
29.82,30.62,!    7/24/2040,,,,,
29.82,30.72,!    7/25/2040,,,,,
29.82,30.82,!    7/26/2040,,,,,
29.82,30.92,!    7/27/2040,,,,,
29.82,30.92,!    7/28/2040,,,,,
29.87,31.02,!    7/29/2040,,,,,
29.87,31.02,!    7/30/2040,,,,,
29.87,31.12,!    7/31/2040,,,,,
29.35,30.92,!    8/1/2040,,,,,
29.35,31.02,!    8/2/2040,,,,,
29.35,31.02,!    8/3/2040,,,,,
29.35,31.12,!    8/4/2040,,,,,
29.35,31.12,!    8/5/2040,,,,,
29.35,31.22,!    8/6/2040,,,,,
29.35,31.32,!    8/7/2040,,,,,
29.35,31.32,!    8/8/2040,,,,,
29.35,31.42,!    8/9/2040,,,,,
29.35,31.32,!    8/10/2040,,,,,
29.35,31.42,!    8/11/2040,,,,,
29.35,31.32,!    8/12/2040,,,,,
29.29,31.12,!    8/13/2040,,,,,
29.29,31.12,!    8/14/2040,,,,,
29.29,31.12,!    8/15/2040,,,,,
29.24,31.22,!    8/16/2040,,,,,
29.24,31.22,!    8/17/2040,,,,,
29.24,31.12,!    8/18/2040,,,,,
29.18,31.02,!    8/19/2040,,,,,
29.18,30.82,!    8/20/2040,,,,,
29.13,30.82,!    8/21/2040,,,,,
29.13,30.82,!    8/22/2040,,,,,
29.07,30.82,!    8/23/2040,,,,,
29.02,30.92,!    8/24/2040,,,,,
29.02,30.82,!    8/25/2040,,,,,
28.96,30.72,!    8/26/2040,,,,,
28.90,30.62,!    8/27/2040,,,,,
28.85,30.52,!    8/28/2040,,,,,
28.85,30.42,!    8/29/2040,,,,,
28.79,30.32,!    8/30/2040,,,,,
28.74,30.22,!    8/31/2040,,,,,
28.90,30.39,!    9/1/2040,,,,,
28.85,30.29,!    9/2/2040,,,,,
28.79,30.09,!    9/3/2040,,,,,
28.68,30.09,!    9/4/2040,,,,,
28.62,29.99,!    9/5/2040,,,,,
28.57,29.99,!    9/6/2040,,,,,
28.51,29.99,!    9/7/2040,,,,,
28.40,29.89,!    9/8/2040,,,,,
28.35,29.79,!    9/9/2040,,,,,
28.29,29.69,!    9/10/2040,,,,,
28.18,29.49,!    9/11/2040,,,,,
28.12,29.39,!    9/12/2040,,,,,
28.01,29.39,!    9/13/2040,,,,,
27.90,29.29,!    9/14/2040,,,,,
27.85,29.19,!    9/15/2040,,,,,
27.73,28.99,!    9/16/2040,,,,,
27.62,28.89,!    9/17/2040,,,,,
27.51,28.79,!    9/18/2040,,,,,
27.40,28.49,!    9/19/2040,,,,,
27.29,28.39,!    9/20/2040,,,,,
27.18,28.19,!    9/21/2040,,,,,
27.07,28.09,!    9/22/2040,,,,,
26.96,28.09,!    9/23/2040,,,,,
26.79,27.89,!    9/24/2040,,,,,
26.68,27.79,!    9/25/2040,,,,,
26.57,27.49,!    9/26/2040,,,,,
26.40,27.49,!    9/27/2040,,,,,
26.29,27.39,!    9/28/2040,,,,,
26.12,27.19,!    9/29/2040,,,,,
25.96,26.99,!    9/30/2040,,,,,
26.01,27.15,!    10/1/2040,,,,,
25.84,26.85,!    10/2/2040,,,,,
25.68,26.65,!    10/3/2040,,,,,
25.51,26.65,!    10/4/2040,,,,,
25.34,26.55,!    10/5/2040,,,,,
25.18,26.35,!    10/6/2040,,,,,
25.01,26.15,!    10/7/2040,,,,,
24.84,25.95,!    10/8/2040,,,,,
24.62,25.75,!    10/9/2040,,,,,
24.46,25.65,!    10/10/2040,,,,,
24.29,25.55,!    10/11/2040,,,,,
24.12,25.35,!    10/12/2040,,,,,
23.90,25.15,!    10/13/2040,,,,,
23.73,24.95,!    10/14/2040,,,,,
23.51,24.75,!    10/15/2040,,,,,
23.34,24.55,!    10/16/2040,,,,,
23.12,24.25,!    10/17/2040,,,,,
22.96,24.05,!    10/18/2040,,,,,
22.73,23.75,!    10/19/2040,,,,,
22.57,23.25,!    10/20/2040,,,,,
22.34,22.95,!    10/21/2040,,,,,
22.18,22.65,!    10/22/2040,,,,,
21.96,22.25,!    10/23/2040,,,,,
21.79,21.95,!    10/24/2040,,,,,
21.57,21.55,!    10/25/2040,,,,,
21.40,21.35,!    10/26/2040,,,,,
21.18,21.15,!    10/27/2040,,,,,
21.01,20.65,!    10/28/2040,,,,,
20.79,20.25,!    10/29/2040,,,,,
20.62,20.05,!    10/30/2040,,,,,
20.40,19.85,!    10/31/2040,,,,,
20.49,20.63,!    11/1/2040,,,,,
20.32,20.43,!    11/2/2040,,,,,
20.10,20.33,!    11/3/2040,,,,,
19.93,20.13,!    11/4/2040,,,,,
19.77,19.93,!    11/5/2040,,,,,
19.60,20.03,!    11/6/2040,,,,,
19.43,19.83,!    11/7/2040,,,,,
19.27,19.63,!    11/8/2040,,,,,
19.10,19.43,!    11/9/2040,,,,,
18.93,19.23,!    11/10/2040,,,,,
18.77,19.03,!    11/11/2040,,,,,
18.66,18.83,!    11/12/2040,,,,,
18.49,18.53,!    11/13/2040,,,,,
18.32,18.23,!    11/14/2040,,,,,
18.21,18.03,!    11/15/2040,,,,,
18.04,17.83,!    11/16/2040,,,,,
17.93,17.53,!    11/17/2040,,,,,
17.82,17.23,!    11/18/2040,,,,,
17.66,16.93,!    11/19/2040,,,,,
17.54,16.73,!    11/20/2040,,,,,
17.43,16.53,!    11/21/2040,,,,,
17.32,16.33,!    11/22/2040,,,,,
17.21,16.23,!    11/23/2040,,,,,
17.10,16.13,!    11/24/2040,,,,,
16.99,16.03,!    11/25/2040,,,,,
16.88,15.83,!    11/26/2040,,,,,
16.77,15.63,!    11/27/2040,,,,,
16.66,15.43,!    11/28/2040,,,,,
16.60,15.33,!    11/29/2040,,,,,
16.49,15.23,!    11/30/2040,,,,,
15.77,14.10,!    12/1/2040,,,,,
15.71,13.90,!    12/2/2040,,,,,
15.60,13.80,!    12/3/2040,,,,,
15.49,13.60,!    12/4/2040,,,,,
15.43,13.40,!    12/5/2040,,,,,
15.32,13.00,!    12/6/2040,,,,,
15.27,12.80,!    12/7/2040,,,,,
15.16,12.60,!    12/8/2040,,,,,
15.10,12.40,!    12/9/2040,,,,,
14.99,12.20,!    12/10/2040,,,,,
14.93,11.90,!    12/11/2040,,,,,
14.82,11.80,!    12/12/2040,,,,,
14.77,11.60,!    12/13/2040,,,,,
14.71,11.50,!    12/14/2040,,,,,
14.60,11.30,!    12/15/2040,,,,,
14.55,11.20,!    12/16/2040,,,,,
14.43,11.00,!    12/17/2040,,,,,
14.38,10.90,!    12/18/2040,,,,,
14.32,10.80,!    12/19/2040,,,,,
14.21,10.70,!    12/20/2040,,,,,
14.16,10.60,!    12/21/2040,,,,,
14.10,10.60,!    12/22/2040,,,,,
14.05,10.50,!    12/23/2040,,,,,
13.93,10.40,!    12/24/2040,,,,,
13.88,10.30,!    12/25/2040,,,,,
13.82,10.20,!    12/26/2040,,,,,
13.77,10.20,!    12/27/2040,,,,,
13.71,10.20,!    12/28/2040,,,,,
13.66,10.10,!    12/29/2040,,,,,
13.60,10.10,!    12/30/2040,,,,,
13.55,10.10,!    12/31/2040,,,,,
14.06,10.27,!    1/1/2041,,,,,
14.00,10.17,!    1/2/2041,,,,,
13.94,10.07,!    1/3/2041,,,,,
13.89,9.97,!    1/4/2041,,,,,
13.89,9.77,!    1/5/2041,,,,,
13.83,9.67,!    1/6/2041,,,,,
13.78,9.57,!    1/7/2041,,,,,
13.78,9.47,!    1/8/2041,,,,,
13.72,9.37,!    1/9/2041,,,,,
13.72,9.37,!    1/10/2041,,,,,
13.72,9.27,!    1/11/2041,,,,,
13.67,9.27,!    1/12/2041,,,,,
13.67,9.17,!    1/13/2041,,,,,
13.67,8.97,!    1/14/2041,,,,,
13.67,8.87,!    1/15/2041,,,,,
13.67,8.77,!    1/16/2041,,,,,
13.67,8.67,!    1/17/2041,,,,,
13.72,8.67,!    1/18/2041,,,,,
13.72,8.67,!    1/19/2041,,,,,
13.72,8.37,!    1/20/2041,,,,,
13.78,8.47,!    1/21/2041,,,,,
13.83,8.47,!    1/22/2041,,,,,
13.83,8.47,!    1/23/2041,,,,,
13.89,8.57,!    1/24/2041,,,,,
13.94,8.57,!    1/25/2041,,,,,
14.00,8.77,!    1/26/2041,,,,,
14.06,8.77,!    1/27/2041,,,,,
14.11,8.67,!    1/28/2041,,,,,
14.17,8.57,!    1/29/2041,,,,,
14.22,8.47,!    1/30/2041,,,,,
14.33,8.47,!    1/31/2041,,,,,
13.32,7.52,!    2/1/2041,,,,,
13.38,7.52,!    2/2/2041,,,,,
13.49,7.72,!    2/3/2041,,,,,
13.54,7.72,!    2/4/2041,,,,,
13.65,7.72,!    2/5/2041,,,,,
13.77,7.82,!    2/6/2041,,,,,
13.88,7.82,!    2/7/2041,,,,,
13.93,8.02,!    2/8/2041,,,,,
14.04,8.12,!    2/9/2041,,,,,
14.15,8.22,!    2/10/2041,,,,,
14.27,8.22,!    2/11/2041,,,,,
14.38,8.32,!    2/12/2041,,,,,
14.49,8.32,!    2/13/2041,,,,,
14.60,8.32,!    2/14/2041,,,,,
14.71,8.32,!    2/15/2041,,,,,
14.82,8.42,!    2/16/2041,,,,,
14.93,8.52,!    2/17/2041,,,,,
15.04,8.52,!    2/18/2041,,,,,
15.15,8.62,!    2/19/2041,,,,,
15.27,8.72,!    2/20/2041,,,,,
15.38,8.92,!    2/21/2041,,,,,
15.49,9.02,!    2/22/2041,,,,,
15.60,9.12,!    2/23/2041,,,,,
15.71,9.32,!    2/24/2041,,,,,
15.88,9.42,!    2/25/2041,,,,,
15.99,9.42,!    2/26/2041,,,,,
16.10,9.62,!    2/27/2041,,,,,
16.21,9.72,!    2/28/2041,,,,,
16.68,10.69,!    3/1/2041,,,,,
17.00,10.19,!    3/2/2041,,,,,
17.11,10.19,!    3/3/2041,,,,,
17.22,10.19,!    3/4/2041,,,,,
17.33,10.19,!    3/5/2041,,,,,
17.45,10.29,!    3/6/2041,,,,,
17.56,10.39,!    3/7/2041,,,,,
17.67,10.49,!    3/8/2041,,,,,
17.78,10.69,!    3/9/2041,,,,,
17.89,10.89,!    3/10/2041,,,,,
17.95,11.09,!    3/11/2041,,,,,
18.06,11.29,!    3/12/2041,,,,,
18.17,11.39,!    3/13/2041,,,,,
18.28,11.59,!    3/14/2041,,,,,
18.39,11.69,!    3/15/2041,,,,,
18.50,11.89,!    3/16/2041,,,,,
18.61,11.99,!    3/17/2041,,,,,
18.67,12.09,!    3/18/2041,,,,,
18.78,12.29,!    3/19/2041,,,,,
18.89,12.59,!    3/20/2041,,,,,
19.00,12.69,!    3/21/2041,,,,,
19.06,12.89,!    3/22/2041,,,,,
19.17,12.89,!    3/23/2041,,,,,
19.28,13.09,!    3/24/2041,,,,,
19.39,13.39,!    3/25/2041,,,,,
19.45,13.59,!    3/26/2041,,,,,
19.56,13.79,!    3/27/2041,,,,,
19.67,13.99,!    3/28/2041,,,,,
19.72,14.19,!    3/29/2041,,,,,
19.83,14.39,!    3/30/2041,,,,,
19.95,14.59,!    3/31/2041,,,,,
20.15,15.05,!    4/1/2041,,,,,
20.58,15.25,!    4/2/2041,,,,,
20.70,15.45,!    4/3/2041,,,,,
20.81,15.75,!    4/4/2041,,,,,
20.92,16.05,!    4/5/2041,,,,,
20.97,16.25,!    4/6/2041,,,,,
21.08,16.35,!    4/7/2041,,,,,
21.20,16.45,!    4/8/2041,,,,,
21.31,16.65,!    4/9/2041,,,,,
21.42,16.85,!    4/10/2041,,,,,
21.47,17.05,!    4/11/2041,,,,,
21.58,17.35,!    4/12/2041,,,,,
21.70,17.45,!    4/13/2041,,,,,
21.81,17.55,!    4/14/2041,,,,,
21.92,17.75,!    4/15/2041,,,,,
22.03,17.85,!    4/16/2041,,,,,
22.14,17.95,!    4/17/2041,,,,,
22.25,18.05,!    4/18/2041,,,,,
22.36,18.25,!    4/19/2041,,,,,
22.47,18.35,!    4/20/2041,,,,,
22.58,18.55,!    4/21/2041,,,,,
22.75,18.85,!    4/22/2041,,,,,
22.86,18.95,!    4/23/2041,,,,,
22.97,19.05,!    4/24/2041,,,,,
23.08,19.15,!    4/25/2041,,,,,
23.20,19.25,!    4/26/2041,,,,,
23.36,19.45,!    4/27/2041,,,,,
23.47,19.65,!    4/28/2041,,,,,
23.58,20.05,!    4/29/2041,,,,,
23.75,20.25,!    4/30/2041,,,,,
23.25,20.05,!    5/1/2041,,,,,
23.47,20.25,!    5/2/2041,,,,,
23.63,20.35,!    5/3/2041,,,,,
23.74,20.55,!    5/4/2041,,,,,
23.91,20.55,!    5/5/2041,,,,,
24.02,20.65,!    5/6/2041,,,,,
24.19,20.75,!    5/7/2041,,,,,
24.30,20.95,!    5/8/2041,,,,,
24.47,21.15,!    5/9/2041,,,,,
24.58,21.35,!    5/10/2041,,,,,
24.69,21.45,!    5/11/2041,,,,,
24.86,21.55,!    5/12/2041,,,,,
24.97,21.75,!    5/13/2041,,,,,
25.13,21.85,!    5/14/2041,,,,,
25.24,21.95,!    5/15/2041,,,,,
25.41,22.15,!    5/16/2041,,,,,
25.52,22.35,!    5/17/2041,,,,,
25.69,22.55,!    5/18/2041,,,,,
25.80,22.55,!    5/19/2041,,,,,
25.91,22.75,!    5/20/2041,,,,,
26.08,22.95,!    5/21/2041,,,,,
26.19,23.25,!    5/22/2041,,,,,
26.30,23.45,!    5/23/2041,,,,,
26.47,23.65,!    5/24/2041,,,,,
26.58,23.85,!    5/25/2041,,,,,
26.69,24.15,!    5/26/2041,,,,,
26.80,24.35,!    5/27/2041,,,,,
26.91,24.45,!    5/28/2041,,,,,
27.02,24.65,!    5/29/2041,,,,,
27.13,24.85,!    5/30/2041,,,,,
27.24,24.95,!    5/31/2041,,,,,
27.34,25.23,!    6/1/2041,,,,,
27.53,25.43,!    6/2/2041,,,,,
27.59,25.63,!    6/3/2041,,,,,
27.70,25.83,!    6/4/2041,,,,,
27.81,26.03,!    6/5/2041,,,,,
27.87,26.23,!    6/6/2041,,,,,
27.98,26.53,!    6/7/2041,,,,,
28.03,26.83,!    6/8/2041,,,,,
28.14,27.13,!    6/9/2041,,,,,
28.20,27.33,!    6/10/2041,,,,,
28.26,27.53,!    6/11/2041,,,,,
28.37,27.73,!    6/12/2041,,,,,
28.42,27.83,!    6/13/2041,,,,,
28.48,27.93,!    6/14/2041,,,,,
28.53,28.13,!    6/15/2041,,,,,
28.59,28.33,!    6/16/2041,,,,,
28.64,28.53,!    6/17/2041,,,,,
28.70,28.63,!    6/18/2041,,,,,
28.76,28.73,!    6/19/2041,,,,,
28.76,28.83,!    6/20/2041,,,,,
28.81,29.03,!    6/21/2041,,,,,
28.87,29.13,!    6/22/2041,,,,,
28.92,29.23,!    6/23/2041,,,,,
28.92,29.33,!    6/24/2041,,,,,
28.98,29.53,!    6/25/2041,,,,,
28.98,29.63,!    6/26/2041,,,,,
29.03,29.73,!    6/27/2041,,,,,
29.03,29.83,!    6/28/2041,,,,,
29.09,29.83,!    6/29/2041,,,,,
29.09,29.93,!    6/30/2041,,,,,
29.37,30.62,!    7/1/2041,,,,,
29.31,30.72,!    7/2/2041,,,,,
29.31,30.92,!    7/3/2041,,,,,
29.37,30.92,!    7/4/2041,,,,,
29.37,30.92,!    7/5/2041,,,,,
29.42,30.92,!    7/6/2041,,,,,
29.42,30.92,!    7/7/2041,,,,,
29.42,30.92,!    7/8/2041,,,,,
29.42,30.82,!    7/9/2041,,,,,
29.48,30.92,!    7/10/2041,,,,,
29.48,30.92,!    7/11/2041,,,,,
29.48,30.92,!    7/12/2041,,,,,
29.53,30.92,!    7/13/2041,,,,,
29.53,31.02,!    7/14/2041,,,,,
29.53,31.02,!    7/15/2041,,,,,
29.53,31.02,!    7/16/2041,,,,,
29.59,31.02,!    7/17/2041,,,,,
29.59,31.12,!    7/18/2041,,,,,
29.59,31.12,!    7/19/2041,,,,,
29.64,31.32,!    7/20/2041,,,,,
29.64,31.42,!    7/21/2041,,,,,
29.64,31.42,!    7/22/2041,,,,,
29.64,31.52,!    7/23/2041,,,,,
29.64,31.52,!    7/24/2041,,,,,
29.70,31.52,!    7/25/2041,,,,,
29.70,31.62,!    7/26/2041,,,,,
29.70,31.72,!    7/27/2041,,,,,
29.70,31.82,!    7/28/2041,,,,,
29.70,31.82,!    7/29/2041,,,,,
29.75,31.92,!    7/30/2041,,,,,
29.75,31.92,!    7/31/2041,,,,,
29.70,31.18,!    8/1/2041,,,,,
29.72,31.08,!    8/2/2041,,,,,
29.72,31.18,!    8/3/2041,,,,,
29.72,31.18,!    8/4/2041,,,,,
29.72,31.28,!    8/5/2041,,,,,
29.72,31.28,!    8/6/2041,,,,,
29.72,31.38,!    8/7/2041,,,,,
29.72,31.48,!    8/8/2041,,,,,
29.72,31.48,!    8/9/2041,,,,,
29.72,31.58,!    8/10/2041,,,,,
29.72,31.48,!    8/11/2041,,,,,
29.72,31.58,!    8/12/2041,,,,,
29.72,31.48,!    8/13/2041,,,,,
29.66,31.28,!    8/14/2041,,,,,
29.66,31.28,!    8/15/2041,,,,,
29.66,31.28,!    8/16/2041,,,,,
29.61,31.38,!    8/17/2041,,,,,
29.61,31.38,!    8/18/2041,,,,,
29.61,31.28,!    8/19/2041,,,,,
29.55,31.18,!    8/20/2041,,,,,
29.55,30.98,!    8/21/2041,,,,,
29.50,30.98,!    8/22/2041,,,,,
29.50,30.98,!    8/23/2041,,,,,
29.44,30.98,!    8/24/2041,,,,,
29.38,31.08,!    8/25/2041,,,,,
29.38,30.98,!    8/26/2041,,,,,
29.33,30.88,!    8/27/2041,,,,,
29.27,30.78,!    8/28/2041,,,,,
29.22,30.68,!    8/29/2041,,,,,
29.22,30.58,!    8/30/2041,,,,,
29.16,30.48,!    8/31/2041,,,,,
29.30,30.45,!    9/1/2041,,,,,
29.11,30.35,!    9/2/2041,,,,,
29.05,30.25,!    9/3/2041,,,,,
29.00,30.05,!    9/4/2041,,,,,
28.89,30.05,!    9/5/2041,,,,,
28.83,29.95,!    9/6/2041,,,,,
28.77,29.95,!    9/7/2041,,,,,
28.72,29.95,!    9/8/2041,,,,,
28.61,29.85,!    9/9/2041,,,,,
28.55,29.75,!    9/10/2041,,,,,
28.50,29.65,!    9/11/2041,,,,,
28.39,29.45,!    9/12/2041,,,,,
28.33,29.35,!    9/13/2041,,,,,
28.22,29.35,!    9/14/2041,,,,,
28.11,29.25,!    9/15/2041,,,,,
28.05,29.15,!    9/16/2041,,,,,
27.94,28.95,!    9/17/2041,,,,,
27.83,28.85,!    9/18/2041,,,,,
27.72,28.75,!    9/19/2041,,,,,
27.61,28.45,!    9/20/2041,,,,,
27.50,28.35,!    9/21/2041,,,,,
27.39,28.15,!    9/22/2041,,,,,
27.27,28.05,!    9/23/2041,,,,,
27.16,28.05,!    9/24/2041,,,,,
27.00,27.85,!    9/25/2041,,,,,
26.89,27.75,!    9/26/2041,,,,,
26.77,27.45,!    9/27/2041,,,,,
26.61,27.45,!    9/28/2041,,,,,
26.50,27.35,!    9/29/2041,,,,,
26.33,27.15,!    9/30/2041,,,,,
25.89,27.03,!    10/1/2041,,,,,
25.60,26.73,!    10/2/2041,,,,,
25.44,26.43,!    10/3/2041,,,,,
25.27,26.23,!    10/4/2041,,,,,
25.10,26.23,!    10/5/2041,,,,,
24.94,26.13,!    10/6/2041,,,,,
24.77,25.93,!    10/7/2041,,,,,
24.60,25.73,!    10/8/2041,,,,,
24.44,25.53,!    10/9/2041,,,,,
24.21,25.33,!    10/10/2041,,,,,
24.05,25.23,!    10/11/2041,,,,,
23.88,25.13,!    10/12/2041,,,,,
23.71,24.93,!    10/13/2041,,,,,
23.49,24.73,!    10/14/2041,,,,,
23.32,24.53,!    10/15/2041,,,,,
23.10,24.33,!    10/16/2041,,,,,
22.94,24.13,!    10/17/2041,,,,,
22.71,23.83,!    10/18/2041,,,,,
22.55,23.63,!    10/19/2041,,,,,
22.32,23.33,!    10/20/2041,,,,,
22.16,22.83,!    10/21/2041,,,,,
21.94,22.53,!    10/22/2041,,,,,
21.77,22.23,!    10/23/2041,,,,,
21.55,21.83,!    10/24/2041,,,,,
21.38,21.53,!    10/25/2041,,,,,
21.16,21.13,!    10/26/2041,,,,,
20.99,20.93,!    10/27/2041,,,,,
20.77,20.73,!    10/28/2041,,,,,
20.60,20.23,!    10/29/2041,,,,,
20.38,19.83,!    10/30/2041,,,,,
20.21,19.63,!    10/31/2041,,,,,
20.55,20.04,!    11/1/2041,,,,,
20.15,19.84,!    11/2/2041,,,,,
19.99,19.64,!    11/3/2041,,,,,
19.76,19.54,!    11/4/2041,,,,,
19.60,19.34,!    11/5/2041,,,,,
19.43,19.14,!    11/6/2041,,,,,
19.26,19.24,!    11/7/2041,,,,,
19.10,19.04,!    11/8/2041,,,,,
18.93,18.84,!    11/9/2041,,,,,
18.76,18.64,!    11/10/2041,,,,,
18.60,18.44,!    11/11/2041,,,,,
18.43,18.24,!    11/12/2041,,,,,
18.32,18.04,!    11/13/2041,,,,,
18.15,17.74,!    11/14/2041,,,,,
17.99,17.44,!    11/15/2041,,,,,
17.87,17.24,!    11/16/2041,,,,,
17.71,17.04,!    11/17/2041,,,,,
17.60,16.74,!    11/18/2041,,,,,
17.49,16.44,!    11/19/2041,,,,,
17.32,16.14,!    11/20/2041,,,,,
17.21,15.94,!    11/21/2041,,,,,
17.10,15.74,!    11/22/2041,,,,,
16.99,15.54,!    11/23/2041,,,,,
16.87,15.44,!    11/24/2041,,,,,
16.76,15.34,!    11/25/2041,,,,,
16.65,15.24,!    11/26/2041,,,,,
16.54,15.04,!    11/27/2041,,,,,
16.43,14.84,!    11/28/2041,,,,,
16.32,14.64,!    11/29/2041,,,,,
16.26,14.54,!    11/30/2041,,,,,
15.89,14.10,!    12/1/2041,,,,,
15.58,13.80,!    12/2/2041,,,,,
15.52,13.60,!    12/3/2041,,,,,
15.41,13.50,!    12/4/2041,,,,,
15.30,13.30,!    12/5/2041,,,,,
15.25,13.10,!    12/6/2041,,,,,
15.14,12.70,!    12/7/2041,,,,,
15.08,12.50,!    12/8/2041,,,,,
14.97,12.30,!    12/9/2041,,,,,
14.91,12.10,!    12/10/2041,,,,,
14.80,11.90,!    12/11/2041,,,,,
14.75,11.60,!    12/12/2041,,,,,
14.64,11.50,!    12/13/2041,,,,,
14.58,11.30,!    12/14/2041,,,,,
14.52,11.20,!    12/15/2041,,,,,
14.41,11.00,!    12/16/2041,,,,,
14.36,10.90,!    12/17/2041,,,,,
14.25,10.70,!    12/18/2041,,,,,
14.19,10.60,!    12/19/2041,,,,,
14.14,10.50,!    12/20/2041,,,,,
14.02,10.40,!    12/21/2041,,,,,
13.97,10.30,!    12/22/2041,,,,,
13.91,10.30,!    12/23/2041,,,,,
13.86,10.20,!    12/24/2041,,,,,
13.75,10.10,!    12/25/2041,,,,,
13.69,10.00,!    12/26/2041,,,,,
13.64,9.90,!    12/27/2041,,,,,
13.58,9.90,!    12/28/2041,,,,,
13.52,9.90,!    12/29/2041,,,,,
13.47,9.80,!    12/30/2041,,,,,
13.41,9.80,!    12/31/2041,,,,,
14.19,9.04,!    1/1/2042,,,,,
14.14,8.94,!    1/2/2042,,,,,
14.08,8.84,!    1/3/2042,,,,,
14.03,8.74,!    1/4/2042,,,,,
14.03,8.54,!    1/5/2042,,,,,
13.97,8.44,!    1/6/2042,,,,,
13.92,8.34,!    1/7/2042,,,,,
13.92,8.24,!    1/8/2042,,,,,
13.86,8.14,!    1/9/2042,,,,,
13.86,8.14,!    1/10/2042,,,,,
13.86,8.04,!    1/11/2042,,,,,
13.80,8.04,!    1/12/2042,,,,,
13.80,7.94,!    1/13/2042,,,,,
13.80,7.74,!    1/14/2042,,,,,
13.80,7.64,!    1/15/2042,,,,,
13.80,7.54,!    1/16/2042,,,,,
13.80,7.44,!    1/17/2042,,,,,
13.86,7.44,!    1/18/2042,,,,,
13.86,7.44,!    1/19/2042,,,,,
13.86,7.14,!    1/20/2042,,,,,
13.92,7.24,!    1/21/2042,,,,,
13.97,7.24,!    1/22/2042,,,,,
13.97,7.24,!    1/23/2042,,,,,
14.03,7.34,!    1/24/2042,,,,,
14.08,7.34,!    1/25/2042,,,,,
14.14,7.54,!    1/26/2042,,,,,
14.19,7.54,!    1/27/2042,,,,,
14.25,7.44,!    1/28/2042,,,,,
14.30,7.34,!    1/29/2042,,,,,
14.36,7.24,!    1/30/2042,,,,,
14.47,7.24,!    1/31/2042,,,,,
13.18,7.19,!    2/1/2042,,,,,
13.23,7.19,!    2/2/2042,,,,,
13.34,7.39,!    2/3/2042,,,,,
13.40,7.39,!    2/4/2042,,,,,
13.51,7.39,!    2/5/2042,,,,,
13.62,7.49,!    2/6/2042,,,,,
13.73,7.49,!    2/7/2042,,,,,
13.79,7.69,!    2/8/2042,,,,,
13.90,7.79,!    2/9/2042,,,,,
14.01,7.89,!    2/10/2042,,,,,
14.12,7.89,!    2/11/2042,,,,,
14.23,7.99,!    2/12/2042,,,,,
14.34,7.99,!    2/13/2042,,,,,
14.45,7.99,!    2/14/2042,,,,,
14.56,7.99,!    2/15/2042,,,,,
14.68,8.09,!    2/16/2042,,,,,
14.79,8.19,!    2/17/2042,,,,,
14.90,8.19,!    2/18/2042,,,,,
15.01,8.29,!    2/19/2042,,,,,
15.12,8.39,!    2/20/2042,,,,,
15.23,8.59,!    2/21/2042,,,,,
15.34,8.69,!    2/22/2042,,,,,
15.45,8.79,!    2/23/2042,,,,,
15.56,8.99,!    2/24/2042,,,,,
15.73,9.09,!    2/25/2042,,,,,
15.84,9.09,!    2/26/2042,,,,,
15.95,9.29,!    2/27/2042,,,,,
16.06,9.39,!    2/28/2042,,,,,
15.99,10.43,!    3/1/2042,,,,,
16.30,9.93,!    3/2/2042,,,,,
16.42,9.93,!    3/3/2042,,,,,
16.53,9.93,!    3/4/2042,,,,,
16.64,9.93,!    3/5/2042,,,,,
16.75,10.03,!    3/6/2042,,,,,
16.86,10.13,!    3/7/2042,,,,,
16.97,10.23,!    3/8/2042,,,,,
17.08,10.43,!    3/9/2042,,,,,
17.19,10.63,!    3/10/2042,,,,,
17.25,10.83,!    3/11/2042,,,,,
17.36,11.03,!    3/12/2042,,,,,
17.47,11.13,!    3/13/2042,,,,,
17.58,11.33,!    3/14/2042,,,,,
17.69,11.43,!    3/15/2042,,,,,
17.80,11.63,!    3/16/2042,,,,,
17.92,11.73,!    3/17/2042,,,,,
17.97,11.83,!    3/18/2042,,,,,
18.08,12.03,!    3/19/2042,,,,,
18.19,12.33,!    3/20/2042,,,,,
18.30,12.43,!    3/21/2042,,,,,
18.36,12.63,!    3/22/2042,,,,,
18.47,12.63,!    3/23/2042,,,,,
18.58,12.83,!    3/24/2042,,,,,
18.69,13.13,!    3/25/2042,,,,,
18.75,13.33,!    3/26/2042,,,,,
18.86,13.53,!    3/27/2042,,,,,
18.97,13.73,!    3/28/2042,,,,,
19.03,13.93,!    3/29/2042,,,,,
19.14,14.13,!    3/30/2042,,,,,
19.25,14.33,!    3/31/2042,,,,,
19.61,14.71,!    4/1/2042,,,,,
20.05,14.91,!    4/2/2042,,,,,
20.16,15.11,!    4/3/2042,,,,,
20.27,15.41,!    4/4/2042,,,,,
20.38,15.71,!    4/5/2042,,,,,
20.44,15.91,!    4/6/2042,,,,,
20.55,16.01,!    4/7/2042,,,,,
20.66,16.11,!    4/8/2042,,,,,
20.77,16.31,!    4/9/2042,,,,,
20.88,16.51,!    4/10/2042,,,,,
20.94,16.71,!    4/11/2042,,,,,
21.05,17.01,!    4/12/2042,,,,,
21.16,17.11,!    4/13/2042,,,,,
21.27,17.21,!    4/14/2042,,,,,
21.38,17.41,!    4/15/2042,,,,,
21.49,17.51,!    4/16/2042,,,,,
21.60,17.61,!    4/17/2042,,,,,
21.71,17.71,!    4/18/2042,,,,,
21.83,17.91,!    4/19/2042,,,,,
21.94,18.01,!    4/20/2042,,,,,
22.05,18.21,!    4/21/2042,,,,,
22.21,18.51,!    4/22/2042,,,,,
22.33,18.61,!    4/23/2042,,,,,
22.44,18.71,!    4/24/2042,,,,,
22.55,18.81,!    4/25/2042,,,,,
22.66,18.91,!    4/26/2042,,,,,
22.83,19.11,!    4/27/2042,,,,,
22.94,19.31,!    4/28/2042,,,,,
23.05,19.71,!    4/29/2042,,,,,
23.21,19.91,!    4/30/2042,,,,,
23.25,19.61,!    5/1/2042,,,,,
23.47,19.81,!    5/2/2042,,,,,
23.64,19.91,!    5/3/2042,,,,,
23.75,20.11,!    5/4/2042,,,,,
23.92,20.11,!    5/5/2042,,,,,
24.03,20.21,!    5/6/2042,,,,,
24.19,20.31,!    5/7/2042,,,,,
24.30,20.51,!    5/8/2042,,,,,
24.47,20.71,!    5/9/2042,,,,,
24.58,20.91,!    5/10/2042,,,,,
24.69,21.01,!    5/11/2042,,,,,
24.86,21.11,!    5/12/2042,,,,,
24.97,21.31,!    5/13/2042,,,,,
25.14,21.41,!    5/14/2042,,,,,
25.25,21.51,!    5/15/2042,,,,,
25.42,21.71,!    5/16/2042,,,,,
25.53,21.91,!    5/17/2042,,,,,
25.69,22.11,!    5/18/2042,,,,,
25.80,22.11,!    5/19/2042,,,,,
25.92,22.31,!    5/20/2042,,,,,
26.08,22.51,!    5/21/2042,,,,,
26.19,22.81,!    5/22/2042,,,,,
26.30,23.01,!    5/23/2042,,,,,
26.47,23.21,!    5/24/2042,,,,,
26.58,23.41,!    5/25/2042,,,,,
26.69,23.71,!    5/26/2042,,,,,
26.80,23.91,!    5/27/2042,,,,,
26.92,24.01,!    5/28/2042,,,,,
27.03,24.21,!    5/29/2042,,,,,
27.14,24.41,!    5/30/2042,,,,,
27.25,24.51,!    5/31/2042,,,,,
27.21,24.71,!    6/1/2042,,,,,
27.41,24.91,!    6/2/2042,,,,,
27.46,25.11,!    6/3/2042,,,,,
27.57,25.31,!    6/4/2042,,,,,
27.68,25.51,!    6/5/2042,,,,,
27.74,25.71,!    6/6/2042,,,,,
27.85,26.01,!    6/7/2042,,,,,
27.91,26.31,!    6/8/2042,,,,,
28.02,26.61,!    6/9/2042,,,,,
28.07,26.81,!    6/10/2042,,,,,
28.13,27.01,!    6/11/2042,,,,,
28.24,27.21,!    6/12/2042,,,,,
28.30,27.31,!    6/13/2042,,,,,
28.35,27.41,!    6/14/2042,,,,,
28.41,27.61,!    6/15/2042,,,,,
28.46,27.81,!    6/16/2042,,,,,
28.52,28.01,!    6/17/2042,,,,,
28.57,28.11,!    6/18/2042,,,,,
28.63,28.21,!    6/19/2042,,,,,
28.63,28.31,!    6/20/2042,,,,,
28.68,28.51,!    6/21/2042,,,,,
28.74,28.61,!    6/22/2042,,,,,
28.80,28.71,!    6/23/2042,,,,,
28.80,28.81,!    6/24/2042,,,,,
28.85,29.01,!    6/25/2042,,,,,
28.85,29.11,!    6/26/2042,,,,,
28.91,29.21,!    6/27/2042,,,,,
28.91,29.31,!    6/28/2042,,,,,
28.96,29.31,!    6/29/2042,,,,,
28.96,29.41,!    6/30/2042,,,,,
29.34,29.76,!    7/1/2042,,,,,
29.28,29.86,!    7/2/2042,,,,,
29.28,30.06,!    7/3/2042,,,,,
29.34,30.06,!    7/4/2042,,,,,
29.34,30.06,!    7/5/2042,,,,,
29.39,30.06,!    7/6/2042,,,,,
29.39,30.06,!    7/7/2042,,,,,
29.39,30.06,!    7/8/2042,,,,,
29.39,29.96,!    7/9/2042,,,,,
29.45,30.06,!    7/10/2042,,,,,
29.45,30.06,!    7/11/2042,,,,,
29.45,30.06,!    7/12/2042,,,,,
29.50,30.06,!    7/13/2042,,,,,
29.50,30.16,!    7/14/2042,,,,,
29.50,30.16,!    7/15/2042,,,,,
29.50,30.16,!    7/16/2042,,,,,
29.56,30.16,!    7/17/2042,,,,,
29.56,30.26,!    7/18/2042,,,,,
29.56,30.26,!    7/19/2042,,,,,
29.61,30.46,!    7/20/2042,,,,,
29.61,30.56,!    7/21/2042,,,,,
29.61,30.56,!    7/22/2042,,,,,
29.61,30.66,!    7/23/2042,,,,,
29.61,30.66,!    7/24/2042,,,,,
29.67,30.66,!    7/25/2042,,,,,
29.67,30.76,!    7/26/2042,,,,,
29.67,30.86,!    7/27/2042,,,,,
29.67,30.96,!    7/28/2042,,,,,
29.67,30.96,!    7/29/2042,,,,,
29.73,31.06,!    7/30/2042,,,,,
29.73,31.06,!    7/31/2042,,,,,
29.64,30.89,!    8/1/2042,,,,,
29.65,30.79,!    8/2/2042,,,,,
29.65,30.89,!    8/3/2042,,,,,
29.65,30.89,!    8/4/2042,,,,,
29.65,30.99,!    8/5/2042,,,,,
29.65,30.99,!    8/6/2042,,,,,
29.65,31.09,!    8/7/2042,,,,,
29.65,31.19,!    8/8/2042,,,,,
29.65,31.19,!    8/9/2042,,,,,
29.65,31.29,!    8/10/2042,,,,,
29.65,31.19,!    8/11/2042,,,,,
29.65,31.29,!    8/12/2042,,,,,
29.65,31.19,!    8/13/2042,,,,,
29.59,30.99,!    8/14/2042,,,,,
29.59,30.99,!    8/15/2042,,,,,
29.59,30.99,!    8/16/2042,,,,,
29.54,31.09,!    8/17/2042,,,,,
29.54,31.09,!    8/18/2042,,,,,
29.54,30.99,!    8/19/2042,,,,,
29.48,30.89,!    8/20/2042,,,,,
29.48,30.69,!    8/21/2042,,,,,
29.43,30.69,!    8/22/2042,,,,,
29.43,30.69,!    8/23/2042,,,,,
29.37,30.69,!    8/24/2042,,,,,
29.32,30.79,!    8/25/2042,,,,,
29.32,30.69,!    8/26/2042,,,,,
29.26,30.59,!    8/27/2042,,,,,
29.21,30.49,!    8/28/2042,,,,,
29.15,30.39,!    8/29/2042,,,,,
29.15,30.29,!    8/30/2042,,,,,
29.09,30.19,!    8/31/2042,,,,,
28.97,30.35,!    9/1/2042,,,,,
28.78,30.25,!    9/2/2042,,,,,
28.72,30.15,!    9/3/2042,,,,,
28.67,29.95,!    9/4/2042,,,,,
28.56,29.95,!    9/5/2042,,,,,
28.50,29.85,!    9/6/2042,,,,,
28.44,29.85,!    9/7/2042,,,,,
28.39,29.85,!    9/8/2042,,,,,
28.28,29.75,!    9/9/2042,,,,,
28.22,29.65,!    9/10/2042,,,,,
28.17,29.55,!    9/11/2042,,,,,
28.06,29.35,!    9/12/2042,,,,,
28.00,29.25,!    9/13/2042,,,,,
27.89,29.25,!    9/14/2042,,,,,
27.78,29.15,!    9/15/2042,,,,,
27.72,29.05,!    9/16/2042,,,,,
27.61,28.85,!    9/17/2042,,,,,
27.50,28.75,!    9/18/2042,,,,,
27.39,28.65,!    9/19/2042,,,,,
27.28,28.35,!    9/20/2042,,,,,
27.17,28.25,!    9/21/2042,,,,,
27.06,28.05,!    9/22/2042,,,,,
26.94,27.95,!    9/23/2042,,,,,
26.83,27.95,!    9/24/2042,,,,,
26.67,27.75,!    9/25/2042,,,,,
26.56,27.65,!    9/26/2042,,,,,
26.44,27.35,!    9/27/2042,,,,,
26.28,27.35,!    9/28/2042,,,,,
26.17,27.25,!    9/29/2042,,,,,
26.00,27.05,!    9/30/2042,,,,,
26.05,27.78,!    10/1/2042,,,,,
25.77,27.48,!    10/2/2042,,,,,
25.60,27.18,!    10/3/2042,,,,,
25.44,26.98,!    10/4/2042,,,,,
25.27,26.98,!    10/5/2042,,,,,
25.10,26.88,!    10/6/2042,,,,,
24.94,26.68,!    10/7/2042,,,,,
24.77,26.48,!    10/8/2042,,,,,
24.60,26.28,!    10/9/2042,,,,,
24.38,26.08,!    10/10/2042,,,,,
24.21,25.98,!    10/11/2042,,,,,
24.05,25.88,!    10/12/2042,,,,,
23.88,25.68,!    10/13/2042,,,,,
23.66,25.48,!    10/14/2042,,,,,
23.49,25.28,!    10/15/2042,,,,,
23.27,25.08,!    10/16/2042,,,,,
23.10,24.88,!    10/17/2042,,,,,
22.88,24.58,!    10/18/2042,,,,,
22.71,24.38,!    10/19/2042,,,,,
22.49,24.08,!    10/20/2042,,,,,
22.32,23.58,!    10/21/2042,,,,,
22.10,23.28,!    10/22/2042,,,,,
21.94,22.98,!    10/23/2042,,,,,
21.71,22.58,!    10/24/2042,,,,,
21.55,22.28,!    10/25/2042,,,,,
21.32,21.88,!    10/26/2042,,,,,
21.16,21.68,!    10/27/2042,,,,,
20.94,21.48,!    10/28/2042,,,,,
20.77,20.98,!    10/29/2042,,,,,
20.55,20.58,!    10/30/2042,,,,,
20.38,20.38,!    10/31/2042,,,,,
21.62,20.74,!    11/1/2042,,,,,
21.22,20.54,!    11/2/2042,,,,,
21.05,20.34,!    11/3/2042,,,,,
20.83,20.24,!    11/4/2042,,,,,
20.67,20.04,!    11/5/2042,,,,,
20.50,19.84,!    11/6/2042,,,,,
20.33,19.94,!    11/7/2042,,,,,
20.17,19.74,!    11/8/2042,,,,,
20.00,19.54,!    11/9/2042,,,,,
19.83,19.34,!    11/10/2042,,,,,
19.67,19.14,!    11/11/2042,,,,,
19.50,18.94,!    11/12/2042,,,,,
19.39,18.74,!    11/13/2042,,,,,
19.22,18.44,!    11/14/2042,,,,,
19.05,18.14,!    11/15/2042,,,,,
18.94,17.94,!    11/16/2042,,,,,
18.78,17.74,!    11/17/2042,,,,,
18.67,17.44,!    11/18/2042,,,,,
18.55,17.14,!    11/19/2042,,,,,
18.39,16.84,!    11/20/2042,,,,,
18.28,16.64,!    11/21/2042,,,,,
18.17,16.44,!    11/22/2042,,,,,
18.05,16.24,!    11/23/2042,,,,,
17.94,16.14,!    11/24/2042,,,,,
17.83,16.04,!    11/25/2042,,,,,
17.72,15.94,!    11/26/2042,,,,,
17.61,15.74,!    11/27/2042,,,,,
17.50,15.54,!    11/28/2042,,,,,
17.39,15.34,!    11/29/2042,,,,,
17.33,15.24,!    11/30/2042,,,,,
16.89,13.41,!    12/1/2042,,,,,
16.58,13.11,!    12/2/2042,,,,,
16.52,12.91,!    12/3/2042,,,,,
16.41,12.81,!    12/4/2042,,,,,
16.30,12.61,!    12/5/2042,,,,,
16.25,12.41,!    12/6/2042,,,,,
16.14,12.01,!    12/7/2042,,,,,
16.08,11.81,!    12/8/2042,,,,,
15.97,11.61,!    12/9/2042,,,,,
15.91,11.41,!    12/10/2042,,,,,
15.80,11.21,!    12/11/2042,,,,,
15.75,10.91,!    12/12/2042,,,,,
15.64,10.81,!    12/13/2042,,,,,
15.58,10.61,!    12/14/2042,,,,,
15.52,10.51,!    12/15/2042,,,,,
15.41,10.31,!    12/16/2042,,,,,
15.36,10.21,!    12/17/2042,,,,,
15.25,10.01,!    12/18/2042,,,,,
15.19,9.91,!    12/19/2042,,,,,
15.14,9.81,!    12/20/2042,,,,,
15.02,9.71,!    12/21/2042,,,,,
14.97,9.61,!    12/22/2042,,,,,
14.91,9.61,!    12/23/2042,,,,,
14.86,9.51,!    12/24/2042,,,,,
14.75,9.41,!    12/25/2042,,,,,
14.69,9.31,!    12/26/2042,,,,,
14.64,9.21,!    12/27/2042,,,,,
14.58,9.21,!    12/28/2042,,,,,
14.52,9.21,!    12/29/2042,,,,,
14.47,9.11,!    12/30/2042,,,,,
14.41,9.11,!    12/31/2042,,,,,
12.80,9.19,!    1/1/2043,,,,,
12.75,9.09,!    1/2/2043,,,,,
12.69,8.99,!    1/3/2043,,,,,
12.64,8.89,!    1/4/2043,,,,,
12.64,8.69,!    1/5/2043,,,,,
12.58,8.59,!    1/6/2043,,,,,
12.52,8.49,!    1/7/2043,,,,,
12.52,8.39,!    1/8/2043,,,,,
12.47,8.29,!    1/9/2043,,,,,
12.47,8.29,!    1/10/2043,,,,,
12.47,8.19,!    1/11/2043,,,,,
12.41,8.19,!    1/12/2043,,,,,
12.41,8.09,!    1/13/2043,,,,,
12.41,7.89,!    1/14/2043,,,,,
12.41,7.79,!    1/15/2043,,,,,
12.41,7.69,!    1/16/2043,,,,,
12.41,7.59,!    1/17/2043,,,,,
12.47,7.59,!    1/18/2043,,,,,
12.47,7.59,!    1/19/2043,,,,,
12.47,7.29,!    1/20/2043,,,,,
12.52,7.39,!    1/21/2043,,,,,
12.58,7.39,!    1/22/2043,,,,,
12.58,7.39,!    1/23/2043,,,,,
12.64,7.49,!    1/24/2043,,,,,
12.69,7.49,!    1/25/2043,,,,,
12.75,7.69,!    1/26/2043,,,,,
12.80,7.69,!    1/27/2043,,,,,
12.86,7.59,!    1/28/2043,,,,,
12.91,7.49,!    1/29/2043,,,,,
12.97,7.39,!    1/30/2043,,,,,
13.08,7.39,!    1/31/2043,,,,,
13.01,7.08,!    2/1/2043,,,,,
13.06,7.08,!    2/2/2043,,,,,
13.18,7.28,!    2/3/2043,,,,,
13.23,7.28,!    2/4/2043,,,,,
13.34,7.28,!    2/5/2043,,,,,
13.45,7.38,!    2/6/2043,,,,,
13.56,7.38,!    2/7/2043,,,,,
13.62,7.58,!    2/8/2043,,,,,
13.73,7.68,!    2/9/2043,,,,,
13.84,7.78,!    2/10/2043,,,,,
13.95,7.78,!    2/11/2043,,,,,
14.06,7.88,!    2/12/2043,,,,,
14.18,7.88,!    2/13/2043,,,,,
14.29,7.88,!    2/14/2043,,,,,
14.40,7.88,!    2/15/2043,,,,,
14.51,7.98,!    2/16/2043,,,,,
14.62,8.08,!    2/17/2043,,,,,
14.73,8.08,!    2/18/2043,,,,,
14.84,8.18,!    2/19/2043,,,,,
14.95,8.28,!    2/20/2043,,,,,
15.06,8.48,!    2/21/2043,,,,,
15.18,8.58,!    2/22/2043,,,,,
15.29,8.68,!    2/23/2043,,,,,
15.40,8.88,!    2/24/2043,,,,,
15.56,8.98,!    2/25/2043,,,,,
15.68,8.98,!    2/26/2043,,,,,
15.79,9.18,!    2/27/2043,,,,,
15.90,9.28,!    2/28/2043,,,,,
16.74,10.47,!    3/1/2043,,,,,
17.06,9.97,!    3/2/2043,,,,,
17.17,9.97,!    3/3/2043,,,,,
17.28,9.97,!    3/4/2043,,,,,
17.39,9.97,!    3/5/2043,,,,,
17.50,10.07,!    3/6/2043,,,,,
17.62,10.17,!    3/7/2043,,,,,
17.73,10.27,!    3/8/2043,,,,,
17.84,10.47,!    3/9/2043,,,,,
17.95,10.67,!    3/10/2043,,,,,
18.00,10.87,!    3/11/2043,,,,,
18.12,11.07,!    3/12/2043,,,,,
18.23,11.17,!    3/13/2043,,,,,
18.34,11.37,!    3/14/2043,,,,,
18.45,11.47,!    3/15/2043,,,,,
18.56,11.67,!    3/16/2043,,,,,
18.67,11.77,!    3/17/2043,,,,,
18.73,11.87,!    3/18/2043,,,,,
18.84,12.07,!    3/19/2043,,,,,
18.95,12.37,!    3/20/2043,,,,,
19.06,12.47,!    3/21/2043,,,,,
19.12,12.67,!    3/22/2043,,,,,
19.23,12.67,!    3/23/2043,,,,,
19.34,12.87,!    3/24/2043,,,,,
19.45,13.17,!    3/25/2043,,,,,
19.50,13.37,!    3/26/2043,,,,,
19.62,13.57,!    3/27/2043,,,,,
19.73,13.77,!    3/28/2043,,,,,
19.78,13.97,!    3/29/2043,,,,,
19.89,14.17,!    3/30/2043,,,,,
20.00,14.37,!    3/31/2043,,,,,
20.38,14.64,!    4/1/2043,,,,,
20.82,14.84,!    4/2/2043,,,,,
20.93,15.04,!    4/3/2043,,,,,
21.05,15.34,!    4/4/2043,,,,,
21.16,15.64,!    4/5/2043,,,,,
21.21,15.84,!    4/6/2043,,,,,
21.32,15.94,!    4/7/2043,,,,,
21.43,16.04,!    4/8/2043,,,,,
21.55,16.24,!    4/9/2043,,,,,
21.66,16.44,!    4/10/2043,,,,,
21.71,16.64,!    4/11/2043,,,,,
21.82,16.94,!    4/12/2043,,,,,
21.93,17.04,!    4/13/2043,,,,,
22.05,17.14,!    4/14/2043,,,,,
22.16,17.34,!    4/15/2043,,,,,
22.27,17.44,!    4/16/2043,,,,,
22.38,17.54,!    4/17/2043,,,,,
22.49,17.64,!    4/18/2043,,,,,
22.60,17.84,!    4/19/2043,,,,,
22.71,17.94,!    4/20/2043,,,,,
22.82,18.14,!    4/21/2043,,,,,
22.99,18.44,!    4/22/2043,,,,,
23.10,18.54,!    4/23/2043,,,,,
23.21,18.64,!    4/24/2043,,,,,
23.32,18.74,!    4/25/2043,,,,,
23.43,18.84,!    4/26/2043,,,,,
23.60,19.04,!    4/27/2043,,,,,
23.71,19.24,!    4/28/2043,,,,,
23.82,19.64,!    4/29/2043,,,,,
23.99,19.84,!    4/30/2043,,,,,
23.53,19.37,!    5/1/2043,,,,,
23.75,19.57,!    5/2/2043,,,,,
23.92,19.67,!    5/3/2043,,,,,
24.03,19.87,!    5/4/2043,,,,,
24.20,19.87,!    5/5/2043,,,,,
24.31,19.97,!    5/6/2043,,,,,
24.48,20.07,!    5/7/2043,,,,,
24.59,20.27,!    5/8/2043,,,,,
24.75,20.47,!    5/9/2043,,,,,
24.87,20.67,!    5/10/2043,,,,,
24.98,20.77,!    5/11/2043,,,,,
25.14,20.87,!    5/12/2043,,,,,
25.25,21.07,!    5/13/2043,,,,,
25.42,21.17,!    5/14/2043,,,,,
25.53,21.27,!    5/15/2043,,,,,
25.70,21.47,!    5/16/2043,,,,,
25.81,21.67,!    5/17/2043,,,,,
25.98,21.87,!    5/18/2043,,,,,
26.09,21.87,!    5/19/2043,,,,,
26.20,22.07,!    5/20/2043,,,,,
26.37,22.27,!    5/21/2043,,,,,
26.48,22.57,!    5/22/2043,,,,,
26.59,22.77,!    5/23/2043,,,,,
26.75,22.97,!    5/24/2043,,,,,
26.87,23.17,!    5/25/2043,,,,,
26.98,23.47,!    5/26/2043,,,,,
27.09,23.67,!    5/27/2043,,,,,
27.20,23.77,!    5/28/2043,,,,,
27.31,23.97,!    5/29/2043,,,,,
27.42,24.17,!    5/30/2043,,,,,
27.53,24.27,!    5/31/2043,,,,,
27.43,24.69,!    6/1/2043,,,,,
27.63,24.89,!    6/2/2043,,,,,
27.68,25.09,!    6/3/2043,,,,,
27.79,25.29,!    6/4/2043,,,,,
27.90,25.49,!    6/5/2043,,,,,
27.96,25.69,!    6/6/2043,,,,,
28.07,25.99,!    6/7/2043,,,,,
28.13,26.29,!    6/8/2043,,,,,
28.24,26.59,!    6/9/2043,,,,,
28.29,26.79,!    6/10/2043,,,,,
28.35,26.99,!    6/11/2043,,,,,
28.46,27.19,!    6/12/2043,,,,,
28.51,27.29,!    6/13/2043,,,,,
28.57,27.39,!    6/14/2043,,,,,
28.63,27.59,!    6/15/2043,,,,,
28.68,27.79,!    6/16/2043,,,,,
28.74,27.99,!    6/17/2043,,,,,
28.79,28.09,!    6/18/2043,,,,,
28.85,28.19,!    6/19/2043,,,,,
28.85,28.29,!    6/20/2043,,,,,
28.90,28.49,!    6/21/2043,,,,,
28.96,28.59,!    6/22/2043,,,,,
29.01,28.69,!    6/23/2043,,,,,
29.01,28.79,!    6/24/2043,,,,,
29.07,28.99,!    6/25/2043,,,,,
29.07,29.09,!    6/26/2043,,,,,
29.13,29.19,!    6/27/2043,,,,,
29.13,29.29,!    6/28/2043,,,,,
29.18,29.29,!    6/29/2043,,,,,
29.18,29.39,!    6/30/2043,,,,,
29.69,29.85,!    7/1/2043,,,,,
29.64,29.95,!    7/2/2043,,,,,
29.64,30.15,!    7/3/2043,,,,,
29.69,30.15,!    7/4/2043,,,,,
29.69,30.15,!    7/5/2043,,,,,
29.75,30.15,!    7/6/2043,,,,,
29.75,30.15,!    7/7/2043,,,,,
29.75,30.15,!    7/8/2043,,,,,
29.75,30.05,!    7/9/2043,,,,,
29.80,30.15,!    7/10/2043,,,,,
29.80,30.15,!    7/11/2043,,,,,
29.80,30.15,!    7/12/2043,,,,,
29.86,30.15,!    7/13/2043,,,,,
29.86,30.25,!    7/14/2043,,,,,
29.86,30.25,!    7/15/2043,,,,,
29.86,30.25,!    7/16/2043,,,,,
29.91,30.25,!    7/17/2043,,,,,
29.91,30.35,!    7/18/2043,,,,,
29.91,30.35,!    7/19/2043,,,,,
29.97,30.55,!    7/20/2043,,,,,
29.97,30.65,!    7/21/2043,,,,,
29.97,30.65,!    7/22/2043,,,,,
29.97,30.75,!    7/23/2043,,,,,
29.97,30.75,!    7/24/2043,,,,,
30.02,30.75,!    7/25/2043,,,,,
30.02,30.85,!    7/26/2043,,,,,
30.02,30.95,!    7/27/2043,,,,,
30.02,31.05,!    7/28/2043,,,,,
30.02,31.05,!    7/29/2043,,,,,
30.08,31.15,!    7/30/2043,,,,,
30.08,31.15,!    7/31/2043,,,,,
30.00,31.18,!    8/1/2043,,,,,
30.01,31.08,!    8/2/2043,,,,,
30.01,31.18,!    8/3/2043,,,,,
30.01,31.18,!    8/4/2043,,,,,
30.01,31.28,!    8/5/2043,,,,,
30.01,31.28,!    8/6/2043,,,,,
30.01,31.38,!    8/7/2043,,,,,
30.01,31.48,!    8/8/2043,,,,,
30.01,31.48,!    8/9/2043,,,,,
30.01,31.58,!    8/10/2043,,,,,
30.01,31.48,!    8/11/2043,,,,,
30.01,31.58,!    8/12/2043,,,,,
30.01,31.48,!    8/13/2043,,,,,
29.96,31.28,!    8/14/2043,,,,,
29.96,31.28,!    8/15/2043,,,,,
29.96,31.28,!    8/16/2043,,,,,
29.90,31.38,!    8/17/2043,,,,,
29.90,31.38,!    8/18/2043,,,,,
29.90,31.28,!    8/19/2043,,,,,
29.85,31.18,!    8/20/2043,,,,,
29.85,30.98,!    8/21/2043,,,,,
29.79,30.98,!    8/22/2043,,,,,
29.79,30.98,!    8/23/2043,,,,,
29.74,30.98,!    8/24/2043,,,,,
29.68,31.08,!    8/25/2043,,,,,
29.68,30.98,!    8/26/2043,,,,,
29.62,30.88,!    8/27/2043,,,,,
29.57,30.78,!    8/28/2043,,,,,
29.51,30.68,!    8/29/2043,,,,,
29.51,30.58,!    8/30/2043,,,,,
29.46,30.48,!    8/31/2043,,,,,
29.36,30.40,!    9/1/2043,,,,,
29.17,30.30,!    9/2/2043,,,,,
29.11,30.20,!    9/3/2043,,,,,
29.06,30.00,!    9/4/2043,,,,,
28.95,30.00,!    9/5/2043,,,,,
28.89,29.90,!    9/6/2043,,,,,
28.84,29.90,!    9/7/2043,,,,,
28.78,29.90,!    9/8/2043,,,,,
28.67,29.80,!    9/9/2043,,,,,
28.61,29.70,!    9/10/2043,,,,,
28.56,29.60,!    9/11/2043,,,,,
28.45,29.40,!    9/12/2043,,,,,
28.39,29.30,!    9/13/2043,,,,,
28.28,29.30,!    9/14/2043,,,,,
28.17,29.20,!    9/15/2043,,,,,
28.11,29.10,!    9/16/2043,,,,,
28.00,28.90,!    9/17/2043,,,,,
27.89,28.80,!    9/18/2043,,,,,
27.78,28.70,!    9/19/2043,,,,,
27.67,28.40,!    9/20/2043,,,,,
27.56,28.30,!    9/21/2043,,,,,
27.45,28.10,!    9/22/2043,,,,,
27.34,28.00,!    9/23/2043,,,,,
27.22,28.00,!    9/24/2043,,,,,
27.06,27.80,!    9/25/2043,,,,,
26.95,27.70,!    9/26/2043,,,,,
26.84,27.40,!    9/27/2043,,,,,
26.67,27.40,!    9/28/2043,,,,,
26.56,27.30,!    9/29/2043,,,,,
26.39,27.10,!    9/30/2043,,,,,
26.56,27.10,!    10/1/2043,,,,,
26.28,26.80,!    10/2/2043,,,,,
26.11,26.50,!    10/3/2043,,,,,
25.95,26.30,!    10/4/2043,,,,,
25.78,26.30,!    10/5/2043,,,,,
25.61,26.20,!    10/6/2043,,,,,
25.45,26.00,!    10/7/2043,,,,,
25.28,25.80,!    10/8/2043,,,,,
25.11,25.60,!    10/9/2043,,,,,
24.89,25.40,!    10/10/2043,,,,,
24.73,25.30,!    10/11/2043,,,,,
24.56,25.20,!    10/12/2043,,,,,
24.39,25.00,!    10/13/2043,,,,,
24.17,24.80,!    10/14/2043,,,,,
24.00,24.60,!    10/15/2043,,,,,
23.78,24.40,!    10/16/2043,,,,,
23.61,24.20,!    10/17/2043,,,,,
23.39,23.90,!    10/18/2043,,,,,
23.23,23.70,!    10/19/2043,,,,,
23.00,23.40,!    10/20/2043,,,,,
22.84,22.90,!    10/21/2043,,,,,
22.61,22.60,!    10/22/2043,,,,,
22.45,22.30,!    10/23/2043,,,,,
22.23,21.90,!    10/24/2043,,,,,
22.06,21.60,!    10/25/2043,,,,,
21.84,21.20,!    10/26/2043,,,,,
21.67,21.00,!    10/27/2043,,,,,
21.45,20.80,!    10/28/2043,,,,,
21.28,20.30,!    10/29/2043,,,,,
21.06,19.90,!    10/30/2043,,,,,
20.89,19.70,!    10/31/2043,,,,,
22.14,20.73,!    11/1/2043,,,,,
21.74,20.53,!    11/2/2043,,,,,
21.57,20.33,!    11/3/2043,,,,,
21.35,20.23,!    11/4/2043,,,,,
21.18,20.03,!    11/5/2043,,,,,
21.02,19.83,!    11/6/2043,,,,,
20.85,19.93,!    11/7/2043,,,,,
20.68,19.73,!    11/8/2043,,,,,
20.52,19.53,!    11/9/2043,,,,,
20.35,19.33,!    11/10/2043,,,,,
20.18,19.13,!    11/11/2043,,,,,
20.02,18.93,!    11/12/2043,,,,,
19.91,18.73,!    11/13/2043,,,,,
19.74,18.43,!    11/14/2043,,,,,
19.57,18.13,!    11/15/2043,,,,,
19.46,17.93,!    11/16/2043,,,,,
19.30,17.73,!    11/17/2043,,,,,
19.18,17.43,!    11/18/2043,,,,,
19.07,17.13,!    11/19/2043,,,,,
18.91,16.83,!    11/20/2043,,,,,
18.80,16.63,!    11/21/2043,,,,,
18.68,16.43,!    11/22/2043,,,,,
18.57,16.23,!    11/23/2043,,,,,
18.46,16.13,!    11/24/2043,,,,,
18.35,16.03,!    11/25/2043,,,,,
18.24,15.93,!    11/26/2043,,,,,
18.13,15.73,!    11/27/2043,,,,,
18.02,15.53,!    11/28/2043,,,,,
17.91,15.33,!    11/29/2043,,,,,
17.85,15.23,!    11/30/2043,,,,,
16.90,13.87,!    12/1/2043,,,,,
16.59,13.57,!    12/2/2043,,,,,
16.53,13.37,!    12/3/2043,,,,,
16.42,13.27,!    12/4/2043,,,,,
16.31,13.07,!    12/5/2043,,,,,
16.26,12.87,!    12/6/2043,,,,,
16.14,12.47,!    12/7/2043,,,,,
16.09,12.27,!    12/8/2043,,,,,
15.98,12.07,!    12/9/2043,,,,,
15.92,11.87,!    12/10/2043,,,,,
15.81,11.67,!    12/11/2043,,,,,
15.76,11.37,!    12/12/2043,,,,,
15.64,11.27,!    12/13/2043,,,,,
15.59,11.07,!    12/14/2043,,,,,
15.53,10.97,!    12/15/2043,,,,,
15.42,10.77,!    12/16/2043,,,,,
15.37,10.67,!    12/17/2043,,,,,
15.26,10.47,!    12/18/2043,,,,,
15.20,10.37,!    12/19/2043,,,,,
15.14,10.27,!    12/20/2043,,,,,
15.03,10.17,!    12/21/2043,,,,,
14.98,10.07,!    12/22/2043,,,,,
14.92,10.07,!    12/23/2043,,,,,
14.87,9.97,!    12/24/2043,,,,,
14.76,9.87,!    12/25/2043,,,,,
14.70,9.77,!    12/26/2043,,,,,
14.64,9.67,!    12/27/2043,,,,,
14.59,9.67,!    12/28/2043,,,,,
14.53,9.67,!    12/29/2043,,,,,
14.48,9.57,!    12/30/2043,,,,,
14.42,9.57,!    12/31/2043,,,,,
13.99,9.92,!    1/1/2044,,,,,
13.94,9.82,!    1/2/2044,,,,,
13.88,9.72,!    1/3/2044,,,,,
13.82,9.62,!    1/4/2044,,,,,
13.82,9.42,!    1/5/2044,,,,,
13.77,9.32,!    1/6/2044,,,,,
13.71,9.22,!    1/7/2044,,,,,
13.71,9.12,!    1/8/2044,,,,,
13.66,9.02,!    1/9/2044,,,,,
13.66,9.02,!    1/10/2044,,,,,
13.66,8.92,!    1/11/2044,,,,,
13.60,8.92,!    1/12/2044,,,,,
13.60,8.82,!    1/13/2044,,,,,
13.60,8.62,!    1/14/2044,,,,,
13.60,8.52,!    1/15/2044,,,,,
13.60,8.42,!    1/16/2044,,,,,
13.60,8.32,!    1/17/2044,,,,,
13.66,8.32,!    1/18/2044,,,,,
13.66,8.32,!    1/19/2044,,,,,
13.66,8.02,!    1/20/2044,,,,,
13.71,8.12,!    1/21/2044,,,,,
13.77,8.12,!    1/22/2044,,,,,
13.77,8.12,!    1/23/2044,,,,,
13.82,8.22,!    1/24/2044,,,,,
13.88,8.22,!    1/25/2044,,,,,
13.94,8.42,!    1/26/2044,,,,,
13.99,8.42,!    1/27/2044,,,,,
14.05,8.32,!    1/28/2044,,,,,
14.10,8.22,!    1/29/2044,,,,,
14.16,8.12,!    1/30/2044,,,,,
14.27,8.12,!    1/31/2044,,,,,
13.59,7.91,!    2/1/2044,,,,,
13.64,7.91,!    2/2/2044,,,,,
13.76,8.11,!    2/3/2044,,,,,
13.81,8.11,!    2/4/2044,,,,,
13.92,8.11,!    2/5/2044,,,,,
14.03,8.21,!    2/6/2044,,,,,
14.14,8.21,!    2/7/2044,,,,,
14.20,8.41,!    2/8/2044,,,,,
14.31,8.51,!    2/9/2044,,,,,
14.42,8.61,!    2/10/2044,,,,,
14.53,8.61,!    2/11/2044,,,,,
14.64,8.71,!    2/12/2044,,,,,
14.76,8.71,!    2/13/2044,,,,,
14.87,8.71,!    2/14/2044,,,,,
14.98,8.71,!    2/15/2044,,,,,
15.09,8.81,!    2/16/2044,,,,,
15.20,8.91,!    2/17/2044,,,,,
15.31,8.91,!    2/18/2044,,,,,
15.42,9.01,!    2/19/2044,,,,,
15.53,9.11,!    2/20/2044,,,,,
15.64,9.31,!    2/21/2044,,,,,
15.76,9.41,!    2/22/2044,,,,,
15.87,9.51,!    2/23/2044,,,,,
15.98,9.71,!    2/24/2044,,,,,
16.14,9.81,!    2/25/2044,,,,,
16.26,9.81,!    2/26/2044,,,,,
16.37,10.01,!    2/27/2044,,,,,
16.48,10.11,!    2/28/2044,,,,,
16.48,10.81,!    2/29/2044,,,,,
17.02,10.07,!    3/1/2044,,,,,
17.13,10.07,!    3/2/2044,,,,,
17.24,10.07,!    3/3/2044,,,,,
17.35,10.07,!    3/4/2044,,,,,
17.46,10.17,!    3/5/2044,,,,,
17.57,10.27,!    3/6/2044,,,,,
17.69,10.37,!    3/7/2044,,,,,
17.80,10.57,!    3/8/2044,,,,,
17.91,10.77,!    3/9/2044,,,,,
17.96,10.97,!    3/10/2044,,,,,
18.07,11.17,!    3/11/2044,,,,,
18.19,11.27,!    3/12/2044,,,,,
18.30,11.47,!    3/13/2044,,,,,
18.41,11.57,!    3/14/2044,,,,,
18.52,11.77,!    3/15/2044,,,,,
18.63,11.87,!    3/16/2044,,,,,
18.69,11.97,!    3/17/2044,,,,,
18.80,12.17,!    3/18/2044,,,,,
18.91,12.47,!    3/19/2044,,,,,
19.02,12.57,!    3/20/2044,,,,,
19.07,12.77,!    3/21/2044,,,,,
19.19,12.77,!    3/22/2044,,,,,
19.30,12.97,!    3/23/2044,,,,,
19.41,13.27,!    3/24/2044,,,,,
19.46,13.47,!    3/25/2044,,,,,
19.57,13.67,!    3/26/2044,,,,,
19.69,13.87,!    3/27/2044,,,,,
19.74,14.07,!    3/28/2044,,,,,
19.85,14.27,!    3/29/2044,,,,,
19.96,14.47,!    3/30/2044,,,,,
20.07,14.57,!    3/31/2044,,,,,
20.90,15.01,!    4/1/2044,,,,,
21.01,15.21,!    4/2/2044,,,,,
21.12,15.51,!    4/3/2044,,,,,
21.23,15.81,!    4/4/2044,,,,,
21.29,16.01,!    4/5/2044,,,,,
21.40,16.11,!    4/6/2044,,,,,
21.51,16.21,!    4/7/2044,,,,,
21.62,16.41,!    4/8/2044,,,,,
21.73,16.61,!    4/9/2044,,,,,
21.79,16.81,!    4/10/2044,,,,,
21.90,17.11,!    4/11/2044,,,,,
22.01,17.21,!    4/12/2044,,,,,
22.12,17.31,!    4/13/2044,,,,,
22.23,17.51,!    4/14/2044,,,,,
22.35,17.61,!    4/15/2044,,,,,
22.46,17.71,!    4/16/2044,,,,,
22.57,17.81,!    4/17/2044,,,,,
22.68,18.01,!    4/18/2044,,,,,
22.79,18.11,!    4/19/2044,,,,,
22.90,18.31,!    4/20/2044,,,,,
23.07,18.61,!    4/21/2044,,,,,
23.18,18.71,!    4/22/2044,,,,,
23.29,18.81,!    4/23/2044,,,,,
23.40,18.91,!    4/24/2044,,,,,
23.51,19.01,!    4/25/2044,,,,,
23.68,19.21,!    4/26/2044,,,,,
23.79,19.41,!    4/27/2044,,,,,
23.90,19.81,!    4/28/2044,,,,,
24.07,20.01,!    4/29/2044,,,,,
24.18,20.21,!    4/30/2044,,,,,
24.01,20.18,!    5/1/2044,,,,,
24.17,20.28,!    5/2/2044,,,,,
24.29,20.48,!    5/3/2044,,,,,
24.45,20.48,!    5/4/2044,,,,,
24.56,20.58,!    5/5/2044,,,,,
24.73,20.68,!    5/6/2044,,,,,
24.84,20.88,!    5/7/2044,,,,,
25.01,21.08,!    5/8/2044,,,,,
25.12,21.28,!    5/9/2044,,,,,
25.23,21.38,!    5/10/2044,,,,,
25.40,21.48,!    5/11/2044,,,,,
25.51,21.68,!    5/12/2044,,,,,
25.67,21.78,!    5/13/2044,,,,,
25.79,21.88,!    5/14/2044,,,,,
25.95,22.08,!    5/15/2044,,,,,
26.06,22.28,!    5/16/2044,,,,,
26.23,22.48,!    5/17/2044,,,,,
26.34,22.48,!    5/18/2044,,,,,
26.45,22.68,!    5/19/2044,,,,,
26.62,22.88,!    5/20/2044,,,,,
26.73,23.18,!    5/21/2044,,,,,
26.84,23.38,!    5/22/2044,,,,,
27.01,23.58,!    5/23/2044,,,,,
27.12,23.78,!    5/24/2044,,,,,
27.23,24.08,!    5/25/2044,,,,,
27.34,24.28,!    5/26/2044,,,,,
27.45,24.38,!    5/27/2044,,,,,
27.56,24.58,!    5/28/2044,,,,,
27.67,24.78,!    5/29/2044,,,,,
27.79,24.88,!    5/30/2044,,,,,
27.90,25.08,!    5/31/2044,,,,,
28.12,25.51,!    6/1/2044,,,,,
28.18,25.71,!    6/2/2044,,,,,
28.29,25.91,!    6/3/2044,,,,,
28.40,26.11,!    6/4/2044,,,,,
28.46,26.31,!    6/5/2044,,,,,
28.57,26.61,!    6/6/2044,,,,,
28.62,26.91,!    6/7/2044,,,,,
28.74,27.21,!    6/8/2044,,,,,
28.79,27.41,!    6/9/2044,,,,,
28.85,27.61,!    6/10/2044,,,,,
28.96,27.81,!    6/11/2044,,,,,
29.01,27.91,!    6/12/2044,,,,,
29.07,28.01,!    6/13/2044,,,,,
29.12,28.21,!    6/14/2044,,,,,
29.18,28.41,!    6/15/2044,,,,,
29.24,28.61,!    6/16/2044,,,,,
29.29,28.71,!    6/17/2044,,,,,
29.35,28.81,!    6/18/2044,,,,,
29.35,28.91,!    6/19/2044,,,,,
29.40,29.11,!    6/20/2044,,,,,
29.46,29.21,!    6/21/2044,,,,,
29.51,29.31,!    6/22/2044,,,,,
29.51,29.41,!    6/23/2044,,,,,
29.57,29.61,!    6/24/2044,,,,,
29.57,29.71,!    6/25/2044,,,,,
29.62,29.81,!    6/26/2044,,,,,
29.62,29.91,!    6/27/2044,,,,,
29.68,29.91,!    6/28/2044,,,,,
29.68,30.01,!    6/29/2044,,,,,
29.74,30.21,!    6/30/2044,,,,,
29.55,30.12,!    7/1/2044,,,,,
29.55,30.32,!    7/2/2044,,,,,
29.60,30.32,!    7/3/2044,,,,,
29.60,30.32,!    7/4/2044,,,,,
29.66,30.32,!    7/5/2044,,,,,
29.66,30.32,!    7/6/2044,,,,,
29.66,30.32,!    7/7/2044,,,,,
29.66,30.22,!    7/8/2044,,,,,
29.71,30.32,!    7/9/2044,,,,,
29.71,30.32,!    7/10/2044,,,,,
29.71,30.32,!    7/11/2044,,,,,
29.77,30.32,!    7/12/2044,,,,,
29.77,30.42,!    7/13/2044,,,,,
29.77,30.42,!    7/14/2044,,,,,
29.77,30.42,!    7/15/2044,,,,,
29.82,30.42,!    7/16/2044,,,,,
29.82,30.52,!    7/17/2044,,,,,
29.82,30.52,!    7/18/2044,,,,,
29.88,30.72,!    7/19/2044,,,,,
29.88,30.82,!    7/20/2044,,,,,
29.88,30.82,!    7/21/2044,,,,,
29.88,30.92,!    7/22/2044,,,,,
29.88,30.92,!    7/23/2044,,,,,
29.94,30.92,!    7/24/2044,,,,,
29.94,31.02,!    7/25/2044,,,,,
29.94,31.12,!    7/26/2044,,,,,
29.94,31.22,!    7/27/2044,,,,,
29.94,31.22,!    7/28/2044,,,,,
29.99,31.32,!    7/29/2044,,,,,
29.99,31.32,!    7/30/2044,,,,,
29.99,31.42,!    7/31/2044,,,,,
29.81,30.94,!    8/1/2044,,,,,
29.81,31.04,!    8/2/2044,,,,,
29.81,31.04,!    8/3/2044,,,,,
29.81,31.14,!    8/4/2044,,,,,
29.81,31.14,!    8/5/2044,,,,,
29.81,31.24,!    8/6/2044,,,,,
29.81,31.34,!    8/7/2044,,,,,
29.81,31.34,!    8/8/2044,,,,,
29.81,31.44,!    8/9/2044,,,,,
29.81,31.34,!    8/10/2044,,,,,
29.81,31.44,!    8/11/2044,,,,,
29.81,31.34,!    8/12/2044,,,,,
29.75,31.14,!    8/13/2044,,,,,
29.75,31.14,!    8/14/2044,,,,,
29.75,31.14,!    8/15/2044,,,,,
29.70,31.24,!    8/16/2044,,,,,
29.70,31.24,!    8/17/2044,,,,,
29.70,31.14,!    8/18/2044,,,,,
29.64,31.04,!    8/19/2044,,,,,
29.64,30.84,!    8/20/2044,,,,,
29.58,30.84,!    8/21/2044,,,,,
29.58,30.84,!    8/22/2044,,,,,
29.53,30.84,!    8/23/2044,,,,,
29.47,30.94,!    8/24/2044,,,,,
29.47,30.84,!    8/25/2044,,,,,
29.42,30.74,!    8/26/2044,,,,,
29.36,30.64,!    8/27/2044,,,,,
29.31,30.54,!    8/28/2044,,,,,
29.31,30.44,!    8/29/2044,,,,,
29.25,30.34,!    8/30/2044,,,,,
29.20,30.24,!    8/31/2044,,,,,
28.55,29.79,!    9/1/2044,,,,,
28.49,29.69,!    9/2/2044,,,,,
28.44,29.49,!    9/3/2044,,,,,
28.33,29.49,!    9/4/2044,,,,,
28.27,29.39,!    9/5/2044,,,,,
28.22,29.39,!    9/6/2044,,,,,
28.16,29.39,!    9/7/2044,,,,,
28.05,29.29,!    9/8/2044,,,,,
27.99,29.19,!    9/9/2044,,,,,
27.94,29.09,!    9/10/2044,,,,,
27.83,28.89,!    9/11/2044,,,,,
27.77,28.79,!    9/12/2044,,,,,
27.66,28.79,!    9/13/2044,,,,,
27.55,28.69,!    9/14/2044,,,,,
27.49,28.59,!    9/15/2044,,,,,
27.38,28.39,!    9/16/2044,,,,,
27.27,28.29,!    9/17/2044,,,,,
27.16,28.19,!    9/18/2044,,,,,
27.05,27.89,!    9/19/2044,,,,,
26.94,27.79,!    9/20/2044,,,,,
26.83,27.59,!    9/21/2044,,,,,
26.72,27.49,!    9/22/2044,,,,,
26.61,27.49,!    9/23/2044,,,,,
26.44,27.29,!    9/24/2044,,,,,
26.33,27.19,!    9/25/2044,,,,,
26.22,26.89,!    9/26/2044,,,,,
26.05,26.89,!    9/27/2044,,,,,
25.94,26.79,!    9/28/2044,,,,,
25.77,26.59,!    9/29/2044,,,,,
25.61,26.39,!    9/30/2044,,,,,
26.06,26.19,!    10/1/2044,,,,,
25.89,25.89,!    10/2/2044,,,,,
25.73,25.69,!    10/3/2044,,,,,
25.56,25.69,!    10/4/2044,,,,,
25.39,25.59,!    10/5/2044,,,,,
25.23,25.39,!    10/6/2044,,,,,
25.06,25.19,!    10/7/2044,,,,,
24.89,24.99,!    10/8/2044,,,,,
24.67,24.79,!    10/9/2044,,,,,
24.50,24.69,!    10/10/2044,,,,,
24.34,24.59,!    10/11/2044,,,,,
24.17,24.39,!    10/12/2044,,,,,
23.95,24.19,!    10/13/2044,,,,,
23.78,23.99,!    10/14/2044,,,,,
23.56,23.79,!    10/15/2044,,,,,
23.39,23.59,!    10/16/2044,,,,,
23.17,23.29,!    10/17/2044,,,,,
23.00,23.09,!    10/18/2044,,,,,
22.78,22.79,!    10/19/2044,,,,,
22.61,22.29,!    10/20/2044,,,,,
22.39,21.99,!    10/21/2044,,,,,
22.23,21.69,!    10/22/2044,,,,,
22.00,21.29,!    10/23/2044,,,,,
21.84,20.99,!    10/24/2044,,,,,
21.61,20.59,!    10/25/2044,,,,,
21.45,20.39,!    10/26/2044,,,,,
21.23,20.19,!    10/27/2044,,,,,
21.06,19.69,!    10/28/2044,,,,,
20.84,19.29,!    10/29/2044,,,,,
20.67,19.09,!    10/30/2044,,,,,
20.45,18.89,!    10/31/2044,,,,,
21.12,20.22,!    11/1/2044,,,,,
20.95,20.02,!    11/2/2044,,,,,
20.73,19.92,!    11/3/2044,,,,,
20.56,19.72,!    11/4/2044,,,,,
20.40,19.52,!    11/5/2044,,,,,
20.23,19.62,!    11/6/2044,,,,,
20.06,19.42,!    11/7/2044,,,,,
19.90,19.22,!    11/8/2044,,,,,
19.73,19.02,!    11/9/2044,,,,,
19.56,18.82,!    11/10/2044,,,,,
19.40,18.62,!    11/11/2044,,,,,
19.29,18.42,!    11/12/2044,,,,,
19.12,18.12,!    11/13/2044,,,,,
18.95,17.82,!    11/14/2044,,,,,
18.84,17.62,!    11/15/2044,,,,,
18.67,17.42,!    11/16/2044,,,,,
18.56,17.12,!    11/17/2044,,,,,
18.45,16.82,!    11/18/2044,,,,,
18.29,16.52,!    11/19/2044,,,,,
18.17,16.32,!    11/20/2044,,,,,
18.06,16.12,!    11/21/2044,,,,,
17.95,15.92,!    11/22/2044,,,,,
17.84,15.82,!    11/23/2044,,,,,
17.73,15.72,!    11/24/2044,,,,,
17.62,15.62,!    11/25/2044,,,,,
17.51,15.42,!    11/26/2044,,,,,
17.40,15.22,!    11/27/2044,,,,,
17.29,15.02,!    11/28/2044,,,,,
17.23,14.92,!    11/29/2044,,,,,
17.12,14.82,!    11/30/2044,,,,,
15.54,14.23,!    12/1/2044,,,,,
15.49,14.03,!    12/2/2044,,,,,
15.38,13.93,!    12/3/2044,,,,,
15.26,13.73,!    12/4/2044,,,,,
15.21,13.53,!    12/5/2044,,,,,
15.10,13.13,!    12/6/2044,,,,,
15.04,12.93,!    12/7/2044,,,,,
14.93,12.73,!    12/8/2044,,,,,
14.88,12.53,!    12/9/2044,,,,,
14.76,12.33,!    12/10/2044,,,,,
14.71,12.03,!    12/11/2044,,,,,
14.60,11.93,!    12/12/2044,,,,,
14.54,11.73,!    12/13/2044,,,,,
14.49,11.63,!    12/14/2044,,,,,
14.38,11.43,!    12/15/2044,,,,,
14.32,11.33,!    12/16/2044,,,,,
14.21,11.13,!    12/17/2044,,,,,
14.15,11.03,!    12/18/2044,,,,,
14.10,10.93,!    12/19/2044,,,,,
13.99,10.83,!    12/20/2044,,,,,
13.93,10.73,!    12/21/2044,,,,,
13.88,10.73,!    12/22/2044,,,,,
13.82,10.63,!    12/23/2044,,,,,
13.71,10.53,!    12/24/2044,,,,,
13.65,10.43,!    12/25/2044,,,,,
13.60,10.33,!    12/26/2044,,,,,
13.54,10.33,!    12/27/2044,,,,,
13.49,10.33,!    12/28/2044,,,,,
13.43,10.23,!    12/29/2044,,,,,
13.38,10.23,!    12/30/2044,,,,,
13.32,10.23,!    12/31/2044,,,,,
13.71,8.73,!    1/1/2045,,,,,
13.65,8.63,!    1/2/2045,,,,,
13.60,8.53,!    1/3/2045,,,,,
13.54,8.43,!    1/4/2045,,,,,
13.54,8.23,!    1/5/2045,,,,,
13.49,8.13,!    1/6/2045,,,,,
13.43,8.03,!    1/7/2045,,,,,
13.43,7.93,!    1/8/2045,,,,,
13.38,7.83,!    1/9/2045,,,,,
13.38,7.83,!    1/10/2045,,,,,
13.38,7.73,!    1/11/2045,,,,,
13.32,7.73,!    1/12/2045,,,,,
13.32,7.63,!    1/13/2045,,,,,
13.32,7.43,!    1/14/2045,,,,,
13.32,7.33,!    1/15/2045,,,,,
13.32,7.23,!    1/16/2045,,,,,
13.32,7.13,!    1/17/2045,,,,,
13.38,7.13,!    1/18/2045,,,,,
13.38,7.13,!    1/19/2045,,,,,
13.38,6.83,!    1/20/2045,,,,,
13.43,6.93,!    1/21/2045,,,,,
13.49,6.93,!    1/22/2045,,,,,
13.49,6.93,!    1/23/2045,,,,,
13.54,7.03,!    1/24/2045,,,,,
13.60,7.03,!    1/25/2045,,,,,
13.65,7.23,!    1/26/2045,,,,,
13.71,7.23,!    1/27/2045,,,,,
13.77,7.13,!    1/28/2045,,,,,
13.82,7.03,!    1/29/2045,,,,,
13.88,6.93,!    1/30/2045,,,,,
13.99,6.93,!    1/31/2045,,,,,
13.87,7.54,!    2/1/2045,,,,,
13.93,7.54,!    2/2/2045,,,,,
14.04,7.74,!    2/3/2045,,,,,
14.09,7.74,!    2/4/2045,,,,,
14.20,7.74,!    2/5/2045,,,,,
14.31,7.84,!    2/6/2045,,,,,
14.43,7.84,!    2/7/2045,,,,,
14.48,8.04,!    2/8/2045,,,,,
14.59,8.14,!    2/9/2045,,,,,
14.70,8.24,!    2/10/2045,,,,,
14.81,8.24,!    2/11/2045,,,,,
14.93,8.34,!    2/12/2045,,,,,
15.04,8.34,!    2/13/2045,,,,,
15.15,8.34,!    2/14/2045,,,,,
15.26,8.34,!    2/15/2045,,,,,
15.37,8.44,!    2/16/2045,,,,,
15.48,8.54,!    2/17/2045,,,,,
15.59,8.54,!    2/18/2045,,,,,
15.70,8.64,!    2/19/2045,,,,,
15.81,8.74,!    2/20/2045,,,,,
15.93,8.94,!    2/21/2045,,,,,
16.04,9.04,!    2/22/2045,,,,,
16.15,9.14,!    2/23/2045,,,,,
16.26,9.34,!    2/24/2045,,,,,
16.43,9.44,!    2/25/2045,,,,,
16.54,9.44,!    2/26/2045,,,,,
16.65,9.64,!    2/27/2045,,,,,
16.76,9.74,!    2/28/2045,,,,,
17.09,10.62,!    3/1/2045,,,,,
17.40,10.12,!    3/2/2045,,,,,
17.51,10.12,!    3/3/2045,,,,,
17.62,10.12,!    3/4/2045,,,,,
17.73,10.12,!    3/5/2045,,,,,
17.85,10.22,!    3/6/2045,,,,,
17.96,10.32,!    3/7/2045,,,,,
18.07,10.42,!    3/8/2045,,,,,
18.18,10.62,!    3/9/2045,,,,,
18.29,10.82,!    3/10/2045,,,,,
18.35,11.02,!    3/11/2045,,,,,
18.46,11.22,!    3/12/2045,,,,,
18.57,11.32,!    3/13/2045,,,,,
18.68,11.52,!    3/14/2045,,,,,
18.79,11.62,!    3/15/2045,,,,,
18.90,11.82,!    3/16/2045,,,,,
19.01,11.92,!    3/17/2045,,,,,
19.07,12.02,!    3/18/2045,,,,,
19.18,12.22,!    3/19/2045,,,,,
19.29,12.52,!    3/20/2045,,,,,
19.40,12.62,!    3/21/2045,,,,,
19.46,12.82,!    3/22/2045,,,,,
19.57,12.82,!    3/23/2045,,,,,
19.68,13.02,!    3/24/2045,,,,,
19.79,13.32,!    3/25/2045,,,,,
19.85,13.52,!    3/26/2045,,,,,
19.96,13.72,!    3/27/2045,,,,,
20.07,13.92,!    3/28/2045,,,,,
20.12,14.12,!    3/29/2045,,,,,
20.23,14.32,!    3/30/2045,,,,,
20.35,14.52,!    3/31/2045,,,,,
20.27,14.76,!    4/1/2045,,,,,
20.71,14.96,!    4/2/2045,,,,,
20.82,15.16,!    4/3/2045,,,,,
20.93,15.46,!    4/4/2045,,,,,
21.04,15.76,!    4/5/2045,,,,,
21.10,15.96,!    4/6/2045,,,,,
21.21,16.06,!    4/7/2045,,,,,
21.32,16.16,!    4/8/2045,,,,,
21.43,16.36,!    4/9/2045,,,,,
21.54,16.56,!    4/10/2045,,,,,
21.60,16.76,!    4/11/2045,,,,,
21.71,17.06,!    4/12/2045,,,,,
21.82,17.16,!    4/13/2045,,,,,
21.93,17.26,!    4/14/2045,,,,,
22.04,17.46,!    4/15/2045,,,,,
22.15,17.56,!    4/16/2045,,,,,
22.27,17.66,!    4/17/2045,,,,,
22.38,17.76,!    4/18/2045,,,,,
22.49,17.96,!    4/19/2045,,,,,
22.60,18.06,!    4/20/2045,,,,,
22.71,18.26,!    4/21/2045,,,,,
22.88,18.56,!    4/22/2045,,,,,
22.99,18.66,!    4/23/2045,,,,,
23.10,18.76,!    4/24/2045,,,,,
23.21,18.86,!    4/25/2045,,,,,
23.32,18.96,!    4/26/2045,,,,,
23.49,19.16,!    4/27/2045,,,,,
23.60,19.36,!    4/28/2045,,,,,
23.71,19.76,!    4/29/2045,,,,,
23.88,19.96,!    4/30/2045,,,,,
23.02,19.53,!    5/1/2045,,,,,
23.24,19.73,!    5/2/2045,,,,,
23.40,19.83,!    5/3/2045,,,,,
23.52,20.03,!    5/4/2045,,,,,
23.68,20.03,!    5/5/2045,,,,,
23.79,20.13,!    5/6/2045,,,,,
23.96,20.23,!    5/7/2045,,,,,
24.07,20.43,!    5/8/2045,,,,,
24.24,20.63,!    5/9/2045,,,,,
24.35,20.83,!    5/10/2045,,,,,
24.46,20.93,!    5/11/2045,,,,,
24.63,21.03,!    5/12/2045,,,,,
24.74,21.23,!    5/13/2045,,,,,
24.90,21.33,!    5/14/2045,,,,,
25.02,21.43,!    5/15/2045,,,,,
25.18,21.63,!    5/16/2045,,,,,
25.29,21.83,!    5/17/2045,,,,,
25.46,22.03,!    5/18/2045,,,,,
25.57,22.03,!    5/19/2045,,,,,
25.68,22.23,!    5/20/2045,,,,,
25.85,22.43,!    5/21/2045,,,,,
25.96,22.73,!    5/22/2045,,,,,
26.07,22.93,!    5/23/2045,,,,,
26.24,23.13,!    5/24/2045,,,,,
26.35,23.33,!    5/25/2045,,,,,
26.46,23.63,!    5/26/2045,,,,,
26.57,23.83,!    5/27/2045,,,,,
26.68,23.93,!    5/28/2045,,,,,
26.79,24.13,!    5/29/2045,,,,,
26.90,24.33,!    5/30/2045,,,,,
27.02,24.43,!    5/31/2045,,,,,
27.20,24.87,!    6/1/2045,,,,,
27.39,25.07,!    6/2/2045,,,,,
27.45,25.27,!    6/3/2045,,,,,
27.56,25.47,!    6/4/2045,,,,,
27.67,25.67,!    6/5/2045,,,,,
27.73,25.87,!    6/6/2045,,,,,
27.84,26.17,!    6/7/2045,,,,,
27.89,26.47,!    6/8/2045,,,,,
28.00,26.77,!    6/9/2045,,,,,
28.06,26.97,!    6/10/2045,,,,,
28.12,27.17,!    6/11/2045,,,,,
28.23,27.37,!    6/12/2045,,,,,
28.28,27.47,!    6/13/2045,,,,,
28.34,27.57,!    6/14/2045,,,,,
28.39,27.77,!    6/15/2045,,,,,
28.45,27.97,!    6/16/2045,,,,,
28.50,28.17,!    6/17/2045,,,,,
28.56,28.27,!    6/18/2045,,,,,
28.62,28.37,!    6/19/2045,,,,,
28.62,28.47,!    6/20/2045,,,,,
28.67,28.67,!    6/21/2045,,,,,
28.73,28.77,!    6/22/2045,,,,,
28.78,28.87,!    6/23/2045,,,,,
28.78,28.97,!    6/24/2045,,,,,
28.84,29.17,!    6/25/2045,,,,,
28.84,29.27,!    6/26/2045,,,,,
28.89,29.37,!    6/27/2045,,,,,
28.89,29.47,!    6/28/2045,,,,,
28.95,29.47,!    6/29/2045,,,,,
28.95,29.57,!    6/30/2045,,,,,
29.51,30.11,!    7/1/2045,,,,,
29.46,30.21,!    7/2/2045,,,,,
29.46,30.41,!    7/3/2045,,,,,
29.51,30.41,!    7/4/2045,,,,,
29.51,30.41,!    7/5/2045,,,,,
29.57,30.41,!    7/6/2045,,,,,
29.57,30.41,!    7/7/2045,,,,,
29.57,30.41,!    7/8/2045,,,,,
29.57,30.31,!    7/9/2045,,,,,
29.62,30.41,!    7/10/2045,,,,,
29.62,30.41,!    7/11/2045,,,,,
29.62,30.41,!    7/12/2045,,,,,
29.68,30.41,!    7/13/2045,,,,,
29.68,30.51,!    7/14/2045,,,,,
29.68,30.51,!    7/15/2045,,,,,
29.68,30.51,!    7/16/2045,,,,,
29.74,30.51,!    7/17/2045,,,,,
29.74,30.61,!    7/18/2045,,,,,
29.74,30.61,!    7/19/2045,,,,,
29.79,30.81,!    7/20/2045,,,,,
29.79,30.91,!    7/21/2045,,,,,
29.79,30.91,!    7/22/2045,,,,,
29.79,31.01,!    7/23/2045,,,,,
29.79,31.01,!    7/24/2045,,,,,
29.85,31.01,!    7/25/2045,,,,,
29.85,31.11,!    7/26/2045,,,,,
29.85,31.21,!    7/27/2045,,,,,
29.85,31.31,!    7/28/2045,,,,,
29.85,31.31,!    7/29/2045,,,,,
29.90,31.41,!    7/30/2045,,,,,
29.90,31.41,!    7/31/2045,,,,,
29.74,31.07,!    8/1/2045,,,,,
29.75,30.97,!    8/2/2045,,,,,
29.75,31.07,!    8/3/2045,,,,,
29.75,31.07,!    8/4/2045,,,,,
29.75,31.17,!    8/5/2045,,,,,
29.75,31.17,!    8/6/2045,,,,,
29.75,31.27,!    8/7/2045,,,,,
29.75,31.37,!    8/8/2045,,,,,
29.75,31.37,!    8/9/2045,,,,,
29.75,31.47,!    8/10/2045,,,,,
29.75,31.37,!    8/11/2045,,,,,
29.75,31.47,!    8/12/2045,,,,,
29.75,31.37,!    8/13/2045,,,,,
29.70,31.17,!    8/14/2045,,,,,
29.70,31.17,!    8/15/2045,,,,,
29.70,31.17,!    8/16/2045,,,,,
29.64,31.27,!    8/17/2045,,,,,
29.64,31.27,!    8/18/2045,,,,,
29.64,31.17,!    8/19/2045,,,,,
29.58,31.07,!    8/20/2045,,,,,
29.58,30.87,!    8/21/2045,,,,,
29.53,30.87,!    8/22/2045,,,,,
29.53,30.87,!    8/23/2045,,,,,
29.47,30.87,!    8/24/2045,,,,,
29.42,30.97,!    8/25/2045,,,,,
29.42,30.87,!    8/26/2045,,,,,
29.36,30.77,!    8/27/2045,,,,,
29.31,30.67,!    8/28/2045,,,,,
29.25,30.57,!    8/29/2045,,,,,
29.25,30.47,!    8/30/2045,,,,,
29.20,30.37,!    8/31/2045,,,,,
29.01,30.60,!    9/1/2045,,,,,
28.82,30.50,!    9/2/2045,,,,,
28.76,30.40,!    9/3/2045,,,,,
28.71,30.20,!    9/4/2045,,,,,
28.59,30.20,!    9/5/2045,,,,,
28.54,30.10,!    9/6/2045,,,,,
28.48,30.10,!    9/7/2045,,,,,
28.43,30.10,!    9/8/2045,,,,,
28.32,30.00,!    9/9/2045,,,,,
28.26,29.90,!    9/10/2045,,,,,
28.21,29.80,!    9/11/2045,,,,,
28.09,29.60,!    9/12/2045,,,,,
28.04,29.50,!    9/13/2045,,,,,
27.93,29.50,!    9/14/2045,,,,,
27.82,29.40,!    9/15/2045,,,,,
27.76,29.30,!    9/16/2045,,,,,
27.65,29.10,!    9/17/2045,,,,,
27.54,29.00,!    9/18/2045,,,,,
27.43,28.90,!    9/19/2045,,,,,
27.32,28.60,!    9/20/2045,,,,,
27.21,28.50,!    9/21/2045,,,,,
27.09,28.30,!    9/22/2045,,,,,
26.98,28.20,!    9/23/2045,,,,,
26.87,28.20,!    9/24/2045,,,,,
26.71,28.00,!    9/25/2045,,,,,
26.59,27.90,!    9/26/2045,,,,,
26.48,27.60,!    9/27/2045,,,,,
26.32,27.60,!    9/28/2045,,,,,
26.21,27.50,!    9/29/2045,,,,,
26.04,27.30,!    9/30/2045,,,,,
26.72,26.91,!    10/1/2045,,,,,
26.43,26.61,!    10/2/2045,,,,,
26.27,26.31,!    10/3/2045,,,,,
26.10,26.11,!    10/4/2045,,,,,
25.93,26.11,!    10/5/2045,,,,,
25.77,26.01,!    10/6/2045,,,,,
25.60,25.81,!    10/7/2045,,,,,
25.43,25.61,!    10/8/2045,,,,,
25.27,25.41,!    10/9/2045,,,,,
25.04,25.21,!    10/10/2045,,,,,
24.88,25.11,!    10/11/2045,,,,,
24.71,25.01,!    10/12/2045,,,,,
24.54,24.81,!    10/13/2045,,,,,
24.32,24.61,!    10/14/2045,,,,,
24.15,24.41,!    10/15/2045,,,,,
23.93,24.21,!    10/16/2045,,,,,
23.77,24.01,!    10/17/2045,,,,,
23.54,23.71,!    10/18/2045,,,,,
23.38,23.51,!    10/19/2045,,,,,
23.15,23.21,!    10/20/2045,,,,,
22.99,22.71,!    10/21/2045,,,,,
22.77,22.41,!    10/22/2045,,,,,
22.60,22.11,!    10/23/2045,,,,,
22.38,21.71,!    10/24/2045,,,,,
22.21,21.41,!    10/25/2045,,,,,
21.99,21.01,!    10/26/2045,,,,,
21.82,20.81,!    10/27/2045,,,,,
21.60,20.61,!    10/28/2045,,,,,
21.43,20.11,!    10/29/2045,,,,,
21.21,19.71,!    10/30/2045,,,,,
21.04,19.51,!    10/31/2045,,,,,
20.88,20.54,!    11/1/2045,,,,,
20.48,20.34,!    11/2/2045,,,,,
20.32,20.14,!    11/3/2045,,,,,
20.09,20.04,!    11/4/2045,,,,,
19.93,19.84,!    11/5/2045,,,,,
19.76,19.64,!    11/6/2045,,,,,
19.59,19.74,!    11/7/2045,,,,,
19.43,19.54,!    11/8/2045,,,,,
19.26,19.34,!    11/9/2045,,,,,
19.09,19.14,!    11/10/2045,,,,,
18.93,18.94,!    11/11/2045,,,,,
18.76,18.74,!    11/12/2045,,,,,
18.65,18.54,!    11/13/2045,,,,,
18.48,18.24,!    11/14/2045,,,,,
18.32,17.94,!    11/15/2045,,,,,
18.20,17.74,!    11/16/2045,,,,,
18.04,17.54,!    11/17/2045,,,,,
17.93,17.24,!    11/18/2045,,,,,
17.82,16.94,!    11/19/2045,,,,,
17.65,16.64,!    11/20/2045,,,,,
17.54,16.44,!    11/21/2045,,,,,
17.43,16.24,!    11/22/2045,,,,,
17.32,16.04,!    11/23/2045,,,,,
17.20,15.94,!    11/24/2045,,,,,
17.09,15.84,!    11/25/2045,,,,,
16.98,15.74,!    11/26/2045,,,,,
16.87,15.54,!    11/27/2045,,,,,
16.76,15.34,!    11/28/2045,,,,,
16.65,15.14,!    11/29/2045,,,,,
16.59,15.04,!    11/30/2045,,,,,
16.41,13.74,!    12/1/2045,,,,,
16.09,13.44,!    12/2/2045,,,,,
16.04,13.24,!    12/3/2045,,,,,
15.93,13.14,!    12/4/2045,,,,,
15.82,12.94,!    12/5/2045,,,,,
15.76,12.74,!    12/6/2045,,,,,
15.65,12.34,!    12/7/2045,,,,,
15.59,12.14,!    12/8/2045,,,,,
15.48,11.94,!    12/9/2045,,,,,
15.43,11.74,!    12/10/2045,,,,,
15.32,11.54,!    12/11/2045,,,,,
15.26,11.24,!    12/12/2045,,,,,
15.15,11.14,!    12/13/2045,,,,,
15.09,10.94,!    12/14/2045,,,,,
15.04,10.84,!    12/15/2045,,,,,
14.93,10.64,!    12/16/2045,,,,,
14.87,10.54,!    12/17/2045,,,,,
14.76,10.34,!    12/18/2045,,,,,
14.71,10.24,!    12/19/2045,,,,,
14.65,10.14,!    12/20/2045,,,,,
14.54,10.04,!    12/21/2045,,,,,
14.48,9.94,!    12/22/2045,,,,,
14.43,9.94,!    12/23/2045,,,,,
14.37,9.84,!    12/24/2045,,,,,
14.26,9.74,!    12/25/2045,,,,,
14.21,9.64,!    12/26/2045,,,,,
14.15,9.54,!    12/27/2045,,,,,
14.09,9.54,!    12/28/2045,,,,,
14.04,9.54,!    12/29/2045,,,,,
13.98,9.44,!    12/30/2045,,,,,
13.93,9.44,!    12/31/2045,,,,,
13.35,9.35,!    1/1/2046,,,,,
13.29,9.25,!    1/2/2046,,,,,
13.24,9.15,!    1/3/2046,,,,,
13.18,9.05,!    1/4/2046,,,,,
13.18,8.85,!    1/5/2046,,,,,
13.13,8.75,!    1/6/2046,,,,,
13.07,8.65,!    1/7/2046,,,,,
13.07,8.55,!    1/8/2046,,,,,
13.02,8.45,!    1/9/2046,,,,,
13.02,8.45,!    1/10/2046,,,,,
13.02,8.35,!    1/11/2046,,,,,
12.96,8.35,!    1/12/2046,,,,,
12.96,8.25,!    1/13/2046,,,,,
12.96,8.05,!    1/14/2046,,,,,
12.96,7.95,!    1/15/2046,,,,,
12.96,7.85,!    1/16/2046,,,,,
12.96,7.75,!    1/17/2046,,,,,
13.02,7.75,!    1/18/2046,,,,,
13.02,7.75,!    1/19/2046,,,,,
13.02,7.45,!    1/20/2046,,,,,
13.07,7.55,!    1/21/2046,,,,,
13.13,7.55,!    1/22/2046,,,,,
13.13,7.55,!    1/23/2046,,,,,
13.18,7.65,!    1/24/2046,,,,,
13.24,7.65,!    1/25/2046,,,,,
13.29,7.85,!    1/26/2046,,,,,
13.35,7.85,!    1/27/2046,,,,,
13.41,7.75,!    1/28/2046,,,,,
13.46,7.65,!    1/29/2046,,,,,
13.52,7.55,!    1/30/2046,,,,,
13.63,7.55,!    1/31/2046,,,,,
13.46,7.44,!    2/1/2046,,,,,
13.51,7.44,!    2/2/2046,,,,,
13.63,7.64,!    2/3/2046,,,,,
13.68,7.64,!    2/4/2046,,,,,
13.79,7.64,!    2/5/2046,,,,,
13.90,7.74,!    2/6/2046,,,,,
14.01,7.74,!    2/7/2046,,,,,
14.07,7.94,!    2/8/2046,,,,,
14.18,8.04,!    2/9/2046,,,,,
14.29,8.14,!    2/10/2046,,,,,
14.40,8.14,!    2/11/2046,,,,,
14.51,8.24,!    2/12/2046,,,,,
14.63,8.24,!    2/13/2046,,,,,
14.74,8.24,!    2/14/2046,,,,,
14.85,8.24,!    2/15/2046,,,,,
14.96,8.34,!    2/16/2046,,,,,
15.07,8.44,!    2/17/2046,,,,,
15.18,8.44,!    2/18/2046,,,,,
15.29,8.54,!    2/19/2046,,,,,
15.40,8.64,!    2/20/2046,,,,,
15.51,8.84,!    2/21/2046,,,,,
15.63,8.94,!    2/22/2046,,,,,
15.74,9.04,!    2/23/2046,,,,,
15.85,9.24,!    2/24/2046,,,,,
16.01,9.34,!    2/25/2046,,,,,
16.13,9.34,!    2/26/2046,,,,,
16.24,9.54,!    2/27/2046,,,,,
16.35,9.64,!    2/28/2046,,,,,
16.67,9.87,!    3/1/2046,,,,,
16.98,9.37,!    3/2/2046,,,,,
17.10,9.37,!    3/3/2046,,,,,
17.21,9.37,!    3/4/2046,,,,,
17.32,9.37,!    3/5/2046,,,,,
17.43,9.47,!    3/6/2046,,,,,
17.54,9.57,!    3/7/2046,,,,,
17.65,9.67,!    3/8/2046,,,,,
17.76,9.87,!    3/9/2046,,,,,
17.87,10.07,!    3/10/2046,,,,,
17.93,10.27,!    3/11/2046,,,,,
18.04,10.47,!    3/12/2046,,,,,
18.15,10.57,!    3/13/2046,,,,,
18.26,10.77,!    3/14/2046,,,,,
18.37,10.87,!    3/15/2046,,,,,
18.48,11.07,!    3/16/2046,,,,,
18.60,11.17,!    3/17/2046,,,,,
18.65,11.27,!    3/18/2046,,,,,
18.76,11.47,!    3/19/2046,,,,,
18.87,11.77,!    3/20/2046,,,,,
18.98,11.87,!    3/21/2046,,,,,
19.04,12.07,!    3/22/2046,,,,,
19.15,12.07,!    3/23/2046,,,,,
19.26,12.27,!    3/24/2046,,,,,
19.37,12.57,!    3/25/2046,,,,,
19.43,12.77,!    3/26/2046,,,,,
19.54,12.97,!    3/27/2046,,,,,
19.65,13.17,!    3/28/2046,,,,,
19.71,13.37,!    3/29/2046,,,,,
19.82,13.57,!    3/30/2046,,,,,
19.93,13.77,!    3/31/2046,,,,,
20.32,14.60,!    4/1/2046,,,,,
20.76,14.80,!    4/2/2046,,,,,
20.87,15.00,!    4/3/2046,,,,,
20.98,15.30,!    4/4/2046,,,,,
21.09,15.60,!    4/5/2046,,,,,
21.15,15.80,!    4/6/2046,,,,,
21.26,15.90,!    4/7/2046,,,,,
21.37,16.00,!    4/8/2046,,,,,
21.48,16.20,!    4/9/2046,,,,,
21.59,16.40,!    4/10/2046,,,,,
21.65,16.60,!    4/11/2046,,,,,
21.76,16.90,!    4/12/2046,,,,,
21.87,17.00,!    4/13/2046,,,,,
21.98,17.10,!    4/14/2046,,,,,
22.09,17.30,!    4/15/2046,,,,,
22.20,17.40,!    4/16/2046,,,,,
22.31,17.50,!    4/17/2046,,,,,
22.42,17.60,!    4/18/2046,,,,,
22.53,17.80,!    4/19/2046,,,,,
22.65,17.90,!    4/20/2046,,,,,
22.76,18.10,!    4/21/2046,,,,,
22.92,18.40,!    4/22/2046,,,,,
23.03,18.50,!    4/23/2046,,,,,
23.15,18.60,!    4/24/2046,,,,,
23.26,18.70,!    4/25/2046,,,,,
23.37,18.80,!    4/26/2046,,,,,
23.53,19.00,!    4/27/2046,,,,,
23.65,19.20,!    4/28/2046,,,,,
23.76,19.60,!    4/29/2046,,,,,
23.92,19.80,!    4/30/2046,,,,,
23.51,20.09,!    5/1/2046,,,,,
23.73,20.29,!    5/2/2046,,,,,
23.90,20.39,!    5/3/2046,,,,,
24.01,20.59,!    5/4/2046,,,,,
24.18,20.59,!    5/5/2046,,,,,
24.29,20.69,!    5/6/2046,,,,,
24.45,20.79,!    5/7/2046,,,,,
24.56,20.99,!    5/8/2046,,,,,
24.73,21.19,!    5/9/2046,,,,,
24.84,21.39,!    5/10/2046,,,,,
24.95,21.49,!    5/11/2046,,,,,
25.12,21.59,!    5/12/2046,,,,,
25.23,21.79,!    5/13/2046,,,,,
25.40,21.89,!    5/14/2046,,,,,
25.51,21.99,!    5/15/2046,,,,,
25.68,22.19,!    5/16/2046,,,,,
25.79,22.39,!    5/17/2046,,,,,
25.95,22.59,!    5/18/2046,,,,,
26.06,22.59,!    5/19/2046,,,,,
26.18,22.79,!    5/20/2046,,,,,
26.34,22.99,!    5/21/2046,,,,,
26.45,23.29,!    5/22/2046,,,,,
26.56,23.49,!    5/23/2046,,,,,
26.73,23.69,!    5/24/2046,,,,,
26.84,23.89,!    5/25/2046,,,,,
26.95,24.19,!    5/26/2046,,,,,
27.06,24.39,!    5/27/2046,,,,,
27.18,24.49,!    5/28/2046,,,,,
27.29,24.69,!    5/29/2046,,,,,
27.40,24.89,!    5/30/2046,,,,,
27.51,24.99,!    5/31/2046,,,,,
27.63,24.85,!    6/1/2046,,,,,
27.82,25.05,!    6/2/2046,,,,,
27.88,25.25,!    6/3/2046,,,,,
27.99,25.45,!    6/4/2046,,,,,
28.10,25.65,!    6/5/2046,,,,,
28.16,25.85,!    6/6/2046,,,,,
28.27,26.15,!    6/7/2046,,,,,
28.32,26.45,!    6/8/2046,,,,,
28.43,26.75,!    6/9/2046,,,,,
28.49,26.95,!    6/10/2046,,,,,
28.54,27.15,!    6/11/2046,,,,,
28.66,27.35,!    6/12/2046,,,,,
28.71,27.45,!    6/13/2046,,,,,
28.77,27.55,!    6/14/2046,,,,,
28.82,27.75,!    6/15/2046,,,,,
28.88,27.95,!    6/16/2046,,,,,
28.93,28.15,!    6/17/2046,,,,,
28.99,28.25,!    6/18/2046,,,,,
29.04,28.35,!    6/19/2046,,,,,
29.04,28.45,!    6/20/2046,,,,,
29.10,28.65,!    6/21/2046,,,,,
29.16,28.75,!    6/22/2046,,,,,
29.21,28.85,!    6/23/2046,,,,,
29.21,28.95,!    6/24/2046,,,,,
29.27,29.15,!    6/25/2046,,,,,
29.27,29.25,!    6/26/2046,,,,,
29.32,29.35,!    6/27/2046,,,,,
29.32,29.45,!    6/28/2046,,,,,
29.38,29.45,!    6/29/2046,,,,,
29.38,29.55,!    6/30/2046,,,,,
29.64,30.08,!    7/1/2046,,,,,
29.58,30.18,!    7/2/2046,,,,,
29.58,30.38,!    7/3/2046,,,,,
29.64,30.38,!    7/4/2046,,,,,
29.64,30.38,!    7/5/2046,,,,,
29.69,30.38,!    7/6/2046,,,,,
29.69,30.38,!    7/7/2046,,,,,
29.69,30.38,!    7/8/2046,,,,,
29.69,30.28,!    7/9/2046,,,,,
29.75,30.38,!    7/10/2046,,,,,
29.75,30.38,!    7/11/2046,,,,,
29.75,30.38,!    7/12/2046,,,,,
29.80,30.38,!    7/13/2046,,,,,
29.80,30.48,!    7/14/2046,,,,,
29.80,30.48,!    7/15/2046,,,,,
29.80,30.48,!    7/16/2046,,,,,
29.86,30.48,!    7/17/2046,,,,,
29.86,30.58,!    7/18/2046,,,,,
29.86,30.58,!    7/19/2046,,,,,
29.92,30.78,!    7/20/2046,,,,,
29.92,30.88,!    7/21/2046,,,,,
29.92,30.88,!    7/22/2046,,,,,
29.92,30.98,!    7/23/2046,,,,,
29.92,30.98,!    7/24/2046,,,,,
29.97,30.98,!    7/25/2046,,,,,
29.97,31.08,!    7/26/2046,,,,,
29.97,31.18,!    7/27/2046,,,,,
29.97,31.28,!    7/28/2046,,,,,
29.97,31.28,!    7/29/2046,,,,,
30.03,31.38,!    7/30/2046,,,,,
30.03,31.38,!    7/31/2046,,,,,
29.77,31.25,!    8/1/2046,,,,,
29.78,31.15,!    8/2/2046,,,,,
29.78,31.25,!    8/3/2046,,,,,
29.78,31.25,!    8/4/2046,,,,,
29.78,31.35,!    8/5/2046,,,,,
29.78,31.35,!    8/6/2046,,,,,
29.78,31.45,!    8/7/2046,,,,,
29.78,31.55,!    8/8/2046,,,,,
29.78,31.55,!    8/9/2046,,,,,
29.78,31.65,!    8/10/2046,,,,,
29.78,31.55,!    8/11/2046,,,,,
29.78,31.65,!    8/12/2046,,,,,
29.78,31.55,!    8/13/2046,,,,,
29.72,31.35,!    8/14/2046,,,,,
29.72,31.35,!    8/15/2046,,,,,
29.72,31.35,!    8/16/2046,,,,,
29.67,31.45,!    8/17/2046,,,,,
29.67,31.45,!    8/18/2046,,,,,
29.67,31.35,!    8/19/2046,,,,,
29.61,31.25,!    8/20/2046,,,,,
29.61,31.05,!    8/21/2046,,,,,
29.56,31.05,!    8/22/2046,,,,,
29.56,31.05,!    8/23/2046,,,,,
29.50,31.05,!    8/24/2046,,,,,
29.45,31.15,!    8/25/2046,,,,,
29.45,31.05,!    8/26/2046,,,,,
29.39,30.95,!    8/27/2046,,,,,
29.33,30.85,!    8/28/2046,,,,,
29.28,30.75,!    8/29/2046,,,,,
29.28,30.65,!    8/30/2046,,,,,
29.22,30.55,!    8/31/2046,,,,,
29.27,30.64,!    9/1/2046,,,,,
29.08,30.54,!    9/2/2046,,,,,
29.03,30.44,!    9/3/2046,,,,,
28.97,30.24,!    9/4/2046,,,,,
28.86,30.24,!    9/5/2046,,,,,
28.80,30.14,!    9/6/2046,,,,,
28.75,30.14,!    9/7/2046,,,,,
28.69,30.14,!    9/8/2046,,,,,
28.58,30.04,!    9/9/2046,,,,,
28.53,29.94,!    9/10/2046,,,,,
28.47,29.84,!    9/11/2046,,,,,
28.36,29.64,!    9/12/2046,,,,,
28.30,29.54,!    9/13/2046,,,,,
28.19,29.54,!    9/14/2046,,,,,
28.08,29.44,!    9/15/2046,,,,,
28.03,29.34,!    9/16/2046,,,,,
27.91,29.14,!    9/17/2046,,,,,
27.80,29.04,!    9/18/2046,,,,,
27.69,28.94,!    9/19/2046,,,,,
27.58,28.64,!    9/20/2046,,,,,
27.47,28.54,!    9/21/2046,,,,,
27.36,28.34,!    9/22/2046,,,,,
27.25,28.24,!    9/23/2046,,,,,
27.14,28.24,!    9/24/2046,,,,,
26.97,28.04,!    9/25/2046,,,,,
26.86,27.94,!    9/26/2046,,,,,
26.75,27.64,!    9/27/2046,,,,,
26.58,27.64,!    9/28/2046,,,,,
26.47,27.54,!    9/29/2046,,,,,
26.30,27.34,!    9/30/2046,,,,,
26.61,26.87,!    10/1/2046,,,,,
26.32,26.57,!    10/2/2046,,,,,
26.16,26.27,!    10/3/2046,,,,,
25.99,26.07,!    10/4/2046,,,,,
25.82,26.07,!    10/5/2046,,,,,
25.66,25.97,!    10/6/2046,,,,,
25.49,25.77,!    10/7/2046,,,,,
25.32,25.57,!    10/8/2046,,,,,
25.16,25.37,!    10/9/2046,,,,,
24.93,25.17,!    10/10/2046,,,,,
24.77,25.07,!    10/11/2046,,,,,
24.60,24.97,!    10/12/2046,,,,,
24.43,24.77,!    10/13/2046,,,,,
24.21,24.57,!    10/14/2046,,,,,
24.04,24.37,!    10/15/2046,,,,,
23.82,24.17,!    10/16/2046,,,,,
23.66,23.97,!    10/17/2046,,,,,
23.43,23.67,!    10/18/2046,,,,,
23.27,23.47,!    10/19/2046,,,,,
23.04,23.17,!    10/20/2046,,,,,
22.88,22.67,!    10/21/2046,,,,,
22.66,22.37,!    10/22/2046,,,,,
22.49,22.07,!    10/23/2046,,,,,
22.27,21.67,!    10/24/2046,,,,,
22.10,21.37,!    10/25/2046,,,,,
21.88,20.97,!    10/26/2046,,,,,
21.71,20.77,!    10/27/2046,,,,,
21.49,20.57,!    10/28/2046,,,,,
21.32,20.07,!    10/29/2046,,,,,
21.10,19.67,!    10/30/2046,,,,,
20.93,19.47,!    10/31/2046,,,,,
21.14,19.13,!    11/1/2046,,,,,
20.74,18.93,!    11/2/2046,,,,,
20.58,18.73,!    11/3/2046,,,,,
20.35,18.63,!    11/4/2046,,,,,
20.19,18.43,!    11/5/2046,,,,,
20.02,18.23,!    11/6/2046,,,,,
19.85,18.33,!    11/7/2046,,,,,
19.69,18.13,!    11/8/2046,,,,,
19.52,17.93,!    11/9/2046,,,,,
19.35,17.73,!    11/10/2046,,,,,
19.19,17.53,!    11/11/2046,,,,,
19.02,17.33,!    11/12/2046,,,,,
18.91,17.13,!    11/13/2046,,,,,
18.74,16.83,!    11/14/2046,,,,,
18.58,16.53,!    11/15/2046,,,,,
18.47,16.33,!    11/16/2046,,,,,
18.30,16.13,!    11/17/2046,,,,,
18.19,15.83,!    11/18/2046,,,,,
18.08,15.53,!    11/19/2046,,,,,
17.91,15.23,!    11/20/2046,,,,,
17.80,15.03,!    11/21/2046,,,,,
17.69,14.83,!    11/22/2046,,,,,
17.58,14.63,!    11/23/2046,,,,,
17.47,14.53,!    11/24/2046,,,,,
17.35,14.43,!    11/25/2046,,,,,
17.24,14.33,!    11/26/2046,,,,,
17.13,14.13,!    11/27/2046,,,,,
17.02,13.93,!    11/28/2046,,,,,
16.91,13.73,!    11/29/2046,,,,,
16.85,13.63,!    11/30/2046,,,,,
16.82,13.39,!    12/1/2046,,,,,
16.51,13.09,!    12/2/2046,,,,,
16.45,12.89,!    12/3/2046,,,,,
16.34,12.79,!    12/4/2046,,,,,
16.23,12.59,!    12/5/2046,,,,,
16.17,12.39,!    12/6/2046,,,,,
16.06,11.99,!    12/7/2046,,,,,
16.01,11.79,!    12/8/2046,,,,,
15.90,11.59,!    12/9/2046,,,,,
15.84,11.39,!    12/10/2046,,,,,
15.73,11.19,!    12/11/2046,,,,,
15.67,10.89,!    12/12/2046,,,,,
15.56,10.79,!    12/13/2046,,,,,
15.51,10.59,!    12/14/2046,,,,,
15.45,10.49,!    12/15/2046,,,,,
15.34,10.29,!    12/16/2046,,,,,
15.29,10.19,!    12/17/2046,,,,,
15.17,9.99,!    12/18/2046,,,,,
15.12,9.89,!    12/19/2046,,,,,
15.06,9.79,!    12/20/2046,,,,,
14.95,9.69,!    12/21/2046,,,,,
14.90,9.59,!    12/22/2046,,,,,
14.84,9.59,!    12/23/2046,,,,,
14.79,9.49,!    12/24/2046,,,,,
14.67,9.39,!    12/25/2046,,,,,
14.62,9.29,!    12/26/2046,,,,,
14.56,9.19,!    12/27/2046,,,,,
14.51,9.19,!    12/28/2046,,,,,
14.45,9.19,!    12/29/2046,,,,,
14.40,9.09,!    12/30/2046,,,,,
14.34,9.09,!    12/31/2046,,,,,
12.97,9.33,!    1/1/2047,,,,,
12.92,9.23,!    1/2/2047,,,,,
12.86,9.13,!    1/3/2047,,,,,
12.81,9.03,!    1/4/2047,,,,,
12.81,8.83,!    1/5/2047,,,,,
12.75,8.73,!    1/6/2047,,,,,
12.69,8.63,!    1/7/2047,,,,,
12.69,8.53,!    1/8/2047,,,,,
12.64,8.43,!    1/9/2047,,,,,
12.64,8.43,!    1/10/2047,,,,,
12.64,8.33,!    1/11/2047,,,,,
12.58,8.33,!    1/12/2047,,,,,
12.58,8.23,!    1/13/2047,,,,,
12.58,8.03,!    1/14/2047,,,,,
12.58,7.93,!    1/15/2047,,,,,
12.58,7.83,!    1/16/2047,,,,,
12.58,7.73,!    1/17/2047,,,,,
12.64,7.73,!    1/18/2047,,,,,
12.64,7.73,!    1/19/2047,,,,,
12.64,7.43,!    1/20/2047,,,,,
12.69,7.53,!    1/21/2047,,,,,
12.75,7.53,!    1/22/2047,,,,,
12.75,7.53,!    1/23/2047,,,,,
12.81,7.63,!    1/24/2047,,,,,
12.86,7.63,!    1/25/2047,,,,,
12.92,7.83,!    1/26/2047,,,,,
12.97,7.83,!    1/27/2047,,,,,
13.03,7.73,!    1/28/2047,,,,,
13.08,7.63,!    1/29/2047,,,,,
13.14,7.53,!    1/30/2047,,,,,
13.25,7.53,!    1/31/2047,,,,,
13.94,7.06,!    2/1/2047,,,,,
14.00,7.06,!    2/2/2047,,,,,
14.11,7.26,!    2/3/2047,,,,,
14.16,7.26,!    2/4/2047,,,,,
14.27,7.26,!    2/5/2047,,,,,
14.39,7.36,!    2/6/2047,,,,,
14.50,7.36,!    2/7/2047,,,,,
14.55,7.56,!    2/8/2047,,,,,
14.66,7.66,!    2/9/2047,,,,,
14.77,7.76,!    2/10/2047,,,,,
14.89,7.76,!    2/11/2047,,,,,
15.00,7.86,!    2/12/2047,,,,,
15.11,7.86,!    2/13/2047,,,,,
15.22,7.86,!    2/14/2047,,,,,
15.33,7.86,!    2/15/2047,,,,,
15.44,7.96,!    2/16/2047,,,,,
15.55,8.06,!    2/17/2047,,,,,
15.66,8.06,!    2/18/2047,,,,,
15.77,8.16,!    2/19/2047,,,,,
15.89,8.26,!    2/20/2047,,,,,
16.00,8.46,!    2/21/2047,,,,,
16.11,8.56,!    2/22/2047,,,,,
16.22,8.66,!    2/23/2047,,,,,
16.33,8.86,!    2/24/2047,,,,,
16.50,8.96,!    2/25/2047,,,,,
16.61,8.96,!    2/26/2047,,,,,
16.72,9.16,!    2/27/2047,,,,,
16.83,9.26,!    2/28/2047,,,,,
16.13,10.15,!    3/1/2047,,,,,
16.44,9.65,!    3/2/2047,,,,,
16.55,9.65,!    3/3/2047,,,,,
16.66,9.65,!    3/4/2047,,,,,
16.78,9.65,!    3/5/2047,,,,,
16.89,9.75,!    3/6/2047,,,,,
17.00,9.85,!    3/7/2047,,,,,
17.11,9.95,!    3/8/2047,,,,,
17.22,10.15,!    3/9/2047,,,,,
17.33,10.35,!    3/10/2047,,,,,
17.39,10.55,!    3/11/2047,,,,,
17.50,10.75,!    3/12/2047,,,,,
17.61,10.85,!    3/13/2047,,,,,
17.72,11.05,!    3/14/2047,,,,,
17.83,11.15,!    3/15/2047,,,,,
17.94,11.35,!    3/16/2047,,,,,
18.05,11.45,!    3/17/2047,,,,,
18.11,11.55,!    3/18/2047,,,,,
18.22,11.75,!    3/19/2047,,,,,
18.33,12.05,!    3/20/2047,,,,,
18.44,12.15,!    3/21/2047,,,,,
18.50,12.35,!    3/22/2047,,,,,
18.61,12.35,!    3/23/2047,,,,,
18.72,12.55,!    3/24/2047,,,,,
18.83,12.85,!    3/25/2047,,,,,
18.89,13.05,!    3/26/2047,,,,,
19.00,13.25,!    3/27/2047,,,,,
19.11,13.45,!    3/28/2047,,,,,
19.16,13.65,!    3/29/2047,,,,,
19.28,13.85,!    3/30/2047,,,,,
19.39,14.05,!    3/31/2047,,,,,
19.78,14.40,!    4/1/2047,,,,,
20.22,14.60,!    4/2/2047,,,,,
20.33,14.80,!    4/3/2047,,,,,
20.44,15.10,!    4/4/2047,,,,,
20.55,15.40,!    4/5/2047,,,,,
20.61,15.60,!    4/6/2047,,,,,
20.72,15.70,!    4/7/2047,,,,,
20.83,15.80,!    4/8/2047,,,,,
20.94,16.00,!    4/9/2047,,,,,
21.05,16.20,!    4/10/2047,,,,,
21.11,16.40,!    4/11/2047,,,,,
21.22,16.70,!    4/12/2047,,,,,
21.33,16.80,!    4/13/2047,,,,,
21.44,16.90,!    4/14/2047,,,,,
21.55,17.10,!    4/15/2047,,,,,
21.66,17.20,!    4/16/2047,,,,,
21.77,17.30,!    4/17/2047,,,,,
21.88,17.40,!    4/18/2047,,,,,
21.99,17.60,!    4/19/2047,,,,,
22.11,17.70,!    4/20/2047,,,,,
22.22,17.90,!    4/21/2047,,,,,
22.38,18.20,!    4/22/2047,,,,,
22.49,18.30,!    4/23/2047,,,,,
22.61,18.40,!    4/24/2047,,,,,
22.72,18.50,!    4/25/2047,,,,,
22.83,18.60,!    4/26/2047,,,,,
22.99,18.80,!    4/27/2047,,,,,
23.11,19.00,!    4/28/2047,,,,,
23.22,19.40,!    4/29/2047,,,,,
23.38,19.60,!    4/30/2047,,,,,
23.92,19.66,!    5/1/2047,,,,,
24.14,19.86,!    5/2/2047,,,,,
24.31,19.96,!    5/3/2047,,,,,
24.42,20.16,!    5/4/2047,,,,,
24.59,20.16,!    5/5/2047,,,,,
24.70,20.26,!    5/6/2047,,,,,
24.87,20.36,!    5/7/2047,,,,,
24.98,20.56,!    5/8/2047,,,,,
25.14,20.76,!    5/9/2047,,,,,
25.25,20.96,!    5/10/2047,,,,,
25.37,21.06,!    5/11/2047,,,,,
25.53,21.16,!    5/12/2047,,,,,
25.64,21.36,!    5/13/2047,,,,,
25.81,21.46,!    5/14/2047,,,,,
25.92,21.56,!    5/15/2047,,,,,
26.09,21.76,!    5/16/2047,,,,,
26.20,21.96,!    5/17/2047,,,,,
26.37,22.16,!    5/18/2047,,,,,
26.48,22.16,!    5/19/2047,,,,,
26.59,22.36,!    5/20/2047,,,,,
26.75,22.56,!    5/21/2047,,,,,
26.87,22.86,!    5/22/2047,,,,,
26.98,23.06,!    5/23/2047,,,,,
27.14,23.26,!    5/24/2047,,,,,
27.25,23.46,!    5/25/2047,,,,,
27.37,23.76,!    5/26/2047,,,,,
27.48,23.96,!    5/27/2047,,,,,
27.59,24.06,!    5/28/2047,,,,,
27.70,24.26,!    5/29/2047,,,,,
27.81,24.46,!    5/30/2047,,,,,
27.92,24.56,!    5/31/2047,,,,,
27.71,24.63,!    6/1/2047,,,,,
27.90,24.83,!    6/2/2047,,,,,
27.96,25.03,!    6/3/2047,,,,,
28.07,25.23,!    6/4/2047,,,,,
28.18,25.43,!    6/5/2047,,,,,
28.24,25.63,!    6/6/2047,,,,,
28.35,25.93,!    6/7/2047,,,,,
28.40,26.23,!    6/8/2047,,,,,
28.51,26.53,!    6/9/2047,,,,,
28.57,26.73,!    6/10/2047,,,,,
28.62,26.93,!    6/11/2047,,,,,
28.74,27.13,!    6/12/2047,,,,,
28.79,27.23,!    6/13/2047,,,,,
28.85,27.33,!    6/14/2047,,,,,
28.90,27.53,!    6/15/2047,,,,,
28.96,27.73,!    6/16/2047,,,,,
29.01,27.93,!    6/17/2047,,,,,
29.07,28.03,!    6/18/2047,,,,,
29.12,28.13,!    6/19/2047,,,,,
29.12,28.23,!    6/20/2047,,,,,
29.18,28.43,!    6/21/2047,,,,,
29.24,28.53,!    6/22/2047,,,,,
29.29,28.63,!    6/23/2047,,,,,
29.29,28.73,!    6/24/2047,,,,,
29.35,28.93,!    6/25/2047,,,,,
29.35,29.03,!    6/26/2047,,,,,
29.40,29.13,!    6/27/2047,,,,,
29.40,29.23,!    6/28/2047,,,,,
29.46,29.23,!    6/29/2047,,,,,
29.46,29.33,!    6/30/2047,,,,,
29.69,29.85,!    7/1/2047,,,,,
29.64,29.95,!    7/2/2047,,,,,
29.64,30.15,!    7/3/2047,,,,,
29.69,30.15,!    7/4/2047,,,,,
29.69,30.15,!    7/5/2047,,,,,
29.75,30.15,!    7/6/2047,,,,,
29.75,30.15,!    7/7/2047,,,,,
29.75,30.15,!    7/8/2047,,,,,
29.75,30.05,!    7/9/2047,,,,,
29.80,30.15,!    7/10/2047,,,,,
29.80,30.15,!    7/11/2047,,,,,
29.80,30.15,!    7/12/2047,,,,,
29.86,30.15,!    7/13/2047,,,,,
29.86,30.25,!    7/14/2047,,,,,
29.86,30.25,!    7/15/2047,,,,,
29.86,30.25,!    7/16/2047,,,,,
29.91,30.25,!    7/17/2047,,,,,
29.91,30.35,!    7/18/2047,,,,,
29.91,30.35,!    7/19/2047,,,,,
29.97,30.55,!    7/20/2047,,,,,
29.97,30.65,!    7/21/2047,,,,,
29.97,30.65,!    7/22/2047,,,,,
29.97,30.75,!    7/23/2047,,,,,
29.97,30.75,!    7/24/2047,,,,,
30.03,30.75,!    7/25/2047,,,,,
30.03,30.85,!    7/26/2047,,,,,
30.03,30.95,!    7/27/2047,,,,,
30.03,31.05,!    7/28/2047,,,,,
30.03,31.05,!    7/29/2047,,,,,
30.08,31.15,!    7/30/2047,,,,,
30.08,31.15,!    7/31/2047,,,,,
30.35,31.19,!    8/1/2047,,,,,
30.36,31.09,!    8/2/2047,,,,,
30.36,31.19,!    8/3/2047,,,,,
30.36,31.19,!    8/4/2047,,,,,
30.36,31.29,!    8/5/2047,,,,,
30.36,31.29,!    8/6/2047,,,,,
30.36,31.39,!    8/7/2047,,,,,
30.36,31.49,!    8/8/2047,,,,,
30.36,31.49,!    8/9/2047,,,,,
30.36,31.59,!    8/10/2047,,,,,
30.36,31.49,!    8/11/2047,,,,,
30.36,31.59,!    8/12/2047,,,,,
30.36,31.49,!    8/13/2047,,,,,
30.31,31.29,!    8/14/2047,,,,,
30.31,31.29,!    8/15/2047,,,,,
30.31,31.29,!    8/16/2047,,,,,
30.25,31.39,!    8/17/2047,,,,,
30.25,31.39,!    8/18/2047,,,,,
30.25,31.29,!    8/19/2047,,,,,
30.20,31.19,!    8/20/2047,,,,,
30.20,30.99,!    8/21/2047,,,,,
30.14,30.99,!    8/22/2047,,,,,
30.14,30.99,!    8/23/2047,,,,,
30.08,30.99,!    8/24/2047,,,,,
30.03,31.09,!    8/25/2047,,,,,
30.03,30.99,!    8/26/2047,,,,,
29.97,30.89,!    8/27/2047,,,,,
29.92,30.79,!    8/28/2047,,,,,
29.86,30.69,!    8/29/2047,,,,,
29.86,30.59,!    8/30/2047,,,,,
29.81,30.49,!    8/31/2047,,,,,
30.30,30.72,!    9/1/2047,,,,,
30.11,30.62,!    9/2/2047,,,,,
30.05,30.52,!    9/3/2047,,,,,
30.00,30.32,!    9/4/2047,,,,,
29.89,30.32,!    9/5/2047,,,,,
29.83,30.22,!    9/6/2047,,,,,
29.78,30.22,!    9/7/2047,,,,,
29.72,30.22,!    9/8/2047,,,,,
29.61,30.12,!    9/9/2047,,,,,
29.55,30.02,!    9/10/2047,,,,,
29.50,29.92,!    9/11/2047,,,,,
29.39,29.72,!    9/12/2047,,,,,
29.33,29.62,!    9/13/2047,,,,,
29.22,29.62,!    9/14/2047,,,,,
29.11,29.52,!    9/15/2047,,,,,
29.05,29.42,!    9/16/2047,,,,,
28.94,29.22,!    9/17/2047,,,,,
28.83,29.12,!    9/18/2047,,,,,
28.72,29.02,!    9/19/2047,,,,,
28.61,28.72,!    9/20/2047,,,,,
28.50,28.62,!    9/21/2047,,,,,
28.39,28.42,!    9/22/2047,,,,,
28.28,28.32,!    9/23/2047,,,,,
28.17,28.32,!    9/24/2047,,,,,
28.00,28.12,!    9/25/2047,,,,,
27.89,28.02,!    9/26/2047,,,,,
27.78,27.72,!    9/27/2047,,,,,
27.61,27.72,!    9/28/2047,,,,,
27.50,27.62,!    9/29/2047,,,,,
27.33,27.42,!    9/30/2047,,,,,
26.77,27.00,!    10/1/2047,,,,,
26.49,26.70,!    10/2/2047,,,,,
26.32,26.40,!    10/3/2047,,,,,
26.15,26.20,!    10/4/2047,,,,,
25.99,26.20,!    10/5/2047,,,,,
25.82,26.10,!    10/6/2047,,,,,
25.65,25.90,!    10/7/2047,,,,,
25.49,25.70,!    10/8/2047,,,,,
25.32,25.50,!    10/9/2047,,,,,
25.10,25.30,!    10/10/2047,,,,,
24.93,25.20,!    10/11/2047,,,,,
24.76,25.10,!    10/12/2047,,,,,
24.60,24.90,!    10/13/2047,,,,,
24.37,24.70,!    10/14/2047,,,,,
24.21,24.50,!    10/15/2047,,,,,
23.99,24.30,!    10/16/2047,,,,,
23.82,24.10,!    10/17/2047,,,,,
23.60,23.80,!    10/18/2047,,,,,
23.43,23.60,!    10/19/2047,,,,,
23.21,23.30,!    10/20/2047,,,,,
23.04,22.80,!    10/21/2047,,,,,
22.82,22.50,!    10/22/2047,,,,,
22.65,22.20,!    10/23/2047,,,,,
22.43,21.80,!    10/24/2047,,,,,
22.26,21.50,!    10/25/2047,,,,,
22.04,21.10,!    10/26/2047,,,,,
21.87,20.90,!    10/27/2047,,,,,
21.65,20.70,!    10/28/2047,,,,,
21.49,20.20,!    10/29/2047,,,,,
21.26,19.80,!    10/30/2047,,,,,
21.10,19.60,!    10/31/2047,,,,,
21.39,20.04,!    11/1/2047,,,,,
20.99,19.84,!    11/2/2047,,,,,
20.82,19.64,!    11/3/2047,,,,,
20.60,19.54,!    11/4/2047,,,,,
20.43,19.34,!    11/5/2047,,,,,
20.26,19.14,!    11/6/2047,,,,,
20.10,19.24,!    11/7/2047,,,,,
19.93,19.04,!    11/8/2047,,,,,
19.76,18.84,!    11/9/2047,,,,,
19.60,18.64,!    11/10/2047,,,,,
19.43,18.44,!    11/11/2047,,,,,
19.26,18.24,!    11/12/2047,,,,,
19.15,18.04,!    11/13/2047,,,,,
18.99,17.74,!    11/14/2047,,,,,
18.82,17.44,!    11/15/2047,,,,,
18.71,17.24,!    11/16/2047,,,,,
18.54,17.04,!    11/17/2047,,,,,
18.43,16.74,!    11/18/2047,,,,,
18.32,16.44,!    11/19/2047,,,,,
18.15,16.14,!    11/20/2047,,,,,
18.04,15.94,!    11/21/2047,,,,,
17.93,15.74,!    11/22/2047,,,,,
17.82,15.54,!    11/23/2047,,,,,
17.71,15.44,!    11/24/2047,,,,,
17.60,15.34,!    11/25/2047,,,,,
17.49,15.24,!    11/26/2047,,,,,
17.38,15.04,!    11/27/2047,,,,,
17.26,14.84,!    11/28/2047,,,,,
17.15,14.64,!    11/29/2047,,,,,
17.10,14.54,!    11/30/2047,,,,,
16.25,14.93,!    12/1/2047,,,,,
15.93,14.63,!    12/2/2047,,,,,
15.88,14.43,!    12/3/2047,,,,,
15.77,14.33,!    12/4/2047,,,,,
15.65,14.13,!    12/5/2047,,,,,
15.60,13.93,!    12/6/2047,,,,,
15.49,13.53,!    12/7/2047,,,,,
15.43,13.33,!    12/8/2047,,,,,
15.32,13.13,!    12/9/2047,,,,,
15.27,12.93,!    12/10/2047,,,,,
15.15,12.73,!    12/11/2047,,,,,
15.10,12.43,!    12/12/2047,,,,,
14.99,12.33,!    12/13/2047,,,,,
14.93,12.13,!    12/14/2047,,,,,
14.88,12.03,!    12/15/2047,,,,,
14.77,11.83,!    12/16/2047,,,,,
14.71,11.73,!    12/17/2047,,,,,
14.60,11.53,!    12/18/2047,,,,,
14.54,11.43,!    12/19/2047,,,,,
14.49,11.33,!    12/20/2047,,,,,
14.38,11.23,!    12/21/2047,,,,,
14.32,11.13,!    12/22/2047,,,,,
14.27,11.13,!    12/23/2047,,,,,
14.21,11.03,!    12/24/2047,,,,,
14.10,10.93,!    12/25/2047,,,,,
14.04,10.83,!    12/26/2047,,,,,
13.99,10.73,!    12/27/2047,,,,,
13.93,10.73,!    12/28/2047,,,,,
13.88,10.73,!    12/29/2047,,,,,
13.82,10.63,!    12/30/2047,,,,,
13.77,10.63,!    12/31/2047,,,,,
13.45,10.29,!    1/1/2048,,,,,
13.39,10.19,!    1/2/2048,,,,,
13.34,10.09,!    1/3/2048,,,,,
13.28,9.99,!    1/4/2048,,,,,
13.28,9.79,!    1/5/2048,,,,,
13.23,9.69,!    1/6/2048,,,,,
13.17,9.59,!    1/7/2048,,,,,
13.17,9.49,!    1/8/2048,,,,,
13.12,9.39,!    1/9/2048,,,,,
13.12,9.39,!    1/10/2048,,,,,
13.12,9.29,!    1/11/2048,,,,,
13.06,9.29,!    1/12/2048,,,,,
13.06,9.19,!    1/13/2048,,,,,
13.06,8.99,!    1/14/2048,,,,,
13.06,8.89,!    1/15/2048,,,,,
13.06,8.79,!    1/16/2048,,,,,
13.06,8.69,!    1/17/2048,,,,,
13.12,8.69,!    1/18/2048,,,,,
13.12,8.69,!    1/19/2048,,,,,
13.12,8.39,!    1/20/2048,,,,,
13.17,8.49,!    1/21/2048,,,,,
13.23,8.49,!    1/22/2048,,,,,
13.23,8.49,!    1/23/2048,,,,,
13.28,8.59,!    1/24/2048,,,,,
13.34,8.59,!    1/25/2048,,,,,
13.39,8.79,!    1/26/2048,,,,,
13.45,8.79,!    1/27/2048,,,,,
13.50,8.69,!    1/28/2048,,,,,
13.56,8.59,!    1/29/2048,,,,,
13.62,8.49,!    1/30/2048,,,,,
13.73,8.49,!    1/31/2048,,,,,
12.99,7.86,!    2/1/2048,,,,,
13.04,7.86,!    2/2/2048,,,,,
13.15,8.06,!    2/3/2048,,,,,
13.21,8.06,!    2/4/2048,,,,,
13.32,8.06,!    2/5/2048,,,,,
13.43,8.16,!    2/6/2048,,,,,
13.54,8.16,!    2/7/2048,,,,,
13.60,8.36,!    2/8/2048,,,,,
13.71,8.46,!    2/9/2048,,,,,
13.82,8.56,!    2/10/2048,,,,,
13.93,8.56,!    2/11/2048,,,,,
14.04,8.66,!    2/12/2048,,,,,
14.15,8.66,!    2/13/2048,,,,,
14.26,8.66,!    2/14/2048,,,,,
14.37,8.66,!    2/15/2048,,,,,
14.49,8.76,!    2/16/2048,,,,,
14.60,8.86,!    2/17/2048,,,,,
14.71,8.86,!    2/18/2048,,,,,
14.82,8.96,!    2/19/2048,,,,,
14.93,9.06,!    2/20/2048,,,,,
15.04,9.26,!    2/21/2048,,,,,
15.15,9.36,!    2/22/2048,,,,,
15.26,9.46,!    2/23/2048,,,,,
15.37,9.66,!    2/24/2048,,,,,
15.54,9.76,!    2/25/2048,,,,,
15.65,9.76,!    2/26/2048,,,,,
15.76,9.96,!    2/27/2048,,,,,
15.87,10.06,!    2/28/2048,,,,,
15.87,10.76,!    2/29/2048,,,,,
15.49,10.84,!    3/1/2048,,,,,
15.61,10.84,!    3/2/2048,,,,,
15.72,10.84,!    3/3/2048,,,,,
15.83,10.84,!    3/4/2048,,,,,
15.94,10.94,!    3/5/2048,,,,,
16.05,11.04,!    3/6/2048,,,,,
16.16,11.14,!    3/7/2048,,,,,
16.27,11.34,!    3/8/2048,,,,,
16.38,11.54,!    3/9/2048,,,,,
16.44,11.74,!    3/10/2048,,,,,
16.55,11.94,!    3/11/2048,,,,,
16.66,12.04,!    3/12/2048,,,,,
16.77,12.24,!    3/13/2048,,,,,
16.88,12.34,!    3/14/2048,,,,,
16.99,12.54,!    3/15/2048,,,,,
17.11,12.64,!    3/16/2048,,,,,
17.16,12.74,!    3/17/2048,,,,,
17.27,12.94,!    3/18/2048,,,,,
17.38,13.24,!    3/19/2048,,,,,
17.49,13.34,!    3/20/2048,,,,,
17.55,13.54,!    3/21/2048,,,,,
17.66,13.54,!    3/22/2048,,,,,
17.77,13.74,!    3/23/2048,,,,,
17.88,14.04,!    3/24/2048,,,,,
17.94,14.24,!    3/25/2048,,,,,
18.05,14.44,!    3/26/2048,,,,,
18.16,14.64,!    3/27/2048,,,,,
18.22,14.84,!    3/28/2048,,,,,
18.33,15.04,!    3/29/2048,,,,,
18.44,15.24,!    3/30/2048,,,,,
18.55,15.34,!    3/31/2048,,,,,
20.75,15.50,!    4/1/2048,,,,,
20.87,15.70,!    4/2/2048,,,,,
20.98,16.00,!    4/3/2048,,,,,
21.09,16.30,!    4/4/2048,,,,,
21.14,16.50,!    4/5/2048,,,,,
21.25,16.60,!    4/6/2048,,,,,
21.37,16.70,!    4/7/2048,,,,,
21.48,16.90,!    4/8/2048,,,,,
21.59,17.10,!    4/9/2048,,,,,
21.64,17.30,!    4/10/2048,,,,,
21.75,17.60,!    4/11/2048,,,,,
21.87,17.70,!    4/12/2048,,,,,
21.98,17.80,!    4/13/2048,,,,,
22.09,18.00,!    4/14/2048,,,,,
22.20,18.10,!    4/15/2048,,,,,
22.31,18.20,!    4/16/2048,,,,,
22.42,18.30,!    4/17/2048,,,,,
22.53,18.50,!    4/18/2048,,,,,
22.64,18.60,!    4/19/2048,,,,,
22.75,18.80,!    4/20/2048,,,,,
22.92,19.10,!    4/21/2048,,,,,
23.03,19.20,!    4/22/2048,,,,,
23.14,19.30,!    4/23/2048,,,,,
23.25,19.40,!    4/24/2048,,,,,
23.37,19.50,!    4/25/2048,,,,,
23.53,19.70,!    4/26/2048,,,,,
23.64,19.90,!    4/27/2048,,,,,
23.75,20.30,!    4/28/2048,,,,,
23.92,20.50,!    4/29/2048,,,,,
24.03,20.70,!    4/30/2048,,,,,
24.09,20.19,!    5/1/2048,,,,,
24.25,20.29,!    5/2/2048,,,,,
24.37,20.49,!    5/3/2048,,,,,
24.53,20.49,!    5/4/2048,,,,,
24.64,20.59,!    5/5/2048,,,,,
24.81,20.69,!    5/6/2048,,,,,
24.92,20.89,!    5/7/2048,,,,,
25.09,21.09,!    5/8/2048,,,,,
25.20,21.29,!    5/9/2048,,,,,
25.31,21.39,!    5/10/2048,,,,,
25.48,21.49,!    5/11/2048,,,,,
25.59,21.69,!    5/12/2048,,,,,
25.75,21.79,!    5/13/2048,,,,,
25.87,21.89,!    5/14/2048,,,,,
26.03,22.09,!    5/15/2048,,,,,
26.14,22.29,!    5/16/2048,,,,,
26.31,22.49,!    5/17/2048,,,,,
26.42,22.49,!    5/18/2048,,,,,
26.53,22.69,!    5/19/2048,,,,,
26.70,22.89,!    5/20/2048,,,,,
26.81,23.19,!    5/21/2048,,,,,
26.92,23.39,!    5/22/2048,,,,,
27.09,23.59,!    5/23/2048,,,,,
27.20,23.79,!    5/24/2048,,,,,
27.31,24.09,!    5/25/2048,,,,,
27.42,24.29,!    5/26/2048,,,,,
27.53,24.39,!    5/27/2048,,,,,
27.64,24.59,!    5/28/2048,,,,,
27.75,24.79,!    5/29/2048,,,,,
27.87,24.89,!    5/30/2048,,,,,
27.98,25.09,!    5/31/2048,,,,,
27.60,25.33,!    6/1/2048,,,,,
27.66,25.53,!    6/2/2048,,,,,
27.77,25.73,!    6/3/2048,,,,,
27.88,25.93,!    6/4/2048,,,,,
27.94,26.13,!    6/5/2048,,,,,
28.05,26.43,!    6/6/2048,,,,,
28.10,26.73,!    6/7/2048,,,,,
28.22,27.03,!    6/8/2048,,,,,
28.27,27.23,!    6/9/2048,,,,,
28.33,27.43,!    6/10/2048,,,,,
28.44,27.63,!    6/11/2048,,,,,
28.49,27.73,!    6/12/2048,,,,,
28.55,27.83,!    6/13/2048,,,,,
28.60,28.03,!    6/14/2048,,,,,
28.66,28.23,!    6/15/2048,,,,,
28.72,28.43,!    6/16/2048,,,,,
28.77,28.53,!    6/17/2048,,,,,
28.83,28.63,!    6/18/2048,,,,,
28.83,28.73,!    6/19/2048,,,,,
28.88,28.93,!    6/20/2048,,,,,
28.94,29.03,!    6/21/2048,,,,,
28.99,29.13,!    6/22/2048,,,,,
28.99,29.23,!    6/23/2048,,,,,
29.05,29.43,!    6/24/2048,,,,,
29.05,29.53,!    6/25/2048,,,,,
29.10,29.63,!    6/26/2048,,,,,
29.10,29.73,!    6/27/2048,,,,,
29.16,29.73,!    6/28/2048,,,,,
29.16,29.83,!    6/29/2048,,,,,
29.22,30.03,!    6/30/2048,,,,,
29.69,30.11,!    7/1/2048,,,,,
29.69,30.31,!    7/2/2048,,,,,
29.75,30.31,!    7/3/2048,,,,,
29.75,30.31,!    7/4/2048,,,,,
29.80,30.31,!    7/5/2048,,,,,
29.80,30.31,!    7/6/2048,,,,,
29.80,30.31,!    7/7/2048,,,,,
29.80,30.21,!    7/8/2048,,,,,
29.86,30.31,!    7/9/2048,,,,,
29.86,30.31,!    7/10/2048,,,,,
29.86,30.31,!    7/11/2048,,,,,
29.91,30.31,!    7/12/2048,,,,,
29.91,30.41,!    7/13/2048,,,,,
29.91,30.41,!    7/14/2048,,,,,
29.91,30.41,!    7/15/2048,,,,,
29.97,30.41,!    7/16/2048,,,,,
29.97,30.51,!    7/17/2048,,,,,
29.97,30.51,!    7/18/2048,,,,,
30.03,30.71,!    7/19/2048,,,,,
30.03,30.81,!    7/20/2048,,,,,
30.03,30.81,!    7/21/2048,,,,,
30.03,30.91,!    7/22/2048,,,,,
30.03,30.91,!    7/23/2048,,,,,
30.08,30.91,!    7/24/2048,,,,,
30.08,31.01,!    7/25/2048,,,,,
30.08,31.11,!    7/26/2048,,,,,
30.08,31.21,!    7/27/2048,,,,,
30.08,31.21,!    7/28/2048,,,,,
30.14,31.31,!    7/29/2048,,,,,
30.14,31.31,!    7/30/2048,,,,,
30.14,31.41,!    7/31/2048,,,,,
30.15,31.30,!    8/1/2048,,,,,
30.15,31.40,!    8/2/2048,,,,,
30.15,31.40,!    8/3/2048,,,,,
30.15,31.50,!    8/4/2048,,,,,
30.15,31.50,!    8/5/2048,,,,,
30.15,31.60,!    8/6/2048,,,,,
30.15,31.70,!    8/7/2048,,,,,
30.15,31.70,!    8/8/2048,,,,,
30.15,31.80,!    8/9/2048,,,,,
30.15,31.70,!    8/10/2048,,,,,
30.15,31.80,!    8/11/2048,,,,,
30.15,31.70,!    8/12/2048,,,,,
30.10,31.50,!    8/13/2048,,,,,
30.10,31.50,!    8/14/2048,,,,,
30.10,31.50,!    8/15/2048,,,,,
30.04,31.60,!    8/16/2048,,,,,
30.04,31.60,!    8/17/2048,,,,,
30.04,31.50,!    8/18/2048,,,,,
29.99,31.40,!    8/19/2048,,,,,
29.99,31.20,!    8/20/2048,,,,,
29.93,31.20,!    8/21/2048,,,,,
29.93,31.20,!    8/22/2048,,,,,
29.88,31.20,!    8/23/2048,,,,,
29.82,31.30,!    8/24/2048,,,,,
29.82,31.20,!    8/25/2048,,,,,
29.77,31.10,!    8/26/2048,,,,,
29.71,31.00,!    8/27/2048,,,,,
29.65,30.90,!    8/28/2048,,,,,
29.65,30.80,!    8/29/2048,,,,,
29.60,30.70,!    8/30/2048,,,,,
29.54,30.60,!    8/31/2048,,,,,
29.40,30.10,!    9/1/2048,,,,,
29.35,30.00,!    9/2/2048,,,,,
29.29,29.80,!    9/3/2048,,,,,
29.18,29.80,!    9/4/2048,,,,,
29.13,29.70,!    9/5/2048,,,,,
29.07,29.70,!    9/6/2048,,,,,
29.02,29.70,!    9/7/2048,,,,,
28.90,29.60,!    9/8/2048,,,,,
28.85,29.50,!    9/9/2048,,,,,
28.79,29.40,!    9/10/2048,,,,,
28.68,29.20,!    9/11/2048,,,,,
28.63,29.10,!    9/12/2048,,,,,
28.52,29.10,!    9/13/2048,,,,,
28.40,29.00,!    9/14/2048,,,,,
28.35,28.90,!    9/15/2048,,,,,
28.24,28.70,!    9/16/2048,,,,,
28.13,28.60,!    9/17/2048,,,,,
28.02,28.50,!    9/18/2048,,,,,
27.90,28.20,!    9/19/2048,,,,,
27.79,28.10,!    9/20/2048,,,,,
27.68,27.90,!    9/21/2048,,,,,
27.57,27.80,!    9/22/2048,,,,,
27.46,27.80,!    9/23/2048,,,,,
27.29,27.60,!    9/24/2048,,,,,
27.18,27.50,!    9/25/2048,,,,,
27.07,27.20,!    9/26/2048,,,,,
26.90,27.20,!    9/27/2048,,,,,
26.79,27.10,!    9/28/2048,,,,,
26.63,26.90,!    9/29/2048,,,,,
26.46,26.70,!    9/30/2048,,,,,
26.47,27.04,!    10/1/2048,,,,,
26.30,26.74,!    10/2/2048,,,,,
26.14,26.54,!    10/3/2048,,,,,
25.97,26.54,!    10/4/2048,,,,,
25.80,26.44,!    10/5/2048,,,,,
25.64,26.24,!    10/6/2048,,,,,
25.47,26.04,!    10/7/2048,,,,,
25.30,25.84,!    10/8/2048,,,,,
25.08,25.64,!    10/9/2048,,,,,
24.92,25.54,!    10/10/2048,,,,,
24.75,25.44,!    10/11/2048,,,,,
24.58,25.24,!    10/12/2048,,,,,
24.36,25.04,!    10/13/2048,,,,,
24.19,24.84,!    10/14/2048,,,,,
23.97,24.64,!    10/15/2048,,,,,
23.80,24.44,!    10/16/2048,,,,,
23.58,24.14,!    10/17/2048,,,,,
23.42,23.94,!    10/18/2048,,,,,
23.19,23.64,!    10/19/2048,,,,,
23.03,23.14,!    10/20/2048,,,,,
22.80,22.84,!    10/21/2048,,,,,
22.64,22.54,!    10/22/2048,,,,,
22.42,22.14,!    10/23/2048,,,,,
22.25,21.84,!    10/24/2048,,,,,
22.03,21.44,!    10/25/2048,,,,,
21.86,21.24,!    10/26/2048,,,,,
21.64,21.04,!    10/27/2048,,,,,
21.47,20.54,!    10/28/2048,,,,,
21.25,20.14,!    10/29/2048,,,,,
21.08,19.94,!    10/30/2048,,,,,
20.86,19.74,!    10/31/2048,,,,,
20.82,20.61,!    11/1/2048,,,,,
20.65,20.41,!    11/2/2048,,,,,
20.43,20.31,!    11/3/2048,,,,,
20.26,20.11,!    11/4/2048,,,,,
20.10,19.91,!    11/5/2048,,,,,
19.93,20.01,!    11/6/2048,,,,,
19.76,19.81,!    11/7/2048,,,,,
19.60,19.61,!    11/8/2048,,,,,
19.43,19.41,!    11/9/2048,,,,,
19.26,19.21,!    11/10/2048,,,,,
19.10,19.01,!    11/11/2048,,,,,
18.98,18.81,!    11/12/2048,,,,,
18.82,18.51,!    11/13/2048,,,,,
18.65,18.21,!    11/14/2048,,,,,
18.54,18.01,!    11/15/2048,,,,,
18.37,17.81,!    11/16/2048,,,,,
18.26,17.51,!    11/17/2048,,,,,
18.15,17.21,!    11/18/2048,,,,,
17.98,16.91,!    11/19/2048,,,,,
17.87,16.71,!    11/20/2048,,,,,
17.76,16.51,!    11/21/2048,,,,,
17.65,16.31,!    11/22/2048,,,,,
17.54,16.21,!    11/23/2048,,,,,
17.43,16.11,!    11/24/2048,,,,,
17.32,16.01,!    11/25/2048,,,,,
17.21,15.81,!    11/26/2048,,,,,
17.10,15.61,!    11/27/2048,,,,,
16.98,15.41,!    11/28/2048,,,,,
16.93,15.31,!    11/29/2048,,,,,
16.82,15.21,!    11/30/2048,,,,,
16.12,14.09,!    12/1/2048,,,,,
16.07,13.89,!    12/2/2048,,,,,
15.96,13.79,!    12/3/2048,,,,,
15.84,13.59,!    12/4/2048,,,,,
15.79,13.39,!    12/5/2048,,,,,
15.68,12.99,!    12/6/2048,,,,,
15.62,12.79,!    12/7/2048,,,,,
15.51,12.59,!    12/8/2048,,,,,
15.46,12.39,!    12/9/2048,,,,,
15.34,12.19,!    12/10/2048,,,,,
15.29,11.89,!    12/11/2048,,,,,
15.18,11.79,!    12/12/2048,,,,,
15.12,11.59,!    12/13/2048,,,,,
15.07,11.49,!    12/14/2048,,,,,
14.96,11.29,!    12/15/2048,,,,,
14.90,11.19,!    12/16/2048,,,,,
14.79,10.99,!    12/17/2048,,,,,
14.73,10.89,!    12/18/2048,,,,,
14.68,10.79,!    12/19/2048,,,,,
14.57,10.69,!    12/20/2048,,,,,
14.51,10.59,!    12/21/2048,,,,,
14.46,10.59,!    12/22/2048,,,,,
14.40,10.49,!    12/23/2048,,,,,
14.29,10.39,!    12/24/2048,,,,,
14.23,10.29,!    12/25/2048,,,,,
14.18,10.19,!    12/26/2048,,,,,
14.12,10.19,!    12/27/2048,,,,,
14.07,10.19,!    12/28/2048,,,,,
14.01,10.09,!    12/29/2048,,,,,
13.96,10.09,!    12/30/2048,,,,,
13.90,10.09,!    12/31/2048,,,,,
14.18,10.28,!    1/1/2049,,,,,
14.12,10.18,!    1/2/2049,,,,,
14.06,10.08,!    1/3/2049,,,,,
14.01,9.98,!    1/4/2049,,,,,
14.01,9.78,!    1/5/2049,,,,,
13.95,9.68,!    1/6/2049,,,,,
13.90,9.58,!    1/7/2049,,,,,
13.90,9.48,!    1/8/2049,,,,,
13.84,9.38,!    1/9/2049,,,,,
13.84,9.38,!    1/10/2049,,,,,
13.84,9.28,!    1/11/2049,,,,,
13.79,9.28,!    1/12/2049,,,,,
13.79,9.18,!    1/13/2049,,,,,
13.79,8.98,!    1/14/2049,,,,,
13.79,8.88,!    1/15/2049,,,,,
13.79,8.78,!    1/16/2049,,,,,
13.79,8.68,!    1/17/2049,,,,,
13.84,8.68,!    1/18/2049,,,,,
13.84,8.68,!    1/19/2049,,,,,
13.84,8.38,!    1/20/2049,,,,,
13.90,8.48,!    1/21/2049,,,,,
13.95,8.48,!    1/22/2049,,,,,
13.95,8.48,!    1/23/2049,,,,,
14.01,8.58,!    1/24/2049,,,,,
14.06,8.58,!    1/25/2049,,,,,
14.12,8.78,!    1/26/2049,,,,,
14.18,8.78,!    1/27/2049,,,,,
14.23,8.68,!    1/28/2049,,,,,
14.29,8.58,!    1/29/2049,,,,,
14.34,8.48,!    1/30/2049,,,,,
14.45,8.48,!    1/31/2049,,,,,
13.82,7.05,!    2/1/2049,,,,,
13.88,7.05,!    2/2/2049,,,,,
13.99,7.25,!    2/3/2049,,,,,
14.04,7.25,!    2/4/2049,,,,,
14.15,7.25,!    2/5/2049,,,,,
14.27,7.35,!    2/6/2049,,,,,
14.38,7.35,!    2/7/2049,,,,,
14.43,7.55,!    2/8/2049,,,,,
14.54,7.65,!    2/9/2049,,,,,
14.65,7.75,!    2/10/2049,,,,,
14.77,7.75,!    2/11/2049,,,,,
14.88,7.85,!    2/12/2049,,,,,
14.99,7.85,!    2/13/2049,,,,,
15.10,7.85,!    2/14/2049,,,,,
15.21,7.85,!    2/15/2049,,,,,
15.32,7.95,!    2/16/2049,,,,,
15.43,8.05,!    2/17/2049,,,,,
15.54,8.05,!    2/18/2049,,,,,
15.65,8.15,!    2/19/2049,,,,,
15.77,8.25,!    2/20/2049,,,,,
15.88,8.45,!    2/21/2049,,,,,
15.99,8.55,!    2/22/2049,,,,,
16.10,8.65,!    2/23/2049,,,,,
16.21,8.85,!    2/24/2049,,,,,
16.38,8.95,!    2/25/2049,,,,,
16.49,8.95,!    2/26/2049,,,,,
16.60,9.15,!    2/27/2049,,,,,
16.71,9.25,!    2/28/2049,,,,,
16.71,10.17,!    3/1/2049,,,,,
17.03,9.67,!    3/2/2049,,,,,
17.14,9.67,!    3/3/2049,,,,,
17.25,9.67,!    3/4/2049,,,,,
17.36,9.67,!    3/5/2049,,,,,
17.47,9.77,!    3/6/2049,,,,,
17.58,9.87,!    3/7/2049,,,,,
17.69,9.97,!    3/8/2049,,,,,
17.80,10.17,!    3/9/2049,,,,,
17.91,10.37,!    3/10/2049,,,,,
17.97,10.57,!    3/11/2049,,,,,
18.08,10.77,!    3/12/2049,,,,,
18.19,10.87,!    3/13/2049,,,,,
18.30,11.07,!    3/14/2049,,,,,
18.41,11.17,!    3/15/2049,,,,,
18.53,11.37,!    3/16/2049,,,,,
18.64,11.47,!    3/17/2049,,,,,
18.69,11.57,!    3/18/2049,,,,,
18.80,11.77,!    3/19/2049,,,,,
18.91,12.07,!    3/20/2049,,,,,
19.03,12.17,!    3/21/2049,,,,,
19.08,12.37,!    3/22/2049,,,,,
19.19,12.37,!    3/23/2049,,,,,
19.30,12.57,!    3/24/2049,,,,,
19.41,12.87,!    3/25/2049,,,,,
19.47,13.07,!    3/26/2049,,,,,
19.58,13.27,!    3/27/2049,,,,,
19.69,13.47,!    3/28/2049,,,,,
19.75,13.67,!    3/29/2049,,,,,
19.86,13.87,!    3/30/2049,,,,,
19.97,14.07,!    3/31/2049,,,,,
20.50,14.78,!    4/1/2049,,,,,
20.94,14.98,!    4/2/2049,,,,,
21.06,15.18,!    4/3/2049,,,,,
21.17,15.48,!    4/4/2049,,,,,
21.28,15.78,!    4/5/2049,,,,,
21.33,15.98,!    4/6/2049,,,,,
21.44,16.08,!    4/7/2049,,,,,
21.56,16.18,!    4/8/2049,,,,,
21.67,16.38,!    4/9/2049,,,,,
21.78,16.58,!    4/10/2049,,,,,
21.83,16.78,!    4/11/2049,,,,,
21.94,17.08,!    4/12/2049,,,,,
22.06,17.18,!    4/13/2049,,,,,
22.17,17.28,!    4/14/2049,,,,,
22.28,17.48,!    4/15/2049,,,,,
22.39,17.58,!    4/16/2049,,,,,
22.50,17.68,!    4/17/2049,,,,,
22.61,17.78,!    4/18/2049,,,,,
22.72,17.98,!    4/19/2049,,,,,
22.83,18.08,!    4/20/2049,,,,,
22.94,18.28,!    4/21/2049,,,,,
23.11,18.58,!    4/22/2049,,,,,
23.22,18.68,!    4/23/2049,,,,,
23.33,18.78,!    4/24/2049,,,,,
23.44,18.88,!    4/25/2049,,,,,
23.56,18.98,!    4/26/2049,,,,,
23.72,19.18,!    4/27/2049,,,,,
23.83,19.38,!    4/28/2049,,,,,
23.94,19.78,!    4/29/2049,,,,,
24.11,19.98,!    4/30/2049,,,,,
24.28,20.08,!    5/1/2049,,,,,
24.50,20.28,!    5/2/2049,,,,,
24.67,20.38,!    5/3/2049,,,,,
24.78,20.58,!    5/4/2049,,,,,
24.95,20.58,!    5/5/2049,,,,,
25.06,20.68,!    5/6/2049,,,,,
25.23,20.78,!    5/7/2049,,,,,
25.34,20.98,!    5/8/2049,,,,,
25.50,21.18,!    5/9/2049,,,,,
25.61,21.38,!    5/10/2049,,,,,
25.73,21.48,!    5/11/2049,,,,,
25.89,21.58,!    5/12/2049,,,,,
26.00,21.78,!    5/13/2049,,,,,
26.17,21.88,!    5/14/2049,,,,,
26.28,21.98,!    5/15/2049,,,,,
26.45,22.18,!    5/16/2049,,,,,
26.56,22.38,!    5/17/2049,,,,,
26.73,22.58,!    5/18/2049,,,,,
26.84,22.58,!    5/19/2049,,,,,
26.95,22.78,!    5/20/2049,,,,,
27.11,22.98,!    5/21/2049,,,,,
27.23,23.28,!    5/22/2049,,,,,
27.34,23.48,!    5/23/2049,,,,,
27.50,23.68,!    5/24/2049,,,,,
27.61,23.88,!    5/25/2049,,,,,
27.73,24.18,!    5/26/2049,,,,,
27.84,24.38,!    5/27/2049,,,,,
27.95,24.48,!    5/28/2049,,,,,
28.06,24.68,!    5/29/2049,,,,,
28.17,24.88,!    5/30/2049,,,,,
28.28,24.98,!    5/31/2049,,,,,
27.91,24.99,!    6/1/2049,,,,,
28.10,25.19,!    6/2/2049,,,,,
28.16,25.39,!    6/3/2049,,,,,
28.27,25.59,!    6/4/2049,,,,,
28.38,25.79,!    6/5/2049,,,,,
28.44,25.99,!    6/6/2049,,,,,
28.55,26.29,!    6/7/2049,,,,,
28.60,26.59,!    6/8/2049,,,,,
28.71,26.89,!    6/9/2049,,,,,
28.77,27.09,!    6/10/2049,,,,,
28.82,27.29,!    6/11/2049,,,,,
28.94,27.49,!    6/12/2049,,,,,
28.99,27.59,!    6/13/2049,,,,,
29.05,27.69,!    6/14/2049,,,,,
29.10,27.89,!    6/15/2049,,,,,
29.16,28.09,!    6/16/2049,,,,,
29.21,28.29,!    6/17/2049,,,,,
29.27,28.39,!    6/18/2049,,,,,
29.32,28.49,!    6/19/2049,,,,,
29.32,28.59,!    6/20/2049,,,,,
29.38,28.79,!    6/21/2049,,,,,
29.44,28.89,!    6/22/2049,,,,,
29.49,28.99,!    6/23/2049,,,,,
29.49,29.09,!    6/24/2049,,,,,
29.55,29.29,!    6/25/2049,,,,,
29.55,29.39,!    6/26/2049,,,,,
29.60,29.49,!    6/27/2049,,,,,
29.60,29.59,!    6/28/2049,,,,,
29.66,29.59,!    6/29/2049,,,,,
29.66,29.69,!    6/30/2049,,,,,
29.82,29.82,!    7/1/2049,,,,,
29.76,29.92,!    7/2/2049,,,,,
29.76,30.12,!    7/3/2049,,,,,
29.82,30.12,!    7/4/2049,,,,,
29.82,30.12,!    7/5/2049,,,,,
29.87,30.12,!    7/6/2049,,,,,
29.87,30.12,!    7/7/2049,,,,,
29.87,30.12,!    7/8/2049,,,,,
29.87,30.02,!    7/9/2049,,,,,
29.93,30.12,!    7/10/2049,,,,,
29.93,30.12,!    7/11/2049,,,,,
29.93,30.12,!    7/12/2049,,,,,
29.98,30.12,!    7/13/2049,,,,,
29.98,30.22,!    7/14/2049,,,,,
29.98,30.22,!    7/15/2049,,,,,
29.98,30.22,!    7/16/2049,,,,,
30.04,30.22,!    7/17/2049,,,,,
30.04,30.32,!    7/18/2049,,,,,
30.04,30.32,!    7/19/2049,,,,,
30.10,30.52,!    7/20/2049,,,,,
30.10,30.62,!    7/21/2049,,,,,
30.10,30.62,!    7/22/2049,,,,,
30.10,30.72,!    7/23/2049,,,,,
30.10,30.72,!    7/24/2049,,,,,
30.15,30.72,!    7/25/2049,,,,,
30.15,30.82,!    7/26/2049,,,,,
30.15,30.92,!    7/27/2049,,,,,
30.15,31.02,!    7/28/2049,,,,,
30.15,31.02,!    7/29/2049,,,,,
30.21,31.12,!    7/30/2049,,,,,
30.21,31.12,!    7/31/2049,,,,,
29.86,30.92,!    8/1/2049,,,,,
29.88,30.82,!    8/2/2049,,,,,
29.88,30.92,!    8/3/2049,,,,,
29.88,30.92,!    8/4/2049,,,,,
29.88,31.02,!    8/5/2049,,,,,
29.88,31.02,!    8/6/2049,,,,,
29.88,31.12,!    8/7/2049,,,,,
29.88,31.22,!    8/8/2049,,,,,
29.88,31.22,!    8/9/2049,,,,,
29.88,31.32,!    8/10/2049,,,,,
29.88,31.22,!    8/11/2049,,,,,
29.88,31.32,!    8/12/2049,,,,,
29.88,31.22,!    8/13/2049,,,,,
29.82,31.02,!    8/14/2049,,,,,
29.82,31.02,!    8/15/2049,,,,,
29.82,31.02,!    8/16/2049,,,,,
29.77,31.12,!    8/17/2049,,,,,
29.77,31.12,!    8/18/2049,,,,,
29.77,31.02,!    8/19/2049,,,,,
29.71,30.92,!    8/20/2049,,,,,
29.71,30.72,!    8/21/2049,,,,,
29.65,30.72,!    8/22/2049,,,,,
29.65,30.72,!    8/23/2049,,,,,
29.60,30.72,!    8/24/2049,,,,,
29.54,30.82,!    8/25/2049,,,,,
29.54,30.72,!    8/26/2049,,,,,
29.49,30.62,!    8/27/2049,,,,,
29.43,30.52,!    8/28/2049,,,,,
29.38,30.42,!    8/29/2049,,,,,
29.38,30.32,!    8/30/2049,,,,,
29.32,30.22,!    8/31/2049,,,,,
29.11,30.28,!    9/1/2049,,,,,
28.93,30.18,!    9/2/2049,,,,,
28.87,30.08,!    9/3/2049,,,,,
28.81,29.88,!    9/4/2049,,,,,
28.70,29.88,!    9/5/2049,,,,,
28.65,29.78,!    9/6/2049,,,,,
28.59,29.78,!    9/7/2049,,,,,
28.54,29.78,!    9/8/2049,,,,,
28.43,29.68,!    9/9/2049,,,,,
28.37,29.58,!    9/10/2049,,,,,
28.31,29.48,!    9/11/2049,,,,,
28.20,29.28,!    9/12/2049,,,,,
28.15,29.18,!    9/13/2049,,,,,
28.04,29.18,!    9/14/2049,,,,,
27.93,29.08,!    9/15/2049,,,,,
27.87,28.98,!    9/16/2049,,,,,
27.76,28.78,!    9/17/2049,,,,,
27.65,28.68,!    9/18/2049,,,,,
27.54,28.58,!    9/19/2049,,,,,
27.43,28.28,!    9/20/2049,,,,,
27.31,28.18,!    9/21/2049,,,,,
27.20,27.98,!    9/22/2049,,,,,
27.09,27.88,!    9/23/2049,,,,,
26.98,27.88,!    9/24/2049,,,,,
26.81,27.68,!    9/25/2049,,,,,
26.70,27.58,!    9/26/2049,,,,,
26.59,27.28,!    9/27/2049,,,,,
26.43,27.28,!    9/28/2049,,,,,
26.31,27.18,!    9/29/2049,,,,,
26.15,26.98,!    9/30/2049,,,,,
26.24,27.11,!    10/1/2049,,,,,
25.95,26.81,!    10/2/2049,,,,,
25.79,26.51,!    10/3/2049,,,,,
25.62,26.31,!    10/4/2049,,,,,
25.45,26.31,!    10/5/2049,,,,,
25.29,26.21,!    10/6/2049,,,,,
25.12,26.01,!    10/7/2049,,,,,
24.95,25.81,!    10/8/2049,,,,,
24.79,25.61,!    10/9/2049,,,,,
24.57,25.41,!    10/10/2049,,,,,
24.40,25.31,!    10/11/2049,,,,,
24.23,25.21,!    10/12/2049,,,,,
24.07,25.01,!    10/13/2049,,,,,
23.84,24.81,!    10/14/2049,,,,,
23.68,24.61,!    10/15/2049,,,,,
23.45,24.41,!    10/16/2049,,,,,
23.29,24.21,!    10/17/2049,,,,,
23.07,23.91,!    10/18/2049,,,,,
22.90,23.71,!    10/19/2049,,,,,
22.68,23.41,!    10/20/2049,,,,,
22.51,22.91,!    10/21/2049,,,,,
22.29,22.61,!    10/22/2049,,,,,
22.12,22.31,!    10/23/2049,,,,,
21.90,21.91,!    10/24/2049,,,,,
21.73,21.61,!    10/25/2049,,,,,
21.51,21.21,!    10/26/2049,,,,,
21.34,21.01,!    10/27/2049,,,,,
21.12,20.81,!    10/28/2049,,,,,
20.95,20.31,!    10/29/2049,,,,,
20.73,19.91,!    10/30/2049,,,,,
20.57,19.71,!    10/31/2049,,,,,
20.51,20.66,!    11/1/2049,,,,,
20.10,20.46,!    11/2/2049,,,,,
19.94,20.26,!    11/3/2049,,,,,
19.72,20.16,!    11/4/2049,,,,,
19.55,19.96,!    11/5/2049,,,,,
19.38,19.76,!    11/6/2049,,,,,
19.22,19.86,!    11/7/2049,,,,,
19.05,19.66,!    11/8/2049,,,,,
18.88,19.46,!    11/9/2049,,,,,
18.72,19.26,!    11/10/2049,,,,,
18.55,19.06,!    11/11/2049,,,,,
18.38,18.86,!    11/12/2049,,,,,
18.27,18.66,!    11/13/2049,,,,,
18.10,18.36,!    11/14/2049,,,,,
17.94,18.06,!    11/15/2049,,,,,
17.83,17.86,!    11/16/2049,,,,,
17.66,17.66,!    11/17/2049,,,,,
17.55,17.36,!    11/18/2049,,,,,
17.44,17.06,!    11/19/2049,,,,,
17.27,16.76,!    11/20/2049,,,,,
17.16,16.56,!    11/21/2049,,,,,
17.05,16.36,!    11/22/2049,,,,,
16.94,16.16,!    11/23/2049,,,,,
16.83,16.06,!    11/24/2049,,,,,
16.72,15.96,!    11/25/2049,,,,,
16.60,15.86,!    11/26/2049,,,,,
16.49,15.66,!    11/27/2049,,,,,
16.38,15.46,!    11/28/2049,,,,,
16.27,15.26,!    11/29/2049,,,,,
16.22,15.16,!    11/30/2049,,,,,
16.86,15.36,!    12/1/2049,,,,,
16.54,15.06,!    12/2/2049,,,,,
16.49,14.86,!    12/3/2049,,,,,
16.38,14.76,!    12/4/2049,,,,,
16.27,14.56,!    12/5/2049,,,,,
16.21,14.36,!    12/6/2049,,,,,
16.10,13.96,!    12/7/2049,,,,,
16.04,13.76,!    12/8/2049,,,,,
15.93,13.56,!    12/9/2049,,,,,
15.88,13.36,!    12/10/2049,,,,,
15.77,13.16,!    12/11/2049,,,,,
15.71,12.86,!    12/12/2049,,,,,
15.60,12.76,!    12/13/2049,,,,,
15.54,12.56,!    12/14/2049,,,,,
15.49,12.46,!    12/15/2049,,,,,
15.38,12.26,!    12/16/2049,,,,,
15.32,12.16,!    12/17/2049,,,,,
15.21,11.96,!    12/18/2049,,,,,
15.16,11.86,!    12/19/2049,,,,,
15.10,11.76,!    12/20/2049,,,,,
14.99,11.66,!    12/21/2049,,,,,
14.93,11.56,!    12/22/2049,,,,,
14.88,11.56,!    12/23/2049,,,,,
14.82,11.46,!    12/24/2049,,,,,
14.71,11.36,!    12/25/2049,,,,,
14.66,11.26,!    12/26/2049,,,,,
14.60,11.16,!    12/27/2049,,,,,
14.54,11.16,!    12/28/2049,,,,,
14.49,11.16,!    12/29/2049,,,,,
14.43,11.06,!    12/30/2049,,,,,
14.38,11.06,!    12/31/2049,,,,,
13.94,8.90,!    1/1/2050,,,,,
13.88,8.80,!    1/2/2050,,,,,
13.82,8.70,!    1/3/2050,,,,,
13.77,8.60,!    1/4/2050,,,,,
13.77,8.40,!    1/5/2050,,,,,
13.71,8.30,!    1/6/2050,,,,,
13.66,8.20,!    1/7/2050,,,,,
13.66,8.10,!    1/8/2050,,,,,
13.60,8.00,!    1/9/2050,,,,,
13.60,8.00,!    1/10/2050,,,,,
13.60,7.90,!    1/11/2050,,,,,
13.55,7.90,!    1/12/2050,,,,,
13.55,7.80,!    1/13/2050,,,,,
13.55,7.60,!    1/14/2050,,,,,
13.55,7.50,!    1/15/2050,,,,,
13.55,7.40,!    1/16/2050,,,,,
13.55,7.30,!    1/17/2050,,,,,
13.60,7.30,!    1/18/2050,,,,,
13.60,7.30,!    1/19/2050,,,,,
13.60,7.00,!    1/20/2050,,,,,
13.66,7.10,!    1/21/2050,,,,,
13.71,7.10,!    1/22/2050,,,,,
13.71,7.10,!    1/23/2050,,,,,
13.77,7.20,!    1/24/2050,,,,,
13.82,7.20,!    1/25/2050,,,,,
13.88,7.40,!    1/26/2050,,,,,
13.94,7.40,!    1/27/2050,,,,,
13.99,7.30,!    1/28/2050,,,,,
14.05,7.20,!    1/29/2050,,,,,
14.10,7.10,!    1/30/2050,,,,,
14.21,7.10,!    1/31/2050,,,,,
13.57,8.07,!    2/1/2050,,,,,
13.63,8.07,!    2/2/2050,,,,,
13.74,8.27,!    2/3/2050,,,,,
13.79,8.27,!    2/4/2050,,,,,
13.90,8.27,!    2/5/2050,,,,,
14.01,8.37,!    2/6/2050,,,,,
14.13,8.37,!    2/7/2050,,,,,
14.18,8.57,!    2/8/2050,,,,,
14.29,8.67,!    2/9/2050,,,,,
14.40,8.77,!    2/10/2050,,,,,
14.51,8.77,!    2/11/2050,,,,,
14.63,8.87,!    2/12/2050,,,,,
14.74,8.87,!    2/13/2050,,,,,
14.85,8.87,!    2/14/2050,,,,,
14.96,8.87,!    2/15/2050,,,,,
15.07,8.97,!    2/16/2050,,,,,
15.18,9.07,!    2/17/2050,,,,,
15.29,9.07,!    2/18/2050,,,,,
15.40,9.17,!    2/19/2050,,,,,
15.51,9.27,!    2/20/2050,,,,,
15.63,9.47,!    2/21/2050,,,,,
15.74,9.57,!    2/22/2050,,,,,
15.85,9.67,!    2/23/2050,,,,,
15.96,9.87,!    2/24/2050,,,,,
16.13,9.97,!    2/25/2050,,,,,
16.24,9.97,!    2/26/2050,,,,,
16.35,10.17,!    2/27/2050,,,,,
16.46,10.27,!    2/28/2050,,,,,
17.21,10.06,!    3/1/2050,,,,,
17.52,9.56,!    3/2/2050,,,,,
17.63,9.56,!    3/3/2050,,,,,
17.75,9.56,!    3/4/2050,,,,,
17.86,9.56,!    3/5/2050,,,,,
17.97,9.66,!    3/6/2050,,,,,
18.08,9.76,!    3/7/2050,,,,,
18.19,9.86,!    3/8/2050,,,,,
18.30,10.06,!    3/9/2050,,,,,
18.41,10.26,!    3/10/2050,,,,,
18.47,10.46,!    3/11/2050,,,,,
18.58,10.66,!    3/12/2050,,,,,
18.69,10.76,!    3/13/2050,,,,,
18.80,10.96,!    3/14/2050,,,,,
18.91,11.06,!    3/15/2050,,,,,
19.02,11.26,!    3/16/2050,,,,,
19.13,11.36,!    3/17/2050,,,,,
19.19,11.46,!    3/18/2050,,,,,
19.30,11.66,!    3/19/2050,,,,,
19.41,11.96,!    3/20/2050,,,,,
19.52,12.06,!    3/21/2050,,,,,
19.58,12.26,!    3/22/2050,,,,,
19.69,12.26,!    3/23/2050,,,,,
19.80,12.46,!    3/24/2050,,,,,
19.91,12.76,!    3/25/2050,,,,,
19.97,12.96,!    3/26/2050,,,,,
20.08,13.16,!    3/27/2050,,,,,
20.19,13.36,!    3/28/2050,,,,,
20.25,13.56,!    3/29/2050,,,,,
20.36,13.76,!    3/30/2050,,,,,
20.47,13.96,!    3/31/2050,,,,,
20.18,14.35,!    4/1/2050,,,,,
20.62,14.55,!    4/2/2050,,,,,
20.74,14.75,!    4/3/2050,,,,,
20.85,15.05,!    4/4/2050,,,,,
20.96,15.35,!    4/5/2050,,,,,
21.01,15.55,!    4/6/2050,,,,,
21.12,15.65,!    4/7/2050,,,,,
21.24,15.75,!    4/8/2050,,,,,
21.35,15.95,!    4/9/2050,,,,,
21.46,16.15,!    4/10/2050,,,,,
21.51,16.35,!    4/11/2050,,,,,
21.62,16.65,!    4/12/2050,,,,,
21.74,16.75,!    4/13/2050,,,,,
21.85,16.85,!    4/14/2050,,,,,
21.96,17.05,!    4/15/2050,,,,,
22.07,17.15,!    4/16/2050,,,,,
22.18,17.25,!    4/17/2050,,,,,
22.29,17.35,!    4/18/2050,,,,,
22.40,17.55,!    4/19/2050,,,,,
22.51,17.65,!    4/20/2050,,,,,
22.62,17.85,!    4/21/2050,,,,,
22.79,18.15,!    4/22/2050,,,,,
22.90,18.25,!    4/23/2050,,,,,
23.01,18.35,!    4/24/2050,,,,,
23.12,18.45,!    4/25/2050,,,,,
23.24,18.55,!    4/26/2050,,,,,
23.40,18.75,!    4/27/2050,,,,,
23.51,18.95,!    4/28/2050,,,,,
23.62,19.35,!    4/29/2050,,,,,
23.79,19.55,!    4/30/2050,,,,,
23.65,19.75,!    5/1/2050,,,,,
23.87,19.95,!    5/2/2050,,,,,
24.03,20.05,!    5/3/2050,,,,,
24.15,20.25,!    5/4/2050,,,,,
24.31,20.25,!    5/5/2050,,,,,
24.42,20.35,!    5/6/2050,,,,,
24.59,20.45,!    5/7/2050,,,,,
24.70,20.65,!    5/8/2050,,,,,
24.87,20.85,!    5/9/2050,,,,,
24.98,21.05,!    5/10/2050,,,,,
25.09,21.15,!    5/11/2050,,,,,
25.26,21.25,!    5/12/2050,,,,,
25.37,21.45,!    5/13/2050,,,,,
25.53,21.55,!    5/14/2050,,,,,
25.65,21.65,!    5/15/2050,,,,,
25.81,21.85,!    5/16/2050,,,,,
25.92,22.05,!    5/17/2050,,,,,
26.09,22.25,!    5/18/2050,,,,,
26.20,22.25,!    5/19/2050,,,,,
26.31,22.45,!    5/20/2050,,,,,
26.48,22.65,!    5/21/2050,,,,,
26.59,22.95,!    5/22/2050,,,,,
26.70,23.15,!    5/23/2050,,,,,
26.87,23.35,!    5/24/2050,,,,,
26.98,23.55,!    5/25/2050,,,,,
27.09,23.85,!    5/26/2050,,,,,
27.20,24.05,!    5/27/2050,,,,,
27.31,24.15,!    5/28/2050,,,,,
27.42,24.35,!    5/29/2050,,,,,
27.53,24.55,!    5/30/2050,,,,,
27.65,24.65,!    5/31/2050,,,,,
27.57,24.70,!    6/1/2050,,,,,
27.76,24.90,!    6/2/2050,,,,,
27.82,25.10,!    6/3/2050,,,,,
27.93,25.30,!    6/4/2050,,,,,
28.04,25.50,!    6/5/2050,,,,,
28.10,25.70,!    6/6/2050,,,,,
28.21,26.00,!    6/7/2050,,,,,
28.26,26.30,!    6/8/2050,,,,,
28.38,26.60,!    6/9/2050,,,,,
28.43,26.80,!    6/10/2050,,,,,
28.49,27.00,!    6/11/2050,,,,,
28.60,27.20,!    6/12/2050,,,,,
28.65,27.30,!    6/13/2050,,,,,
28.71,27.40,!    6/14/2050,,,,,
28.76,27.60,!    6/15/2050,,,,,
28.82,27.80,!    6/16/2050,,,,,
28.88,28.00,!    6/17/2050,,,,,
28.93,28.10,!    6/18/2050,,,,,
28.99,28.20,!    6/19/2050,,,,,
28.99,28.30,!    6/20/2050,,,,,
29.04,28.50,!    6/21/2050,,,,,
29.10,28.60,!    6/22/2050,,,,,
29.15,28.70,!    6/23/2050,,,,,
29.15,28.80,!    6/24/2050,,,,,
29.21,29.00,!    6/25/2050,,,,,
29.21,29.10,!    6/26/2050,,,,,
29.26,29.20,!    6/27/2050,,,,,
29.26,29.30,!    6/28/2050,,,,,
29.32,29.30,!    6/29/2050,,,,,
29.32,29.40,!    6/30/2050,,,,,
29.97,30.14,!    7/1/2050,,,,,
29.91,30.24,!    7/2/2050,,,,,
29.91,30.44,!    7/3/2050,,,,,
29.97,30.44,!    7/4/2050,,,,,
29.97,30.44,!    7/5/2050,,,,,
30.02,30.44,!    7/6/2050,,,,,
30.02,30.44,!    7/7/2050,,,,,
30.02,30.44,!    7/8/2050,,,,,
30.02,30.34,!    7/9/2050,,,,,
30.08,30.44,!    7/10/2050,,,,,
30.08,30.44,!    7/11/2050,,,,,
30.08,30.44,!    7/12/2050,,,,,
30.13,30.44,!    7/13/2050,,,,,
30.13,30.54,!    7/14/2050,,,,,
30.13,30.54,!    7/15/2050,,,,,
30.13,30.54,!    7/16/2050,,,,,
30.19,30.54,!    7/17/2050,,,,,
30.19,30.64,!    7/18/2050,,,,,
30.19,30.64,!    7/19/2050,,,,,
30.24,30.84,!    7/20/2050,,,,,
30.24,30.94,!    7/21/2050,,,,,
30.24,30.94,!    7/22/2050,,,,,
30.24,31.04,!    7/23/2050,,,,,
30.24,31.04,!    7/24/2050,,,,,
30.30,31.04,!    7/25/2050,,,,,
30.30,31.14,!    7/26/2050,,,,,
30.30,31.24,!    7/27/2050,,,,,
30.30,31.34,!    7/28/2050,,,,,
30.30,31.34,!    7/29/2050,,,,,
30.36,31.44,!    7/30/2050,,,,,
30.36,31.44,!    7/31/2050,,,,,
29.91,31.33,!    8/1/2050,,,,,
29.92,31.23,!    8/2/2050,,,,,
29.92,31.33,!    8/3/2050,,,,,
29.92,31.33,!    8/4/2050,,,,,
29.92,31.43,!    8/5/2050,,,,,
29.92,31.43,!    8/6/2050,,,,,
29.92,31.53,!    8/7/2050,,,,,
29.92,31.63,!    8/8/2050,,,,,
29.92,31.63,!    8/9/2050,,,,,
29.92,31.73,!    8/10/2050,,,,,
29.92,31.63,!    8/11/2050,,,,,
29.92,31.73,!    8/12/2050,,,,,
29.92,31.63,!    8/13/2050,,,,,
29.87,31.43,!    8/14/2050,,,,,
29.87,31.43,!    8/15/2050,,,,,
29.87,31.43,!    8/16/2050,,,,,
29.81,31.53,!    8/17/2050,,,,,
29.81,31.53,!    8/18/2050,,,,,
29.81,31.43,!    8/19/2050,,,,,
29.75,31.33,!    8/20/2050,,,,,
29.75,31.13,!    8/21/2050,,,,,
29.70,31.13,!    8/22/2050,,,,,
29.70,31.13,!    8/23/2050,,,,,
29.64,31.13,!    8/24/2050,,,,,
29.59,31.23,!    8/25/2050,,,,,
29.59,31.13,!    8/26/2050,,,,,
29.53,31.03,!    8/27/2050,,,,,
29.48,30.93,!    8/28/2050,,,,,
29.42,30.83,!    8/29/2050,,,,,
29.42,30.73,!    8/30/2050,,,,,
29.37,30.63,!    8/31/2050,,,,,
29.37,30.44,!    9/1/2050,,,,,
29.18,30.34,!    9/2/2050,,,,,
29.13,30.24,!    9/3/2050,,,,,
29.07,30.04,!    9/4/2050,,,,,
28.96,30.04,!    9/5/2050,,,,,
28.90,29.94,!    9/6/2050,,,,,
28.85,29.94,!    9/7/2050,,,,,
28.79,29.94,!    9/8/2050,,,,,
28.68,29.84,!    9/9/2050,,,,,
28.63,29.74,!    9/10/2050,,,,,
28.57,29.64,!    9/11/2050,,,,,
28.46,29.44,!    9/12/2050,,,,,
28.40,29.34,!    9/13/2050,,,,,
28.29,29.34,!    9/14/2050,,,,,
28.18,29.24,!    9/15/2050,,,,,
28.13,29.14,!    9/16/2050,,,,,
28.01,28.94,!    9/17/2050,,,,,
27.90,28.84,!    9/18/2050,,,,,
27.79,28.74,!    9/19/2050,,,,,
27.68,28.44,!    9/20/2050,,,,,
27.57,28.34,!    9/21/2050,,,,,
27.46,28.14,!    9/22/2050,,,,,
27.35,28.04,!    9/23/2050,,,,,
27.24,28.04,!    9/24/2050,,,,,
27.07,27.84,!    9/25/2050,,,,,
26.96,27.74,!    9/26/2050,,,,,
26.85,27.44,!    9/27/2050,,,,,
26.68,27.44,!    9/28/2050,,,,,
26.57,27.34,!    9/29/2050,,,,,
26.40,27.14,!    9/30/2050,,,,,
27.11,27.56,!    10/1/2050,,,,,
26.83,27.26,!    10/2/2050,,,,,
26.66,26.96,!    10/3/2050,,,,,
26.49,26.76,!    10/4/2050,,,,,
26.33,26.76,!    10/5/2050,,,,,
26.16,26.66,!    10/6/2050,,,,,
25.99,26.46,!    10/7/2050,,,,,
25.83,26.26,!    10/8/2050,,,,,
25.66,26.06,!    10/9/2050,,,,,
25.44,25.86,!    10/10/2050,,,,,
25.27,25.76,!    10/11/2050,,,,,
25.10,25.66,!    10/12/2050,,,,,
24.94,25.46,!    10/13/2050,,,,,
24.71,25.26,!    10/14/2050,,,,,
24.55,25.06,!    10/15/2050,,,,,
24.33,24.86,!    10/16/2050,,,,,
24.16,24.66,!    10/17/2050,,,,,
23.94,24.36,!    10/18/2050,,,,,
23.77,24.16,!    10/19/2050,,,,,
23.55,23.86,!    10/20/2050,,,,,
23.38,23.36,!    10/21/2050,,,,,
23.16,23.06,!    10/22/2050,,,,,
22.99,22.76,!    10/23/2050,,,,,
22.77,22.36,!    10/24/2050,,,,,
22.60,22.06,!    10/25/2050,,,,,
22.38,21.66,!    10/26/2050,,,,,
22.21,21.46,!    10/27/2050,,,,,
21.99,21.26,!    10/28/2050,,,,,
21.83,20.76,!    10/29/2050,,,,,
21.60,20.36,!    10/30/2050,,,,,
21.44,20.16,!    10/31/2050,,,,,
21.80,20.48,!    11/1/2050,,,,,
21.40,20.28,!    11/2/2050,,,,,
21.23,20.08,!    11/3/2050,,,,,
21.01,19.98,!    11/4/2050,,,,,
20.84,19.78,!    11/5/2050,,,,,
20.68,19.58,!    11/6/2050,,,,,
20.51,19.68,!    11/7/2050,,,,,
20.34,19.48,!    11/8/2050,,,,,
20.18,19.28,!    11/9/2050,,,,,
20.01,19.08,!    11/10/2050,,,,,
19.84,18.88,!    11/11/2050,,,,,
19.68,18.68,!    11/12/2050,,,,,
19.56,18.48,!    11/13/2050,,,,,
19.40,18.18,!    11/14/2050,,,,,
19.23,17.88,!    11/15/2050,,,,,
19.12,17.68,!    11/16/2050,,,,,
18.95,17.48,!    11/17/2050,,,,,
18.84,17.18,!    11/18/2050,,,,,
18.73,16.88,!    11/19/2050,,,,,
18.56,16.58,!    11/20/2050,,,,,
18.45,16.38,!    11/21/2050,,,,,
18.34,16.18,!    11/22/2050,,,,,
18.23,15.98,!    11/23/2050,,,,,
18.12,15.88,!    11/24/2050,,,,,
18.01,15.78,!    11/25/2050,,,,,
17.90,15.68,!    11/26/2050,,,,,
17.79,15.48,!    11/27/2050,,,,,
17.68,15.28,!    11/28/2050,,,,,
17.56,15.08,!    11/29/2050,,,,,
17.51,14.98,!    11/30/2050,,,,,
16.21,13.83,!    12/1/2050,,,,,
15.89,13.53,!    12/2/2050,,,,,
15.84,13.33,!    12/3/2050,,,,,
15.73,13.23,!    12/4/2050,,,,,
15.62,13.03,!    12/5/2050,,,,,
15.56,12.83,!    12/6/2050,,,,,
15.45,12.43,!    12/7/2050,,,,,
15.39,12.23,!    12/8/2050,,,,,
15.28,12.03,!    12/9/2050,,,,,
15.23,11.83,!    12/10/2050,,,,,
15.12,11.63,!    12/11/2050,,,,,
15.06,11.33,!    12/12/2050,,,,,
14.95,11.23,!    12/13/2050,,,,,
14.89,11.03,!    12/14/2050,,,,,
14.84,10.93,!    12/15/2050,,,,,
14.73,10.73,!    12/16/2050,,,,,
14.67,10.63,!    12/17/2050,,,,,
14.56,10.43,!    12/18/2050,,,,,
14.50,10.33,!    12/19/2050,,,,,
14.45,10.23,!    12/20/2050,,,,,
14.34,10.13,!    12/21/2050,,,,,
14.28,10.03,!    12/22/2050,,,,,
14.23,10.03,!    12/23/2050,,,,,
14.17,9.93,!    12/24/2050,,,,,
14.06,9.83,!    12/25/2050,,,,,
14.00,9.73,!    12/26/2050,,,,,
13.95,9.63,!    12/27/2050,,,,,
13.89,9.63,!    12/28/2050,,,,,
13.84,9.63,!    12/29/2050,,,,,
13.78,9.53,!    12/30/2050,,,,,
13.73,9.53,!    12/31/2050,,,,,
13.80,9.63,!    1/1/2051,,,,,
13.75,9.53,!    1/2/2051,,,,,
13.69,9.43,!    1/3/2051,,,,,
13.64,9.33,!    1/4/2051,,,,,
13.64,9.13,!    1/5/2051,,,,,
13.58,9.03,!    1/6/2051,,,,,
13.53,8.93,!    1/7/2051,,,,,
13.53,8.83,!    1/8/2051,,,,,
13.47,8.73,!    1/9/2051,,,,,
13.47,8.73,!    1/10/2051,,,,,
13.47,8.63,!    1/11/2051,,,,,
13.42,8.63,!    1/12/2051,,,,,
13.42,8.53,!    1/13/2051,,,,,
13.42,8.33,!    1/14/2051,,,,,
13.42,8.23,!    1/15/2051,,,,,
13.42,8.13,!    1/16/2051,,,,,
13.42,8.03,!    1/17/2051,,,,,
13.47,8.03,!    1/18/2051,,,,,
13.47,8.03,!    1/19/2051,,,,,
13.47,7.73,!    1/20/2051,,,,,
13.53,7.83,!    1/21/2051,,,,,
13.58,7.83,!    1/22/2051,,,,,
13.58,7.83,!    1/23/2051,,,,,
13.64,7.93,!    1/24/2051,,,,,
13.69,7.93,!    1/25/2051,,,,,
13.75,8.13,!    1/26/2051,,,,,
13.80,8.13,!    1/27/2051,,,,,
13.86,8.03,!    1/28/2051,,,,,
13.92,7.93,!    1/29/2051,,,,,
13.97,7.83,!    1/30/2051,,,,,
14.08,7.83,!    1/31/2051,,,,,
13.98,7.28,!    2/1/2051,,,,,
14.03,7.28,!    2/2/2051,,,,,
14.14,7.48,!    2/3/2051,,,,,
14.20,7.48,!    2/4/2051,,,,,
14.31,7.48,!    2/5/2051,,,,,
14.42,7.58,!    2/6/2051,,,,,
14.53,7.58,!    2/7/2051,,,,,
14.59,7.78,!    2/8/2051,,,,,
14.70,7.88,!    2/9/2051,,,,,
14.81,7.98,!    2/10/2051,,,,,
14.92,7.98,!    2/11/2051,,,,,
15.03,8.08,!    2/12/2051,,,,,
15.14,8.08,!    2/13/2051,,,,,
15.25,8.08,!    2/14/2051,,,,,
15.37,8.08,!    2/15/2051,,,,,
15.48,8.18,!    2/16/2051,,,,,
15.59,8.28,!    2/17/2051,,,,,
15.70,8.28,!    2/18/2051,,,,,
15.81,8.38,!    2/19/2051,,,,,
15.92,8.48,!    2/20/2051,,,,,
16.03,8.68,!    2/21/2051,,,,,
16.14,8.78,!    2/22/2051,,,,,
16.25,8.88,!    2/23/2051,,,,,
16.37,9.08,!    2/24/2051,,,,,
16.53,9.18,!    2/25/2051,,,,,
16.64,9.18,!    2/26/2051,,,,,
16.75,9.38,!    2/27/2051,,,,,
16.87,9.48,!    2/28/2051,,,,,
16.44,10.32,!    3/1/2051,,,,,
16.76,9.82,!    3/2/2051,,,,,
16.87,9.82,!    3/3/2051,,,,,
16.98,9.82,!    3/4/2051,,,,,
17.09,9.82,!    3/5/2051,,,,,
17.21,9.92,!    3/6/2051,,,,,
17.32,10.02,!    3/7/2051,,,,,
17.43,10.12,!    3/8/2051,,,,,
17.54,10.32,!    3/9/2051,,,,,
17.65,10.52,!    3/10/2051,,,,,
17.71,10.72,!    3/11/2051,,,,,
17.82,10.92,!    3/12/2051,,,,,
17.93,11.02,!    3/13/2051,,,,,
18.04,11.22,!    3/14/2051,,,,,
18.15,11.32,!    3/15/2051,,,,,
18.26,11.52,!    3/16/2051,,,,,
18.37,11.62,!    3/17/2051,,,,,
18.43,11.72,!    3/18/2051,,,,,
18.54,11.92,!    3/19/2051,,,,,
18.65,12.22,!    3/20/2051,,,,,
18.76,12.32,!    3/21/2051,,,,,
18.82,12.52,!    3/22/2051,,,,,
18.93,12.52,!    3/23/2051,,,,,
19.04,12.72,!    3/24/2051,,,,,
19.15,13.02,!    3/25/2051,,,,,
19.21,13.22,!    3/26/2051,,,,,
19.32,13.42,!    3/27/2051,,,,,
19.43,13.62,!    3/28/2051,,,,,
19.48,13.82,!    3/29/2051,,,,,
19.59,14.02,!    3/30/2051,,,,,
19.71,14.22,!    3/31/2051,,,,,
19.68,14.85,!    4/1/2051,,,,,
20.12,15.05,!    4/2/2051,,,,,
20.23,15.25,!    4/3/2051,,,,,
20.35,15.55,!    4/4/2051,,,,,
20.46,15.85,!    4/5/2051,,,,,
20.51,16.05,!    4/6/2051,,,,,
20.62,16.15,!    4/7/2051,,,,,
20.73,16.25,!    4/8/2051,,,,,
20.85,16.45,!    4/9/2051,,,,,
20.96,16.65,!    4/10/2051,,,,,
21.01,16.85,!    4/11/2051,,,,,
21.12,17.15,!    4/12/2051,,,,,
21.23,17.25,!    4/13/2051,,,,,
21.35,17.35,!    4/14/2051,,,,,
21.46,17.55,!    4/15/2051,,,,,
21.57,17.65,!    4/16/2051,,,,,
21.68,17.75,!    4/17/2051,,,,,
21.79,17.85,!    4/18/2051,,,,,
21.90,18.05,!    4/19/2051,,,,,
22.01,18.15,!    4/20/2051,,,,,
22.12,18.35,!    4/21/2051,,,,,
22.29,18.65,!    4/22/2051,,,,,
22.40,18.75,!    4/23/2051,,,,,
22.51,18.85,!    4/24/2051,,,,,
22.62,18.95,!    4/25/2051,,,,,
22.73,19.05,!    4/26/2051,,,,,
22.90,19.25,!    4/27/2051,,,,,
23.01,19.45,!    4/28/2051,,,,,
23.12,19.85,!    4/29/2051,,,,,
23.29,20.05,!    4/30/2051,,,,,
23.82,20.18,!    5/1/2051,,,,,
24.04,20.38,!    5/2/2051,,,,,
24.21,20.48,!    5/3/2051,,,,,
24.32,20.68,!    5/4/2051,,,,,
24.48,20.68,!    5/5/2051,,,,,
24.59,20.78,!    5/6/2051,,,,,
24.76,20.88,!    5/7/2051,,,,,
24.87,21.08,!    5/8/2051,,,,,
25.04,21.28,!    5/9/2051,,,,,
25.15,21.48,!    5/10/2051,,,,,
25.26,21.58,!    5/11/2051,,,,,
25.43,21.68,!    5/12/2051,,,,,
25.54,21.88,!    5/13/2051,,,,,
25.71,21.98,!    5/14/2051,,,,,
25.82,22.08,!    5/15/2051,,,,,
25.98,22.28,!    5/16/2051,,,,,
26.09,22.48,!    5/17/2051,,,,,
26.26,22.68,!    5/18/2051,,,,,
26.37,22.68,!    5/19/2051,,,,,
26.48,22.88,!    5/20/2051,,,,,
26.65,23.08,!    5/21/2051,,,,,
26.76,23.38,!    5/22/2051,,,,,
26.87,23.58,!    5/23/2051,,,,,
27.04,23.78,!    5/24/2051,,,,,
27.15,23.98,!    5/25/2051,,,,,
27.26,24.28,!    5/26/2051,,,,,
27.37,24.48,!    5/27/2051,,,,,
27.48,24.58,!    5/28/2051,,,,,
27.59,24.78,!    5/29/2051,,,,,
27.71,24.98,!    5/30/2051,,,,,
27.82,25.08,!    5/31/2051,,,,,
27.82,24.69,!    6/1/2051,,,,,
28.02,24.89,!    6/2/2051,,,,,
28.07,25.09,!    6/3/2051,,,,,
28.18,25.29,!    6/4/2051,,,,,
28.29,25.49,!    6/5/2051,,,,,
28.35,25.69,!    6/6/2051,,,,,
28.46,25.99,!    6/7/2051,,,,,
28.52,26.29,!    6/8/2051,,,,,
28.63,26.59,!    6/9/2051,,,,,
28.68,26.79,!    6/10/2051,,,,,
28.74,26.99,!    6/11/2051,,,,,
28.85,27.19,!    6/12/2051,,,,,
28.91,27.29,!    6/13/2051,,,,,
28.96,27.39,!    6/14/2051,,,,,
29.02,27.59,!    6/15/2051,,,,,
29.07,27.79,!    6/16/2051,,,,,
29.13,27.99,!    6/17/2051,,,,,
29.18,28.09,!    6/18/2051,,,,,
29.24,28.19,!    6/19/2051,,,,,
29.24,28.29,!    6/20/2051,,,,,
29.29,28.49,!    6/21/2051,,,,,
29.35,28.59,!    6/22/2051,,,,,
29.41,28.69,!    6/23/2051,,,,,
29.41,28.79,!    6/24/2051,,,,,
29.46,28.99,!    6/25/2051,,,,,
29.46,29.09,!    6/26/2051,,,,,
29.52,29.19,!    6/27/2051,,,,,
29.52,29.29,!    6/28/2051,,,,,
29.57,29.29,!    6/29/2051,,,,,
29.57,29.39,!    6/30/2051,,,,,
29.74,29.81,!    7/1/2051,,,,,
29.68,29.91,!    7/2/2051,,,,,
29.68,30.11,!    7/3/2051,,,,,
29.74,30.11,!    7/4/2051,,,,,
29.74,30.11,!    7/5/2051,,,,,
29.79,30.11,!    7/6/2051,,,,,
29.79,30.11,!    7/7/2051,,,,,
29.79,30.11,!    7/8/2051,,,,,
29.79,30.01,!    7/9/2051,,,,,
29.85,30.11,!    7/10/2051,,,,,
29.85,30.11,!    7/11/2051,,,,,
29.85,30.11,!    7/12/2051,,,,,
29.90,30.11,!    7/13/2051,,,,,
29.90,30.21,!    7/14/2051,,,,,
29.90,30.21,!    7/15/2051,,,,,
29.90,30.21,!    7/16/2051,,,,,
29.96,30.21,!    7/17/2051,,,,,
29.96,30.31,!    7/18/2051,,,,,
29.96,30.31,!    7/19/2051,,,,,
30.02,30.51,!    7/20/2051,,,,,
30.02,30.61,!    7/21/2051,,,,,
30.02,30.61,!    7/22/2051,,,,,
30.02,30.71,!    7/23/2051,,,,,
30.02,30.71,!    7/24/2051,,,,,
30.07,30.71,!    7/25/2051,,,,,
30.07,30.81,!    7/26/2051,,,,,
30.07,30.91,!    7/27/2051,,,,,
30.07,31.01,!    7/28/2051,,,,,
30.07,31.01,!    7/29/2051,,,,,
30.13,31.11,!    7/30/2051,,,,,
30.13,31.11,!    7/31/2051,,,,,
30.08,31.29,!    8/1/2051,,,,,
30.10,31.19,!    8/2/2051,,,,,
30.10,31.29,!    8/3/2051,,,,,
30.10,31.29,!    8/4/2051,,,,,
30.10,31.39,!    8/5/2051,,,,,
30.10,31.39,!    8/6/2051,,,,,
30.10,31.49,!    8/7/2051,,,,,
30.10,31.59,!    8/8/2051,,,,,
30.10,31.59,!    8/9/2051,,,,,
30.10,31.69,!    8/10/2051,,,,,
30.10,31.59,!    8/11/2051,,,,,
30.10,31.69,!    8/12/2051,,,,,
30.10,31.59,!    8/13/2051,,,,,
30.04,31.39,!    8/14/2051,,,,,
30.04,31.39,!    8/15/2051,,,,,
30.04,31.39,!    8/16/2051,,,,,
29.99,31.49,!    8/17/2051,,,,,
29.99,31.49,!    8/18/2051,,,,,
29.99,31.39,!    8/19/2051,,,,,
29.93,31.29,!    8/20/2051,,,,,
29.93,31.09,!    8/21/2051,,,,,
29.87,31.09,!    8/22/2051,,,,,
29.87,31.09,!    8/23/2051,,,,,
29.82,31.09,!    8/24/2051,,,,,
29.76,31.19,!    8/25/2051,,,,,
29.76,31.09,!    8/26/2051,,,,,
29.71,30.99,!    8/27/2051,,,,,
29.65,30.89,!    8/28/2051,,,,,
29.60,30.79,!    8/29/2051,,,,,
29.60,30.69,!    8/30/2051,,,,,
29.54,30.59,!    8/31/2051,,,,,
29.42,30.58,!    9/1/2051,,,,,
29.23,30.48,!    9/2/2051,,,,,
29.18,30.38,!    9/3/2051,,,,,
29.12,30.18,!    9/4/2051,,,,,
29.01,30.18,!    9/5/2051,,,,,
28.95,30.08,!    9/6/2051,,,,,
28.90,30.08,!    9/7/2051,,,,,
28.84,30.08,!    9/8/2051,,,,,
28.73,29.98,!    9/9/2051,,,,,
28.68,29.88,!    9/10/2051,,,,,
28.62,29.78,!    9/11/2051,,,,,
28.51,29.58,!    9/12/2051,,,,,
28.45,29.48,!    9/13/2051,,,,,
28.34,29.48,!    9/14/2051,,,,,
28.23,29.38,!    9/15/2051,,,,,
28.18,29.28,!    9/16/2051,,,,,
28.06,29.08,!    9/17/2051,,,,,
27.95,28.98,!    9/18/2051,,,,,
27.84,28.88,!    9/19/2051,,,,,
27.73,28.58,!    9/20/2051,,,,,
27.62,28.48,!    9/21/2051,,,,,
27.51,28.28,!    9/22/2051,,,,,
27.40,28.18,!    9/23/2051,,,,,
27.29,28.18,!    9/24/2051,,,,,
27.12,27.98,!    9/25/2051,,,,,
27.01,27.88,!    9/26/2051,,,,,
26.90,27.58,!    9/27/2051,,,,,
26.73,27.58,!    9/28/2051,,,,,
26.62,27.48,!    9/29/2051,,,,,
26.45,27.28,!    9/30/2051,,,,,
27.06,26.91,!    10/1/2051,,,,,
26.78,26.61,!    10/2/2051,,,,,
26.61,26.31,!    10/3/2051,,,,,
26.45,26.11,!    10/4/2051,,,,,
26.28,26.11,!    10/5/2051,,,,,
26.11,26.01,!    10/6/2051,,,,,
25.95,25.81,!    10/7/2051,,,,,
25.78,25.61,!    10/8/2051,,,,,
25.61,25.41,!    10/9/2051,,,,,
25.39,25.21,!    10/10/2051,,,,,
25.23,25.11,!    10/11/2051,,,,,
25.06,25.01,!    10/12/2051,,,,,
24.89,24.81,!    10/13/2051,,,,,
24.67,24.61,!    10/14/2051,,,,,
24.50,24.41,!    10/15/2051,,,,,
24.28,24.21,!    10/16/2051,,,,,
24.11,24.01,!    10/17/2051,,,,,
23.89,23.71,!    10/18/2051,,,,,
23.73,23.51,!    10/19/2051,,,,,
23.50,23.21,!    10/20/2051,,,,,
23.34,22.71,!    10/21/2051,,,,,
23.11,22.41,!    10/22/2051,,,,,
22.95,22.11,!    10/23/2051,,,,,
22.73,21.71,!    10/24/2051,,,,,
22.56,21.41,!    10/25/2051,,,,,
22.34,21.01,!    10/26/2051,,,,,
22.17,20.81,!    10/27/2051,,,,,
21.95,20.61,!    10/28/2051,,,,,
21.78,20.11,!    10/29/2051,,,,,
21.56,19.71,!    10/30/2051,,,,,
21.39,19.51,!    10/31/2051,,,,,
21.97,19.53,!    11/1/2051,,,,,
21.57,19.33,!    11/2/2051,,,,,
21.40,19.13,!    11/3/2051,,,,,
21.18,19.03,!    11/4/2051,,,,,
21.01,18.83,!    11/5/2051,,,,,
20.85,18.63,!    11/6/2051,,,,,
20.68,18.73,!    11/7/2051,,,,,
20.51,18.53,!    11/8/2051,,,,,
20.35,18.33,!    11/9/2051,,,,,
20.18,18.13,!    11/10/2051,,,,,
20.01,17.93,!    11/11/2051,,,,,
19.85,17.73,!    11/12/2051,,,,,
19.74,17.53,!    11/13/2051,,,,,
19.57,17.23,!    11/14/2051,,,,,
19.40,16.93,!    11/15/2051,,,,,
19.29,16.73,!    11/16/2051,,,,,
19.13,16.53,!    11/17/2051,,,,,
19.01,16.23,!    11/18/2051,,,,,
18.90,15.93,!    11/19/2051,,,,,
18.74,15.63,!    11/20/2051,,,,,
18.63,15.43,!    11/21/2051,,,,,
18.51,15.23,!    11/22/2051,,,,,
18.40,15.03,!    11/23/2051,,,,,
18.29,14.93,!    11/24/2051,,,,,
18.18,14.83,!    11/25/2051,,,,,
18.07,14.73,!    11/26/2051,,,,,
17.96,14.53,!    11/27/2051,,,,,
17.85,14.33,!    11/28/2051,,,,,
17.74,14.13,!    11/29/2051,,,,,
17.68,14.03,!    11/30/2051,,,,,
16.60,13.74,!    12/1/2051,,,,,
16.28,13.44,!    12/2/2051,,,,,
16.23,13.24,!    12/3/2051,,,,,
16.11,13.14,!    12/4/2051,,,,,
16.00,12.94,!    12/5/2051,,,,,
15.95,12.74,!    12/6/2051,,,,,
15.84,12.34,!    12/7/2051,,,,,
15.78,12.14,!    12/8/2051,,,,,
15.67,11.94,!    12/9/2051,,,,,
15.61,11.74,!    12/10/2051,,,,,
15.50,11.54,!    12/11/2051,,,,,
15.45,11.24,!    12/12/2051,,,,,
15.34,11.14,!    12/13/2051,,,,,
15.28,10.94,!    12/14/2051,,,,,
15.23,10.84,!    12/15/2051,,,,,
15.11,10.64,!    12/16/2051,,,,,
15.06,10.54,!    12/17/2051,,,,,
14.95,10.34,!    12/18/2051,,,,,
14.89,10.24,!    12/19/2051,,,,,
14.84,10.14,!    12/20/2051,,,,,
14.73,10.04,!    12/21/2051,,,,,
14.67,9.94,!    12/22/2051,,,,,
14.61,9.94,!    12/23/2051,,,,,
14.56,9.84,!    12/24/2051,,,,,
14.45,9.74,!    12/25/2051,,,,,
14.39,9.64,!    12/26/2051,,,,,
14.34,9.54,!    12/27/2051,,,,,
14.28,9.54,!    12/28/2051,,,,,
14.23,9.54,!    12/29/2051,,,,,
14.17,9.44,!    12/30/2051,,,,,
14.11,9.44,!    12/31/2051,,,,,
13.11,9.10,!    1/1/2052,,,,,
13.05,9.00,!    1/2/2052,,,,,
12.99,8.90,!    1/3/2052,,,,,
12.94,8.80,!    1/4/2052,,,,,
12.94,8.60,!    1/5/2052,,,,,
12.88,8.50,!    1/6/2052,,,,,
12.83,8.40,!    1/7/2052,,,,,
12.83,8.30,!    1/8/2052,,,,,
12.77,8.20,!    1/9/2052,,,,,
12.77,8.20,!    1/10/2052,,,,,
12.77,8.10,!    1/11/2052,,,,,
12.72,8.10,!    1/12/2052,,,,,
12.72,8.00,!    1/13/2052,,,,,
12.72,7.80,!    1/14/2052,,,,,
12.72,7.70,!    1/15/2052,,,,,
12.72,7.60,!    1/16/2052,,,,,
12.72,7.50,!    1/17/2052,,,,,
12.77,7.50,!    1/18/2052,,,,,
12.77,7.50,!    1/19/2052,,,,,
12.77,7.20,!    1/20/2052,,,,,
12.83,7.30,!    1/21/2052,,,,,
12.88,7.30,!    1/22/2052,,,,,
12.88,7.30,!    1/23/2052,,,,,
12.94,7.40,!    1/24/2052,,,,,
12.99,7.40,!    1/25/2052,,,,,
13.05,7.60,!    1/26/2052,,,,,
13.11,7.60,!    1/27/2052,,,,,
13.16,7.50,!    1/28/2052,,,,,
13.22,7.40,!    1/29/2052,,,,,
13.27,7.30,!    1/30/2052,,,,,
13.38,7.30,!    1/31/2052,,,,,
13.22,8.32,!    2/1/2052,,,,,
13.27,8.32,!    2/2/2052,,,,,
13.39,8.52,!    2/3/2052,,,,,
13.44,8.52,!    2/4/2052,,,,,
13.55,8.52,!    2/5/2052,,,,,
13.66,8.62,!    2/6/2052,,,,,
13.77,8.62,!    2/7/2052,,,,,
13.83,8.82,!    2/8/2052,,,,,
13.94,8.92,!    2/9/2052,,,,,
14.05,9.02,!    2/10/2052,,,,,
14.16,9.02,!    2/11/2052,,,,,
14.27,9.12,!    2/12/2052,,,,,
14.39,9.12,!    2/13/2052,,,,,
14.50,9.12,!    2/14/2052,,,,,
14.61,9.12,!    2/15/2052,,,,,
14.72,9.22,!    2/16/2052,,,,,
14.83,9.32,!    2/17/2052,,,,,
14.94,9.32,!    2/18/2052,,,,,
15.05,9.42,!    2/19/2052,,,,,
15.16,9.52,!    2/20/2052,,,,,
15.27,9.72,!    2/21/2052,,,,,
15.39,9.82,!    2/22/2052,,,,,
15.50,9.92,!    2/23/2052,,,,,
15.61,10.12,!    2/24/2052,,,,,
15.77,10.22,!    2/25/2052,,,,,
15.89,10.22,!    2/26/2052,,,,,
16.00,10.42,!    2/27/2052,,,,,
16.11,10.52,!    2/28/2052,,,,,
16.11,11.22,!    2/29/2052,,,,,
17.28,10.11,!    3/1/2052,,,,,
17.39,10.11,!    3/2/2052,,,,,
17.50,10.11,!    3/3/2052,,,,,
17.61,10.11,!    3/4/2052,,,,,
17.72,10.21,!    3/5/2052,,,,,
17.83,10.31,!    3/6/2052,,,,,
17.95,10.41,!    3/7/2052,,,,,
18.06,10.61,!    3/8/2052,,,,,
18.17,10.81,!    3/9/2052,,,,,
18.22,11.01,!    3/10/2052,,,,,
18.33,11.21,!    3/11/2052,,,,,
18.45,11.31,!    3/12/2052,,,,,
18.56,11.51,!    3/13/2052,,,,,
18.67,11.61,!    3/14/2052,,,,,
18.78,11.81,!    3/15/2052,,,,,
18.89,11.91,!    3/16/2052,,,,,
18.95,12.01,!    3/17/2052,,,,,
19.06,12.21,!    3/18/2052,,,,,
19.17,12.51,!    3/19/2052,,,,,
19.28,12.61,!    3/20/2052,,,,,
19.33,12.81,!    3/21/2052,,,,,
19.45,12.81,!    3/22/2052,,,,,
19.56,13.01,!    3/23/2052,,,,,
19.67,13.31,!    3/24/2052,,,,,
19.72,13.51,!    3/25/2052,,,,,
19.83,13.71,!    3/26/2052,,,,,
19.95,13.91,!    3/27/2052,,,,,
20.00,14.11,!    3/28/2052,,,,,
20.11,14.31,!    3/29/2052,,,,,
20.22,14.51,!    3/30/2052,,,,,
20.33,14.61,!    3/31/2052,,,,,
20.79,15.30,!    4/1/2052,,,,,
20.90,15.50,!    4/2/2052,,,,,
21.01,15.80,!    4/3/2052,,,,,
21.12,16.10,!    4/4/2052,,,,,
21.18,16.30,!    4/5/2052,,,,,
21.29,16.40,!    4/6/2052,,,,,
21.40,16.50,!    4/7/2052,,,,,
21.51,16.70,!    4/8/2052,,,,,
21.62,16.90,!    4/9/2052,,,,,
21.68,17.10,!    4/10/2052,,,,,
21.79,17.40,!    4/11/2052,,,,,
21.90,17.50,!    4/12/2052,,,,,
22.01,17.60,!    4/13/2052,,,,,
22.12,17.80,!    4/14/2052,,,,,
22.23,17.90,!    4/15/2052,,,,,
22.34,18.00,!    4/16/2052,,,,,
22.45,18.10,!    4/17/2052,,,,,
22.57,18.30,!    4/18/2052,,,,,
22.68,18.40,!    4/19/2052,,,,,
22.79,18.60,!    4/20/2052,,,,,
22.95,18.90,!    4/21/2052,,,,,
23.07,19.00,!    4/22/2052,,,,,
23.18,19.10,!    4/23/2052,,,,,
23.29,19.20,!    4/24/2052,,,,,
23.40,19.30,!    4/25/2052,,,,,
23.57,19.50,!    4/26/2052,,,,,
23.68,19.70,!    4/27/2052,,,,,
23.79,20.10,!    4/28/2052,,,,,
23.95,20.30,!    4/29/2052,,,,,
24.07,20.50,!    4/30/2052,,,,,
23.78,19.98,!    5/1/2052,,,,,
23.94,20.08,!    5/2/2052,,,,,
24.05,20.28,!    5/3/2052,,,,,
24.22,20.28,!    5/4/2052,,,,,
24.33,20.38,!    5/5/2052,,,,,
24.50,20.48,!    5/6/2052,,,,,
24.61,20.68,!    5/7/2052,,,,,
24.78,20.88,!    5/8/2052,,,,,
24.89,21.08,!    5/9/2052,,,,,
25.00,21.18,!    5/10/2052,,,,,
25.17,21.28,!    5/11/2052,,,,,
25.28,21.48,!    5/12/2052,,,,,
25.44,21.58,!    5/13/2052,,,,,
25.55,21.68,!    5/14/2052,,,,,
25.72,21.88,!    5/15/2052,,,,,
25.83,22.08,!    5/16/2052,,,,,
26.00,22.28,!    5/17/2052,,,,,
26.11,22.28,!    5/18/2052,,,,,
26.22,22.48,!    5/19/2052,,,,,
26.39,22.68,!    5/20/2052,,,,,
26.50,22.98,!    5/21/2052,,,,,
26.61,23.18,!    5/22/2052,,,,,
26.78,23.38,!    5/23/2052,,,,,
26.89,23.58,!    5/24/2052,,,,,
27.00,23.88,!    5/25/2052,,,,,
27.11,24.08,!    5/26/2052,,,,,
27.22,24.18,!    5/27/2052,,,,,
27.33,24.38,!    5/28/2052,,,,,
27.44,24.58,!    5/29/2052,,,,,
27.55,24.68,!    5/30/2052,,,,,
27.67,24.88,!    5/31/2052,,,,,
27.96,25.07,!    6/1/2052,,,,,
28.02,25.27,!    6/2/2052,,,,,
28.13,25.47,!    6/3/2052,,,,,
28.24,25.67,!    6/4/2052,,,,,
28.30,25.87,!    6/5/2052,,,,,
28.41,26.17,!    6/6/2052,,,,,
28.46,26.47,!    6/7/2052,,,,,
28.58,26.77,!    6/8/2052,,,,,
28.63,26.97,!    6/9/2052,,,,,
28.69,27.17,!    6/10/2052,,,,,
28.80,27.37,!    6/11/2052,,,,,
28.85,27.47,!    6/12/2052,,,,,
28.91,27.57,!    6/13/2052,,,,,
28.96,27.77,!    6/14/2052,,,,,
29.02,27.97,!    6/15/2052,,,,,
29.08,28.17,!    6/16/2052,,,,,
29.13,28.27,!    6/17/2052,,,,,
29.19,28.37,!    6/18/2052,,,,,
29.19,28.47,!    6/19/2052,,,,,
29.24,28.67,!    6/20/2052,,,,,
29.30,28.77,!    6/21/2052,,,,,
29.35,28.87,!    6/22/2052,,,,,
29.35,28.97,!    6/23/2052,,,,,
29.41,29.17,!    6/24/2052,,,,,
29.41,29.27,!    6/25/2052,,,,,
29.46,29.37,!    6/26/2052,,,,,
29.46,29.47,!    6/27/2052,,,,,
29.52,29.47,!    6/28/2052,,,,,
29.52,29.57,!    6/29/2052,,,,,
29.58,29.77,!    6/30/2052,,,,,
29.86,30.16,!    7/1/2052,,,,,
29.86,30.36,!    7/2/2052,,,,,
29.92,30.36,!    7/3/2052,,,,,
29.92,30.36,!    7/4/2052,,,,,
29.97,30.36,!    7/5/2052,,,,,
29.97,30.36,!    7/6/2052,,,,,
29.97,30.36,!    7/7/2052,,,,,
29.97,30.26,!    7/8/2052,,,,,
30.03,30.36,!    7/9/2052,,,,,
30.03,30.36,!    7/10/2052,,,,,
30.03,30.36,!    7/11/2052,,,,,
30.08,30.36,!    7/12/2052,,,,,
30.08,30.46,!    7/13/2052,,,,,
30.08,30.46,!    7/14/2052,,,,,
30.08,30.46,!    7/15/2052,,,,,
30.14,30.46,!    7/16/2052,,,,,
30.14,30.56,!    7/17/2052,,,,,
30.14,30.56,!    7/18/2052,,,,,
30.20,30.76,!    7/19/2052,,,,,
30.20,30.86,!    7/20/2052,,,,,
30.20,30.86,!    7/21/2052,,,,,
30.20,30.96,!    7/22/2052,,,,,
30.20,30.96,!    7/23/2052,,,,,
30.25,30.96,!    7/24/2052,,,,,
30.25,31.06,!    7/25/2052,,,,,
30.25,31.16,!    7/26/2052,,,,,
30.25,31.26,!    7/27/2052,,,,,
30.25,31.26,!    7/28/2052,,,,,
30.31,31.36,!    7/29/2052,,,,,
30.31,31.36,!    7/30/2052,,,,,
30.31,31.46,!    7/31/2052,,,,,
30.21,31.01,!    8/1/2052,,,,,
30.21,31.11,!    8/2/2052,,,,,
30.21,31.11,!    8/3/2052,,,,,
30.21,31.21,!    8/4/2052,,,,,
30.21,31.21,!    8/5/2052,,,,,
30.21,31.31,!    8/6/2052,,,,,
30.21,31.41,!    8/7/2052,,,,,
30.21,31.41,!    8/8/2052,,,,,
30.21,31.51,!    8/9/2052,,,,,
30.21,31.41,!    8/10/2052,,,,,
30.21,31.51,!    8/11/2052,,,,,
30.21,31.41,!    8/12/2052,,,,,
30.15,31.21,!    8/13/2052,,,,,
30.15,31.21,!    8/14/2052,,,,,
30.15,31.21,!    8/15/2052,,,,,
30.10,31.31,!    8/16/2052,,,,,
30.10,31.31,!    8/17/2052,,,,,
30.10,31.21,!    8/18/2052,,,,,
30.04,31.11,!    8/19/2052,,,,,
30.04,30.91,!    8/20/2052,,,,,
29.99,30.91,!    8/21/2052,,,,,
29.99,30.91,!    8/22/2052,,,,,
29.93,30.91,!    8/23/2052,,,,,
29.88,31.01,!    8/24/2052,,,,,
29.88,30.91,!    8/25/2052,,,,,
29.82,30.81,!    8/26/2052,,,,,
29.76,30.71,!    8/27/2052,,,,,
29.71,30.61,!    8/28/2052,,,,,
29.71,30.51,!    8/29/2052,,,,,
29.65,30.41,!    8/30/2052,,,,,
29.60,30.31,!    8/31/2052,,,,,
29.36,30.14,!    9/1/2052,,,,,
29.30,30.04,!    9/2/2052,,,,,
29.25,29.84,!    9/3/2052,,,,,
29.13,29.84,!    9/4/2052,,,,,
29.08,29.74,!    9/5/2052,,,,,
29.02,29.74,!    9/6/2052,,,,,
28.97,29.74,!    9/7/2052,,,,,
28.86,29.64,!    9/8/2052,,,,,
28.80,29.54,!    9/9/2052,,,,,
28.75,29.44,!    9/10/2052,,,,,
28.63,29.24,!    9/11/2052,,,,,
28.58,29.14,!    9/12/2052,,,,,
28.47,29.14,!    9/13/2052,,,,,
28.36,29.04,!    9/14/2052,,,,,
28.30,28.94,!    9/15/2052,,,,,
28.19,28.74,!    9/16/2052,,,,,
28.08,28.64,!    9/17/2052,,,,,
27.97,28.54,!    9/18/2052,,,,,
27.86,28.24,!    9/19/2052,,,,,
27.75,28.14,!    9/20/2052,,,,,
27.63,27.94,!    9/21/2052,,,,,
27.52,27.84,!    9/22/2052,,,,,
27.41,27.84,!    9/23/2052,,,,,
27.25,27.64,!    9/24/2052,,,,,
27.13,27.54,!    9/25/2052,,,,,
27.02,27.24,!    9/26/2052,,,,,
26.86,27.24,!    9/27/2052,,,,,
26.75,27.14,!    9/28/2052,,,,,
26.58,26.94,!    9/29/2052,,,,,
26.41,26.74,!    9/30/2052,,,,,
26.13,27.03,!    10/1/2052,,,,,
25.97,26.73,!    10/2/2052,,,,,
25.80,26.53,!    10/3/2052,,,,,
25.63,26.53,!    10/4/2052,,,,,
25.47,26.43,!    10/5/2052,,,,,
25.30,26.23,!    10/6/2052,,,,,
25.13,26.03,!    10/7/2052,,,,,
24.97,25.83,!    10/8/2052,,,,,
24.75,25.63,!    10/9/2052,,,,,
24.58,25.53,!    10/10/2052,,,,,
24.41,25.43,!    10/11/2052,,,,,
24.25,25.23,!    10/12/2052,,,,,
24.02,25.03,!    10/13/2052,,,,,
23.86,24.83,!    10/14/2052,,,,,
23.63,24.63,!    10/15/2052,,,,,
23.47,24.43,!    10/16/2052,,,,,
23.25,24.13,!    10/17/2052,,,,,
23.08,23.93,!    10/18/2052,,,,,
22.86,23.63,!    10/19/2052,,,,,
22.69,23.13,!    10/20/2052,,,,,
22.47,22.83,!    10/21/2052,,,,,
22.30,22.53,!    10/22/2052,,,,,
22.08,22.13,!    10/23/2052,,,,,
21.91,21.83,!    10/24/2052,,,,,
21.69,21.43,!    10/25/2052,,,,,
21.52,21.23,!    10/26/2052,,,,,
21.30,21.03,!    10/27/2052,,,,,
21.13,20.53,!    10/28/2052,,,,,
20.91,20.13,!    10/29/2052,,,,,
20.75,19.93,!    10/30/2052,,,,,
20.52,19.73,!    10/31/2052,,,,,
20.70,19.89,!    11/1/2052,,,,,
20.54,19.69,!    11/2/2052,,,,,
20.32,19.59,!    11/3/2052,,,,,
20.15,19.39,!    11/4/2052,,,,,
19.98,19.19,!    11/5/2052,,,,,
19.82,19.29,!    11/6/2052,,,,,
19.65,19.09,!    11/7/2052,,,,,
19.48,18.89,!    11/8/2052,,,,,
19.32,18.69,!    11/9/2052,,,,,
19.15,18.49,!    11/10/2052,,,,,
18.98,18.29,!    11/11/2052,,,,,
18.87,18.09,!    11/12/2052,,,,,
18.70,17.79,!    11/13/2052,,,,,
18.54,17.49,!    11/14/2052,,,,,
18.43,17.29,!    11/15/2052,,,,,
18.26,17.09,!    11/16/2052,,,,,
18.15,16.79,!    11/17/2052,,,,,
18.04,16.49,!    11/18/2052,,,,,
17.87,16.19,!    11/19/2052,,,,,
17.76,15.99,!    11/20/2052,,,,,
17.65,15.79,!    11/21/2052,,,,,
17.54,15.59,!    11/22/2052,,,,,
17.43,15.49,!    11/23/2052,,,,,
17.32,15.39,!    11/24/2052,,,,,
17.20,15.29,!    11/25/2052,,,,,
17.09,15.09,!    11/26/2052,,,,,
16.98,14.89,!    11/27/2052,,,,,
16.87,14.69,!    11/28/2052,,,,,
16.82,14.59,!    11/29/2052,,,,,
16.70,14.49,!    11/30/2052,,,,,
16.23,14.01,!    12/1/2052,,,,,
16.17,13.81,!    12/2/2052,,,,,
16.06,13.71,!    12/3/2052,,,,,
15.95,13.51,!    12/4/2052,,,,,
15.89,13.31,!    12/5/2052,,,,,
15.78,12.91,!    12/6/2052,,,,,
15.73,12.71,!    12/7/2052,,,,,
15.62,12.51,!    12/8/2052,,,,,
15.56,12.31,!    12/9/2052,,,,,
15.45,12.11,!    12/10/2052,,,,,
15.39,11.81,!    12/11/2052,,,,,
15.28,11.71,!    12/12/2052,,,,,
15.23,11.51,!    12/13/2052,,,,,
15.17,11.41,!    12/14/2052,,,,,
15.06,11.21,!    12/15/2052,,,,,
15.01,11.11,!    12/16/2052,,,,,
14.89,10.91,!    12/17/2052,,,,,
14.84,10.81,!    12/18/2052,,,,,
14.78,10.71,!    12/19/2052,,,,,
14.67,10.61,!    12/20/2052,,,,,
14.62,10.51,!    12/21/2052,,,,,
14.56,10.51,!    12/22/2052,,,,,
14.51,10.41,!    12/23/2052,,,,,
14.39,10.31,!    12/24/2052,,,,,
14.34,10.21,!    12/25/2052,,,,,
14.28,10.11,!    12/26/2052,,,,,
14.23,10.11,!    12/27/2052,,,,,
14.17,10.11,!    12/28/2052,,,,,
14.12,10.01,!    12/29/2052,,,,,
14.06,10.01,!    12/30/2052,,,,,
14.01,10.01,!    12/31/2052,,,,,
14.04,9.26,!    1/1/2053,,,,,
13.99,9.16,!    1/2/2053,,,,,
13.93,9.06,!    1/3/2053,,,,,
13.88,8.96,!    1/4/2053,,,,,
13.88,8.76,!    1/5/2053,,,,,
13.82,8.66,!    1/6/2053,,,,,
13.76,8.56,!    1/7/2053,,,,,
13.76,8.46,!    1/8/2053,,,,,
13.71,8.36,!    1/9/2053,,,,,
13.71,8.36,!    1/10/2053,,,,,
13.71,8.26,!    1/11/2053,,,,,
13.65,8.26,!    1/12/2053,,,,,
13.65,8.16,!    1/13/2053,,,,,
13.65,7.96,!    1/14/2053,,,,,
13.65,7.86,!    1/15/2053,,,,,
13.65,7.76,!    1/16/2053,,,,,
13.65,7.66,!    1/17/2053,,,,,
13.71,7.66,!    1/18/2053,,,,,
13.71,7.66,!    1/19/2053,,,,,
13.71,7.36,!    1/20/2053,,,,,
13.76,7.46,!    1/21/2053,,,,,
13.82,7.46,!    1/22/2053,,,,,
13.82,7.46,!    1/23/2053,,,,,
13.88,7.56,!    1/24/2053,,,,,
13.93,7.56,!    1/25/2053,,,,,
13.99,7.76,!    1/26/2053,,,,,
14.04,7.76,!    1/27/2053,,,,,
14.10,7.66,!    1/28/2053,,,,,
14.15,7.56,!    1/29/2053,,,,,
14.21,7.46,!    1/30/2053,,,,,
14.32,7.46,!    1/31/2053,,,,,
13.51,7.10,!    2/1/2053,,,,,
13.57,7.10,!    2/2/2053,,,,,
13.68,7.30,!    2/3/2053,,,,,
13.74,7.30,!    2/4/2053,,,,,
13.85,7.30,!    2/5/2053,,,,,
13.96,7.40,!    2/6/2053,,,,,
14.07,7.40,!    2/7/2053,,,,,
14.12,7.60,!    2/8/2053,,,,,
14.24,7.70,!    2/9/2053,,,,,
14.35,7.80,!    2/10/2053,,,,,
14.46,7.80,!    2/11/2053,,,,,
14.57,7.90,!    2/12/2053,,,,,
14.68,7.90,!    2/13/2053,,,,,
14.79,7.90,!    2/14/2053,,,,,
14.90,7.90,!    2/15/2053,,,,,
15.01,8.00,!    2/16/2053,,,,,
15.12,8.10,!    2/17/2053,,,,,
15.24,8.10,!    2/18/2053,,,,,
15.35,8.20,!    2/19/2053,,,,,
15.46,8.30,!    2/20/2053,,,,,
15.57,8.50,!    2/21/2053,,,,,
15.68,8.60,!    2/22/2053,,,,,
15.79,8.70,!    2/23/2053,,,,,
15.90,8.90,!    2/24/2053,,,,,
16.07,9.00,!    2/25/2053,,,,,
16.18,9.00,!    2/26/2053,,,,,
16.29,9.20,!    2/27/2053,,,,,
16.40,9.30,!    2/28/2053,,,,,
17.14,10.62,!    3/1/2053,,,,,
17.46,10.12,!    3/2/2053,,,,,
17.57,10.12,!    3/3/2053,,,,,
17.68,10.12,!    3/4/2053,,,,,
17.79,10.12,!    3/5/2053,,,,,
17.90,10.22,!    3/6/2053,,,,,
18.01,10.32,!    3/7/2053,,,,,
18.12,10.42,!    3/8/2053,,,,,
18.23,10.62,!    3/9/2053,,,,,
18.34,10.82,!    3/10/2053,,,,,
18.40,11.02,!    3/11/2053,,,,,
18.51,11.22,!    3/12/2053,,,,,
18.62,11.32,!    3/13/2053,,,,,
18.73,11.52,!    3/14/2053,,,,,
18.84,11.62,!    3/15/2053,,,,,
18.96,11.82,!    3/16/2053,,,,,
19.07,11.92,!    3/17/2053,,,,,
19.12,12.02,!    3/18/2053,,,,,
19.23,12.22,!    3/19/2053,,,,,
19.34,12.52,!    3/20/2053,,,,,
19.46,12.62,!    3/21/2053,,,,,
19.51,12.82,!    3/22/2053,,,,,
19.62,12.82,!    3/23/2053,,,,,
19.73,13.02,!    3/24/2053,,,,,
19.84,13.32,!    3/25/2053,,,,,
19.90,13.52,!    3/26/2053,,,,,
20.01,13.72,!    3/27/2053,,,,,
20.12,13.92,!    3/28/2053,,,,,
20.18,14.12,!    3/29/2053,,,,,
20.29,14.32,!    3/30/2053,,,,,
20.40,14.52,!    3/31/2053,,,,,
20.59,14.36,!    4/1/2053,,,,,
21.03,14.56,!    4/2/2053,,,,,
21.14,14.76,!    4/3/2053,,,,,
21.25,15.06,!    4/4/2053,,,,,
21.37,15.36,!    4/5/2053,,,,,
21.42,15.56,!    4/6/2053,,,,,
21.53,15.66,!    4/7/2053,,,,,
21.64,15.76,!    4/8/2053,,,,,
21.75,15.96,!    4/9/2053,,,,,
21.87,16.16,!    4/10/2053,,,,,
21.92,16.36,!    4/11/2053,,,,,
22.03,16.66,!    4/12/2053,,,,,
22.14,16.76,!    4/13/2053,,,,,
22.25,16.86,!    4/14/2053,,,,,
22.37,17.06,!    4/15/2053,,,,,
22.48,17.16,!    4/16/2053,,,,,
22.59,17.26,!    4/17/2053,,,,,
22.70,17.36,!    4/18/2053,,,,,
22.81,17.56,!    4/19/2053,,,,,
22.92,17.66,!    4/20/2053,,,,,
23.03,17.86,!    4/21/2053,,,,,
23.20,18.16,!    4/22/2053,,,,,
23.31,18.26,!    4/23/2053,,,,,
23.42,18.36,!    4/24/2053,,,,,
23.53,18.46,!    4/25/2053,,,,,
23.64,18.56,!    4/26/2053,,,,,
23.81,18.76,!    4/27/2053,,,,,
23.92,18.96,!    4/28/2053,,,,,
24.03,19.36,!    4/29/2053,,,,,
24.20,19.56,!    4/30/2053,,,,,
24.13,19.83,!    5/1/2053,,,,,
24.35,20.03,!    5/2/2053,,,,,
24.52,20.13,!    5/3/2053,,,,,
24.63,20.33,!    5/4/2053,,,,,
24.79,20.33,!    5/5/2053,,,,,
24.90,20.43,!    5/6/2053,,,,,
25.07,20.53,!    5/7/2053,,,,,
25.18,20.73,!    5/8/2053,,,,,
25.35,20.93,!    5/9/2053,,,,,
25.46,21.13,!    5/10/2053,,,,,
25.57,21.23,!    5/11/2053,,,,,
25.74,21.33,!    5/12/2053,,,,,
25.85,21.53,!    5/13/2053,,,,,
26.02,21.63,!    5/14/2053,,,,,
26.13,21.73,!    5/15/2053,,,,,
26.29,21.93,!    5/16/2053,,,,,
26.40,22.13,!    5/17/2053,,,,,
26.57,22.33,!    5/18/2053,,,,,
26.68,22.33,!    5/19/2053,,,,,
26.79,22.53,!    5/20/2053,,,,,
26.96,22.73,!    5/21/2053,,,,,
27.07,23.03,!    5/22/2053,,,,,
27.18,23.23,!    5/23/2053,,,,,
27.35,23.43,!    5/24/2053,,,,,
27.46,23.63,!    5/25/2053,,,,,
27.57,23.93,!    5/26/2053,,,,,
27.68,24.13,!    5/27/2053,,,,,
27.79,24.23,!    5/28/2053,,,,,
27.90,24.43,!    5/29/2053,,,,,
28.02,24.63,!    5/30/2053,,,,,
28.13,24.73,!    5/31/2053,,,,,
27.45,24.88,!    6/1/2053,,,,,
27.65,25.08,!    6/2/2053,,,,,
27.70,25.28,!    6/3/2053,,,,,
27.81,25.48,!    6/4/2053,,,,,
27.93,25.68,!    6/5/2053,,,,,
27.98,25.88,!    6/6/2053,,,,,
28.09,26.18,!    6/7/2053,,,,,
28.15,26.48,!    6/8/2053,,,,,
28.26,26.78,!    6/9/2053,,,,,
28.31,26.98,!    6/10/2053,,,,,
28.37,27.18,!    6/11/2053,,,,,
28.48,27.38,!    6/12/2053,,,,,
28.54,27.48,!    6/13/2053,,,,,
28.59,27.58,!    6/14/2053,,,,,
28.65,27.78,!    6/15/2053,,,,,
28.70,27.98,!    6/16/2053,,,,,
28.76,28.18,!    6/17/2053,,,,,
28.81,28.28,!    6/18/2053,,,,,
28.87,28.38,!    6/19/2053,,,,,
28.87,28.48,!    6/20/2053,,,,,
28.93,28.68,!    6/21/2053,,,,,
28.98,28.78,!    6/22/2053,,,,,
29.04,28.88,!    6/23/2053,,,,,
29.04,28.98,!    6/24/2053,,,,,
29.09,29.18,!    6/25/2053,,,,,
29.09,29.28,!    6/26/2053,,,,,
29.15,29.38,!    6/27/2053,,,,,
29.15,29.48,!    6/28/2053,,,,,
29.20,29.48,!    6/29/2053,,,,,
29.20,29.58,!    6/30/2053,,,,,
29.74,30.54,!    7/1/2053,,,,,
29.68,30.64,!    7/2/2053,,,,,
29.68,30.84,!    7/3/2053,,,,,
29.74,30.84,!    7/4/2053,,,,,
29.74,30.84,!    7/5/2053,,,,,
29.79,30.84,!    7/6/2053,,,,,
29.79,30.84,!    7/7/2053,,,,,
29.79,30.84,!    7/8/2053,,,,,
29.79,30.74,!    7/9/2053,,,,,
29.85,30.84,!    7/10/2053,,,,,
29.85,30.84,!    7/11/2053,,,,,
29.85,30.84,!    7/12/2053,,,,,
29.90,30.84,!    7/13/2053,,,,,
29.90,30.94,!    7/14/2053,,,,,
29.90,30.94,!    7/15/2053,,,,,
29.90,30.94,!    7/16/2053,,,,,
29.96,30.94,!    7/17/2053,,,,,
29.96,31.04,!    7/18/2053,,,,,
29.96,31.04,!    7/19/2053,,,,,
30.01,31.24,!    7/20/2053,,,,,
30.01,31.34,!    7/21/2053,,,,,
30.01,31.34,!    7/22/2053,,,,,
30.01,31.44,!    7/23/2053,,,,,
30.01,31.44,!    7/24/2053,,,,,
30.07,31.44,!    7/25/2053,,,,,
30.07,31.54,!    7/26/2053,,,,,
30.07,31.64,!    7/27/2053,,,,,
30.07,31.74,!    7/28/2053,,,,,
30.07,31.74,!    7/29/2053,,,,,
30.12,31.84,!    7/30/2053,,,,,
30.12,31.84,!    7/31/2053,,,,,
30.27,31.46,!    8/1/2053,,,,,
30.28,31.36,!    8/2/2053,,,,,
30.28,31.46,!    8/3/2053,,,,,
30.28,31.46,!    8/4/2053,,,,,
30.28,31.56,!    8/5/2053,,,,,
30.28,31.56,!    8/6/2053,,,,,
30.28,31.66,!    8/7/2053,,,,,
30.28,31.76,!    8/8/2053,,,,,
30.28,31.76,!    8/9/2053,,,,,
30.28,31.86,!    8/10/2053,,,,,
30.28,31.76,!    8/11/2053,,,,,
30.28,31.86,!    8/12/2053,,,,,
30.28,31.76,!    8/13/2053,,,,,
30.22,31.56,!    8/14/2053,,,,,
30.22,31.56,!    8/15/2053,,,,,
30.22,31.56,!    8/16/2053,,,,,
30.17,31.66,!    8/17/2053,,,,,
30.17,31.66,!    8/18/2053,,,,,
30.17,31.56,!    8/19/2053,,,,,
30.11,31.46,!    8/20/2053,,,,,
30.11,31.26,!    8/21/2053,,,,,
30.06,31.26,!    8/22/2053,,,,,
30.06,31.26,!    8/23/2053,,,,,
30.00,31.26,!    8/24/2053,,,,,
29.95,31.36,!    8/25/2053,,,,,
29.95,31.26,!    8/26/2053,,,,,
29.89,31.16,!    8/27/2053,,,,,
29.84,31.06,!    8/28/2053,,,,,
29.78,30.96,!    8/29/2053,,,,,
29.78,30.86,!    8/30/2053,,,,,
29.72,30.76,!    8/31/2053,,,,,
29.47,31.09,!    9/1/2053,,,,,
29.28,30.99,!    9/2/2053,,,,,
29.22,30.89,!    9/3/2053,,,,,
29.17,30.69,!    9/4/2053,,,,,
29.06,30.69,!    9/5/2053,,,,,
29.00,30.59,!    9/6/2053,,,,,
28.95,30.59,!    9/7/2053,,,,,
28.89,30.59,!    9/8/2053,,,,,
28.78,30.49,!    9/9/2053,,,,,
28.72,30.39,!    9/10/2053,,,,,
28.67,30.29,!    9/11/2053,,,,,
28.56,30.09,!    9/12/2053,,,,,
28.50,29.99,!    9/13/2053,,,,,
28.39,29.99,!    9/14/2053,,,,,
28.28,29.89,!    9/15/2053,,,,,
28.22,29.79,!    9/16/2053,,,,,
28.11,29.59,!    9/17/2053,,,,,
28.00,29.49,!    9/18/2053,,,,,
27.89,29.39,!    9/19/2053,,,,,
27.78,29.09,!    9/20/2053,,,,,
27.67,28.99,!    9/21/2053,,,,,
27.56,28.79,!    9/22/2053,,,,,
27.45,28.69,!    9/23/2053,,,,,
27.34,28.69,!    9/24/2053,,,,,
27.17,28.49,!    9/25/2053,,,,,
27.06,28.39,!    9/26/2053,,,,,
26.95,28.09,!    9/27/2053,,,,,
26.78,28.09,!    9/28/2053,,,,,
26.67,27.99,!    9/29/2053,,,,,
26.50,27.79,!    9/30/2053,,,,,
26.46,27.33,!    10/1/2053,,,,,
26.17,27.03,!    10/2/2053,,,,,
26.01,26.73,!    10/3/2053,,,,,
25.84,26.53,!    10/4/2053,,,,,
25.67,26.53,!    10/5/2053,,,,,
25.51,26.43,!    10/6/2053,,,,,
25.34,26.23,!    10/7/2053,,,,,
25.17,26.03,!    10/8/2053,,,,,
25.01,25.83,!    10/9/2053,,,,,
24.78,25.63,!    10/10/2053,,,,,
24.62,25.53,!    10/11/2053,,,,,
24.45,25.43,!    10/12/2053,,,,,
24.28,25.23,!    10/13/2053,,,,,
24.06,25.03,!    10/14/2053,,,,,
23.89,24.83,!    10/15/2053,,,,,
23.67,24.63,!    10/16/2053,,,,,
23.51,24.43,!    10/17/2053,,,,,
23.28,24.13,!    10/18/2053,,,,,
23.12,23.93,!    10/19/2053,,,,,
22.89,23.63,!    10/20/2053,,,,,
22.73,23.13,!    10/21/2053,,,,,
22.51,22.83,!    10/22/2053,,,,,
22.34,22.53,!    10/23/2053,,,,,
22.12,22.13,!    10/24/2053,,,,,
21.95,21.83,!    10/25/2053,,,,,
21.73,21.43,!    10/26/2053,,,,,
21.56,21.23,!    10/27/2053,,,,,
21.34,21.03,!    10/28/2053,,,,,
21.17,20.53,!    10/29/2053,,,,,
20.95,20.13,!    10/30/2053,,,,,
20.78,19.93,!    10/31/2053,,,,,
21.30,20.29,!    11/1/2053,,,,,
20.90,20.09,!    11/2/2053,,,,,
20.73,19.89,!    11/3/2053,,,,,
20.51,19.79,!    11/4/2053,,,,,
20.34,19.59,!    11/5/2053,,,,,
20.18,19.39,!    11/6/2053,,,,,
20.01,19.49,!    11/7/2053,,,,,
19.84,19.29,!    11/8/2053,,,,,
19.68,19.09,!    11/9/2053,,,,,
19.51,18.89,!    11/10/2053,,,,,
19.34,18.69,!    11/11/2053,,,,,
19.18,18.49,!    11/12/2053,,,,,
19.06,18.29,!    11/13/2053,,,,,
18.90,17.99,!    11/14/2053,,,,,
18.73,17.69,!    11/15/2053,,,,,
18.62,17.49,!    11/16/2053,,,,,
18.45,17.29,!    11/17/2053,,,,,
18.34,16.99,!    11/18/2053,,,,,
18.23,16.69,!    11/19/2053,,,,,
18.06,16.39,!    11/20/2053,,,,,
17.95,16.19,!    11/21/2053,,,,,
17.84,15.99,!    11/22/2053,,,,,
17.73,15.79,!    11/23/2053,,,,,
17.62,15.69,!    11/24/2053,,,,,
17.51,15.59,!    11/25/2053,,,,,
17.40,15.49,!    11/26/2053,,,,,
17.29,15.29,!    11/27/2053,,,,,
17.18,15.09,!    11/28/2053,,,,,
17.06,14.89,!    11/29/2053,,,,,
17.01,14.79,!    11/30/2053,,,,,
15.75,14.11,!    12/1/2053,,,,,
15.43,13.81,!    12/2/2053,,,,,
15.38,13.61,!    12/3/2053,,,,,
15.27,13.51,!    12/4/2053,,,,,
15.15,13.31,!    12/5/2053,,,,,
15.10,13.11,!    12/6/2053,,,,,
14.99,12.71,!    12/7/2053,,,,,
14.93,12.51,!    12/8/2053,,,,,
14.82,12.31,!    12/9/2053,,,,,
14.77,12.11,!    12/10/2053,,,,,
14.65,11.91,!    12/11/2053,,,,,
14.60,11.61,!    12/12/2053,,,,,
14.49,11.51,!    12/13/2053,,,,,
14.43,11.31,!    12/14/2053,,,,,
14.38,11.21,!    12/15/2053,,,,,
14.27,11.01,!    12/16/2053,,,,,
14.21,10.91,!    12/17/2053,,,,,
14.10,10.71,!    12/18/2053,,,,,
14.04,10.61,!    12/19/2053,,,,,
13.99,10.51,!    12/20/2053,,,,,
13.88,10.41,!    12/21/2053,,,,,
13.82,10.31,!    12/22/2053,,,,,
13.77,10.31,!    12/23/2053,,,,,
13.71,10.21,!    12/24/2053,,,,,
13.60,10.11,!    12/25/2053,,,,,
13.54,10.01,!    12/26/2053,,,,,
13.49,9.91,!    12/27/2053,,,,,
13.43,9.91,!    12/28/2053,,,,,
13.38,9.91,!    12/29/2053,,,,,
13.32,9.81,!    12/30/2053,,,,,
13.27,9.81,!    12/31/2053,,,,,
14.50,9.45,!    1/1/2054,,,,,
14.44,9.35,!    1/2/2054,,,,,
14.39,9.25,!    1/3/2054,,,,,
14.33,9.15,!    1/4/2054,,,,,
14.33,8.95,!    1/5/2054,,,,,
14.28,8.85,!    1/6/2054,,,,,
14.22,8.75,!    1/7/2054,,,,,
14.22,8.65,!    1/8/2054,,,,,
14.17,8.55,!    1/9/2054,,,,,
14.17,8.55,!    1/10/2054,,,,,
14.17,8.45,!    1/11/2054,,,,,
14.11,8.45,!    1/12/2054,,,,,
14.11,8.35,!    1/13/2054,,,,,
14.11,8.15,!    1/14/2054,,,,,
14.11,8.05,!    1/15/2054,,,,,
14.11,7.95,!    1/16/2054,,,,,
14.11,7.85,!    1/17/2054,,,,,
14.17,7.85,!    1/18/2054,,,,,
14.17,7.85,!    1/19/2054,,,,,
14.17,7.55,!    1/20/2054,,,,,
14.22,7.65,!    1/21/2054,,,,,
14.28,7.65,!    1/22/2054,,,,,
14.28,7.65,!    1/23/2054,,,,,
14.33,7.75,!    1/24/2054,,,,,
14.39,7.75,!    1/25/2054,,,,,
14.44,7.95,!    1/26/2054,,,,,
14.50,7.95,!    1/27/2054,,,,,
14.56,7.85,!    1/28/2054,,,,,
14.61,7.75,!    1/29/2054,,,,,
14.67,7.65,!    1/30/2054,,,,,
14.78,7.65,!    1/31/2054,,,,,
13.62,8.07,!    2/1/2054,,,,,
13.68,8.07,!    2/2/2054,,,,,
13.79,8.27,!    2/3/2054,,,,,
13.84,8.27,!    2/4/2054,,,,,
13.95,8.27,!    2/5/2054,,,,,
14.06,8.37,!    2/6/2054,,,,,
14.18,8.37,!    2/7/2054,,,,,
14.23,8.57,!    2/8/2054,,,,,
14.34,8.67,!    2/9/2054,,,,,
14.45,8.77,!    2/10/2054,,,,,
14.56,8.77,!    2/11/2054,,,,,
14.68,8.87,!    2/12/2054,,,,,
14.79,8.87,!    2/13/2054,,,,,
14.90,8.87,!    2/14/2054,,,,,
15.01,8.87,!    2/15/2054,,,,,
15.12,8.97,!    2/16/2054,,,,,
15.23,9.07,!    2/17/2054,,,,,
15.34,9.07,!    2/18/2054,,,,,
15.45,9.17,!    2/19/2054,,,,,
15.56,9.27,!    2/20/2054,,,,,
15.68,9.47,!    2/21/2054,,,,,
15.79,9.57,!    2/22/2054,,,,,
15.90,9.67,!    2/23/2054,,,,,
16.01,9.87,!    2/24/2054,,,,,
16.18,9.97,!    2/25/2054,,,,,
16.29,9.97,!    2/26/2054,,,,,
16.40,10.17,!    2/27/2054,,,,,
16.51,10.27,!    2/28/2054,,,,,
16.57,9.97,!    3/1/2054,,,,,
16.88,9.47,!    3/2/2054,,,,,
17.00,9.47,!    3/3/2054,,,,,
17.11,9.47,!    3/4/2054,,,,,
17.22,9.47,!    3/5/2054,,,,,
17.33,9.57,!    3/6/2054,,,,,
17.44,9.67,!    3/7/2054,,,,,
17.55,9.77,!    3/8/2054,,,,,
17.66,9.97,!    3/9/2054,,,,,
17.77,10.17,!    3/10/2054,,,,,
17.83,10.37,!    3/11/2054,,,,,
17.94,10.57,!    3/12/2054,,,,,
18.05,10.67,!    3/13/2054,,,,,
18.16,10.87,!    3/14/2054,,,,,
18.27,10.97,!    3/15/2054,,,,,
18.38,11.17,!    3/16/2054,,,,,
18.50,11.27,!    3/17/2054,,,,,
18.55,11.37,!    3/18/2054,,,,,
18.66,11.57,!    3/19/2054,,,,,
18.77,11.87,!    3/20/2054,,,,,
18.88,11.97,!    3/21/2054,,,,,
18.94,12.17,!    3/22/2054,,,,,
19.05,12.17,!    3/23/2054,,,,,
19.16,12.37,!    3/24/2054,,,,,
19.27,12.67,!    3/25/2054,,,,,
19.33,12.87,!    3/26/2054,,,,,
19.44,13.07,!    3/27/2054,,,,,
19.55,13.27,!    3/28/2054,,,,,
19.61,13.47,!    3/29/2054,,,,,
19.72,13.67,!    3/30/2054,,,,,
19.83,13.87,!    3/31/2054,,,,,
20.62,15.00,!    4/1/2054,,,,,
21.06,15.20,!    4/2/2054,,,,,
21.17,15.40,!    4/3/2054,,,,,
21.28,15.70,!    4/4/2054,,,,,
21.39,16.00,!    4/5/2054,,,,,
21.45,16.20,!    4/6/2054,,,,,
21.56,16.30,!    4/7/2054,,,,,
21.67,16.40,!    4/8/2054,,,,,
21.78,16.60,!    4/9/2054,,,,,
21.89,16.80,!    4/10/2054,,,,,
21.95,17.00,!    4/11/2054,,,,,
22.06,17.30,!    4/12/2054,,,,,
22.17,17.40,!    4/13/2054,,,,,
22.28,17.50,!    4/14/2054,,,,,
22.39,17.70,!    4/15/2054,,,,,
22.50,17.80,!    4/16/2054,,,,,
22.61,17.90,!    4/17/2054,,,,,
22.73,18.00,!    4/18/2054,,,,,
22.84,18.20,!    4/19/2054,,,,,
22.95,18.30,!    4/20/2054,,,,,
23.06,18.50,!    4/21/2054,,,,,
23.23,18.80,!    4/22/2054,,,,,
23.34,18.90,!    4/23/2054,,,,,
23.45,19.00,!    4/24/2054,,,,,
23.56,19.10,!    4/25/2054,,,,,
23.67,19.20,!    4/26/2054,,,,,
23.84,19.40,!    4/27/2054,,,,,
23.95,19.60,!    4/28/2054,,,,,
24.06,20.00,!    4/29/2054,,,,,
24.23,20.20,!    4/30/2054,,,,,
23.75,20.27,!    5/1/2054,,,,,
23.97,20.47,!    5/2/2054,,,,,
24.13,20.57,!    5/3/2054,,,,,
24.24,20.77,!    5/4/2054,,,,,
24.41,20.77,!    5/5/2054,,,,,
24.52,20.87,!    5/6/2054,,,,,
24.69,20.97,!    5/7/2054,,,,,
24.80,21.17,!    5/8/2054,,,,,
24.97,21.37,!    5/9/2054,,,,,
25.08,21.57,!    5/10/2054,,,,,
25.19,21.67,!    5/11/2054,,,,,
25.36,21.77,!    5/12/2054,,,,,
25.47,21.97,!    5/13/2054,,,,,
25.63,22.07,!    5/14/2054,,,,,
25.74,22.17,!    5/15/2054,,,,,
25.91,22.37,!    5/16/2054,,,,,
26.02,22.57,!    5/17/2054,,,,,
26.19,22.77,!    5/18/2054,,,,,
26.30,22.77,!    5/19/2054,,,,,
26.41,22.97,!    5/20/2054,,,,,
26.58,23.17,!    5/21/2054,,,,,
26.69,23.47,!    5/22/2054,,,,,
26.80,23.67,!    5/23/2054,,,,,
26.97,23.87,!    5/24/2054,,,,,
27.08,24.07,!    5/25/2054,,,,,
27.19,24.37,!    5/26/2054,,,,,
27.30,24.57,!    5/27/2054,,,,,
27.41,24.67,!    5/28/2054,,,,,
27.52,24.87,!    5/29/2054,,,,,
27.63,25.07,!    5/30/2054,,,,,
27.74,25.17,!    5/31/2054,,,,,
27.86,24.92,!    6/1/2054,,,,,
28.05,25.12,!    6/2/2054,,,,,
28.11,25.32,!    6/3/2054,,,,,
28.22,25.52,!    6/4/2054,,,,,
28.33,25.72,!    6/5/2054,,,,,
28.38,25.92,!    6/6/2054,,,,,
28.50,26.22,!    6/7/2054,,,,,
28.55,26.52,!    6/8/2054,,,,,
28.66,26.82,!    6/9/2054,,,,,
28.72,27.02,!    6/10/2054,,,,,
28.77,27.22,!    6/11/2054,,,,,
28.88,27.42,!    6/12/2054,,,,,
28.94,27.52,!    6/13/2054,,,,,
29.00,27.62,!    6/14/2054,,,,,
29.05,27.82,!    6/15/2054,,,,,
29.11,28.02,!    6/16/2054,,,,,
29.16,28.22,!    6/17/2054,,,,,
29.22,28.32,!    6/18/2054,,,,,
29.27,28.42,!    6/19/2054,,,,,
29.27,28.52,!    6/20/2054,,,,,
29.33,28.72,!    6/21/2054,,,,,
29.38,28.82,!    6/22/2054,,,,,
29.44,28.92,!    6/23/2054,,,,,
29.44,29.02,!    6/24/2054,,,,,
29.50,29.22,!    6/25/2054,,,,,
29.50,29.32,!    6/26/2054,,,,,
29.55,29.42,!    6/27/2054,,,,,
29.55,29.52,!    6/28/2054,,,,,
29.61,29.52,!    6/29/2054,,,,,
29.61,29.62,!    6/30/2054,,,,,
29.62,29.90,!    7/1/2054,,,,,
29.56,30.00,!    7/2/2054,,,,,
29.56,30.20,!    7/3/2054,,,,,
29.62,30.20,!    7/4/2054,,,,,
29.62,30.20,!    7/5/2054,,,,,
29.68,30.20,!    7/6/2054,,,,,
29.68,30.20,!    7/7/2054,,,,,
29.68,30.20,!    7/8/2054,,,,,
29.68,30.10,!    7/9/2054,,,,,
29.73,30.20,!    7/10/2054,,,,,
29.73,30.20,!    7/11/2054,,,,,
29.73,30.20,!    7/12/2054,,,,,
29.79,30.20,!    7/13/2054,,,,,
29.79,30.30,!    7/14/2054,,,,,
29.79,30.30,!    7/15/2054,,,,,
29.79,30.30,!    7/16/2054,,,,,
29.84,30.30,!    7/17/2054,,,,,
29.84,30.40,!    7/18/2054,,,,,
29.84,30.40,!    7/19/2054,,,,,
29.90,30.60,!    7/20/2054,,,,,
29.90,30.70,!    7/21/2054,,,,,
29.90,30.70,!    7/22/2054,,,,,
29.90,30.80,!    7/23/2054,,,,,
29.90,30.80,!    7/24/2054,,,,,
29.95,30.80,!    7/25/2054,,,,,
29.95,30.90,!    7/26/2054,,,,,
29.95,31.00,!    7/27/2054,,,,,
29.95,31.10,!    7/28/2054,,,,,
29.95,31.10,!    7/29/2054,,,,,
30.01,31.20,!    7/30/2054,,,,,
30.01,31.20,!    7/31/2054,,,,,
29.95,31.28,!    8/1/2054,,,,,
29.97,31.18,!    8/2/2054,,,,,
29.97,31.28,!    8/3/2054,,,,,
29.97,31.28,!    8/4/2054,,,,,
29.97,31.38,!    8/5/2054,,,,,
29.97,31.38,!    8/6/2054,,,,,
29.97,31.48,!    8/7/2054,,,,,
29.97,31.58,!    8/8/2054,,,,,
29.97,31.58,!    8/9/2054,,,,,
29.97,31.68,!    8/10/2054,,,,,
29.97,31.58,!    8/11/2054,,,,,
29.97,31.68,!    8/12/2054,,,,,
29.97,31.58,!    8/13/2054,,,,,
29.91,31.38,!    8/14/2054,,,,,
29.91,31.38,!    8/15/2054,,,,,
29.91,31.38,!    8/16/2054,,,,,
29.86,31.48,!    8/17/2054,,,,,
29.86,31.48,!    8/18/2054,,,,,
29.86,31.38,!    8/19/2054,,,,,
29.80,31.28,!    8/20/2054,,,,,
29.80,31.08,!    8/21/2054,,,,,
29.75,31.08,!    8/22/2054,,,,,
29.75,31.08,!    8/23/2054,,,,,
29.69,31.08,!    8/24/2054,,,,,
29.63,31.18,!    8/25/2054,,,,,
29.63,31.08,!    8/26/2054,,,,,
29.58,30.98,!    8/27/2054,,,,,
29.52,30.88,!    8/28/2054,,,,,
29.47,30.78,!    8/29/2054,,,,,
29.47,30.68,!    8/30/2054,,,,,
29.41,30.58,!    8/31/2054,,,,,
29.68,30.39,!    9/1/2054,,,,,
29.49,30.29,!    9/2/2054,,,,,
29.44,30.19,!    9/3/2054,,,,,
29.38,29.99,!    9/4/2054,,,,,
29.27,29.99,!    9/5/2054,,,,,
29.22,29.89,!    9/6/2054,,,,,
29.16,29.89,!    9/7/2054,,,,,
29.10,29.89,!    9/8/2054,,,,,
28.99,29.79,!    9/9/2054,,,,,
28.94,29.69,!    9/10/2054,,,,,
28.88,29.59,!    9/11/2054,,,,,
28.77,29.39,!    9/12/2054,,,,,
28.72,29.29,!    9/13/2054,,,,,
28.60,29.29,!    9/14/2054,,,,,
28.49,29.19,!    9/15/2054,,,,,
28.44,29.09,!    9/16/2054,,,,,
28.33,28.89,!    9/17/2054,,,,,
28.22,28.79,!    9/18/2054,,,,,
28.10,28.69,!    9/19/2054,,,,,
27.99,28.39,!    9/20/2054,,,,,
27.88,28.29,!    9/21/2054,,,,,
27.77,28.09,!    9/22/2054,,,,,
27.66,27.99,!    9/23/2054,,,,,
27.55,27.99,!    9/24/2054,,,,,
27.38,27.79,!    9/25/2054,,,,,
27.27,27.69,!    9/26/2054,,,,,
27.16,27.39,!    9/27/2054,,,,,
26.99,27.39,!    9/28/2054,,,,,
26.88,27.29,!    9/29/2054,,,,,
26.72,27.09,!    9/30/2054,,,,,
26.99,26.78,!    10/1/2054,,,,,
26.71,26.48,!    10/2/2054,,,,,
26.54,26.18,!    10/3/2054,,,,,
26.37,25.98,!    10/4/2054,,,,,
26.21,25.98,!    10/5/2054,,,,,
26.04,25.88,!    10/6/2054,,,,,
25.87,25.68,!    10/7/2054,,,,,
25.71,25.48,!    10/8/2054,,,,,
25.54,25.28,!    10/9/2054,,,,,
25.32,25.08,!    10/10/2054,,,,,
25.15,24.98,!    10/11/2054,,,,,
24.99,24.88,!    10/12/2054,,,,,
24.82,24.68,!    10/13/2054,,,,,
24.60,24.48,!    10/14/2054,,,,,
24.43,24.28,!    10/15/2054,,,,,
24.21,24.08,!    10/16/2054,,,,,
24.04,23.88,!    10/17/2054,,,,,
23.82,23.58,!    10/18/2054,,,,,
23.65,23.38,!    10/19/2054,,,,,
23.43,23.08,!    10/20/2054,,,,,
23.26,22.58,!    10/21/2054,,,,,
23.04,22.28,!    10/22/2054,,,,,
22.87,21.98,!    10/23/2054,,,,,
22.65,21.58,!    10/24/2054,,,,,
22.49,21.28,!    10/25/2054,,,,,
22.26,20.88,!    10/26/2054,,,,,
22.10,20.68,!    10/27/2054,,,,,
21.87,20.48,!    10/28/2054,,,,,
21.71,19.98,!    10/29/2054,,,,,
21.49,19.58,!    10/30/2054,,,,,
21.32,19.38,!    10/31/2054,,,,,
21.34,20.06,!    11/1/2054,,,,,
20.94,19.86,!    11/2/2054,,,,,
20.77,19.66,!    11/3/2054,,,,,
20.55,19.56,!    11/4/2054,,,,,
20.39,19.36,!    11/5/2054,,,,,
20.22,19.16,!    11/6/2054,,,,,
20.05,19.26,!    11/7/2054,,,,,
19.89,19.06,!    11/8/2054,,,,,
19.72,18.86,!    11/9/2054,,,,,
19.55,18.66,!    11/10/2054,,,,,
19.39,18.46,!    11/11/2054,,,,,
19.22,18.26,!    11/12/2054,,,,,
19.11,18.06,!    11/13/2054,,,,,
18.94,17.76,!    11/14/2054,,,,,
18.77,17.46,!    11/15/2054,,,,,
18.66,17.26,!    11/16/2054,,,,,
18.50,17.06,!    11/17/2054,,,,,
18.39,16.76,!    11/18/2054,,,,,
18.27,16.46,!    11/19/2054,,,,,
18.11,16.16,!    11/20/2054,,,,,
18.00,15.96,!    11/21/2054,,,,,
17.89,15.76,!    11/22/2054,,,,,
17.77,15.56,!    11/23/2054,,,,,
17.66,15.46,!    11/24/2054,,,,,
17.55,15.36,!    11/25/2054,,,,,
17.44,15.26,!    11/26/2054,,,,,
17.33,15.06,!    11/27/2054,,,,,
17.22,14.86,!    11/28/2054,,,,,
17.11,14.66,!    11/29/2054,,,,,
17.05,14.56,!    11/30/2054,,,,,
16.62,12.92,!    12/1/2054,,,,,
16.31,12.62,!    12/2/2054,,,,,
16.25,12.42,!    12/3/2054,,,,,
16.14,12.32,!    12/4/2054,,,,,
16.03,12.12,!    12/5/2054,,,,,
15.97,11.92,!    12/6/2054,,,,,
15.86,11.52,!    12/7/2054,,,,,
15.81,11.32,!    12/8/2054,,,,,
15.69,11.12,!    12/9/2054,,,,,
15.64,10.92,!    12/10/2054,,,,,
15.53,10.72,!    12/11/2054,,,,,
15.47,10.42,!    12/12/2054,,,,,
15.36,10.32,!    12/13/2054,,,,,
15.31,10.12,!    12/14/2054,,,,,
15.25,10.02,!    12/15/2054,,,,,
15.14,9.82,!    12/16/2054,,,,,
15.08,9.72,!    12/17/2054,,,,,
14.97,9.52,!    12/18/2054,,,,,
14.92,9.42,!    12/19/2054,,,,,
14.86,9.32,!    12/20/2054,,,,,
14.75,9.22,!    12/21/2054,,,,,
14.69,9.12,!    12/22/2054,,,,,
14.64,9.12,!    12/23/2054,,,,,
14.58,9.02,!    12/24/2054,,,,,
14.47,8.92,!    12/25/2054,,,,,
14.42,8.82,!    12/26/2054,,,,,
14.36,8.72,!    12/27/2054,,,,,
14.31,8.72,!    12/28/2054,,,,,
14.25,8.72,!    12/29/2054,,,,,
14.19,8.62,!    12/30/2054,,,,,
14.14,8.62,!    12/31/2054,,,,,
13.22,10.63,!    1/1/2055,,,,,
13.16,10.53,!    1/2/2055,,,,,
13.11,10.43,!    1/3/2055,,,,,
13.05,10.33,!    1/4/2055,,,,,
13.05,10.13,!    1/5/2055,,,,,
13.00,10.03,!    1/6/2055,,,,,
12.94,9.93,!    1/7/2055,,,,,
12.94,9.83,!    1/8/2055,,,,,
12.89,9.73,!    1/9/2055,,,,,
12.89,9.73,!    1/10/2055,,,,,
12.89,9.63,!    1/11/2055,,,,,
12.83,9.63,!    1/12/2055,,,,,
12.83,9.53,!    1/13/2055,,,,,
12.83,9.33,!    1/14/2055,,,,,
12.83,9.23,!    1/15/2055,,,,,
12.83,9.13,!    1/16/2055,,,,,
12.83,9.03,!    1/17/2055,,,,,
12.89,9.03,!    1/18/2055,,,,,
12.89,9.03,!    1/19/2055,,,,,
12.89,8.73,!    1/20/2055,,,,,
12.94,8.83,!    1/21/2055,,,,,
13.00,8.83,!    1/22/2055,,,,,
13.00,8.83,!    1/23/2055,,,,,
13.05,8.93,!    1/24/2055,,,,,
13.11,8.93,!    1/25/2055,,,,,
13.16,9.13,!    1/26/2055,,,,,
13.22,9.13,!    1/27/2055,,,,,
13.27,9.03,!    1/28/2055,,,,,
13.33,8.93,!    1/29/2055,,,,,
13.39,8.83,!    1/30/2055,,,,,
13.50,8.83,!    1/31/2055,,,,,
14.06,7.00,!    2/1/2055,,,,,
14.11,7.00,!    2/2/2055,,,,,
14.22,7.20,!    2/3/2055,,,,,
14.28,7.20,!    2/4/2055,,,,,
14.39,7.20,!    2/5/2055,,,,,
14.50,7.30,!    2/6/2055,,,,,
14.61,7.30,!    2/7/2055,,,,,
14.67,7.50,!    2/8/2055,,,,,
14.78,7.60,!    2/9/2055,,,,,
14.89,7.70,!    2/10/2055,,,,,
15.00,7.70,!    2/11/2055,,,,,
15.11,7.80,!    2/12/2055,,,,,
15.22,7.80,!    2/13/2055,,,,,
15.34,7.80,!    2/14/2055,,,,,
15.45,7.80,!    2/15/2055,,,,,
15.56,7.90,!    2/16/2055,,,,,
15.67,8.00,!    2/17/2055,,,,,
15.78,8.00,!    2/18/2055,,,,,
15.89,8.10,!    2/19/2055,,,,,
16.00,8.20,!    2/20/2055,,,,,
16.11,8.40,!    2/21/2055,,,,,
16.22,8.50,!    2/22/2055,,,,,
16.34,8.60,!    2/23/2055,,,,,
16.45,8.80,!    2/24/2055,,,,,
16.61,8.90,!    2/25/2055,,,,,
16.72,8.90,!    2/26/2055,,,,,
16.84,9.10,!    2/27/2055,,,,,
16.95,9.20,!    2/28/2055,,,,,
16.66,10.89,!    3/1/2055,,,,,
16.98,10.39,!    3/2/2055,,,,,
17.09,10.39,!    3/3/2055,,,,,
17.20,10.39,!    3/4/2055,,,,,
17.31,10.39,!    3/5/2055,,,,,
17.42,10.49,!    3/6/2055,,,,,
17.53,10.59,!    3/7/2055,,,,,
17.65,10.69,!    3/8/2055,,,,,
17.76,10.89,!    3/9/2055,,,,,
17.87,11.09,!    3/10/2055,,,,,
17.92,11.29,!    3/11/2055,,,,,
18.03,11.49,!    3/12/2055,,,,,
18.15,11.59,!    3/13/2055,,,,,
18.26,11.79,!    3/14/2055,,,,,
18.37,11.89,!    3/15/2055,,,,,
18.48,12.09,!    3/16/2055,,,,,
18.59,12.19,!    3/17/2055,,,,,
18.65,12.29,!    3/18/2055,,,,,
18.76,12.49,!    3/19/2055,,,,,
18.87,12.79,!    3/20/2055,,,,,
18.98,12.89,!    3/21/2055,,,,,
19.03,13.09,!    3/22/2055,,,,,
19.15,13.09,!    3/23/2055,,,,,
19.26,13.29,!    3/24/2055,,,,,
19.37,13.59,!    3/25/2055,,,,,
19.42,13.79,!    3/26/2055,,,,,
19.53,13.99,!    3/27/2055,,,,,
19.65,14.19,!    3/28/2055,,,,,
19.70,14.39,!    3/29/2055,,,,,
19.81,14.59,!    3/30/2055,,,,,
19.92,14.79,!    3/31/2055,,,,,
20.51,14.38,!    4/1/2055,,,,,
20.95,14.58,!    4/2/2055,,,,,
21.06,14.78,!    4/3/2055,,,,,
21.18,15.08,!    4/4/2055,,,,,
21.29,15.38,!    4/5/2055,,,,,
21.34,15.58,!    4/6/2055,,,,,
21.45,15.68,!    4/7/2055,,,,,
21.56,15.78,!    4/8/2055,,,,,
21.68,15.98,!    4/9/2055,,,,,
21.79,16.18,!    4/10/2055,,,,,
21.84,16.38,!    4/11/2055,,,,,
21.95,16.68,!    4/12/2055,,,,,
22.06,16.78,!    4/13/2055,,,,,
22.18,16.88,!    4/14/2055,,,,,
22.29,17.08,!    4/15/2055,,,,,
22.40,17.18,!    4/16/2055,,,,,
22.51,17.28,!    4/17/2055,,,,,
22.62,17.38,!    4/18/2055,,,,,
22.73,17.58,!    4/19/2055,,,,,
22.84,17.68,!    4/20/2055,,,,,
22.95,17.88,!    4/21/2055,,,,,
23.12,18.18,!    4/22/2055,,,,,
23.23,18.28,!    4/23/2055,,,,,
23.34,18.38,!    4/24/2055,,,,,
23.45,18.48,!    4/25/2055,,,,,
23.56,18.58,!    4/26/2055,,,,,
23.73,18.78,!    4/27/2055,,,,,
23.84,18.98,!    4/28/2055,,,,,
23.95,19.38,!    4/29/2055,,,,,
24.12,19.58,!    4/30/2055,,,,,
23.77,20.03,!    5/1/2055,,,,,
23.99,20.23,!    5/2/2055,,,,,
24.15,20.33,!    5/3/2055,,,,,
24.27,20.53,!    5/4/2055,,,,,
24.43,20.53,!    5/5/2055,,,,,
24.54,20.63,!    5/6/2055,,,,,
24.71,20.73,!    5/7/2055,,,,,
24.82,20.93,!    5/8/2055,,,,,
24.99,21.13,!    5/9/2055,,,,,
25.10,21.33,!    5/10/2055,,,,,
25.21,21.43,!    5/11/2055,,,,,
25.38,21.53,!    5/12/2055,,,,,
25.49,21.73,!    5/13/2055,,,,,
25.65,21.83,!    5/14/2055,,,,,
25.77,21.93,!    5/15/2055,,,,,
25.93,22.13,!    5/16/2055,,,,,
26.04,22.33,!    5/17/2055,,,,,
26.21,22.53,!    5/18/2055,,,,,
26.32,22.53,!    5/19/2055,,,,,
26.43,22.73,!    5/20/2055,,,,,
26.60,22.93,!    5/21/2055,,,,,
26.71,23.23,!    5/22/2055,,,,,
26.82,23.43,!    5/23/2055,,,,,
26.99,23.63,!    5/24/2055,,,,,
27.10,23.83,!    5/25/2055,,,,,
27.21,24.13,!    5/26/2055,,,,,
27.32,24.33,!    5/27/2055,,,,,
27.43,24.43,!    5/28/2055,,,,,
27.54,24.63,!    5/29/2055,,,,,
27.65,24.83,!    5/30/2055,,,,,
27.77,24.93,!    5/31/2055,,,,,
27.76,25.37,!    6/1/2055,,,,,
27.96,25.57,!    6/2/2055,,,,,
28.01,25.77,!    6/3/2055,,,,,
28.12,25.97,!    6/4/2055,,,,,
28.23,26.17,!    6/5/2055,,,,,
28.29,26.37,!    6/6/2055,,,,,
28.40,26.67,!    6/7/2055,,,,,
28.46,26.97,!    6/8/2055,,,,,
28.57,27.27,!    6/9/2055,,,,,
28.62,27.47,!    6/10/2055,,,,,
28.68,27.67,!    6/11/2055,,,,,
28.79,27.87,!    6/12/2055,,,,,
28.84,27.97,!    6/13/2055,,,,,
28.90,28.07,!    6/14/2055,,,,,
28.96,28.27,!    6/15/2055,,,,,
29.01,28.47,!    6/16/2055,,,,,
29.07,28.67,!    6/17/2055,,,,,
29.12,28.77,!    6/18/2055,,,,,
29.18,28.87,!    6/19/2055,,,,,
29.18,28.97,!    6/20/2055,,,,,
29.23,29.17,!    6/21/2055,,,,,
29.29,29.27,!    6/22/2055,,,,,
29.34,29.37,!    6/23/2055,,,,,
29.34,29.47,!    6/24/2055,,,,,
29.40,29.67,!    6/25/2055,,,,,
29.40,29.77,!    6/26/2055,,,,,
29.46,29.87,!    6/27/2055,,,,,
29.46,29.97,!    6/28/2055,,,,,
29.51,29.97,!    6/29/2055,,,,,
29.51,30.07,!    6/30/2055,,,,,
29.86,30.00,!    7/1/2055,,,,,
29.81,30.10,!    7/2/2055,,,,,
29.81,30.30,!    7/3/2055,,,,,
29.86,30.30,!    7/4/2055,,,,,
29.86,30.30,!    7/5/2055,,,,,
29.92,30.30,!    7/6/2055,,,,,
29.92,30.30,!    7/7/2055,,,,,
29.92,30.30,!    7/8/2055,,,,,
29.92,30.20,!    7/9/2055,,,,,
29.97,30.30,!    7/10/2055,,,,,
29.97,30.30,!    7/11/2055,,,,,
29.97,30.30,!    7/12/2055,,,,,
30.03,30.30,!    7/13/2055,,,,,
30.03,30.40,!    7/14/2055,,,,,
30.03,30.40,!    7/15/2055,,,,,
30.03,30.40,!    7/16/2055,,,,,
30.08,30.40,!    7/17/2055,,,,,
30.08,30.50,!    7/18/2055,,,,,
30.08,30.50,!    7/19/2055,,,,,
30.14,30.70,!    7/20/2055,,,,,
30.14,30.80,!    7/21/2055,,,,,
30.14,30.80,!    7/22/2055,,,,,
30.14,30.90,!    7/23/2055,,,,,
30.14,30.90,!    7/24/2055,,,,,
30.20,30.90,!    7/25/2055,,,,,
30.20,31.00,!    7/26/2055,,,,,
30.20,31.10,!    7/27/2055,,,,,
30.20,31.20,!    7/28/2055,,,,,
30.20,31.20,!    7/29/2055,,,,,
30.25,31.30,!    7/30/2055,,,,,
30.25,31.30,!    7/31/2055,,,,,
30.23,31.26,!    8/1/2055,,,,,
30.24,31.16,!    8/2/2055,,,,,
30.24,31.26,!    8/3/2055,,,,,
30.24,31.26,!    8/4/2055,,,,,
30.24,31.36,!    8/5/2055,,,,,
30.24,31.36,!    8/6/2055,,,,,
30.24,31.46,!    8/7/2055,,,,,
30.24,31.56,!    8/8/2055,,,,,
30.24,31.56,!    8/9/2055,,,,,
30.24,31.66,!    8/10/2055,,,,,
30.24,31.56,!    8/11/2055,,,,,
30.24,31.66,!    8/12/2055,,,,,
30.24,31.56,!    8/13/2055,,,,,
30.19,31.36,!    8/14/2055,,,,,
30.19,31.36,!    8/15/2055,,,,,
30.19,31.36,!    8/16/2055,,,,,
30.13,31.46,!    8/17/2055,,,,,
30.13,31.46,!    8/18/2055,,,,,
30.13,31.36,!    8/19/2055,,,,,
30.08,31.26,!    8/20/2055,,,,,
30.08,31.06,!    8/21/2055,,,,,
30.02,31.06,!    8/22/2055,,,,,
30.02,31.06,!    8/23/2055,,,,,
29.97,31.06,!    8/24/2055,,,,,
29.91,31.16,!    8/25/2055,,,,,
29.91,31.06,!    8/26/2055,,,,,
29.86,30.96,!    8/27/2055,,,,,
29.80,30.86,!    8/28/2055,,,,,
29.74,30.76,!    8/29/2055,,,,,
29.74,30.66,!    8/30/2055,,,,,
29.69,30.56,!    8/31/2055,,,,,
29.53,30.30,!    9/1/2055,,,,,
29.34,30.20,!    9/2/2055,,,,,
29.28,30.10,!    9/3/2055,,,,,
29.23,29.90,!    9/4/2055,,,,,
29.11,29.90,!    9/5/2055,,,,,
29.06,29.80,!    9/6/2055,,,,,
29.00,29.80,!    9/7/2055,,,,,
28.95,29.80,!    9/8/2055,,,,,
28.84,29.70,!    9/9/2055,,,,,
28.78,29.60,!    9/10/2055,,,,,
28.73,29.50,!    9/11/2055,,,,,
28.61,29.30,!    9/12/2055,,,,,
28.56,29.20,!    9/13/2055,,,,,
28.45,29.20,!    9/14/2055,,,,,
28.34,29.10,!    9/15/2055,,,,,
28.28,29.00,!    9/16/2055,,,,,
28.17,28.80,!    9/17/2055,,,,,
28.06,28.70,!    9/18/2055,,,,,
27.95,28.60,!    9/19/2055,,,,,
27.84,28.30,!    9/20/2055,,,,,
27.73,28.20,!    9/21/2055,,,,,
27.61,28.00,!    9/22/2055,,,,,
27.50,27.90,!    9/23/2055,,,,,
27.39,27.90,!    9/24/2055,,,,,
27.23,27.70,!    9/25/2055,,,,,
27.11,27.60,!    9/26/2055,,,,,
27.00,27.30,!    9/27/2055,,,,,
26.84,27.30,!    9/28/2055,,,,,
26.73,27.20,!    9/29/2055,,,,,
26.56,27.00,!    9/30/2055,,,,,
26.39,27.16,!    10/1/2055,,,,,
26.11,26.86,!    10/2/2055,,,,,
25.94,26.56,!    10/3/2055,,,,,
25.78,26.36,!    10/4/2055,,,,,
25.61,26.36,!    10/5/2055,,,,,
25.44,26.26,!    10/6/2055,,,,,
25.28,26.06,!    10/7/2055,,,,,
25.11,25.86,!    10/8/2055,,,,,
24.94,25.66,!    10/9/2055,,,,,
24.72,25.46,!    10/10/2055,,,,,
24.55,25.36,!    10/11/2055,,,,,
24.39,25.26,!    10/12/2055,,,,,
24.22,25.06,!    10/13/2055,,,,,
24.00,24.86,!    10/14/2055,,,,,
23.83,24.66,!    10/15/2055,,,,,
23.61,24.46,!    10/16/2055,,,,,
23.44,24.26,!    10/17/2055,,,,,
23.22,23.96,!    10/18/2055,,,,,
23.05,23.76,!    10/19/2055,,,,,
22.83,23.46,!    10/20/2055,,,,,
22.66,22.96,!    10/21/2055,,,,,
22.44,22.66,!    10/22/2055,,,,,
22.28,22.36,!    10/23/2055,,,,,
22.05,21.96,!    10/24/2055,,,,,
21.89,21.66,!    10/25/2055,,,,,
21.66,21.26,!    10/26/2055,,,,,
21.50,21.06,!    10/27/2055,,,,,
21.28,20.86,!    10/28/2055,,,,,
21.11,20.36,!    10/29/2055,,,,,
20.89,19.96,!    10/30/2055,,,,,
20.72,19.76,!    10/31/2055,,,,,
21.31,19.78,!    11/1/2055,,,,,
20.90,19.58,!    11/2/2055,,,,,
20.74,19.38,!    11/3/2055,,,,,
20.52,19.28,!    11/4/2055,,,,,
20.35,19.08,!    11/5/2055,,,,,
20.18,18.88,!    11/6/2055,,,,,
20.02,18.98,!    11/7/2055,,,,,
19.85,18.78,!    11/8/2055,,,,,
19.68,18.58,!    11/9/2055,,,,,
19.52,18.38,!    11/10/2055,,,,,
19.35,18.18,!    11/11/2055,,,,,
19.18,17.98,!    11/12/2055,,,,,
19.07,17.78,!    11/13/2055,,,,,
18.90,17.48,!    11/14/2055,,,,,
18.74,17.18,!    11/15/2055,,,,,
18.63,16.98,!    11/16/2055,,,,,
18.46,16.78,!    11/17/2055,,,,,
18.35,16.48,!    11/18/2055,,,,,
18.24,16.18,!    11/19/2055,,,,,
18.07,15.88,!    11/20/2055,,,,,
17.96,15.68,!    11/21/2055,,,,,
17.85,15.48,!    11/22/2055,,,,,
17.74,15.28,!    11/23/2055,,,,,
17.63,15.18,!    11/24/2055,,,,,
17.52,15.08,!    11/25/2055,,,,,
17.40,14.98,!    11/26/2055,,,,,
17.29,14.78,!    11/27/2055,,,,,
17.18,14.58,!    11/28/2055,,,,,
17.07,14.38,!    11/29/2055,,,,,
17.02,14.28,!    11/30/2055,,,,,
16.14,14.41,!    12/1/2055,,,,,
15.83,14.11,!    12/2/2055,,,,,
15.77,13.91,!    12/3/2055,,,,,
15.66,13.81,!    12/4/2055,,,,,
15.55,13.61,!    12/5/2055,,,,,
15.49,13.41,!    12/6/2055,,,,,
15.38,13.01,!    12/7/2055,,,,,
15.33,12.81,!    12/8/2055,,,,,
15.21,12.61,!    12/9/2055,,,,,
15.16,12.41,!    12/10/2055,,,,,
15.05,12.21,!    12/11/2055,,,,,
14.99,11.91,!    12/12/2055,,,,,
14.88,11.81,!    12/13/2055,,,,,
14.83,11.61,!    12/14/2055,,,,,
14.77,11.51,!    12/15/2055,,,,,
14.66,11.31,!    12/16/2055,,,,,
14.60,11.21,!    12/17/2055,,,,,
14.49,11.01,!    12/18/2055,,,,,
14.44,10.91,!    12/19/2055,,,,,
14.38,10.81,!    12/20/2055,,,,,
14.27,10.71,!    12/21/2055,,,,,
14.21,10.61,!    12/22/2055,,,,,
14.16,10.61,!    12/23/2055,,,,,
14.10,10.51,!    12/24/2055,,,,,
13.99,10.41,!    12/25/2055,,,,,
13.94,10.31,!    12/26/2055,,,,,
13.88,10.21,!    12/27/2055,,,,,
13.83,10.21,!    12/28/2055,,,,,
13.77,10.21,!    12/29/2055,,,,,
13.71,10.11,!    12/30/2055,,,,,
13.66,10.11,!    12/31/2055,,,,,
13.49,10.11,!    1/1/2056,,,,,
13.43,10.01,!    1/2/2056,,,,,
13.38,9.91,!    1/3/2056,,,,,
13.32,9.81,!    1/4/2056,,,,,
13.32,9.61,!    1/5/2056,,,,,
13.26,9.51,!    1/6/2056,,,,,
13.21,9.41,!    1/7/2056,,,,,
13.21,9.31,!    1/8/2056,,,,,
13.15,9.21,!    1/9/2056,,,,,
13.15,9.21,!    1/10/2056,,,,,
13.15,9.11,!    1/11/2056,,,,,
13.10,9.11,!    1/12/2056,,,,,
13.10,9.01,!    1/13/2056,,,,,
13.10,8.81,!    1/14/2056,,,,,
13.10,8.71,!    1/15/2056,,,,,
13.10,8.61,!    1/16/2056,,,,,
13.10,8.51,!    1/17/2056,,,,,
13.15,8.51,!    1/18/2056,,,,,
13.15,8.51,!    1/19/2056,,,,,
13.15,8.21,!    1/20/2056,,,,,
13.21,8.31,!    1/21/2056,,,,,
13.26,8.31,!    1/22/2056,,,,,
13.26,8.31,!    1/23/2056,,,,,
13.32,8.41,!    1/24/2056,,,,,
13.38,8.41,!    1/25/2056,,,,,
13.43,8.61,!    1/26/2056,,,,,
13.49,8.61,!    1/27/2056,,,,,
13.54,8.51,!    1/28/2056,,,,,
13.60,8.41,!    1/29/2056,,,,,
13.65,8.31,!    1/30/2056,,,,,
13.76,8.31,!    1/31/2056,,,,,
13.75,7.38,!    2/1/2056,,,,,
13.80,7.38,!    2/2/2056,,,,,
13.91,7.58,!    2/3/2056,,,,,
13.97,7.58,!    2/4/2056,,,,,
14.08,7.58,!    2/5/2056,,,,,
14.19,7.68,!    2/6/2056,,,,,
14.30,7.68,!    2/7/2056,,,,,
14.36,7.88,!    2/8/2056,,,,,
14.47,7.98,!    2/9/2056,,,,,
14.58,8.08,!    2/10/2056,,,,,
14.69,8.08,!    2/11/2056,,,,,
14.80,8.18,!    2/12/2056,,,,,
14.91,8.18,!    2/13/2056,,,,,
15.02,8.18,!    2/14/2056,,,,,
15.13,8.18,!    2/15/2056,,,,,
15.25,8.28,!    2/16/2056,,,,,
15.36,8.38,!    2/17/2056,,,,,
15.47,8.38,!    2/18/2056,,,,,
15.58,8.48,!    2/19/2056,,,,,
15.69,8.58,!    2/20/2056,,,,,
15.80,8.78,!    2/21/2056,,,,,
15.91,8.88,!    2/22/2056,,,,,
16.02,8.98,!    2/23/2056,,,,,
16.13,9.18,!    2/24/2056,,,,,
16.30,9.28,!    2/25/2056,,,,,
16.41,9.28,!    2/26/2056,,,,,
16.52,9.48,!    2/27/2056,,,,,
16.63,9.58,!    2/28/2056,,,,,
16.63,10.28,!    2/29/2056,,,,,
17.13,9.97,!    3/1/2056,,,,,
17.24,9.97,!    3/2/2056,,,,,
17.35,9.97,!    3/3/2056,,,,,
17.46,9.97,!    3/4/2056,,,,,
17.57,10.07,!    3/5/2056,,,,,
17.68,10.17,!    3/6/2056,,,,,
17.80,10.27,!    3/7/2056,,,,,
17.91,10.47,!    3/8/2056,,,,,
18.02,10.67,!    3/9/2056,,,,,
18.07,10.87,!    3/10/2056,,,,,
18.18,11.07,!    3/11/2056,,,,,
18.30,11.17,!    3/12/2056,,,,,
18.41,11.37,!    3/13/2056,,,,,
18.52,11.47,!    3/14/2056,,,,,
18.63,11.67,!    3/15/2056,,,,,
18.74,11.77,!    3/16/2056,,,,,
18.80,11.87,!    3/17/2056,,,,,
18.91,12.07,!    3/18/2056,,,,,
19.02,12.37,!    3/19/2056,,,,,
19.13,12.47,!    3/20/2056,,,,,
19.18,12.67,!    3/21/2056,,,,,
19.30,12.67,!    3/22/2056,,,,,
19.41,12.87,!    3/23/2056,,,,,
19.52,13.17,!    3/24/2056,,,,,
19.57,13.37,!    3/25/2056,,,,,
19.68,13.57,!    3/26/2056,,,,,
19.80,13.77,!    3/27/2056,,,,,
19.85,13.97,!    3/28/2056,,,,,
19.96,14.17,!    3/29/2056,,,,,
20.07,14.37,!    3/30/2056,,,,,
20.18,14.47,!    3/31/2056,,,,,
21.10,15.43,!    4/1/2056,,,,,
21.21,15.63,!    4/2/2056,,,,,
21.33,15.93,!    4/3/2056,,,,,
21.44,16.23,!    4/4/2056,,,,,
21.49,16.43,!    4/5/2056,,,,,
21.60,16.53,!    4/6/2056,,,,,
21.71,16.63,!    4/7/2056,,,,,
21.83,16.83,!    4/8/2056,,,,,
21.94,17.03,!    4/9/2056,,,,,
21.99,17.23,!    4/10/2056,,,,,
22.10,17.53,!    4/11/2056,,,,,
22.21,17.63,!    4/12/2056,,,,,
22.33,17.73,!    4/13/2056,,,,,
22.44,17.93,!    4/14/2056,,,,,
22.55,18.03,!    4/15/2056,,,,,
22.66,18.13,!    4/16/2056,,,,,
22.77,18.23,!    4/17/2056,,,,,
22.88,18.43,!    4/18/2056,,,,,
22.99,18.53,!    4/19/2056,,,,,
23.10,18.73,!    4/20/2056,,,,,
23.27,19.03,!    4/21/2056,,,,,
23.38,19.13,!    4/22/2056,,,,,
23.49,19.23,!    4/23/2056,,,,,
23.60,19.33,!    4/24/2056,,,,,
23.71,19.43,!    4/25/2056,,,,,
23.88,19.63,!    4/26/2056,,,,,
23.99,19.83,!    4/27/2056,,,,,
24.10,20.23,!    4/28/2056,,,,,
24.27,20.43,!    4/29/2056,,,,,
24.38,20.63,!    4/30/2056,,,,,
24.68,20.55,!    5/1/2056,,,,,
24.85,20.65,!    5/2/2056,,,,,
24.96,20.85,!    5/3/2056,,,,,
25.12,20.85,!    5/4/2056,,,,,
25.23,20.95,!    5/5/2056,,,,,
25.40,21.05,!    5/6/2056,,,,,
25.51,21.25,!    5/7/2056,,,,,
25.68,21.45,!    5/8/2056,,,,,
25.79,21.65,!    5/9/2056,,,,,
25.90,21.75,!    5/10/2056,,,,,
26.07,21.85,!    5/11/2056,,,,,
26.18,22.05,!    5/12/2056,,,,,
26.35,22.15,!    5/13/2056,,,,,
26.46,22.25,!    5/14/2056,,,,,
26.62,22.45,!    5/15/2056,,,,,
26.73,22.65,!    5/16/2056,,,,,
26.90,22.85,!    5/17/2056,,,,,
27.01,22.85,!    5/18/2056,,,,,
27.12,23.05,!    5/19/2056,,,,,
27.29,23.25,!    5/20/2056,,,,,
27.40,23.55,!    5/21/2056,,,,,
27.51,23.75,!    5/22/2056,,,,,
27.68,23.95,!    5/23/2056,,,,,
27.79,24.15,!    5/24/2056,,,,,
27.90,24.45,!    5/25/2056,,,,,
28.01,24.65,!    5/26/2056,,,,,
28.12,24.75,!    5/27/2056,,,,,
28.23,24.95,!    5/28/2056,,,,,
28.35,25.15,!    5/29/2056,,,,,
28.46,25.25,!    5/30/2056,,,,,
28.57,25.45,!    5/31/2056,,,,,
28.49,25.39,!    6/1/2056,,,,,
28.54,25.59,!    6/2/2056,,,,,
28.66,25.79,!    6/3/2056,,,,,
28.77,25.99,!    6/4/2056,,,,,
28.82,26.19,!    6/5/2056,,,,,
28.93,26.49,!    6/6/2056,,,,,
28.99,26.79,!    6/7/2056,,,,,
29.10,27.09,!    6/8/2056,,,,,
29.16,27.29,!    6/9/2056,,,,,
29.21,27.49,!    6/10/2056,,,,,
29.32,27.69,!    6/11/2056,,,,,
29.38,27.79,!    6/12/2056,,,,,
29.43,27.89,!    6/13/2056,,,,,
29.49,28.09,!    6/14/2056,,,,,
29.54,28.29,!    6/15/2056,,,,,
29.60,28.49,!    6/16/2056,,,,,
29.66,28.59,!    6/17/2056,,,,,
29.71,28.69,!    6/18/2056,,,,,
29.71,28.79,!    6/19/2056,,,,,
29.77,28.99,!    6/20/2056,,,,,
29.82,29.09,!    6/21/2056,,,,,
29.88,29.19,!    6/22/2056,,,,,
29.88,29.29,!    6/23/2056,,,,,
29.93,29.49,!    6/24/2056,,,,,
29.93,29.59,!    6/25/2056,,,,,
29.99,29.69,!    6/26/2056,,,,,
29.99,29.79,!    6/27/2056,,,,,
30.04,29.79,!    6/28/2056,,,,,
30.04,29.89,!    6/29/2056,,,,,
30.10,30.09,!    6/30/2056,,,,,
29.92,30.44,!    7/1/2056,,,,,
29.92,30.64,!    7/2/2056,,,,,
29.98,30.64,!    7/3/2056,,,,,
29.98,30.64,!    7/4/2056,,,,,
30.04,30.64,!    7/5/2056,,,,,
30.04,30.64,!    7/6/2056,,,,,
30.04,30.64,!    7/7/2056,,,,,
30.04,30.54,!    7/8/2056,,,,,
30.09,30.64,!    7/9/2056,,,,,
30.09,30.64,!    7/10/2056,,,,,
30.09,30.64,!    7/11/2056,,,,,
30.15,30.64,!    7/12/2056,,,,,
30.15,30.74,!    7/13/2056,,,,,
30.15,30.74,!    7/14/2056,,,,,
30.15,30.74,!    7/15/2056,,,,,
30.20,30.74,!    7/16/2056,,,,,
30.20,30.84,!    7/17/2056,,,,,
30.20,30.84,!    7/18/2056,,,,,
30.26,31.04,!    7/19/2056,,,,,
30.26,31.14,!    7/20/2056,,,,,
30.26,31.14,!    7/21/2056,,,,,
30.26,31.24,!    7/22/2056,,,,,
30.26,31.24,!    7/23/2056,,,,,
30.31,31.24,!    7/24/2056,,,,,
30.31,31.34,!    7/25/2056,,,,,
30.31,31.44,!    7/26/2056,,,,,
30.31,31.54,!    7/27/2056,,,,,
30.31,31.54,!    7/28/2056,,,,,
30.37,31.64,!    7/29/2056,,,,,
30.37,31.64,!    7/30/2056,,,,,
30.37,31.74,!    7/31/2056,,,,,
30.34,31.16,!    8/1/2056,,,,,
30.34,31.26,!    8/2/2056,,,,,
30.34,31.26,!    8/3/2056,,,,,
30.34,31.36,!    8/4/2056,,,,,
30.34,31.36,!    8/5/2056,,,,,
30.34,31.46,!    8/6/2056,,,,,
30.34,31.56,!    8/7/2056,,,,,
30.34,31.56,!    8/8/2056,,,,,
30.34,31.66,!    8/9/2056,,,,,
30.34,31.56,!    8/10/2056,,,,,
30.34,31.66,!    8/11/2056,,,,,
30.34,31.56,!    8/12/2056,,,,,
30.29,31.36,!    8/13/2056,,,,,
30.29,31.36,!    8/14/2056,,,,,
30.29,31.36,!    8/15/2056,,,,,
30.23,31.46,!    8/16/2056,,,,,
30.23,31.46,!    8/17/2056,,,,,
30.23,31.36,!    8/18/2056,,,,,
30.18,31.26,!    8/19/2056,,,,,
30.18,31.06,!    8/20/2056,,,,,
30.12,31.06,!    8/21/2056,,,,,
30.12,31.06,!    8/22/2056,,,,,
30.07,31.06,!    8/23/2056,,,,,
30.01,31.16,!    8/24/2056,,,,,
30.01,31.06,!    8/25/2056,,,,,
29.95,30.96,!    8/26/2056,,,,,
29.90,30.86,!    8/27/2056,,,,,
29.84,30.76,!    8/28/2056,,,,,
29.84,30.66,!    8/29/2056,,,,,
29.79,30.56,!    8/30/2056,,,,,
29.73,30.46,!    8/31/2056,,,,,
29.49,30.40,!    9/1/2056,,,,,
29.43,30.30,!    9/2/2056,,,,,
29.38,30.10,!    9/3/2056,,,,,
29.26,30.10,!    9/4/2056,,,,,
29.21,30.00,!    9/5/2056,,,,,
29.15,30.00,!    9/6/2056,,,,,
29.10,30.00,!    9/7/2056,,,,,
28.99,29.90,!    9/8/2056,,,,,
28.93,29.80,!    9/9/2056,,,,,
28.88,29.70,!    9/10/2056,,,,,
28.76,29.50,!    9/11/2056,,,,,
28.71,29.40,!    9/12/2056,,,,,
28.60,29.40,!    9/13/2056,,,,,
28.49,29.30,!    9/14/2056,,,,,
28.43,29.20,!    9/15/2056,,,,,
28.32,29.00,!    9/16/2056,,,,,
28.21,28.90,!    9/17/2056,,,,,
28.10,28.80,!    9/18/2056,,,,,
27.99,28.50,!    9/19/2056,,,,,
27.88,28.40,!    9/20/2056,,,,,
27.76,28.20,!    9/21/2056,,,,,
27.65,28.10,!    9/22/2056,,,,,
27.54,28.10,!    9/23/2056,,,,,
27.38,27.90,!    9/24/2056,,,,,
27.26,27.80,!    9/25/2056,,,,,
27.15,27.50,!    9/26/2056,,,,,
26.99,27.50,!    9/27/2056,,,,,
26.88,27.40,!    9/28/2056,,,,,
26.71,27.20,!    9/29/2056,,,,,
26.54,27.00,!    9/30/2056,,,,,
27.14,26.71,!    10/1/2056,,,,,
26.97,26.41,!    10/2/2056,,,,,
26.80,26.21,!    10/3/2056,,,,,
26.64,26.21,!    10/4/2056,,,,,
26.47,26.11,!    10/5/2056,,,,,
26.30,25.91,!    10/6/2056,,,,,
26.14,25.71,!    10/7/2056,,,,,
25.97,25.51,!    10/8/2056,,,,,
25.75,25.31,!    10/9/2056,,,,,
25.58,25.21,!    10/10/2056,,,,,
25.41,25.11,!    10/11/2056,,,,,
25.25,24.91,!    10/12/2056,,,,,
25.03,24.71,!    10/13/2056,,,,,
24.86,24.51,!    10/14/2056,,,,,
24.64,24.31,!    10/15/2056,,,,,
24.47,24.11,!    10/16/2056,,,,,
24.25,23.81,!    10/17/2056,,,,,
24.08,23.61,!    10/18/2056,,,,,
23.86,23.31,!    10/19/2056,,,,,
23.69,22.81,!    10/20/2056,,,,,
23.47,22.51,!    10/21/2056,,,,,
23.30,22.21,!    10/22/2056,,,,,
23.08,21.81,!    10/23/2056,,,,,
22.91,21.51,!    10/24/2056,,,,,
22.69,21.11,!    10/25/2056,,,,,
22.53,20.91,!    10/26/2056,,,,,
22.30,20.71,!    10/27/2056,,,,,
22.14,20.21,!    10/28/2056,,,,,
21.91,19.81,!    10/29/2056,,,,,
21.75,19.61,!    10/30/2056,,,,,
21.53,19.41,!    10/31/2056,,,,,
20.68,19.15,!    11/1/2056,,,,,
20.51,18.95,!    11/2/2056,,,,,
20.29,18.85,!    11/3/2056,,,,,
20.12,18.65,!    11/4/2056,,,,,
19.96,18.45,!    11/5/2056,,,,,
19.79,18.55,!    11/6/2056,,,,,
19.62,18.35,!    11/7/2056,,,,,
19.46,18.15,!    11/8/2056,,,,,
19.29,17.95,!    11/9/2056,,,,,
19.12,17.75,!    11/10/2056,,,,,
18.96,17.55,!    11/11/2056,,,,,
18.85,17.35,!    11/12/2056,,,,,
18.68,17.05,!    11/13/2056,,,,,
18.51,16.75,!    11/14/2056,,,,,
18.40,16.55,!    11/15/2056,,,,,
18.24,16.35,!    11/16/2056,,,,,
18.12,16.05,!    11/17/2056,,,,,
18.01,15.75,!    11/18/2056,,,,,
17.85,15.45,!    11/19/2056,,,,,
17.74,15.25,!    11/20/2056,,,,,
17.62,15.05,!    11/21/2056,,,,,
17.51,14.85,!    11/22/2056,,,,,
17.40,14.75,!    11/23/2056,,,,,
17.29,14.65,!    11/24/2056,,,,,
17.18,14.55,!    11/25/2056,,,,,
17.07,14.35,!    11/26/2056,,,,,
16.96,14.15,!    11/27/2056,,,,,
16.85,13.95,!    11/28/2056,,,,,
16.79,13.85,!    11/29/2056,,,,,
16.68,13.75,!    11/30/2056,,,,,
15.97,13.64,!    12/1/2056,,,,,
15.91,13.44,!    12/2/2056,,,,,
15.80,13.34,!    12/3/2056,,,,,
15.69,13.14,!    12/4/2056,,,,,
15.63,12.94,!    12/5/2056,,,,,
15.52,12.54,!    12/6/2056,,,,,
15.47,12.34,!    12/7/2056,,,,,
15.36,12.14,!    12/8/2056,,,,,
15.30,11.94,!    12/9/2056,,,,,
15.19,11.74,!    12/10/2056,,,,,
15.13,11.44,!    12/11/2056,,,,,
15.02,11.34,!    12/12/2056,,,,,
14.97,11.14,!    12/13/2056,,,,,
14.91,11.04,!    12/14/2056,,,,,
14.80,10.84,!    12/15/2056,,,,,
14.74,10.74,!    12/16/2056,,,,,
14.63,10.54,!    12/17/2056,,,,,
14.58,10.44,!    12/18/2056,,,,,
14.52,10.34,!    12/19/2056,,,,,
14.41,10.24,!    12/20/2056,,,,,
14.36,10.14,!    12/21/2056,,,,,
14.30,10.14,!    12/22/2056,,,,,
14.24,10.04,!    12/23/2056,,,,,
14.13,9.94,!    12/24/2056,,,,,
14.08,9.84,!    12/25/2056,,,,,
14.02,9.74,!    12/26/2056,,,,,
13.97,9.74,!    12/27/2056,,,,,
13.91,9.74,!    12/28/2056,,,,,
13.86,9.64,!    12/29/2056,,,,,
13.80,9.64,!    12/30/2056,,,,,
13.74,9.64,!    12/31/2056,,,,,
14.07,10.65,!    1/1/2057,,,,,
14.02,10.55,!    1/2/2057,,,,,
13.96,10.45,!    1/3/2057,,,,,
13.91,10.35,!    1/4/2057,,,,,
13.91,10.15,!    1/5/2057,,,,,
13.85,10.05,!    1/6/2057,,,,,
13.80,9.95,!    1/7/2057,,,,,
13.80,9.85,!    1/8/2057,,,,,
13.74,9.75,!    1/9/2057,,,,,
13.74,9.75,!    1/10/2057,,,,,
13.74,9.65,!    1/11/2057,,,,,
13.69,9.65,!    1/12/2057,,,,,
13.69,9.55,!    1/13/2057,,,,,
13.69,9.35,!    1/14/2057,,,,,
13.69,9.25,!    1/15/2057,,,,,
13.69,9.15,!    1/16/2057,,,,,
13.69,9.05,!    1/17/2057,,,,,
13.74,9.05,!    1/18/2057,,,,,
13.74,9.05,!    1/19/2057,,,,,
13.74,8.75,!    1/20/2057,,,,,
13.80,8.85,!    1/21/2057,,,,,
13.85,8.85,!    1/22/2057,,,,,
13.85,8.85,!    1/23/2057,,,,,
13.91,8.95,!    1/24/2057,,,,,
13.96,8.95,!    1/25/2057,,,,,
14.02,9.15,!    1/26/2057,,,,,
14.07,9.15,!    1/27/2057,,,,,
14.13,9.05,!    1/28/2057,,,,,
14.19,8.95,!    1/29/2057,,,,,
14.24,8.85,!    1/30/2057,,,,,
14.35,8.85,!    1/31/2057,,,,,
14.13,8.35,!    2/1/2057,,,,,
14.18,8.35,!    2/2/2057,,,,,
14.29,8.55,!    2/3/2057,,,,,
14.35,8.55,!    2/4/2057,,,,,
14.46,8.55,!    2/5/2057,,,,,
14.57,8.65,!    2/6/2057,,,,,
14.68,8.65,!    2/7/2057,,,,,
14.74,8.85,!    2/8/2057,,,,,
14.85,8.95,!    2/9/2057,,,,,
14.96,9.05,!    2/10/2057,,,,,
15.07,9.05,!    2/11/2057,,,,,
15.18,9.15,!    2/12/2057,,,,,
15.29,9.15,!    2/13/2057,,,,,
15.40,9.15,!    2/14/2057,,,,,
15.52,9.15,!    2/15/2057,,,,,
15.63,9.25,!    2/16/2057,,,,,
15.74,9.35,!    2/17/2057,,,,,
15.85,9.35,!    2/18/2057,,,,,
15.96,9.45,!    2/19/2057,,,,,
16.07,9.55,!    2/20/2057,,,,,
16.18,9.75,!    2/21/2057,,,,,
16.29,9.85,!    2/22/2057,,,,,
16.40,9.95,!    2/23/2057,,,,,
16.52,10.15,!    2/24/2057,,,,,
16.68,10.25,!    2/25/2057,,,,,
16.79,10.25,!    2/26/2057,,,,,
16.90,10.45,!    2/27/2057,,,,,
17.02,10.55,!    2/28/2057,,,,,
17.30,10.94,!    3/1/2057,,,,,
17.62,10.44,!    3/2/2057,,,,,
17.73,10.44,!    3/3/2057,,,,,
17.84,10.44,!    3/4/2057,,,,,
17.95,10.44,!    3/5/2057,,,,,
18.06,10.54,!    3/6/2057,,,,,
18.17,10.64,!    3/7/2057,,,,,
18.29,10.74,!    3/8/2057,,,,,
18.40,10.94,!    3/9/2057,,,,,
18.51,11.14,!    3/10/2057,,,,,
18.56,11.34,!    3/11/2057,,,,,
18.67,11.54,!    3/12/2057,,,,,
18.79,11.64,!    3/13/2057,,,,,
18.90,11.84,!    3/14/2057,,,,,
19.01,11.94,!    3/15/2057,,,,,
19.12,12.14,!    3/16/2057,,,,,
19.23,12.24,!    3/17/2057,,,,,
19.29,12.34,!    3/18/2057,,,,,
19.40,12.54,!    3/19/2057,,,,,
19.51,12.84,!    3/20/2057,,,,,
19.62,12.94,!    3/21/2057,,,,,
19.67,13.14,!    3/22/2057,,,,,
19.79,13.14,!    3/23/2057,,,,,
19.90,13.34,!    3/24/2057,,,,,
20.01,13.64,!    3/25/2057,,,,,
20.06,13.84,!    3/26/2057,,,,,
20.17,14.04,!    3/27/2057,,,,,
20.29,14.24,!    3/28/2057,,,,,
20.34,14.44,!    3/29/2057,,,,,
20.45,14.64,!    3/30/2057,,,,,
20.56,14.84,!    3/31/2057,,,,,
20.83,14.87,!    4/1/2057,,,,,
21.27,15.07,!    4/2/2057,,,,,
21.38,15.27,!    4/3/2057,,,,,
21.49,15.57,!    4/4/2057,,,,,
21.60,15.87,!    4/5/2057,,,,,
21.66,16.07,!    4/6/2057,,,,,
21.77,16.17,!    4/7/2057,,,,,
21.88,16.27,!    4/8/2057,,,,,
21.99,16.47,!    4/9/2057,,,,,
22.10,16.67,!    4/10/2057,,,,,
22.16,16.87,!    4/11/2057,,,,,
22.27,17.17,!    4/12/2057,,,,,
22.38,17.27,!    4/13/2057,,,,,
22.49,17.37,!    4/14/2057,,,,,
22.60,17.57,!    4/15/2057,,,,,
22.71,17.67,!    4/16/2057,,,,,
22.83,17.77,!    4/17/2057,,,,,
22.94,17.87,!    4/18/2057,,,,,
23.05,18.07,!    4/19/2057,,,,,
23.16,18.17,!    4/20/2057,,,,,
23.27,18.37,!    4/21/2057,,,,,
23.44,18.67,!    4/22/2057,,,,,
23.55,18.77,!    4/23/2057,,,,,
23.66,18.87,!    4/24/2057,,,,,
23.77,18.97,!    4/25/2057,,,,,
23.88,19.07,!    4/26/2057,,,,,
24.05,19.27,!    4/27/2057,,,,,
24.16,19.47,!    4/28/2057,,,,,
24.27,19.87,!    4/29/2057,,,,,
24.44,20.07,!    4/30/2057,,,,,
23.60,19.31,!    5/1/2057,,,,,
23.82,19.51,!    5/2/2057,,,,,
23.98,19.61,!    5/3/2057,,,,,
24.10,19.81,!    5/4/2057,,,,,
24.26,19.81,!    5/5/2057,,,,,
24.37,19.91,!    5/6/2057,,,,,
24.54,20.01,!    5/7/2057,,,,,
24.65,20.21,!    5/8/2057,,,,,
24.82,20.41,!    5/9/2057,,,,,
24.93,20.61,!    5/10/2057,,,,,
25.04,20.71,!    5/11/2057,,,,,
25.21,20.81,!    5/12/2057,,,,,
25.32,21.01,!    5/13/2057,,,,,
25.48,21.11,!    5/14/2057,,,,,
25.60,21.21,!    5/15/2057,,,,,
25.76,21.41,!    5/16/2057,,,,,
25.87,21.61,!    5/17/2057,,,,,
26.04,21.81,!    5/18/2057,,,,,
26.15,21.81,!    5/19/2057,,,,,
26.26,22.01,!    5/20/2057,,,,,
26.43,22.21,!    5/21/2057,,,,,
26.54,22.51,!    5/22/2057,,,,,
26.65,22.71,!    5/23/2057,,,,,
26.82,22.91,!    5/24/2057,,,,,
26.93,23.11,!    5/25/2057,,,,,
27.04,23.41,!    5/26/2057,,,,,
27.15,23.61,!    5/27/2057,,,,,
27.26,23.71,!    5/28/2057,,,,,
27.37,23.91,!    5/29/2057,,,,,
27.48,24.11,!    5/30/2057,,,,,
27.60,24.21,!    5/31/2057,,,,,
28.04,24.84,!    6/1/2057,,,,,
28.23,25.04,!    6/2/2057,,,,,
28.28,25.24,!    6/3/2057,,,,,
28.40,25.44,!    6/4/2057,,,,,
28.51,25.64,!    6/5/2057,,,,,
28.56,25.84,!    6/6/2057,,,,,
28.67,26.14,!    6/7/2057,,,,,
28.73,26.44,!    6/8/2057,,,,,
28.84,26.74,!    6/9/2057,,,,,
28.90,26.94,!    6/10/2057,,,,,
28.95,27.14,!    6/11/2057,,,,,
29.06,27.34,!    6/12/2057,,,,,
29.12,27.44,!    6/13/2057,,,,,
29.17,27.54,!    6/14/2057,,,,,
29.23,27.74,!    6/15/2057,,,,,
29.28,27.94,!    6/16/2057,,,,,
29.34,28.14,!    6/17/2057,,,,,
29.40,28.24,!    6/18/2057,,,,,
29.45,28.34,!    6/19/2057,,,,,
29.45,28.44,!    6/20/2057,,,,,
29.51,28.64,!    6/21/2057,,,,,
29.56,28.74,!    6/22/2057,,,,,
29.62,28.84,!    6/23/2057,,,,,
29.62,28.94,!    6/24/2057,,,,,
29.67,29.14,!    6/25/2057,,,,,
29.67,29.24,!    6/26/2057,,,,,
29.73,29.34,!    6/27/2057,,,,,
29.73,29.44,!    6/28/2057,,,,,
29.78,29.44,!    6/29/2057,,,,,
29.78,29.54,!    6/30/2057,,,,,
30.08,30.22,!    7/1/2057,,,,,
30.02,30.32,!    7/2/2057,,,,,
30.02,30.52,!    7/3/2057,,,,,
30.08,30.52,!    7/4/2057,,,,,
30.08,30.52,!    7/5/2057,,,,,
30.13,30.52,!    7/6/2057,,,,,
30.13,30.52,!    7/7/2057,,,,,
30.13,30.52,!    7/8/2057,,,,,
30.13,30.42,!    7/9/2057,,,,,
30.19,30.52,!    7/10/2057,,,,,
30.19,30.52,!    7/11/2057,,,,,
30.19,30.52,!    7/12/2057,,,,,
30.24,30.52,!    7/13/2057,,,,,
30.24,30.62,!    7/14/2057,,,,,
30.24,30.62,!    7/15/2057,,,,,
30.24,30.62,!    7/16/2057,,,,,
30.30,30.62,!    7/17/2057,,,,,
30.30,30.72,!    7/18/2057,,,,,
30.30,30.72,!    7/19/2057,,,,,
30.35,30.92,!    7/20/2057,,,,,
30.35,31.02,!    7/21/2057,,,,,
30.35,31.02,!    7/22/2057,,,,,
30.35,31.12,!    7/23/2057,,,,,
30.35,31.12,!    7/24/2057,,,,,
30.41,31.12,!    7/25/2057,,,,,
30.41,31.22,!    7/26/2057,,,,,
30.41,31.32,!    7/27/2057,,,,,
30.41,31.42,!    7/28/2057,,,,,
30.41,31.42,!    7/29/2057,,,,,
30.47,31.52,!    7/30/2057,,,,,
30.47,31.52,!    7/31/2057,,,,,
30.23,31.16,!    8/1/2057,,,,,
30.24,31.06,!    8/2/2057,,,,,
30.24,31.16,!    8/3/2057,,,,,
30.24,31.16,!    8/4/2057,,,,,
30.24,31.26,!    8/5/2057,,,,,
30.24,31.26,!    8/6/2057,,,,,
30.24,31.36,!    8/7/2057,,,,,
30.24,31.46,!    8/8/2057,,,,,
30.24,31.46,!    8/9/2057,,,,,
30.24,31.56,!    8/10/2057,,,,,
30.24,31.46,!    8/11/2057,,,,,
30.24,31.56,!    8/12/2057,,,,,
30.24,31.46,!    8/13/2057,,,,,
30.19,31.26,!    8/14/2057,,,,,
30.19,31.26,!    8/15/2057,,,,,
30.19,31.26,!    8/16/2057,,,,,
30.13,31.36,!    8/17/2057,,,,,
30.13,31.36,!    8/18/2057,,,,,
30.13,31.26,!    8/19/2057,,,,,
30.08,31.16,!    8/20/2057,,,,,
30.08,30.96,!    8/21/2057,,,,,
30.02,30.96,!    8/22/2057,,,,,
30.02,30.96,!    8/23/2057,,,,,
29.96,30.96,!    8/24/2057,,,,,
29.91,31.06,!    8/25/2057,,,,,
29.91,30.96,!    8/26/2057,,,,,
29.85,30.86,!    8/27/2057,,,,,
29.80,30.76,!    8/28/2057,,,,,
29.74,30.66,!    8/29/2057,,,,,
29.74,30.56,!    8/30/2057,,,,,
29.69,30.46,!    8/31/2057,,,,,
29.74,30.80,!    9/1/2057,,,,,
29.55,30.70,!    9/2/2057,,,,,
29.49,30.60,!    9/3/2057,,,,,
29.44,30.40,!    9/4/2057,,,,,
29.33,30.40,!    9/5/2057,,,,,
29.27,30.30,!    9/6/2057,,,,,
29.21,30.30,!    9/7/2057,,,,,
29.16,30.30,!    9/8/2057,,,,,
29.05,30.20,!    9/9/2057,,,,,
28.99,30.10,!    9/10/2057,,,,,
28.94,30.00,!    9/11/2057,,,,,
28.83,29.80,!    9/12/2057,,,,,
28.77,29.70,!    9/13/2057,,,,,
28.66,29.70,!    9/14/2057,,,,,
28.55,29.60,!    9/15/2057,,,,,
28.49,29.50,!    9/16/2057,,,,,
28.38,29.30,!    9/17/2057,,,,,
28.27,29.20,!    9/18/2057,,,,,
28.16,29.10,!    9/19/2057,,,,,
28.05,28.80,!    9/20/2057,,,,,
27.94,28.70,!    9/21/2057,,,,,
27.83,28.50,!    9/22/2057,,,,,
27.71,28.40,!    9/23/2057,,,,,
27.60,28.40,!    9/24/2057,,,,,
27.44,28.20,!    9/25/2057,,,,,
27.33,28.10,!    9/26/2057,,,,,
27.21,27.80,!    9/27/2057,,,,,
27.05,27.80,!    9/28/2057,,,,,
26.94,27.70,!    9/29/2057,,,,,
26.77,27.50,!    9/30/2057,,,,,
27.13,27.09,!    10/1/2057,,,,,
26.84,26.79,!    10/2/2057,,,,,
26.68,26.49,!    10/3/2057,,,,,
26.51,26.29,!    10/4/2057,,,,,
26.34,26.29,!    10/5/2057,,,,,
26.18,26.19,!    10/6/2057,,,,,
26.01,25.99,!    10/7/2057,,,,,
25.84,25.79,!    10/8/2057,,,,,
25.68,25.59,!    10/9/2057,,,,,
25.45,25.39,!    10/10/2057,,,,,
25.29,25.29,!    10/11/2057,,,,,
25.12,25.19,!    10/12/2057,,,,,
24.95,24.99,!    10/13/2057,,,,,
24.73,24.79,!    10/14/2057,,,,,
24.57,24.59,!    10/15/2057,,,,,
24.34,24.39,!    10/16/2057,,,,,
24.18,24.19,!    10/17/2057,,,,,
23.95,23.89,!    10/18/2057,,,,,
23.79,23.69,!    10/19/2057,,,,,
23.57,23.39,!    10/20/2057,,,,,
23.40,22.89,!    10/21/2057,,,,,
23.18,22.59,!    10/22/2057,,,,,
23.01,22.29,!    10/23/2057,,,,,
22.79,21.89,!    10/24/2057,,,,,
22.62,21.59,!    10/25/2057,,,,,
22.40,21.19,!    10/26/2057,,,,,
22.23,20.99,!    10/27/2057,,,,,
22.01,20.79,!    10/28/2057,,,,,
21.84,20.29,!    10/29/2057,,,,,
21.62,19.89,!    10/30/2057,,,,,
21.45,19.69,!    10/31/2057,,,,,
21.39,19.94,!    11/1/2057,,,,,
20.98,19.74,!    11/2/2057,,,,,
20.82,19.54,!    11/3/2057,,,,,
20.60,19.44,!    11/4/2057,,,,,
20.43,19.24,!    11/5/2057,,,,,
20.26,19.04,!    11/6/2057,,,,,
20.10,19.14,!    11/7/2057,,,,,
19.93,18.94,!    11/8/2057,,,,,
19.76,18.74,!    11/9/2057,,,,,
19.60,18.54,!    11/10/2057,,,,,
19.43,18.34,!    11/11/2057,,,,,
19.26,18.14,!    11/12/2057,,,,,
19.15,17.94,!    11/13/2057,,,,,
18.98,17.64,!    11/14/2057,,,,,
18.82,17.34,!    11/15/2057,,,,,
18.71,17.14,!    11/16/2057,,,,,
18.54,16.94,!    11/17/2057,,,,,
18.43,16.64,!    11/18/2057,,,,,
18.32,16.34,!    11/19/2057,,,,,
18.15,16.04,!    11/20/2057,,,,,
18.04,15.84,!    11/21/2057,,,,,
17.93,15.64,!    11/22/2057,,,,,
17.82,15.44,!    11/23/2057,,,,,
17.71,15.34,!    11/24/2057,,,,,
17.60,15.24,!    11/25/2057,,,,,
17.48,15.14,!    11/26/2057,,,,,
17.37,14.94,!    11/27/2057,,,,,
17.26,14.74,!    11/28/2057,,,,,
17.15,14.54,!    11/29/2057,,,,,
17.10,14.44,!    11/30/2057,,,,,
16.50,12.67,!    12/1/2057,,,,,
16.18,12.37,!    12/2/2057,,,,,
16.13,12.17,!    12/3/2057,,,,,
16.02,12.07,!    12/4/2057,,,,,
15.91,11.87,!    12/5/2057,,,,,
15.85,11.67,!    12/6/2057,,,,,
15.74,11.27,!    12/7/2057,,,,,
15.68,11.07,!    12/8/2057,,,,,
15.57,10.87,!    12/9/2057,,,,,
15.52,10.67,!    12/10/2057,,,,,
15.41,10.47,!    12/11/2057,,,,,
15.35,10.17,!    12/12/2057,,,,,
15.24,10.07,!    12/13/2057,,,,,
15.18,9.87,!    12/14/2057,,,,,
15.13,9.77,!    12/15/2057,,,,,
15.02,9.57,!    12/16/2057,,,,,
14.96,9.47,!    12/17/2057,,,,,
14.85,9.27,!    12/18/2057,,,,,
14.80,9.17,!    12/19/2057,,,,,
14.74,9.07,!    12/20/2057,,,,,
14.63,8.97,!    12/21/2057,,,,,
14.57,8.87,!    12/22/2057,,,,,
14.52,8.87,!    12/23/2057,,,,,
14.46,8.77,!    12/24/2057,,,,,
14.35,8.67,!    12/25/2057,,,,,
14.30,8.57,!    12/26/2057,,,,,
14.24,8.47,!    12/27/2057,,,,,
14.18,8.47,!    12/28/2057,,,,,
14.13,8.47,!    12/29/2057,,,,,
14.07,8.37,!    12/30/2057,,,,,
14.02,8.37,!    12/31/2057,,,,,
14.20,9.22,!    1/1/2058,,,,,
14.14,9.12,!    1/2/2058,,,,,
14.09,9.02,!    1/3/2058,,,,,
14.03,8.92,!    1/4/2058,,,,,
14.03,8.72,!    1/5/2058,,,,,
13.98,8.62,!    1/6/2058,,,,,
13.92,8.52,!    1/7/2058,,,,,
13.92,8.42,!    1/8/2058,,,,,
13.87,8.32,!    1/9/2058,,,,,
13.87,8.32,!    1/10/2058,,,,,
13.87,8.22,!    1/11/2058,,,,,
13.81,8.22,!    1/12/2058,,,,,
13.81,8.12,!    1/13/2058,,,,,
13.81,7.92,!    1/14/2058,,,,,
13.81,7.82,!    1/15/2058,,,,,
13.81,7.72,!    1/16/2058,,,,,
13.81,7.62,!    1/17/2058,,,,,
13.87,7.62,!    1/18/2058,,,,,
13.87,7.62,!    1/19/2058,,,,,
13.87,7.32,!    1/20/2058,,,,,
13.92,7.42,!    1/21/2058,,,,,
13.98,7.42,!    1/22/2058,,,,,
13.98,7.42,!    1/23/2058,,,,,
14.03,7.52,!    1/24/2058,,,,,
14.09,7.52,!    1/25/2058,,,,,
14.14,7.72,!    1/26/2058,,,,,
14.20,7.72,!    1/27/2058,,,,,
14.25,7.62,!    1/28/2058,,,,,
14.31,7.52,!    1/29/2058,,,,,
14.37,7.42,!    1/30/2058,,,,,
14.48,7.42,!    1/31/2058,,,,,
13.40,7.73,!    2/1/2058,,,,,
13.46,7.73,!    2/2/2058,,,,,
13.57,7.93,!    2/3/2058,,,,,
13.63,7.93,!    2/4/2058,,,,,
13.74,7.93,!    2/5/2058,,,,,
13.85,8.03,!    2/6/2058,,,,,
13.96,8.03,!    2/7/2058,,,,,
14.02,8.23,!    2/8/2058,,,,,
14.13,8.33,!    2/9/2058,,,,,
14.24,8.43,!    2/10/2058,,,,,
14.35,8.43,!    2/11/2058,,,,,
14.46,8.53,!    2/12/2058,,,,,
14.57,8.53,!    2/13/2058,,,,,
14.68,8.53,!    2/14/2058,,,,,
14.79,8.53,!    2/15/2058,,,,,
14.90,8.63,!    2/16/2058,,,,,
15.02,8.73,!    2/17/2058,,,,,
15.13,8.73,!    2/18/2058,,,,,
15.24,8.83,!    2/19/2058,,,,,
15.35,8.93,!    2/20/2058,,,,,
15.46,9.13,!    2/21/2058,,,,,
15.57,9.23,!    2/22/2058,,,,,
15.68,9.33,!    2/23/2058,,,,,
15.79,9.53,!    2/24/2058,,,,,
15.96,9.63,!    2/25/2058,,,,,
16.07,9.63,!    2/26/2058,,,,,
16.18,9.83,!    2/27/2058,,,,,
16.29,9.93,!    2/28/2058,,,,,
17.13,10.41,!    3/1/2058,,,,,
17.44,9.91,!    3/2/2058,,,,,
17.55,9.91,!    3/3/2058,,,,,
17.67,9.91,!    3/4/2058,,,,,
17.78,9.91,!    3/5/2058,,,,,
17.89,10.01,!    3/6/2058,,,,,
18.00,10.11,!    3/7/2058,,,,,
18.11,10.21,!    3/8/2058,,,,,
18.22,10.41,!    3/9/2058,,,,,
18.33,10.61,!    3/10/2058,,,,,
18.39,10.81,!    3/11/2058,,,,,
18.50,11.01,!    3/12/2058,,,,,
18.61,11.11,!    3/13/2058,,,,,
18.72,11.31,!    3/14/2058,,,,,
18.83,11.41,!    3/15/2058,,,,,
18.94,11.61,!    3/16/2058,,,,,
19.05,11.71,!    3/17/2058,,,,,
19.11,11.81,!    3/18/2058,,,,,
19.22,12.01,!    3/19/2058,,,,,
19.33,12.31,!    3/20/2058,,,,,
19.44,12.41,!    3/21/2058,,,,,
19.50,12.61,!    3/22/2058,,,,,
19.61,12.61,!    3/23/2058,,,,,
19.72,12.81,!    3/24/2058,,,,,
19.83,13.11,!    3/25/2058,,,,,
19.89,13.31,!    3/26/2058,,,,,
20.00,13.51,!    3/27/2058,,,,,
20.11,13.71,!    3/28/2058,,,,,
20.17,13.91,!    3/29/2058,,,,,
20.28,14.11,!    3/30/2058,,,,,
20.39,14.31,!    3/31/2058,,,,,
20.39,14.65,!    4/1/2058,,,,,
20.83,14.85,!    4/2/2058,,,,,
20.94,15.05,!    4/3/2058,,,,,
21.05,15.35,!    4/4/2058,,,,,
21.16,15.65,!    4/5/2058,,,,,
21.22,15.85,!    4/6/2058,,,,,
21.33,15.95,!    4/7/2058,,,,,
21.44,16.05,!    4/8/2058,,,,,
21.55,16.25,!    4/9/2058,,,,,
21.66,16.45,!    4/10/2058,,,,,
21.72,16.65,!    4/11/2058,,,,,
21.83,16.95,!    4/12/2058,,,,,
21.94,17.05,!    4/13/2058,,,,,
22.05,17.15,!    4/14/2058,,,,,
22.16,17.35,!    4/15/2058,,,,,
22.27,17.45,!    4/16/2058,,,,,
22.38,17.55,!    4/17/2058,,,,,
22.50,17.65,!    4/18/2058,,,,,
22.61,17.85,!    4/19/2058,,,,,
22.72,17.95,!    4/20/2058,,,,,
22.83,18.15,!    4/21/2058,,,,,
23.00,18.45,!    4/22/2058,,,,,
23.11,18.55,!    4/23/2058,,,,,
23.22,18.65,!    4/24/2058,,,,,
23.33,18.75,!    4/25/2058,,,,,
23.44,18.85,!    4/26/2058,,,,,
23.61,19.05,!    4/27/2058,,,,,
23.72,19.25,!    4/28/2058,,,,,
23.83,19.65,!    4/29/2058,,,,,
24.00,19.85,!    4/30/2058,,,,,
23.84,19.73,!    5/1/2058,,,,,
24.07,19.93,!    5/2/2058,,,,,
24.23,20.03,!    5/3/2058,,,,,
24.34,20.23,!    5/4/2058,,,,,
24.51,20.23,!    5/5/2058,,,,,
24.62,20.33,!    5/6/2058,,,,,
24.79,20.43,!    5/7/2058,,,,,
24.90,20.63,!    5/8/2058,,,,,
25.07,20.83,!    5/9/2058,,,,,
25.18,21.03,!    5/10/2058,,,,,
25.29,21.13,!    5/11/2058,,,,,
25.45,21.23,!    5/12/2058,,,,,
25.57,21.43,!    5/13/2058,,,,,
25.73,21.53,!    5/14/2058,,,,,
25.84,21.63,!    5/15/2058,,,,,
26.01,21.83,!    5/16/2058,,,,,
26.12,22.03,!    5/17/2058,,,,,
26.29,22.23,!    5/18/2058,,,,,
26.40,22.23,!    5/19/2058,,,,,
26.51,22.43,!    5/20/2058,,,,,
26.68,22.63,!    5/21/2058,,,,,
26.79,22.93,!    5/22/2058,,,,,
26.90,23.13,!    5/23/2058,,,,,
27.07,23.33,!    5/24/2058,,,,,
27.18,23.53,!    5/25/2058,,,,,
27.29,23.83,!    5/26/2058,,,,,
27.40,24.03,!    5/27/2058,,,,,
27.51,24.13,!    5/28/2058,,,,,
27.62,24.33,!    5/29/2058,,,,,
27.73,24.53,!    5/30/2058,,,,,
27.84,24.63,!    5/31/2058,,,,,
27.49,25.00,!    6/1/2058,,,,,
27.69,25.20,!    6/2/2058,,,,,
27.74,25.40,!    6/3/2058,,,,,
27.85,25.60,!    6/4/2058,,,,,
27.96,25.80,!    6/5/2058,,,,,
28.02,26.00,!    6/6/2058,,,,,
28.13,26.30,!    6/7/2058,,,,,
28.19,26.60,!    6/8/2058,,,,,
28.30,26.90,!    6/9/2058,,,,,
28.35,27.10,!    6/10/2058,,,,,
28.41,27.30,!    6/11/2058,,,,,
28.52,27.50,!    6/12/2058,,,,,
28.57,27.60,!    6/13/2058,,,,,
28.63,27.70,!    6/14/2058,,,,,
28.69,27.90,!    6/15/2058,,,,,
28.74,28.10,!    6/16/2058,,,,,
28.80,28.30,!    6/17/2058,,,,,
28.85,28.40,!    6/18/2058,,,,,
28.91,28.50,!    6/19/2058,,,,,
28.91,28.60,!    6/20/2058,,,,,
28.96,28.80,!    6/21/2058,,,,,
29.02,28.90,!    6/22/2058,,,,,
29.07,29.00,!    6/23/2058,,,,,
29.07,29.10,!    6/24/2058,,,,,
29.13,29.30,!    6/25/2058,,,,,
29.13,29.40,!    6/26/2058,,,,,
29.19,29.50,!    6/27/2058,,,,,
29.19,29.60,!    6/28/2058,,,,,
29.24,29.60,!    6/29/2058,,,,,
29.24,29.70,!    6/30/2058,,,,,
29.74,30.33,!    7/1/2058,,,,,
29.69,30.43,!    7/2/2058,,,,,
29.69,30.63,!    7/3/2058,,,,,
29.74,30.63,!    7/4/2058,,,,,
29.74,30.63,!    7/5/2058,,,,,
29.80,30.63,!    7/6/2058,,,,,
29.80,30.63,!    7/7/2058,,,,,
29.80,30.63,!    7/8/2058,,,,,
29.80,30.53,!    7/9/2058,,,,,
29.85,30.63,!    7/10/2058,,,,,
29.85,30.63,!    7/11/2058,,,,,
29.85,30.63,!    7/12/2058,,,,,
29.91,30.63,!    7/13/2058,,,,,
29.91,30.73,!    7/14/2058,,,,,
29.91,30.73,!    7/15/2058,,,,,
29.91,30.73,!    7/16/2058,,,,,
29.96,30.73,!    7/17/2058,,,,,
29.96,30.83,!    7/18/2058,,,,,
29.96,30.83,!    7/19/2058,,,,,
30.02,31.03,!    7/20/2058,,,,,
30.02,31.13,!    7/21/2058,,,,,
30.02,31.13,!    7/22/2058,,,,,
30.02,31.23,!    7/23/2058,,,,,
30.02,31.23,!    7/24/2058,,,,,
30.08,31.23,!    7/25/2058,,,,,
30.08,31.33,!    7/26/2058,,,,,
30.08,31.43,!    7/27/2058,,,,,
30.08,31.53,!    7/28/2058,,,,,
30.08,31.53,!    7/29/2058,,,,,
30.13,31.63,!    7/30/2058,,,,,
30.13,31.63,!    7/31/2058,,,,,
29.95,31.44,!    8/1/2058,,,,,
29.96,31.34,!    8/2/2058,,,,,
29.96,31.44,!    8/3/2058,,,,,
29.96,31.44,!    8/4/2058,,,,,
29.96,31.54,!    8/5/2058,,,,,
29.96,31.54,!    8/6/2058,,,,,
29.96,31.64,!    8/7/2058,,,,,
29.96,31.74,!    8/8/2058,,,,,
29.96,31.74,!    8/9/2058,,,,,
29.96,31.84,!    8/10/2058,,,,,
29.96,31.74,!    8/11/2058,,,,,
29.96,31.84,!    8/12/2058,,,,,
29.96,31.74,!    8/13/2058,,,,,
29.91,31.54,!    8/14/2058,,,,,
29.91,31.54,!    8/15/2058,,,,,
29.91,31.54,!    8/16/2058,,,,,
29.85,31.64,!    8/17/2058,,,,,
29.85,31.64,!    8/18/2058,,,,,
29.85,31.54,!    8/19/2058,,,,,
29.80,31.44,!    8/20/2058,,,,,
29.80,31.24,!    8/21/2058,,,,,
29.74,31.24,!    8/22/2058,,,,,
29.74,31.24,!    8/23/2058,,,,,
29.68,31.24,!    8/24/2058,,,,,
29.63,31.34,!    8/25/2058,,,,,
29.63,31.24,!    8/26/2058,,,,,
29.57,31.14,!    8/27/2058,,,,,
29.52,31.04,!    8/28/2058,,,,,
29.46,30.94,!    8/29/2058,,,,,
29.46,30.84,!    8/30/2058,,,,,
29.41,30.74,!    8/31/2058,,,,,
29.67,30.04,!    9/1/2058,,,,,
29.48,29.94,!    9/2/2058,,,,,
29.42,29.84,!    9/3/2058,,,,,
29.37,29.64,!    9/4/2058,,,,,
29.25,29.64,!    9/5/2058,,,,,
29.20,29.54,!    9/6/2058,,,,,
29.14,29.54,!    9/7/2058,,,,,
29.09,29.54,!    9/8/2058,,,,,
28.98,29.44,!    9/9/2058,,,,,
28.92,29.34,!    9/10/2058,,,,,
28.87,29.24,!    9/11/2058,,,,,
28.75,29.04,!    9/12/2058,,,,,
28.70,28.94,!    9/13/2058,,,,,
28.59,28.94,!    9/14/2058,,,,,
28.48,28.84,!    9/15/2058,,,,,
28.42,28.74,!    9/16/2058,,,,,
28.31,28.54,!    9/17/2058,,,,,
28.20,28.44,!    9/18/2058,,,,,
28.09,28.34,!    9/19/2058,,,,,
27.98,28.04,!    9/20/2058,,,,,
27.87,27.94,!    9/21/2058,,,,,
27.75,27.74,!    9/22/2058,,,,,
27.64,27.64,!    9/23/2058,,,,,
27.53,27.64,!    9/24/2058,,,,,
27.37,27.44,!    9/25/2058,,,,,
27.25,27.34,!    9/26/2058,,,,,
27.14,27.04,!    9/27/2058,,,,,
26.98,27.04,!    9/28/2058,,,,,
26.87,26.94,!    9/29/2058,,,,,
26.70,26.74,!    9/30/2058,,,,,
26.87,26.54,!    10/1/2058,,,,,
26.59,26.24,!    10/2/2058,,,,,
26.42,25.94,!    10/3/2058,,,,,
26.26,25.74,!    10/4/2058,,,,,
26.09,25.74,!    10/5/2058,,,,,
25.92,25.64,!    10/6/2058,,,,,
25.76,25.44,!    10/7/2058,,,,,
25.59,25.24,!    10/8/2058,,,,,
25.42,25.04,!    10/9/2058,,,,,
25.20,24.84,!    10/10/2058,,,,,
25.03,24.74,!    10/11/2058,,,,,
24.87,24.64,!    10/12/2058,,,,,
24.70,24.44,!    10/13/2058,,,,,
24.48,24.24,!    10/14/2058,,,,,
24.31,24.04,!    10/15/2058,,,,,
24.09,23.84,!    10/16/2058,,,,,
23.92,23.64,!    10/17/2058,,,,,
23.70,23.34,!    10/18/2058,,,,,
23.53,23.14,!    10/19/2058,,,,,
23.31,22.84,!    10/20/2058,,,,,
23.15,22.34,!    10/21/2058,,,,,
22.92,22.04,!    10/22/2058,,,,,
22.76,21.74,!    10/23/2058,,,,,
22.53,21.34,!    10/24/2058,,,,,
22.37,21.04,!    10/25/2058,,,,,
22.15,20.64,!    10/26/2058,,,,,
21.98,20.44,!    10/27/2058,,,,,
21.76,20.24,!    10/28/2058,,,,,
21.59,19.74,!    10/29/2058,,,,,
21.37,19.34,!    10/30/2058,,,,,
21.20,19.14,!    10/31/2058,,,,,
21.49,19.70,!    11/1/2058,,,,,
21.08,19.50,!    11/2/2058,,,,,
20.92,19.30,!    11/3/2058,,,,,
20.70,19.20,!    11/4/2058,,,,,
20.53,19.00,!    11/5/2058,,,,,
20.36,18.80,!    11/6/2058,,,,,
20.20,18.90,!    11/7/2058,,,,,
20.03,18.70,!    11/8/2058,,,,,
19.86,18.50,!    11/9/2058,,,,,
19.70,18.30,!    11/10/2058,,,,,
19.53,18.10,!    11/11/2058,,,,,
19.36,17.90,!    11/12/2058,,,,,
19.25,17.70,!    11/13/2058,,,,,
19.08,17.40,!    11/14/2058,,,,,
18.92,17.10,!    11/15/2058,,,,,
18.81,16.90,!    11/16/2058,,,,,
18.64,16.70,!    11/17/2058,,,,,
18.53,16.40,!    11/18/2058,,,,,
18.42,16.10,!    11/19/2058,,,,,
18.25,15.80,!    11/20/2058,,,,,
18.14,15.60,!    11/21/2058,,,,,
18.03,15.40,!    11/22/2058,,,,,
17.92,15.20,!    11/23/2058,,,,,
17.81,15.10,!    11/24/2058,,,,,
17.70,15.00,!    11/25/2058,,,,,
17.58,14.90,!    11/26/2058,,,,,
17.47,14.70,!    11/27/2058,,,,,
17.36,14.50,!    11/28/2058,,,,,
17.25,14.30,!    11/29/2058,,,,,
17.20,14.20,!    11/30/2058,,,,,
15.79,13.86,!    12/1/2058,,,,,
15.48,13.56,!    12/2/2058,,,,,
15.42,13.36,!    12/3/2058,,,,,
15.31,13.26,!    12/4/2058,,,,,
15.20,13.06,!    12/5/2058,,,,,
15.14,12.86,!    12/6/2058,,,,,
15.03,12.46,!    12/7/2058,,,,,
14.98,12.26,!    12/8/2058,,,,,
14.86,12.06,!    12/9/2058,,,,,
14.81,11.86,!    12/10/2058,,,,,
14.70,11.66,!    12/11/2058,,,,,
14.64,11.36,!    12/12/2058,,,,,
14.53,11.26,!    12/13/2058,,,,,
14.48,11.06,!    12/14/2058,,,,,
14.42,10.96,!    12/15/2058,,,,,
14.31,10.76,!    12/16/2058,,,,,
14.25,10.66,!    12/17/2058,,,,,
14.14,10.46,!    12/18/2058,,,,,
14.09,10.36,!    12/19/2058,,,,,
14.03,10.26,!    12/20/2058,,,,,
13.92,10.16,!    12/21/2058,,,,,
13.86,10.06,!    12/22/2058,,,,,
13.81,10.06,!    12/23/2058,,,,,
13.75,9.96,!    12/24/2058,,,,,
13.64,9.86,!    12/25/2058,,,,,
13.59,9.76,!    12/26/2058,,,,,
13.53,9.66,!    12/27/2058,,,,,
13.48,9.66,!    12/28/2058,,,,,
13.42,9.66,!    12/29/2058,,,,,
13.36,9.56,!    12/30/2058,,,,,
13.31,9.56,!    12/31/2058,,,,,
13.26,9.48,!    1/1/2059,,,,,
13.20,9.38,!    1/2/2059,,,,,
13.15,9.28,!    1/3/2059,,,,,
13.09,9.18,!    1/4/2059,,,,,
13.09,8.98,!    1/5/2059,,,,,
13.04,8.88,!    1/6/2059,,,,,
12.98,8.78,!    1/7/2059,,,,,
12.98,8.68,!    1/8/2059,,,,,
12.93,8.58,!    1/9/2059,,,,,
12.93,8.58,!    1/10/2059,,,,,
12.93,8.48,!    1/11/2059,,,,,
12.87,8.48,!    1/12/2059,,,,,
12.87,8.38,!    1/13/2059,,,,,
12.87,8.18,!    1/14/2059,,,,,
12.87,8.08,!    1/15/2059,,,,,
12.87,7.98,!    1/16/2059,,,,,
12.87,7.88,!    1/17/2059,,,,,
12.93,7.88,!    1/18/2059,,,,,
12.93,7.88,!    1/19/2059,,,,,
12.93,7.58,!    1/20/2059,,,,,
12.98,7.68,!    1/21/2059,,,,,
13.04,7.68,!    1/22/2059,,,,,
13.04,7.68,!    1/23/2059,,,,,
13.09,7.78,!    1/24/2059,,,,,
13.15,7.78,!    1/25/2059,,,,,
13.20,7.98,!    1/26/2059,,,,,
13.26,7.98,!    1/27/2059,,,,,
13.31,7.88,!    1/28/2059,,,,,
13.37,7.78,!    1/29/2059,,,,,
13.43,7.68,!    1/30/2059,,,,,
13.54,7.68,!    1/31/2059,,,,,
12.84,7.22,!    2/1/2059,,,,,
12.89,7.22,!    2/2/2059,,,,,
13.01,7.42,!    2/3/2059,,,,,
13.06,7.42,!    2/4/2059,,,,,
13.17,7.42,!    2/5/2059,,,,,
13.28,7.52,!    2/6/2059,,,,,
13.39,7.52,!    2/7/2059,,,,,
13.45,7.72,!    2/8/2059,,,,,
13.56,7.82,!    2/9/2059,,,,,
13.67,7.92,!    2/10/2059,,,,,
13.78,7.92,!    2/11/2059,,,,,
13.89,8.02,!    2/12/2059,,,,,
14.01,8.02,!    2/13/2059,,,,,
14.12,8.02,!    2/14/2059,,,,,
14.23,8.02,!    2/15/2059,,,,,
14.34,8.12,!    2/16/2059,,,,,
14.45,8.22,!    2/17/2059,,,,,
14.56,8.22,!    2/18/2059,,,,,
14.67,8.32,!    2/19/2059,,,,,
14.78,8.42,!    2/20/2059,,,,,
14.89,8.62,!    2/21/2059,,,,,
15.01,8.72,!    2/22/2059,,,,,
15.12,8.82,!    2/23/2059,,,,,
15.23,9.02,!    2/24/2059,,,,,
15.39,9.12,!    2/25/2059,,,,,
15.51,9.12,!    2/26/2059,,,,,
15.62,9.32,!    2/27/2059,,,,,
15.73,9.42,!    2/28/2059,,,,,
16.68,10.14,!    3/1/2059,,,,,
17.00,9.64,!    3/2/2059,,,,,
17.11,9.64,!    3/3/2059,,,,,
17.22,9.64,!    3/4/2059,,,,,
17.33,9.64,!    3/5/2059,,,,,
17.44,9.74,!    3/6/2059,,,,,
17.55,9.84,!    3/7/2059,,,,,
17.66,9.94,!    3/8/2059,,,,,
17.77,10.14,!    3/9/2059,,,,,
17.89,10.34,!    3/10/2059,,,,,
17.94,10.54,!    3/11/2059,,,,,
18.05,10.74,!    3/12/2059,,,,,
18.16,10.84,!    3/13/2059,,,,,
18.27,11.04,!    3/14/2059,,,,,
18.39,11.14,!    3/15/2059,,,,,
18.50,11.34,!    3/16/2059,,,,,
18.61,11.44,!    3/17/2059,,,,,
18.66,11.54,!    3/18/2059,,,,,
18.77,11.74,!    3/19/2059,,,,,
18.89,12.04,!    3/20/2059,,,,,
19.00,12.14,!    3/21/2059,,,,,
19.05,12.34,!    3/22/2059,,,,,
19.16,12.34,!    3/23/2059,,,,,
19.27,12.54,!    3/24/2059,,,,,
19.39,12.84,!    3/25/2059,,,,,
19.44,13.04,!    3/26/2059,,,,,
19.55,13.24,!    3/27/2059,,,,,
19.66,13.44,!    3/28/2059,,,,,
19.72,13.64,!    3/29/2059,,,,,
19.83,13.84,!    3/30/2059,,,,,
19.94,14.04,!    3/31/2059,,,,,
20.24,14.79,!    4/1/2059,,,,,
20.68,14.99,!    4/2/2059,,,,,
20.79,15.19,!    4/3/2059,,,,,
20.90,15.49,!    4/4/2059,,,,,
21.01,15.79,!    4/5/2059,,,,,
21.06,15.99,!    4/6/2059,,,,,
21.18,16.09,!    4/7/2059,,,,,
21.29,16.19,!    4/8/2059,,,,,
21.40,16.39,!    4/9/2059,,,,,
21.51,16.59,!    4/10/2059,,,,,
21.56,16.79,!    4/11/2059,,,,,
21.68,17.09,!    4/12/2059,,,,,
21.79,17.19,!    4/13/2059,,,,,
21.90,17.29,!    4/14/2059,,,,,
22.01,17.49,!    4/15/2059,,,,,
22.12,17.59,!    4/16/2059,,,,,
22.23,17.69,!    4/17/2059,,,,,
22.34,17.79,!    4/18/2059,,,,,
22.45,17.99,!    4/19/2059,,,,,
22.56,18.09,!    4/20/2059,,,,,
22.68,18.29,!    4/21/2059,,,,,
22.84,18.59,!    4/22/2059,,,,,
22.95,18.69,!    4/23/2059,,,,,
23.06,18.79,!    4/24/2059,,,,,
23.18,18.89,!    4/25/2059,,,,,
23.29,18.99,!    4/26/2059,,,,,
23.45,19.19,!    4/27/2059,,,,,
23.56,19.39,!    4/28/2059,,,,,
23.68,19.79,!    4/29/2059,,,,,
23.84,19.99,!    4/30/2059,,,,,
24.03,19.90,!    5/1/2059,,,,,
24.25,20.10,!    5/2/2059,,,,,
24.42,20.20,!    5/3/2059,,,,,
24.53,20.40,!    5/4/2059,,,,,
24.70,20.40,!    5/5/2059,,,,,
24.81,20.50,!    5/6/2059,,,,,
24.98,20.60,!    5/7/2059,,,,,
25.09,20.80,!    5/8/2059,,,,,
25.25,21.00,!    5/9/2059,,,,,
25.36,21.20,!    5/10/2059,,,,,
25.48,21.30,!    5/11/2059,,,,,
25.64,21.40,!    5/12/2059,,,,,
25.75,21.60,!    5/13/2059,,,,,
25.92,21.70,!    5/14/2059,,,,,
26.03,21.80,!    5/15/2059,,,,,
26.20,22.00,!    5/16/2059,,,,,
26.31,22.20,!    5/17/2059,,,,,
26.48,22.40,!    5/18/2059,,,,,
26.59,22.40,!    5/19/2059,,,,,
26.70,22.60,!    5/20/2059,,,,,
26.86,22.80,!    5/21/2059,,,,,
26.98,23.10,!    5/22/2059,,,,,
27.09,23.30,!    5/23/2059,,,,,
27.25,23.50,!    5/24/2059,,,,,
27.36,23.70,!    5/25/2059,,,,,
27.48,24.00,!    5/26/2059,,,,,
27.59,24.20,!    5/27/2059,,,,,
27.70,24.30,!    5/28/2059,,,,,
27.81,24.50,!    5/29/2059,,,,,
27.92,24.70,!    5/30/2059,,,,,
28.03,24.80,!    5/31/2059,,,,,
27.73,24.72,!    6/1/2059,,,,,
27.93,24.92,!    6/2/2059,,,,,
27.98,25.12,!    6/3/2059,,,,,
28.09,25.32,!    6/4/2059,,,,,
28.21,25.52,!    6/5/2059,,,,,
28.26,25.72,!    6/6/2059,,,,,
28.37,26.02,!    6/7/2059,,,,,
28.43,26.32,!    6/8/2059,,,,,
28.54,26.62,!    6/9/2059,,,,,
28.59,26.82,!    6/10/2059,,,,,
28.65,27.02,!    6/11/2059,,,,,
28.76,27.22,!    6/12/2059,,,,,
28.82,27.32,!    6/13/2059,,,,,
28.87,27.42,!    6/14/2059,,,,,
28.93,27.62,!    6/15/2059,,,,,
28.98,27.82,!    6/16/2059,,,,,
29.04,28.02,!    6/17/2059,,,,,
29.09,28.12,!    6/18/2059,,,,,
29.15,28.22,!    6/19/2059,,,,,
29.15,28.32,!    6/20/2059,,,,,
29.21,28.52,!    6/21/2059,,,,,
29.26,28.62,!    6/22/2059,,,,,
29.32,28.72,!    6/23/2059,,,,,
29.32,28.82,!    6/24/2059,,,,,
29.37,29.02,!    6/25/2059,,,,,
29.37,29.12,!    6/26/2059,,,,,
29.43,29.22,!    6/27/2059,,,,,
29.43,29.32,!    6/28/2059,,,,,
29.48,29.32,!    6/29/2059,,,,,
29.48,29.42,!    6/30/2059,,,,,
29.85,29.88,!    7/1/2059,,,,,
29.79,29.98,!    7/2/2059,,,,,
29.79,30.18,!    7/3/2059,,,,,
29.85,30.18,!    7/4/2059,,,,,
29.85,30.18,!    7/5/2059,,,,,
29.91,30.18,!    7/6/2059,,,,,
29.91,30.18,!    7/7/2059,,,,,
29.91,30.18,!    7/8/2059,,,,,
29.91,30.08,!    7/9/2059,,,,,
29.96,30.18,!    7/10/2059,,,,,
29.96,30.18,!    7/11/2059,,,,,
29.96,30.18,!    7/12/2059,,,,,
30.02,30.18,!    7/13/2059,,,,,
30.02,30.28,!    7/14/2059,,,,,
30.02,30.28,!    7/15/2059,,,,,
30.02,30.28,!    7/16/2059,,,,,
30.07,30.28,!    7/17/2059,,,,,
30.07,30.38,!    7/18/2059,,,,,
30.07,30.38,!    7/19/2059,,,,,
30.13,30.58,!    7/20/2059,,,,,
30.13,30.68,!    7/21/2059,,,,,
30.13,30.68,!    7/22/2059,,,,,
30.13,30.78,!    7/23/2059,,,,,
30.13,30.78,!    7/24/2059,,,,,
30.18,30.78,!    7/25/2059,,,,,
30.18,30.88,!    7/26/2059,,,,,
30.18,30.98,!    7/27/2059,,,,,
30.18,31.08,!    7/28/2059,,,,,
30.18,31.08,!    7/29/2059,,,,,
30.24,31.18,!    7/30/2059,,,,,
30.24,31.18,!    7/31/2059,,,,,
30.14,31.13,!    8/1/2059,,,,,
30.15,31.03,!    8/2/2059,,,,,
30.15,31.13,!    8/3/2059,,,,,
30.15,31.13,!    8/4/2059,,,,,
30.15,31.23,!    8/5/2059,,,,,
30.15,31.23,!    8/6/2059,,,,,
30.15,31.33,!    8/7/2059,,,,,
30.15,31.43,!    8/8/2059,,,,,
30.15,31.43,!    8/9/2059,,,,,
30.15,31.53,!    8/10/2059,,,,,
30.15,31.43,!    8/11/2059,,,,,
30.15,31.53,!    8/12/2059,,,,,
30.15,31.43,!    8/13/2059,,,,,
30.10,31.23,!    8/14/2059,,,,,
30.10,31.23,!    8/15/2059,,,,,
30.10,31.23,!    8/16/2059,,,,,
30.04,31.33,!    8/17/2059,,,,,
30.04,31.33,!    8/18/2059,,,,,
30.04,31.23,!    8/19/2059,,,,,
29.99,31.13,!    8/20/2059,,,,,
29.99,30.93,!    8/21/2059,,,,,
29.93,30.93,!    8/22/2059,,,,,
29.93,30.93,!    8/23/2059,,,,,
29.87,30.93,!    8/24/2059,,,,,
29.82,31.03,!    8/25/2059,,,,,
29.82,30.93,!    8/26/2059,,,,,
29.76,30.83,!    8/27/2059,,,,,
29.71,30.73,!    8/28/2059,,,,,
29.65,30.63,!    8/29/2059,,,,,
29.65,30.53,!    8/30/2059,,,,,
29.60,30.43,!    8/31/2059,,,,,
29.50,30.70,!    9/1/2059,,,,,
29.31,30.60,!    9/2/2059,,,,,
29.26,30.50,!    9/3/2059,,,,,
29.20,30.30,!    9/4/2059,,,,,
29.09,30.30,!    9/5/2059,,,,,
29.03,30.20,!    9/6/2059,,,,,
28.98,30.20,!    9/7/2059,,,,,
28.92,30.20,!    9/8/2059,,,,,
28.81,30.10,!    9/9/2059,,,,,
28.76,30.00,!    9/10/2059,,,,,
28.70,29.90,!    9/11/2059,,,,,
28.59,29.70,!    9/12/2059,,,,,
28.53,29.60,!    9/13/2059,,,,,
28.42,29.60,!    9/14/2059,,,,,
28.31,29.50,!    9/15/2059,,,,,
28.26,29.40,!    9/16/2059,,,,,
28.15,29.20,!    9/17/2059,,,,,
28.03,29.10,!    9/18/2059,,,,,
27.92,29.00,!    9/19/2059,,,,,
27.81,28.70,!    9/20/2059,,,,,
27.70,28.60,!    9/21/2059,,,,,
27.59,28.40,!    9/22/2059,,,,,
27.48,28.30,!    9/23/2059,,,,,
27.37,28.30,!    9/24/2059,,,,,
27.20,28.10,!    9/25/2059,,,,,
27.09,28.00,!    9/26/2059,,,,,
26.98,27.70,!    9/27/2059,,,,,
26.81,27.70,!    9/28/2059,,,,,
26.70,27.60,!    9/29/2059,,,,,
26.53,27.40,!    9/30/2059,,,,,
26.69,26.93,!    10/1/2059,,,,,
26.41,26.63,!    10/2/2059,,,,,
26.24,26.33,!    10/3/2059,,,,,
26.08,26.13,!    10/4/2059,,,,,
25.91,26.13,!    10/5/2059,,,,,
25.74,26.03,!    10/6/2059,,,,,
25.58,25.83,!    10/7/2059,,,,,
25.41,25.63,!    10/8/2059,,,,,
25.24,25.43,!    10/9/2059,,,,,
25.02,25.23,!    10/10/2059,,,,,
24.85,25.13,!    10/11/2059,,,,,
24.69,25.03,!    10/12/2059,,,,,
24.52,24.83,!    10/13/2059,,,,,
24.30,24.63,!    10/14/2059,,,,,
24.13,24.43,!    10/15/2059,,,,,
23.91,24.23,!    10/16/2059,,,,,
23.74,24.03,!    10/17/2059,,,,,
23.52,23.73,!    10/18/2059,,,,,
23.35,23.53,!    10/19/2059,,,,,
23.13,23.23,!    10/20/2059,,,,,
22.97,22.73,!    10/21/2059,,,,,
22.74,22.43,!    10/22/2059,,,,,
22.58,22.13,!    10/23/2059,,,,,
22.35,21.73,!    10/24/2059,,,,,
22.19,21.43,!    10/25/2059,,,,,
21.97,21.03,!    10/26/2059,,,,,
21.80,20.83,!    10/27/2059,,,,,
21.58,20.63,!    10/28/2059,,,,,
21.41,20.13,!    10/29/2059,,,,,
21.19,19.73,!    10/30/2059,,,,,
21.02,19.53,!    10/31/2059,,,,,
20.93,20.56,!    11/1/2059,,,,,
20.53,20.36,!    11/2/2059,,,,,
20.37,20.16,!    11/3/2059,,,,,
20.14,20.06,!    11/4/2059,,,,,
19.98,19.86,!    11/5/2059,,,,,
19.81,19.66,!    11/6/2059,,,,,
19.64,19.76,!    11/7/2059,,,,,
19.48,19.56,!    11/8/2059,,,,,
19.31,19.36,!    11/9/2059,,,,,
19.14,19.16,!    11/10/2059,,,,,
18.98,18.96,!    11/11/2059,,,,,
18.81,18.76,!    11/12/2059,,,,,
18.70,18.56,!    11/13/2059,,,,,
18.53,18.26,!    11/14/2059,,,,,
18.37,17.96,!    11/15/2059,,,,,
18.25,17.76,!    11/16/2059,,,,,
18.09,17.56,!    11/17/2059,,,,,
17.98,17.26,!    11/18/2059,,,,,
17.87,16.96,!    11/19/2059,,,,,
17.70,16.66,!    11/20/2059,,,,,
17.59,16.46,!    11/21/2059,,,,,
17.48,16.26,!    11/22/2059,,,,,
17.37,16.06,!    11/23/2059,,,,,
17.25,15.96,!    11/24/2059,,,,,
17.14,15.86,!    11/25/2059,,,,,
17.03,15.76,!    11/26/2059,,,,,
16.92,15.56,!    11/27/2059,,,,,
16.81,15.36,!    11/28/2059,,,,,
16.70,15.16,!    11/29/2059,,,,,
16.64,15.06,!    11/30/2059,,,,,
16.60,14.84,!    12/1/2059,,,,,
16.29,14.54,!    12/2/2059,,,,,
16.23,14.34,!    12/3/2059,,,,,
16.12,14.24,!    12/4/2059,,,,,
16.01,14.04,!    12/5/2059,,,,,
15.95,13.84,!    12/6/2059,,,,,
15.84,13.44,!    12/7/2059,,,,,
15.79,13.24,!    12/8/2059,,,,,
15.67,13.04,!    12/9/2059,,,,,
15.62,12.84,!    12/10/2059,,,,,
15.51,12.64,!    12/11/2059,,,,,
15.45,12.34,!    12/12/2059,,,,,
15.34,12.24,!    12/13/2059,,,,,
15.29,12.04,!    12/14/2059,,,,,
15.23,11.94,!    12/15/2059,,,,,
15.12,11.74,!    12/16/2059,,,,,
15.06,11.64,!    12/17/2059,,,,,
14.95,11.44,!    12/18/2059,,,,,
14.90,11.34,!    12/19/2059,,,,,
14.84,11.24,!    12/20/2059,,,,,
14.73,11.14,!    12/21/2059,,,,,
14.67,11.04,!    12/22/2059,,,,,
14.62,11.04,!    12/23/2059,,,,,
14.56,10.94,!    12/24/2059,,,,,
14.45,10.84,!    12/25/2059,,,,,
14.40,10.74,!    12/26/2059,,,,,
14.34,10.64,!    12/27/2059,,,,,
14.29,10.64,!    12/28/2059,,,,,
14.23,10.64,!    12/29/2059,,,,,
14.17,10.54,!    12/30/2059,,,,,
14.12,10.54,!    12/31/2059,,,,,
14.51,10.01,!    1/1/2060,,,,,
14.46,9.91,!    1/2/2060,,,,,
14.40,9.81,!    1/3/2060,,,,,
14.35,9.71,!    1/4/2060,,,,,
14.35,9.51,!    1/5/2060,,,,,
14.29,9.41,!    1/6/2060,,,,,
14.23,9.31,!    1/7/2060,,,,,
14.23,9.21,!    1/8/2060,,,,,
14.18,9.11,!    1/9/2060,,,,,
14.18,9.11,!    1/10/2060,,,,,
14.18,9.01,!    1/11/2060,,,,,
14.12,9.01,!    1/12/2060,,,,,
14.12,8.91,!    1/13/2060,,,,,
14.12,8.71,!    1/14/2060,,,,,
14.12,8.61,!    1/15/2060,,,,,
14.12,8.51,!    1/16/2060,,,,,
14.12,8.41,!    1/17/2060,,,,,
14.18,8.41,!    1/18/2060,,,,,
14.18,8.41,!    1/19/2060,,,,,
14.18,8.11,!    1/20/2060,,,,,
14.23,8.21,!    1/21/2060,,,,,
14.29,8.21,!    1/22/2060,,,,,
14.29,8.21,!    1/23/2060,,,,,
14.35,8.31,!    1/24/2060,,,,,
14.40,8.31,!    1/25/2060,,,,,
14.46,8.51,!    1/26/2060,,,,,
14.51,8.51,!    1/27/2060,,,,,
14.57,8.41,!    1/28/2060,,,,,
14.62,8.31,!    1/29/2060,,,,,
14.68,8.21,!    1/30/2060,,,,,
14.79,8.21,!    1/31/2060,,,,,
13.04,8.72,!    2/1/2060,,,,,
13.10,8.72,!    2/2/2060,,,,,
13.21,8.92,!    2/3/2060,,,,,
13.26,8.92,!    2/4/2060,,,,,
13.37,8.92,!    2/5/2060,,,,,
13.49,9.02,!    2/6/2060,,,,,
13.60,9.02,!    2/7/2060,,,,,
13.65,9.22,!    2/8/2060,,,,,
13.76,9.32,!    2/9/2060,,,,,
13.87,9.42,!    2/10/2060,,,,,
13.99,9.42,!    2/11/2060,,,,,
14.10,9.52,!    2/12/2060,,,,,
14.21,9.52,!    2/13/2060,,,,,
14.32,9.52,!    2/14/2060,,,,,
14.43,9.52,!    2/15/2060,,,,,
14.54,9.62,!    2/16/2060,,,,,
14.65,9.72,!    2/17/2060,,,,,
14.76,9.72,!    2/18/2060,,,,,
14.87,9.82,!    2/19/2060,,,,,
14.99,9.92,!    2/20/2060,,,,,
15.10,10.12,!    2/21/2060,,,,,
15.21,10.22,!    2/22/2060,,,,,
15.32,10.32,!    2/23/2060,,,,,
15.43,10.52,!    2/24/2060,,,,,
15.60,10.62,!    2/25/2060,,,,,
15.71,10.62,!    2/26/2060,,,,,
15.82,10.82,!    2/27/2060,,,,,
15.93,10.92,!    2/28/2060,,,,,
15.93,11.62,!    2/29/2060,,,,,
17.09,10.57,!    3/1/2060,,,,,
17.21,10.57,!    3/2/2060,,,,,
17.32,10.57,!    3/3/2060,,,,,
17.43,10.57,!    3/4/2060,,,,,
17.54,10.67,!    3/5/2060,,,,,
17.65,10.77,!    3/6/2060,,,,,
17.76,10.87,!    3/7/2060,,,,,
17.87,11.07,!    3/8/2060,,,,,
17.98,11.27,!    3/9/2060,,,,,
18.04,11.47,!    3/10/2060,,,,,
18.15,11.67,!    3/11/2060,,,,,
18.26,11.77,!    3/12/2060,,,,,
18.37,11.97,!    3/13/2060,,,,,
18.48,12.07,!    3/14/2060,,,,,
18.59,12.27,!    3/15/2060,,,,,
18.71,12.37,!    3/16/2060,,,,,
18.76,12.47,!    3/17/2060,,,,,
18.87,12.67,!    3/18/2060,,,,,
18.98,12.97,!    3/19/2060,,,,,
19.09,13.07,!    3/20/2060,,,,,
19.15,13.27,!    3/21/2060,,,,,
19.26,13.27,!    3/22/2060,,,,,
19.37,13.47,!    3/23/2060,,,,,
19.48,13.77,!    3/24/2060,,,,,
19.54,13.97,!    3/25/2060,,,,,
19.65,14.17,!    3/26/2060,,,,,
19.76,14.37,!    3/27/2060,,,,,
19.82,14.57,!    3/28/2060,,,,,
19.93,14.77,!    3/29/2060,,,,,
20.04,14.97,!    3/30/2060,,,,,
20.15,15.07,!    3/31/2060,,,,,
20.93,15.59,!    4/1/2060,,,,,
21.04,15.79,!    4/2/2060,,,,,
21.15,16.09,!    4/3/2060,,,,,
21.26,16.39,!    4/4/2060,,,,,
21.32,16.59,!    4/5/2060,,,,,
21.43,16.69,!    4/6/2060,,,,,
21.54,16.79,!    4/7/2060,,,,,
21.65,16.99,!    4/8/2060,,,,,
21.76,17.19,!    4/9/2060,,,,,
21.82,17.39,!    4/10/2060,,,,,
21.93,17.69,!    4/11/2060,,,,,
22.04,17.79,!    4/12/2060,,,,,
22.15,17.89,!    4/13/2060,,,,,
22.26,18.09,!    4/14/2060,,,,,
22.37,18.19,!    4/15/2060,,,,,
22.48,18.29,!    4/16/2060,,,,,
22.60,18.39,!    4/17/2060,,,,,
22.71,18.59,!    4/18/2060,,,,,
22.82,18.69,!    4/19/2060,,,,,
22.93,18.89,!    4/20/2060,,,,,
23.10,19.19,!    4/21/2060,,,,,
23.21,19.29,!    4/22/2060,,,,,
23.32,19.39,!    4/23/2060,,,,,
23.43,19.49,!    4/24/2060,,,,,
23.54,19.59,!    4/25/2060,,,,,
23.71,19.79,!    4/26/2060,,,,,
23.82,19.99,!    4/27/2060,,,,,
23.93,20.39,!    4/28/2060,,,,,
24.10,20.59,!    4/29/2060,,,,,
24.21,20.79,!    4/30/2060,,,,,
23.60,20.12,!    5/1/2060,,,,,
23.77,20.22,!    5/2/2060,,,,,
23.88,20.42,!    5/3/2060,,,,,
24.04,20.42,!    5/4/2060,,,,,
24.15,20.52,!    5/5/2060,,,,,
24.32,20.62,!    5/6/2060,,,,,
24.43,20.82,!    5/7/2060,,,,,
24.60,21.02,!    5/8/2060,,,,,
24.71,21.22,!    5/9/2060,,,,,
24.82,21.32,!    5/10/2060,,,,,
24.99,21.42,!    5/11/2060,,,,,
25.10,21.62,!    5/12/2060,,,,,
25.27,21.72,!    5/13/2060,,,,,
25.38,21.82,!    5/14/2060,,,,,
25.54,22.02,!    5/15/2060,,,,,
25.65,22.22,!    5/16/2060,,,,,
25.82,22.42,!    5/17/2060,,,,,
25.93,22.42,!    5/18/2060,,,,,
26.04,22.62,!    5/19/2060,,,,,
26.21,22.82,!    5/20/2060,,,,,
26.32,23.12,!    5/21/2060,,,,,
26.43,23.32,!    5/22/2060,,,,,
26.60,23.52,!    5/23/2060,,,,,
26.71,23.72,!    5/24/2060,,,,,
26.82,24.02,!    5/25/2060,,,,,
26.93,24.22,!    5/26/2060,,,,,
27.04,24.32,!    5/27/2060,,,,,
27.15,24.52,!    5/28/2060,,,,,
27.27,24.72,!    5/29/2060,,,,,
27.38,24.82,!    5/30/2060,,,,,
27.49,25.02,!    5/31/2060,,,,,
28.41,25.09,!    6/1/2060,,,,,
28.47,25.29,!    6/2/2060,,,,,
28.58,25.49,!    6/3/2060,,,,,
28.69,25.69,!    6/4/2060,,,,,
28.75,25.89,!    6/5/2060,,,,,
28.86,26.19,!    6/6/2060,,,,,
28.91,26.49,!    6/7/2060,,,,,
29.02,26.79,!    6/8/2060,,,,,
29.08,26.99,!    6/9/2060,,,,,
29.13,27.19,!    6/10/2060,,,,,
29.25,27.39,!    6/11/2060,,,,,
29.30,27.49,!    6/12/2060,,,,,
29.36,27.59,!    6/13/2060,,,,,
29.41,27.79,!    6/14/2060,,,,,
29.47,27.99,!    6/15/2060,,,,,
29.52,28.19,!    6/16/2060,,,,,
29.58,28.29,!    6/17/2060,,,,,
29.63,28.39,!    6/18/2060,,,,,
29.63,28.49,!    6/19/2060,,,,,
29.69,28.69,!    6/20/2060,,,,,
29.75,28.79,!    6/21/2060,,,,,
29.80,28.89,!    6/22/2060,,,,,
29.80,28.99,!    6/23/2060,,,,,
29.86,29.19,!    6/24/2060,,,,,
29.86,29.29,!    6/25/2060,,,,,
29.91,29.39,!    6/26/2060,,,,,
29.91,29.49,!    6/27/2060,,,,,
29.97,29.49,!    6/28/2060,,,,,
29.97,29.59,!    6/29/2060,,,,,
30.02,29.79,!    6/30/2060,,,,,
29.87,30.29,!    7/1/2060,,,,,
29.87,30.49,!    7/2/2060,,,,,
29.92,30.49,!    7/3/2060,,,,,
29.92,30.49,!    7/4/2060,,,,,
29.98,30.49,!    7/5/2060,,,,,
29.98,30.49,!    7/6/2060,,,,,
29.98,30.49,!    7/7/2060,,,,,
29.98,30.39,!    7/8/2060,,,,,
30.03,30.49,!    7/9/2060,,,,,
30.03,30.49,!    7/10/2060,,,,,
30.03,30.49,!    7/11/2060,,,,,
30.09,30.49,!    7/12/2060,,,,,
30.09,30.59,!    7/13/2060,,,,,
30.09,30.59,!    7/14/2060,,,,,
30.09,30.59,!    7/15/2060,,,,,
30.15,30.59,!    7/16/2060,,,,,
30.15,30.69,!    7/17/2060,,,,,
30.15,30.69,!    7/18/2060,,,,,
30.20,30.89,!    7/19/2060,,,,,
30.20,30.99,!    7/20/2060,,,,,
30.20,30.99,!    7/21/2060,,,,,
30.20,31.09,!    7/22/2060,,,,,
30.20,31.09,!    7/23/2060,,,,,
30.26,31.09,!    7/24/2060,,,,,
30.26,31.19,!    7/25/2060,,,,,
30.26,31.29,!    7/26/2060,,,,,
30.26,31.39,!    7/27/2060,,,,,
30.26,31.39,!    7/28/2060,,,,,
30.31,31.49,!    7/29/2060,,,,,
30.31,31.49,!    7/30/2060,,,,,
30.31,31.59,!    7/31/2060,,,,,
30.34,31.26,!    8/1/2060,,,,,
30.34,31.36,!    8/2/2060,,,,,
30.34,31.36,!    8/3/2060,,,,,
30.34,31.46,!    8/4/2060,,,,,
30.34,31.46,!    8/5/2060,,,,,
30.34,31.56,!    8/6/2060,,,,,
30.34,31.66,!    8/7/2060,,,,,
30.34,31.66,!    8/8/2060,,,,,
30.34,31.76,!    8/9/2060,,,,,
30.34,31.66,!    8/10/2060,,,,,
30.34,31.76,!    8/11/2060,,,,,
30.34,31.66,!    8/12/2060,,,,,
30.28,31.46,!    8/13/2060,,,,,
30.28,31.46,!    8/14/2060,,,,,
30.28,31.46,!    8/15/2060,,,,,
30.23,31.56,!    8/16/2060,,,,,
30.23,31.56,!    8/17/2060,,,,,
30.23,31.46,!    8/18/2060,,,,,
30.17,31.36,!    8/19/2060,,,,,
30.17,31.16,!    8/20/2060,,,,,
30.12,31.16,!    8/21/2060,,,,,
30.12,31.16,!    8/22/2060,,,,,
30.06,31.16,!    8/23/2060,,,,,
30.00,31.26,!    8/24/2060,,,,,
30.00,31.16,!    8/25/2060,,,,,
29.95,31.06,!    8/26/2060,,,,,
29.89,30.96,!    8/27/2060,,,,,
29.84,30.86,!    8/28/2060,,,,,
29.84,30.76,!    8/29/2060,,,,,
29.78,30.66,!    8/30/2060,,,,,
29.73,30.56,!    8/31/2060,,,,,
28.97,30.57,!    9/1/2060,,,,,
28.91,30.47,!    9/2/2060,,,,,
28.86,30.27,!    9/3/2060,,,,,
28.75,30.27,!    9/4/2060,,,,,
28.69,30.17,!    9/5/2060,,,,,
28.63,30.17,!    9/6/2060,,,,,
28.58,30.17,!    9/7/2060,,,,,
28.47,30.07,!    9/8/2060,,,,,
28.41,29.97,!    9/9/2060,,,,,
28.36,29.87,!    9/10/2060,,,,,
28.25,29.67,!    9/11/2060,,,,,
28.19,29.57,!    9/12/2060,,,,,
28.08,29.57,!    9/13/2060,,,,,
27.97,29.47,!    9/14/2060,,,,,
27.91,29.37,!    9/15/2060,,,,,
27.80,29.17,!    9/16/2060,,,,,
27.69,29.07,!    9/17/2060,,,,,
27.58,28.97,!    9/18/2060,,,,,
27.47,28.67,!    9/19/2060,,,,,
27.36,28.57,!    9/20/2060,,,,,
27.25,28.37,!    9/21/2060,,,,,
27.13,28.27,!    9/22/2060,,,,,
27.02,28.27,!    9/23/2060,,,,,
26.86,28.07,!    9/24/2060,,,,,
26.75,27.97,!    9/25/2060,,,,,
26.63,27.67,!    9/26/2060,,,,,
26.47,27.67,!    9/27/2060,,,,,
26.36,27.57,!    9/28/2060,,,,,
26.19,27.37,!    9/29/2060,,,,,
26.02,27.17,!    9/30/2060,,,,,
25.94,26.24,!    10/1/2060,,,,,
25.77,25.94,!    10/2/2060,,,,,
25.61,25.74,!    10/3/2060,,,,,
25.44,25.74,!    10/4/2060,,,,,
25.27,25.64,!    10/5/2060,,,,,
25.11,25.44,!    10/6/2060,,,,,
24.94,25.24,!    10/7/2060,,,,,
24.77,25.04,!    10/8/2060,,,,,
24.55,24.84,!    10/9/2060,,,,,
24.39,24.74,!    10/10/2060,,,,,
24.22,24.64,!    10/11/2060,,,,,
24.05,24.44,!    10/12/2060,,,,,
23.83,24.24,!    10/13/2060,,,,,
23.66,24.04,!    10/14/2060,,,,,
23.44,23.84,!    10/15/2060,,,,,
23.27,23.64,!    10/16/2060,,,,,
23.05,23.34,!    10/17/2060,,,,,
22.89,23.14,!    10/18/2060,,,,,
22.66,22.84,!    10/19/2060,,,,,
22.50,22.34,!    10/20/2060,,,,,
22.27,22.04,!    10/21/2060,,,,,
22.11,21.74,!    10/22/2060,,,,,
21.89,21.34,!    10/23/2060,,,,,
21.72,21.04,!    10/24/2060,,,,,
21.50,20.64,!    10/25/2060,,,,,
21.33,20.44,!    10/26/2060,,,,,
21.11,20.24,!    10/27/2060,,,,,
20.94,19.74,!    10/28/2060,,,,,
20.72,19.34,!    10/29/2060,,,,,
20.55,19.14,!    10/30/2060,,,,,
20.33,18.94,!    10/31/2060,,,,,
21.55,19.82,!    11/1/2060,,,,,
21.38,19.62,!    11/2/2060,,,,,
21.16,19.52,!    11/3/2060,,,,,
20.99,19.32,!    11/4/2060,,,,,
20.82,19.12,!    11/5/2060,,,,,
20.66,19.22,!    11/6/2060,,,,,
20.49,19.02,!    11/7/2060,,,,,
20.32,18.82,!    11/8/2060,,,,,
20.16,18.62,!    11/9/2060,,,,,
19.99,18.42,!    11/10/2060,,,,,
19.82,18.22,!    11/11/2060,,,,,
19.71,18.02,!    11/12/2060,,,,,
19.55,17.72,!    11/13/2060,,,,,
19.38,17.42,!    11/14/2060,,,,,
19.27,17.22,!    11/15/2060,,,,,
19.10,17.02,!    11/16/2060,,,,,
18.99,16.72,!    11/17/2060,,,,,
18.88,16.42,!    11/18/2060,,,,,
18.71,16.12,!    11/19/2060,,,,,
18.60,15.92,!    11/20/2060,,,,,
18.49,15.72,!    11/21/2060,,,,,
18.38,15.52,!    11/22/2060,,,,,
18.27,15.42,!    11/23/2060,,,,,
18.16,15.32,!    11/24/2060,,,,,
18.05,15.22,!    11/25/2060,,,,,
17.94,15.02,!    11/26/2060,,,,,
17.82,14.82,!    11/27/2060,,,,,
17.71,14.62,!    11/28/2060,,,,,
17.66,14.52,!    11/29/2060,,,,,
17.55,14.42,!    11/30/2060,,,,,
15.43,13.90,!    12/1/2060,,,,,
15.37,13.70,!    12/2/2060,,,,,
15.26,13.60,!    12/3/2060,,,,,
15.15,13.40,!    12/4/2060,,,,,
15.10,13.20,!    12/5/2060,,,,,
14.99,12.80,!    12/6/2060,,,,,
14.93,12.60,!    12/7/2060,,,,,
14.82,12.40,!    12/8/2060,,,,,
14.76,12.20,!    12/9/2060,,,,,
14.65,12.00,!    12/10/2060,,,,,
14.60,11.70,!    12/11/2060,,,,,
14.49,11.60,!    12/12/2060,,,,,
14.43,11.40,!    12/13/2060,,,,,
14.37,11.30,!    12/14/2060,,,,,
14.26,11.10,!    12/15/2060,,,,,
14.21,11.00,!    12/16/2060,,,,,
14.10,10.80,!    12/17/2060,,,,,
14.04,10.70,!    12/18/2060,,,,,
13.99,10.60,!    12/19/2060,,,,,
13.87,10.50,!    12/20/2060,,,,,
13.82,10.40,!    12/21/2060,,,,,
13.76,10.40,!    12/22/2060,,,,,
13.71,10.30,!    12/23/2060,,,,,
13.60,10.20,!    12/24/2060,,,,,
13.54,10.10,!    12/25/2060,,,,,
13.49,10.00,!    12/26/2060,,,,,
13.43,10.00,!    12/27/2060,,,,,
13.37,10.00,!    12/28/2060,,,,,
13.32,9.90,!    12/29/2060,,,,,
13.26,9.90,!    12/30/2060,,,,,
13.21,9.90,!    12/31/2060,,,,,
13.21,9.61,!    1/1/2061,,,,,
13.15,9.51,!    1/2/2061,,,,,
13.09,9.41,!    1/3/2061,,,,,
13.04,9.31,!    1/4/2061,,,,,
13.04,9.11,!    1/5/2061,,,,,
12.98,9.01,!    1/6/2061,,,,,
12.93,8.91,!    1/7/2061,,,,,
12.93,8.81,!    1/8/2061,,,,,
12.87,8.71,!    1/9/2061,,,,,
12.87,8.71,!    1/10/2061,,,,,
12.87,8.61,!    1/11/2061,,,,,
12.82,8.61,!    1/12/2061,,,,,
12.82,8.51,!    1/13/2061,,,,,
12.82,8.31,!    1/14/2061,,,,,
12.82,8.21,!    1/15/2061,,,,,
12.82,8.11,!    1/16/2061,,,,,
12.82,8.01,!    1/17/2061,,,,,
12.87,8.01,!    1/18/2061,,,,,
12.87,8.01,!    1/19/2061,,,,,
12.87,7.71,!    1/20/2061,,,,,
12.93,7.81,!    1/21/2061,,,,,
12.98,7.81,!    1/22/2061,,,,,
12.98,7.81,!    1/23/2061,,,,,
13.04,7.91,!    1/24/2061,,,,,
13.09,7.91,!    1/25/2061,,,,,
13.15,8.11,!    1/26/2061,,,,,
13.21,8.11,!    1/27/2061,,,,,
13.26,8.01,!    1/28/2061,,,,,
13.32,7.91,!    1/29/2061,,,,,
13.37,7.81,!    1/30/2061,,,,,
13.48,7.81,!    1/31/2061,,,,,
12.90,7.42,!    2/1/2061,,,,,
12.95,7.42,!    2/2/2061,,,,,
13.06,7.62,!    2/3/2061,,,,,
13.12,7.62,!    2/4/2061,,,,,
13.23,7.62,!    2/5/2061,,,,,
13.34,7.72,!    2/6/2061,,,,,
13.45,7.72,!    2/7/2061,,,,,
13.51,7.92,!    2/8/2061,,,,,
13.62,8.02,!    2/9/2061,,,,,
13.73,8.12,!    2/10/2061,,,,,
13.84,8.12,!    2/11/2061,,,,,
13.95,8.22,!    2/12/2061,,,,,
14.06,8.22,!    2/13/2061,,,,,
14.18,8.22,!    2/14/2061,,,,,
14.29,8.22,!    2/15/2061,,,,,
14.40,8.32,!    2/16/2061,,,,,
14.51,8.42,!    2/17/2061,,,,,
14.62,8.42,!    2/18/2061,,,,,
14.73,8.52,!    2/19/2061,,,,,
14.84,8.62,!    2/20/2061,,,,,
14.95,8.82,!    2/21/2061,,,,,
15.06,8.92,!    2/22/2061,,,,,
15.18,9.02,!    2/23/2061,,,,,
15.29,9.22,!    2/24/2061,,,,,
15.45,9.32,!    2/25/2061,,,,,
15.56,9.32,!    2/26/2061,,,,,
15.68,9.52,!    2/27/2061,,,,,
15.79,9.62,!    2/28/2061,,,,,
16.63,10.25,!    3/1/2061,,,,,
16.95,9.75,!    3/2/2061,,,,,
17.06,9.75,!    3/3/2061,,,,,
17.17,9.75,!    3/4/2061,,,,,
17.28,9.75,!    3/5/2061,,,,,
17.39,9.85,!    3/6/2061,,,,,
17.50,9.95,!    3/7/2061,,,,,
17.61,10.05,!    3/8/2061,,,,,
17.73,10.25,!    3/9/2061,,,,,
17.84,10.45,!    3/10/2061,,,,,
17.89,10.65,!    3/11/2061,,,,,
18.00,10.85,!    3/12/2061,,,,,
18.11,10.95,!    3/13/2061,,,,,
18.23,11.15,!    3/14/2061,,,,,
18.34,11.25,!    3/15/2061,,,,,
18.45,11.45,!    3/16/2061,,,,,
18.56,11.55,!    3/17/2061,,,,,
18.61,11.65,!    3/18/2061,,,,,
18.73,11.85,!    3/19/2061,,,,,
18.84,12.15,!    3/20/2061,,,,,
18.95,12.25,!    3/21/2061,,,,,
19.00,12.45,!    3/22/2061,,,,,
19.11,12.45,!    3/23/2061,,,,,
19.23,12.65,!    3/24/2061,,,,,
19.34,12.95,!    3/25/2061,,,,,
19.39,13.15,!    3/26/2061,,,,,
19.50,13.35,!    3/27/2061,,,,,
19.61,13.55,!    3/28/2061,,,,,
19.67,13.75,!    3/29/2061,,,,,
19.78,13.95,!    3/30/2061,,,,,
19.89,14.15,!    3/31/2061,,,,,
20.35,14.89,!    4/1/2061,,,,,
20.79,15.09,!    4/2/2061,,,,,
20.90,15.29,!    4/3/2061,,,,,
21.01,15.59,!    4/4/2061,,,,,
21.12,15.89,!    4/5/2061,,,,,
21.18,16.09,!    4/6/2061,,,,,
21.29,16.19,!    4/7/2061,,,,,
21.40,16.29,!    4/8/2061,,,,,
21.51,16.49,!    4/9/2061,,,,,
21.62,16.69,!    4/10/2061,,,,,
21.68,16.89,!    4/11/2061,,,,,
21.79,17.19,!    4/12/2061,,,,,
21.90,17.29,!    4/13/2061,,,,,
22.01,17.39,!    4/14/2061,,,,,
22.12,17.59,!    4/15/2061,,,,,
22.23,17.69,!    4/16/2061,,,,,
22.34,17.79,!    4/17/2061,,,,,
22.45,17.89,!    4/18/2061,,,,,
22.56,18.09,!    4/19/2061,,,,,
22.68,18.19,!    4/20/2061,,,,,
22.79,18.39,!    4/21/2061,,,,,
22.95,18.69,!    4/22/2061,,,,,
23.06,18.79,!    4/23/2061,,,,,
23.18,18.89,!    4/24/2061,,,,,
23.29,18.99,!    4/25/2061,,,,,
23.40,19.09,!    4/26/2061,,,,,
23.56,19.29,!    4/27/2061,,,,,
23.68,19.49,!    4/28/2061,,,,,
23.79,19.89,!    4/29/2061,,,,,
23.95,20.09,!    4/30/2061,,,,,
24.17,20.26,!    5/1/2061,,,,,
24.39,20.46,!    5/2/2061,,,,,
24.56,20.56,!    5/3/2061,,,,,
24.67,20.76,!    5/4/2061,,,,,
24.84,20.76,!    5/5/2061,,,,,
24.95,20.86,!    5/6/2061,,,,,
25.11,20.96,!    5/7/2061,,,,,
25.23,21.16,!    5/8/2061,,,,,
25.39,21.36,!    5/9/2061,,,,,
25.50,21.56,!    5/10/2061,,,,,
25.61,21.66,!    5/11/2061,,,,,
25.78,21.76,!    5/12/2061,,,,,
25.89,21.96,!    5/13/2061,,,,,
26.06,22.06,!    5/14/2061,,,,,
26.17,22.16,!    5/15/2061,,,,,
26.34,22.36,!    5/16/2061,,,,,
26.45,22.56,!    5/17/2061,,,,,
26.61,22.76,!    5/18/2061,,,,,
26.73,22.76,!    5/19/2061,,,,,
26.84,22.96,!    5/20/2061,,,,,
27.00,23.16,!    5/21/2061,,,,,
27.11,23.46,!    5/22/2061,,,,,
27.23,23.66,!    5/23/2061,,,,,
27.39,23.86,!    5/24/2061,,,,,
27.50,24.06,!    5/25/2061,,,,,
27.61,24.36,!    5/26/2061,,,,,
27.73,24.56,!    5/27/2061,,,,,
27.84,24.66,!    5/28/2061,,,,,
27.95,24.86,!    5/29/2061,,,,,
28.06,25.06,!    5/30/2061,,,,,
28.17,25.16,!    5/31/2061,,,,,
28.57,24.85,!    6/1/2061,,,,,
28.76,25.05,!    6/2/2061,,,,,
28.82,25.25,!    6/3/2061,,,,,
28.93,25.45,!    6/4/2061,,,,,
29.04,25.65,!    6/5/2061,,,,,
29.10,25.85,!    6/6/2061,,,,,
29.21,26.15,!    6/7/2061,,,,,
29.26,26.45,!    6/8/2061,,,,,
29.37,26.75,!    6/9/2061,,,,,
29.43,26.95,!    6/10/2061,,,,,
29.48,27.15,!    6/11/2061,,,,,
29.60,27.35,!    6/12/2061,,,,,
29.65,27.45,!    6/13/2061,,,,,
29.71,27.55,!    6/14/2061,,,,,
29.76,27.75,!    6/15/2061,,,,,
29.82,27.95,!    6/16/2061,,,,,
29.87,28.15,!    6/17/2061,,,,,
29.93,28.25,!    6/18/2061,,,,,
29.98,28.35,!    6/19/2061,,,,,
29.98,28.45,!    6/20/2061,,,,,
30.04,28.65,!    6/21/2061,,,,,
30.10,28.75,!    6/22/2061,,,,,
30.15,28.85,!    6/23/2061,,,,,
30.15,28.95,!    6/24/2061,,,,,
30.21,29.15,!    6/25/2061,,,,,
30.21,29.25,!    6/26/2061,,,,,
30.26,29.35,!    6/27/2061,,,,,
30.26,29.45,!    6/28/2061,,,,,
30.32,29.45,!    6/29/2061,,,,,
30.32,29.55,!    6/30/2061,,,,,
30.15,30.22,!    7/1/2061,,,,,
30.09,30.32,!    7/2/2061,,,,,
30.09,30.52,!    7/3/2061,,,,,
30.15,30.52,!    7/4/2061,,,,,
30.15,30.52,!    7/5/2061,,,,,
30.20,30.52,!    7/6/2061,,,,,
30.20,30.52,!    7/7/2061,,,,,
30.20,30.52,!    7/8/2061,,,,,
30.20,30.42,!    7/9/2061,,,,,
30.26,30.52,!    7/10/2061,,,,,
30.26,30.52,!    7/11/2061,,,,,
30.26,30.52,!    7/12/2061,,,,,
30.31,30.52,!    7/13/2061,,,,,
30.31,30.62,!    7/14/2061,,,,,
30.31,30.62,!    7/15/2061,,,,,
30.31,30.62,!    7/16/2061,,,,,
30.37,30.62,!    7/17/2061,,,,,
30.37,30.72,!    7/18/2061,,,,,
30.37,30.72,!    7/19/2061,,,,,
30.43,30.92,!    7/20/2061,,,,,
30.43,31.02,!    7/21/2061,,,,,
30.43,31.02,!    7/22/2061,,,,,
30.43,31.12,!    7/23/2061,,,,,
30.43,31.12,!    7/24/2061,,,,,
30.48,31.12,!    7/25/2061,,,,,
30.48,31.22,!    7/26/2061,,,,,
30.48,31.32,!    7/27/2061,,,,,
30.48,31.42,!    7/28/2061,,,,,
30.48,31.42,!    7/29/2061,,,,,
30.54,31.52,!    7/30/2061,,,,,
30.54,31.52,!    7/31/2061,,,,,
30.38,31.13,!    8/1/2061,,,,,
30.39,31.03,!    8/2/2061,,,,,
30.39,31.13,!    8/3/2061,,,,,
30.39,31.13,!    8/4/2061,,,,,
30.39,31.23,!    8/5/2061,,,,,
30.39,31.23,!    8/6/2061,,,,,
30.39,31.33,!    8/7/2061,,,,,
30.39,31.43,!    8/8/2061,,,,,
30.39,31.43,!    8/9/2061,,,,,
30.39,31.53,!    8/10/2061,,,,,
30.39,31.43,!    8/11/2061,,,,,
30.39,31.53,!    8/12/2061,,,,,
30.39,31.43,!    8/13/2061,,,,,
30.34,31.23,!    8/14/2061,,,,,
30.34,31.23,!    8/15/2061,,,,,
30.34,31.23,!    8/16/2061,,,,,
30.28,31.33,!    8/17/2061,,,,,
30.28,31.33,!    8/18/2061,,,,,
30.28,31.23,!    8/19/2061,,,,,
30.23,31.13,!    8/20/2061,,,,,
30.23,30.93,!    8/21/2061,,,,,
30.17,30.93,!    8/22/2061,,,,,
30.17,30.93,!    8/23/2061,,,,,
30.12,30.93,!    8/24/2061,,,,,
30.06,31.03,!    8/25/2061,,,,,
30.06,30.93,!    8/26/2061,,,,,
30.00,30.83,!    8/27/2061,,,,,
29.95,30.73,!    8/28/2061,,,,,
29.89,30.63,!    8/29/2061,,,,,
29.89,30.53,!    8/30/2061,,,,,
29.84,30.43,!    8/31/2061,,,,,
29.77,30.72,!    9/1/2061,,,,,
29.58,30.62,!    9/2/2061,,,,,
29.53,30.52,!    9/3/2061,,,,,
29.47,30.32,!    9/4/2061,,,,,
29.36,30.32,!    9/5/2061,,,,,
29.30,30.22,!    9/6/2061,,,,,
29.25,30.22,!    9/7/2061,,,,,
29.19,30.22,!    9/8/2061,,,,,
29.08,30.12,!    9/9/2061,,,,,
29.03,30.02,!    9/10/2061,,,,,
28.97,29.92,!    9/11/2061,,,,,
28.86,29.72,!    9/12/2061,,,,,
28.80,29.62,!    9/13/2061,,,,,
28.69,29.62,!    9/14/2061,,,,,
28.58,29.52,!    9/15/2061,,,,,
28.53,29.42,!    9/16/2061,,,,,
28.42,29.22,!    9/17/2061,,,,,
28.30,29.12,!    9/18/2061,,,,,
28.19,29.02,!    9/19/2061,,,,,
28.08,28.72,!    9/20/2061,,,,,
27.97,28.62,!    9/21/2061,,,,,
27.86,28.42,!    9/22/2061,,,,,
27.75,28.32,!    9/23/2061,,,,,
27.64,28.32,!    9/24/2061,,,,,
27.47,28.12,!    9/25/2061,,,,,
27.36,28.02,!    9/26/2061,,,,,
27.25,27.72,!    9/27/2061,,,,,
27.08,27.72,!    9/28/2061,,,,,
26.97,27.62,!    9/29/2061,,,,,
26.80,27.42,!    9/30/2061,,,,,
27.13,27.61,!    10/1/2061,,,,,
26.85,27.31,!    10/2/2061,,,,,
26.68,27.01,!    10/3/2061,,,,,
26.51,26.81,!    10/4/2061,,,,,
26.35,26.81,!    10/5/2061,,,,,
26.18,26.71,!    10/6/2061,,,,,
26.01,26.51,!    10/7/2061,,,,,
25.85,26.31,!    10/8/2061,,,,,
25.68,26.11,!    10/9/2061,,,,,
25.46,25.91,!    10/10/2061,,,,,
25.29,25.81,!    10/11/2061,,,,,
25.13,25.71,!    10/12/2061,,,,,
24.96,25.51,!    10/13/2061,,,,,
24.74,25.31,!    10/14/2061,,,,,
24.57,25.11,!    10/15/2061,,,,,
24.35,24.91,!    10/16/2061,,,,,
24.18,24.71,!    10/17/2061,,,,,
23.96,24.41,!    10/18/2061,,,,,
23.79,24.21,!    10/19/2061,,,,,
23.57,23.91,!    10/20/2061,,,,,
23.40,23.41,!    10/21/2061,,,,,
23.18,23.11,!    10/22/2061,,,,,
23.01,22.81,!    10/23/2061,,,,,
22.79,22.41,!    10/24/2061,,,,,
22.63,22.11,!    10/25/2061,,,,,
22.40,21.71,!    10/26/2061,,,,,
22.24,21.51,!    10/27/2061,,,,,
22.01,21.31,!    10/28/2061,,,,,
21.85,20.81,!    10/29/2061,,,,,
21.63,20.41,!    10/30/2061,,,,,
21.46,20.21,!    10/31/2061,,,,,
22.62,20.66,!    11/1/2061,,,,,
22.21,20.46,!    11/2/2061,,,,,
22.05,20.26,!    11/3/2061,,,,,
21.83,20.16,!    11/4/2061,,,,,
21.66,19.96,!    11/5/2061,,,,,
21.49,19.76,!    11/6/2061,,,,,
21.33,19.86,!    11/7/2061,,,,,
21.16,19.66,!    11/8/2061,,,,,
20.99,19.46,!    11/9/2061,,,,,
20.83,19.26,!    11/10/2061,,,,,
20.66,19.06,!    11/11/2061,,,,,
20.49,18.86,!    11/12/2061,,,,,
20.38,18.66,!    11/13/2061,,,,,
20.21,18.36,!    11/14/2061,,,,,
20.05,18.06,!    11/15/2061,,,,,
19.94,17.86,!    11/16/2061,,,,,
19.77,17.66,!    11/17/2061,,,,,
19.66,17.36,!    11/18/2061,,,,,
19.55,17.06,!    11/19/2061,,,,,
19.38,16.76,!    11/20/2061,,,,,
19.27,16.56,!    11/21/2061,,,,,
19.16,16.36,!    11/22/2061,,,,,
19.05,16.16,!    11/23/2061,,,,,
18.94,16.06,!    11/24/2061,,,,,
18.83,15.96,!    11/25/2061,,,,,
18.71,15.86,!    11/26/2061,,,,,
18.60,15.66,!    11/27/2061,,,,,
18.49,15.46,!    11/28/2061,,,,,
18.38,15.26,!    11/29/2061,,,,,
18.33,15.16,!    11/30/2061,,,,,
16.97,14.33,!    12/1/2061,,,,,
16.65,14.03,!    12/2/2061,,,,,
16.60,13.83,!    12/3/2061,,,,,
16.49,13.73,!    12/4/2061,,,,,
16.38,13.53,!    12/5/2061,,,,,
16.32,13.33,!    12/6/2061,,,,,
16.21,12.93,!    12/7/2061,,,,,
16.15,12.73,!    12/8/2061,,,,,
16.04,12.53,!    12/9/2061,,,,,
15.99,12.33,!    12/10/2061,,,,,
15.88,12.13,!    12/11/2061,,,,,
15.82,11.83,!    12/12/2061,,,,,
15.71,11.73,!    12/13/2061,,,,,
15.65,11.53,!    12/14/2061,,,,,
15.60,11.43,!    12/15/2061,,,,,
15.49,11.23,!    12/16/2061,,,,,
15.43,11.13,!    12/17/2061,,,,,
15.32,10.93,!    12/18/2061,,,,,
15.27,10.83,!    12/19/2061,,,,,
15.21,10.73,!    12/20/2061,,,,,
15.10,10.63,!    12/21/2061,,,,,
15.04,10.53,!    12/22/2061,,,,,
14.99,10.53,!    12/23/2061,,,,,
14.93,10.43,!    12/24/2061,,,,,
14.82,10.33,!    12/25/2061,,,,,
14.77,10.23,!    12/26/2061,,,,,
14.71,10.13,!    12/27/2061,,,,,
14.65,10.13,!    12/28/2061,,,,,
14.60,10.13,!    12/29/2061,,,,,
14.54,10.03,!    12/30/2061,,,,,
14.49,10.03,!    12/31/2061,,,,,
14.28,10.06,!    1/1/2062,,,,,
14.23,9.96,!    1/2/2062,,,,,
14.17,9.86,!    1/3/2062,,,,,
14.12,9.76,!    1/4/2062,,,,,
14.12,9.56,!    1/5/2062,,,,,
14.06,9.46,!    1/6/2062,,,,,
14.01,9.36,!    1/7/2062,,,,,
14.01,9.26,!    1/8/2062,,,,,
13.95,9.16,!    1/9/2062,,,,,
13.95,9.16,!    1/10/2062,,,,,
13.95,9.06,!    1/11/2062,,,,,
13.90,9.06,!    1/12/2062,,,,,
13.90,8.96,!    1/13/2062,,,,,
13.90,8.76,!    1/14/2062,,,,,
13.90,8.66,!    1/15/2062,,,,,
13.90,8.56,!    1/16/2062,,,,,
13.90,8.46,!    1/17/2062,,,,,
13.95,8.46,!    1/18/2062,,,,,
13.95,8.46,!    1/19/2062,,,,,
13.95,8.16,!    1/20/2062,,,,,
14.01,8.26,!    1/21/2062,,,,,
14.06,8.26,!    1/22/2062,,,,,
14.06,8.26,!    1/23/2062,,,,,
14.12,8.36,!    1/24/2062,,,,,
14.17,8.36,!    1/25/2062,,,,,
14.23,8.56,!    1/26/2062,,,,,
14.28,8.56,!    1/27/2062,,,,,
14.34,8.46,!    1/28/2062,,,,,
14.40,8.36,!    1/29/2062,,,,,
14.45,8.26,!    1/30/2062,,,,,
14.56,8.26,!    1/31/2062,,,,,
14.17,7.99,!    2/1/2062,,,,,
14.22,7.99,!    2/2/2062,,,,,
14.34,8.19,!    2/3/2062,,,,,
14.39,8.19,!    2/4/2062,,,,,
14.50,8.19,!    2/5/2062,,,,,
14.61,8.29,!    2/6/2062,,,,,
14.72,8.29,!    2/7/2062,,,,,
14.78,8.49,!    2/8/2062,,,,,
14.89,8.59,!    2/9/2062,,,,,
15.00,8.69,!    2/10/2062,,,,,
15.11,8.69,!    2/11/2062,,,,,
15.22,8.79,!    2/12/2062,,,,,
15.34,8.79,!    2/13/2062,,,,,
15.45,8.79,!    2/14/2062,,,,,
15.56,8.79,!    2/15/2062,,,,,
15.67,8.89,!    2/16/2062,,,,,
15.78,8.99,!    2/17/2062,,,,,
15.89,8.99,!    2/18/2062,,,,,
16.00,9.09,!    2/19/2062,,,,,
16.11,9.19,!    2/20/2062,,,,,
16.22,9.39,!    2/21/2062,,,,,
16.34,9.49,!    2/22/2062,,,,,
16.45,9.59,!    2/23/2062,,,,,
16.56,9.79,!    2/24/2062,,,,,
16.72,9.89,!    2/25/2062,,,,,
16.84,9.89,!    2/26/2062,,,,,
16.95,10.09,!    2/27/2062,,,,,
17.06,10.19,!    2/28/2062,,,,,
16.14,11.19,!    3/1/2062,,,,,
16.46,10.69,!    3/2/2062,,,,,
16.57,10.69,!    3/3/2062,,,,,
16.68,10.69,!    3/4/2062,,,,,
16.79,10.69,!    3/5/2062,,,,,
16.90,10.79,!    3/6/2062,,,,,
17.02,10.89,!    3/7/2062,,,,,
17.13,10.99,!    3/8/2062,,,,,
17.24,11.19,!    3/9/2062,,,,,
17.35,11.39,!    3/10/2062,,,,,
17.40,11.59,!    3/11/2062,,,,,
17.52,11.79,!    3/12/2062,,,,,
17.63,11.89,!    3/13/2062,,,,,
17.74,12.09,!    3/14/2062,,,,,
17.85,12.19,!    3/15/2062,,,,,
17.96,12.39,!    3/16/2062,,,,,
18.07,12.49,!    3/17/2062,,,,,
18.13,12.59,!    3/18/2062,,,,,
18.24,12.79,!    3/19/2062,,,,,
18.35,13.09,!    3/20/2062,,,,,
18.46,13.19,!    3/21/2062,,,,,
18.52,13.39,!    3/22/2062,,,,,
18.63,13.39,!    3/23/2062,,,,,
18.74,13.59,!    3/24/2062,,,,,
18.85,13.89,!    3/25/2062,,,,,
18.90,14.09,!    3/26/2062,,,,,
19.02,14.29,!    3/27/2062,,,,,
19.13,14.49,!    3/28/2062,,,,,
19.18,14.69,!    3/29/2062,,,,,
19.29,14.89,!    3/30/2062,,,,,
19.40,15.09,!    3/31/2062,,,,,
20.20,15.29,!    4/1/2062,,,,,
20.64,15.49,!    4/2/2062,,,,,
20.75,15.69,!    4/3/2062,,,,,
20.86,15.99,!    4/4/2062,,,,,
20.98,16.29,!    4/5/2062,,,,,
21.03,16.49,!    4/6/2062,,,,,
21.14,16.59,!    4/7/2062,,,,,
21.25,16.69,!    4/8/2062,,,,,
21.36,16.89,!    4/9/2062,,,,,
21.48,17.09,!    4/10/2062,,,,,
21.53,17.29,!    4/11/2062,,,,,
21.64,17.59,!    4/12/2062,,,,,
21.75,17.69,!    4/13/2062,,,,,
21.86,17.79,!    4/14/2062,,,,,
21.98,17.99,!    4/15/2062,,,,,
22.09,18.09,!    4/16/2062,,,,,
22.20,18.19,!    4/17/2062,,,,,
22.31,18.29,!    4/18/2062,,,,,
22.42,18.49,!    4/19/2062,,,,,
22.53,18.59,!    4/20/2062,,,,,
22.64,18.79,!    4/21/2062,,,,,
22.81,19.09,!    4/22/2062,,,,,
22.92,19.19,!    4/23/2062,,,,,
23.03,19.29,!    4/24/2062,,,,,
23.14,19.39,!    4/25/2062,,,,,
23.25,19.49,!    4/26/2062,,,,,
23.42,19.69,!    4/27/2062,,,,,
23.53,19.89,!    4/28/2062,,,,,
23.64,20.29,!    4/29/2062,,,,,
23.81,20.49,!    4/30/2062,,,,,
23.66,19.97,!    5/1/2062,,,,,
23.88,20.17,!    5/2/2062,,,,,
24.05,20.27,!    5/3/2062,,,,,
24.16,20.47,!    5/4/2062,,,,,
24.33,20.47,!    5/5/2062,,,,,
24.44,20.57,!    5/6/2062,,,,,
24.60,20.67,!    5/7/2062,,,,,
24.72,20.87,!    5/8/2062,,,,,
24.88,21.07,!    5/9/2062,,,,,
24.99,21.27,!    5/10/2062,,,,,
25.10,21.37,!    5/11/2062,,,,,
25.27,21.47,!    5/12/2062,,,,,
25.38,21.67,!    5/13/2062,,,,,
25.55,21.77,!    5/14/2062,,,,,
25.66,21.87,!    5/15/2062,,,,,
25.83,22.07,!    5/16/2062,,,,,
25.94,22.27,!    5/17/2062,,,,,
26.10,22.47,!    5/18/2062,,,,,
26.22,22.47,!    5/19/2062,,,,,
26.33,22.67,!    5/20/2062,,,,,
26.49,22.87,!    5/21/2062,,,,,
26.60,23.17,!    5/22/2062,,,,,
26.72,23.37,!    5/23/2062,,,,,
26.88,23.57,!    5/24/2062,,,,,
26.99,23.77,!    5/25/2062,,,,,
27.10,24.07,!    5/26/2062,,,,,
27.22,24.27,!    5/27/2062,,,,,
27.33,24.37,!    5/28/2062,,,,,
27.44,24.57,!    5/29/2062,,,,,
27.55,24.77,!    5/30/2062,,,,,
27.66,24.87,!    5/31/2062,,,,,
28.50,24.95,!    6/1/2062,,,,,
28.69,25.15,!    6/2/2062,,,,,
28.75,25.35,!    6/3/2062,,,,,
28.86,25.55,!    6/4/2062,,,,,
28.97,25.75,!    6/5/2062,,,,,
29.03,25.95,!    6/6/2062,,,,,
29.14,26.25,!    6/7/2062,,,,,
29.19,26.55,!    6/8/2062,,,,,
29.30,26.85,!    6/9/2062,,,,,
29.36,27.05,!    6/10/2062,,,,,
29.42,27.25,!    6/11/2062,,,,,
29.53,27.45,!    6/12/2062,,,,,
29.58,27.55,!    6/13/2062,,,,,
29.64,27.65,!    6/14/2062,,,,,
29.69,27.85,!    6/15/2062,,,,,
29.75,28.05,!    6/16/2062,,,,,
29.80,28.25,!    6/17/2062,,,,,
29.86,28.35,!    6/18/2062,,,,,
29.92,28.45,!    6/19/2062,,,,,
29.92,28.55,!    6/20/2062,,,,,
29.97,28.75,!    6/21/2062,,,,,
30.03,28.85,!    6/22/2062,,,,,
30.08,28.95,!    6/23/2062,,,,,
30.08,29.05,!    6/24/2062,,,,,
30.14,29.25,!    6/25/2062,,,,,
30.14,29.35,!    6/26/2062,,,,,
30.19,29.45,!    6/27/2062,,,,,
30.19,29.55,!    6/28/2062,,,,,
30.25,29.55,!    6/29/2062,,,,,
30.25,29.65,!    6/30/2062,,,,,
30.17,30.15,!    7/1/2062,,,,,
30.12,30.25,!    7/2/2062,,,,,
30.12,30.45,!    7/3/2062,,,,,
30.17,30.45,!    7/4/2062,,,,,
30.17,30.45,!    7/5/2062,,,,,
30.23,30.45,!    7/6/2062,,,,,
30.23,30.45,!    7/7/2062,,,,,
30.23,30.45,!    7/8/2062,,,,,
30.23,30.35,!    7/9/2062,,,,,
30.28,30.45,!    7/10/2062,,,,,
30.28,30.45,!    7/11/2062,,,,,
30.28,30.45,!    7/12/2062,,,,,
30.34,30.45,!    7/13/2062,,,,,
30.34,30.55,!    7/14/2062,,,,,
30.34,30.55,!    7/15/2062,,,,,
30.34,30.55,!    7/16/2062,,,,,
30.40,30.55,!    7/17/2062,,,,,
30.40,30.65,!    7/18/2062,,,,,
30.40,30.65,!    7/19/2062,,,,,
30.45,30.85,!    7/20/2062,,,,,
30.45,30.95,!    7/21/2062,,,,,
30.45,30.95,!    7/22/2062,,,,,
30.45,31.05,!    7/23/2062,,,,,
30.45,31.05,!    7/24/2062,,,,,
30.51,31.05,!    7/25/2062,,,,,
30.51,31.15,!    7/26/2062,,,,,
30.51,31.25,!    7/27/2062,,,,,
30.51,31.35,!    7/28/2062,,,,,
30.51,31.35,!    7/29/2062,,,,,
30.56,31.45,!    7/30/2062,,,,,
30.56,31.45,!    7/31/2062,,,,,
30.14,31.17,!    8/1/2062,,,,,
30.15,31.07,!    8/2/2062,,,,,
30.15,31.17,!    8/3/2062,,,,,
30.15,31.17,!    8/4/2062,,,,,
30.15,31.27,!    8/5/2062,,,,,
30.15,31.27,!    8/6/2062,,,,,
30.15,31.37,!    8/7/2062,,,,,
30.15,31.47,!    8/8/2062,,,,,
30.15,31.47,!    8/9/2062,,,,,
30.15,31.57,!    8/10/2062,,,,,
30.15,31.47,!    8/11/2062,,,,,
30.15,31.57,!    8/12/2062,,,,,
30.15,31.47,!    8/13/2062,,,,,
30.10,31.27,!    8/14/2062,,,,,
30.10,31.27,!    8/15/2062,,,,,
30.10,31.27,!    8/16/2062,,,,,
30.04,31.37,!    8/17/2062,,,,,
30.04,31.37,!    8/18/2062,,,,,
30.04,31.27,!    8/19/2062,,,,,
29.99,31.17,!    8/20/2062,,,,,
29.99,30.97,!    8/21/2062,,,,,
29.93,30.97,!    8/22/2062,,,,,
29.93,30.97,!    8/23/2062,,,,,
29.88,30.97,!    8/24/2062,,,,,
29.82,31.07,!    8/25/2062,,,,,
29.82,30.97,!    8/26/2062,,,,,
29.77,30.87,!    8/27/2062,,,,,
29.71,30.77,!    8/28/2062,,,,,
29.65,30.67,!    8/29/2062,,,,,
29.65,30.57,!    8/30/2062,,,,,
29.60,30.47,!    8/31/2062,,,,,
29.63,30.54,!    9/1/2062,,,,,
29.44,30.44,!    9/2/2062,,,,,
29.39,30.34,!    9/3/2062,,,,,
29.33,30.14,!    9/4/2062,,,,,
29.22,30.14,!    9/5/2062,,,,,
29.16,30.04,!    9/6/2062,,,,,
29.11,30.04,!    9/7/2062,,,,,
29.05,30.04,!    9/8/2062,,,,,
28.94,29.94,!    9/9/2062,,,,,
28.89,29.84,!    9/10/2062,,,,,
28.83,29.74,!    9/11/2062,,,,,
28.72,29.54,!    9/12/2062,,,,,
28.66,29.44,!    9/13/2062,,,,,
28.55,29.44,!    9/14/2062,,,,,
28.44,29.34,!    9/15/2062,,,,,
28.39,29.24,!    9/16/2062,,,,,
28.28,29.04,!    9/17/2062,,,,,
28.16,28.94,!    9/18/2062,,,,,
28.05,28.84,!    9/19/2062,,,,,
27.94,28.54,!    9/20/2062,,,,,
27.83,28.44,!    9/21/2062,,,,,
27.72,28.24,!    9/22/2062,,,,,
27.61,28.14,!    9/23/2062,,,,,
27.50,28.14,!    9/24/2062,,,,,
27.33,27.94,!    9/25/2062,,,,,
27.22,27.84,!    9/26/2062,,,,,
27.11,27.54,!    9/27/2062,,,,,
26.94,27.54,!    9/28/2062,,,,,
26.83,27.44,!    9/29/2062,,,,,
26.66,27.24,!    9/30/2062,,,,,
26.95,27.86,!    10/1/2062,,,,,
26.67,27.56,!    10/2/2062,,,,,
26.50,27.26,!    10/3/2062,,,,,
26.34,27.06,!    10/4/2062,,,,,
26.17,27.06,!    10/5/2062,,,,,
26.00,26.96,!    10/6/2062,,,,,
25.84,26.76,!    10/7/2062,,,,,
25.67,26.56,!    10/8/2062,,,,,
25.50,26.36,!    10/9/2062,,,,,
25.28,26.16,!    10/10/2062,,,,,
25.11,26.06,!    10/11/2062,,,,,
24.95,25.96,!    10/12/2062,,,,,
24.78,25.76,!    10/13/2062,,,,,
24.56,25.56,!    10/14/2062,,,,,
24.39,25.36,!    10/15/2062,,,,,
24.17,25.16,!    10/16/2062,,,,,
24.00,24.96,!    10/17/2062,,,,,
23.78,24.66,!    10/18/2062,,,,,
23.61,24.46,!    10/19/2062,,,,,
23.39,24.16,!    10/20/2062,,,,,
23.22,23.66,!    10/21/2062,,,,,
23.00,23.36,!    10/22/2062,,,,,
22.84,23.06,!    10/23/2062,,,,,
22.61,22.66,!    10/24/2062,,,,,
22.45,22.36,!    10/25/2062,,,,,
22.22,21.96,!    10/26/2062,,,,,
22.06,21.76,!    10/27/2062,,,,,
21.84,21.56,!    10/28/2062,,,,,
21.67,21.06,!    10/29/2062,,,,,
21.45,20.66,!    10/30/2062,,,,,
21.28,20.46,!    10/31/2062,,,,,
21.63,20.53,!    11/1/2062,,,,,
21.23,20.33,!    11/2/2062,,,,,
21.06,20.13,!    11/3/2062,,,,,
20.84,20.03,!    11/4/2062,,,,,
20.67,19.83,!    11/5/2062,,,,,
20.51,19.63,!    11/6/2062,,,,,
20.34,19.73,!    11/7/2062,,,,,
20.17,19.53,!    11/8/2062,,,,,
20.01,19.33,!    11/9/2062,,,,,
19.84,19.13,!    11/10/2062,,,,,
19.67,18.93,!    11/11/2062,,,,,
19.51,18.73,!    11/12/2062,,,,,
19.39,18.53,!    11/13/2062,,,,,
19.23,18.23,!    11/14/2062,,,,,
19.06,17.93,!    11/15/2062,,,,,
18.95,17.73,!    11/16/2062,,,,,
18.78,17.53,!    11/17/2062,,,,,
18.67,17.23,!    11/18/2062,,,,,
18.56,16.93,!    11/19/2062,,,,,
18.39,16.63,!    11/20/2062,,,,,
18.28,16.43,!    11/21/2062,,,,,
18.17,16.23,!    11/22/2062,,,,,
18.06,16.03,!    11/23/2062,,,,,
17.95,15.93,!    11/24/2062,,,,,
17.84,15.83,!    11/25/2062,,,,,
17.73,15.73,!    11/26/2062,,,,,
17.62,15.53,!    11/27/2062,,,,,
17.51,15.33,!    11/28/2062,,,,,
17.39,15.13,!    11/29/2062,,,,,
17.34,15.03,!    11/30/2062,,,,,
17.12,14.23,!    12/1/2062,,,,,
16.80,13.93,!    12/2/2062,,,,,
16.75,13.73,!    12/3/2062,,,,,
16.64,13.63,!    12/4/2062,,,,,
16.53,13.43,!    12/5/2062,,,,,
16.47,13.23,!    12/6/2062,,,,,
16.36,12.83,!    12/7/2062,,,,,
16.30,12.63,!    12/8/2062,,,,,
16.19,12.43,!    12/9/2062,,,,,
16.14,12.23,!    12/10/2062,,,,,
16.03,12.03,!    12/11/2062,,,,,
15.97,11.73,!    12/12/2062,,,,,
15.86,11.63,!    12/13/2062,,,,,
15.80,11.43,!    12/14/2062,,,,,
15.75,11.33,!    12/15/2062,,,,,
15.64,11.13,!    12/16/2062,,,,,
15.58,11.03,!    12/17/2062,,,,,
15.47,10.83,!    12/18/2062,,,,,
15.41,10.73,!    12/19/2062,,,,,
15.36,10.63,!    12/20/2062,,,,,
15.25,10.53,!    12/21/2062,,,,,
15.19,10.43,!    12/22/2062,,,,,
15.14,10.43,!    12/23/2062,,,,,
15.08,10.33,!    12/24/2062,,,,,
14.97,10.23,!    12/25/2062,,,,,
14.91,10.13,!    12/26/2062,,,,,
14.86,10.03,!    12/27/2062,,,,,
14.80,10.03,!    12/28/2062,,,,,
14.75,10.03,!    12/29/2062,,,,,
14.69,9.93,!    12/30/2062,,,,,
14.64,9.93,!    12/31/2062,,,,,
14.83,9.90,!    1/1/2063,,,,,
14.78,9.80,!    1/2/2063,,,,,
14.72,9.70,!    1/3/2063,,,,,
14.66,9.60,!    1/4/2063,,,,,
14.66,9.40,!    1/5/2063,,,,,
14.61,9.30,!    1/6/2063,,,,,
14.55,9.20,!    1/7/2063,,,,,
14.55,9.10,!    1/8/2063,,,,,
14.50,9.00,!    1/9/2063,,,,,
14.50,9.00,!    1/10/2063,,,,,
14.50,8.90,!    1/11/2063,,,,,
14.44,8.90,!    1/12/2063,,,,,
14.44,8.80,!    1/13/2063,,,,,
14.44,8.60,!    1/14/2063,,,,,
14.44,8.50,!    1/15/2063,,,,,
14.44,8.40,!    1/16/2063,,,,,
14.44,8.30,!    1/17/2063,,,,,
14.50,8.30,!    1/18/2063,,,,,
14.50,8.30,!    1/19/2063,,,,,
14.50,8.00,!    1/20/2063,,,,,
14.55,8.10,!    1/21/2063,,,,,
14.61,8.10,!    1/22/2063,,,,,
14.61,8.10,!    1/23/2063,,,,,
14.66,8.20,!    1/24/2063,,,,,
14.72,8.20,!    1/25/2063,,,,,
14.78,8.40,!    1/26/2063,,,,,
14.83,8.40,!    1/27/2063,,,,,
14.89,8.30,!    1/28/2063,,,,,
14.94,8.20,!    1/29/2063,,,,,
15.00,8.10,!    1/30/2063,,,,,
15.11,8.10,!    1/31/2063,,,,,
13.85,7.95,!    2/1/2063,,,,,
13.91,7.95,!    2/2/2063,,,,,
14.02,8.15,!    2/3/2063,,,,,
14.08,8.15,!    2/4/2063,,,,,
14.19,8.15,!    2/5/2063,,,,,
14.30,8.25,!    2/6/2063,,,,,
14.41,8.25,!    2/7/2063,,,,,
14.46,8.45,!    2/8/2063,,,,,
14.58,8.55,!    2/9/2063,,,,,
14.69,8.65,!    2/10/2063,,,,,
14.80,8.65,!    2/11/2063,,,,,
14.91,8.75,!    2/12/2063,,,,,
15.02,8.75,!    2/13/2063,,,,,
15.13,8.75,!    2/14/2063,,,,,
15.24,8.75,!    2/15/2063,,,,,
15.35,8.85,!    2/16/2063,,,,,
15.46,8.95,!    2/17/2063,,,,,
15.58,8.95,!    2/18/2063,,,,,
15.69,9.05,!    2/19/2063,,,,,
15.80,9.15,!    2/20/2063,,,,,
15.91,9.35,!    2/21/2063,,,,,
16.02,9.45,!    2/22/2063,,,,,
16.13,9.55,!    2/23/2063,,,,,
16.24,9.75,!    2/24/2063,,,,,
16.41,9.85,!    2/25/2063,,,,,
16.52,9.85,!    2/26/2063,,,,,
16.63,10.05,!    2/27/2063,,,,,
16.74,10.15,!    2/28/2063,,,,,
17.60,10.36,!    3/1/2063,,,,,
17.92,9.86,!    3/2/2063,,,,,
18.03,9.86,!    3/3/2063,,,,,
18.14,9.86,!    3/4/2063,,,,,
18.25,9.86,!    3/5/2063,,,,,
18.36,9.96,!    3/6/2063,,,,,
18.47,10.06,!    3/7/2063,,,,,
18.59,10.16,!    3/8/2063,,,,,
18.70,10.36,!    3/9/2063,,,,,
18.81,10.56,!    3/10/2063,,,,,
18.86,10.76,!    3/11/2063,,,,,
18.97,10.96,!    3/12/2063,,,,,
19.09,11.06,!    3/13/2063,,,,,
19.20,11.26,!    3/14/2063,,,,,
19.31,11.36,!    3/15/2063,,,,,
19.42,11.56,!    3/16/2063,,,,,
19.53,11.66,!    3/17/2063,,,,,
19.59,11.76,!    3/18/2063,,,,,
19.70,11.96,!    3/19/2063,,,,,
19.81,12.26,!    3/20/2063,,,,,
19.92,12.36,!    3/21/2063,,,,,
19.97,12.56,!    3/22/2063,,,,,
20.09,12.56,!    3/23/2063,,,,,
20.20,12.76,!    3/24/2063,,,,,
20.31,13.06,!    3/25/2063,,,,,
20.36,13.26,!    3/26/2063,,,,,
20.47,13.46,!    3/27/2063,,,,,
20.59,13.66,!    3/28/2063,,,,,
20.64,13.86,!    3/29/2063,,,,,
20.75,14.06,!    3/30/2063,,,,,
20.86,14.26,!    3/31/2063,,,,,
20.97,15.57,!    4/1/2063,,,,,
21.41,15.77,!    4/2/2063,,,,,
21.52,15.97,!    4/3/2063,,,,,
21.63,16.27,!    4/4/2063,,,,,
21.74,16.57,!    4/5/2063,,,,,
21.80,16.77,!    4/6/2063,,,,,
21.91,16.87,!    4/7/2063,,,,,
22.02,16.97,!    4/8/2063,,,,,
22.13,17.17,!    4/9/2063,,,,,
22.24,17.37,!    4/10/2063,,,,,
22.30,17.57,!    4/11/2063,,,,,
22.41,17.87,!    4/12/2063,,,,,
22.52,17.97,!    4/13/2063,,,,,
22.63,18.07,!    4/14/2063,,,,,
22.74,18.27,!    4/15/2063,,,,,
22.85,18.37,!    4/16/2063,,,,,
22.96,18.47,!    4/17/2063,,,,,
23.07,18.57,!    4/18/2063,,,,,
23.18,18.77,!    4/19/2063,,,,,
23.30,18.87,!    4/20/2063,,,,,
23.41,19.07,!    4/21/2063,,,,,
23.57,19.37,!    4/22/2063,,,,,
23.68,19.47,!    4/23/2063,,,,,
23.80,19.57,!    4/24/2063,,,,,
23.91,19.67,!    4/25/2063,,,,,
24.02,19.77,!    4/26/2063,,,,,
24.18,19.97,!    4/27/2063,,,,,
24.30,20.17,!    4/28/2063,,,,,
24.41,20.57,!    4/29/2063,,,,,
24.57,20.77,!    4/30/2063,,,,,
24.06,20.03,!    5/1/2063,,,,,
24.28,20.23,!    5/2/2063,,,,,
24.45,20.33,!    5/3/2063,,,,,
24.56,20.53,!    5/4/2063,,,,,
24.72,20.53,!    5/5/2063,,,,,
24.83,20.63,!    5/6/2063,,,,,
25.00,20.73,!    5/7/2063,,,,,
25.11,20.93,!    5/8/2063,,,,,
25.28,21.13,!    5/9/2063,,,,,
25.39,21.33,!    5/10/2063,,,,,
25.50,21.43,!    5/11/2063,,,,,
25.67,21.53,!    5/12/2063,,,,,
25.78,21.73,!    5/13/2063,,,,,
25.95,21.83,!    5/14/2063,,,,,
26.06,21.93,!    5/15/2063,,,,,
26.22,22.13,!    5/16/2063,,,,,
26.33,22.33,!    5/17/2063,,,,,
26.50,22.53,!    5/18/2063,,,,,
26.61,22.53,!    5/19/2063,,,,,
26.72,22.73,!    5/20/2063,,,,,
26.89,22.93,!    5/21/2063,,,,,
27.00,23.23,!    5/22/2063,,,,,
27.11,23.43,!    5/23/2063,,,,,
27.28,23.63,!    5/24/2063,,,,,
27.39,23.83,!    5/25/2063,,,,,
27.50,24.13,!    5/26/2063,,,,,
27.61,24.33,!    5/27/2063,,,,,
27.72,24.43,!    5/28/2063,,,,,
27.83,24.63,!    5/29/2063,,,,,
27.95,24.83,!    5/30/2063,,,,,
28.06,24.93,!    5/31/2063,,,,,
27.94,24.78,!    6/1/2063,,,,,
28.14,24.98,!    6/2/2063,,,,,
28.19,25.18,!    6/3/2063,,,,,
28.30,25.38,!    6/4/2063,,,,,
28.42,25.58,!    6/5/2063,,,,,
28.47,25.78,!    6/6/2063,,,,,
28.58,26.08,!    6/7/2063,,,,,
28.64,26.38,!    6/8/2063,,,,,
28.75,26.68,!    6/9/2063,,,,,
28.80,26.88,!    6/10/2063,,,,,
28.86,27.08,!    6/11/2063,,,,,
28.97,27.28,!    6/12/2063,,,,,
29.03,27.38,!    6/13/2063,,,,,
29.08,27.48,!    6/14/2063,,,,,
29.14,27.68,!    6/15/2063,,,,,
29.19,27.88,!    6/16/2063,,,,,
29.25,28.08,!    6/17/2063,,,,,
29.30,28.18,!    6/18/2063,,,,,
29.36,28.28,!    6/19/2063,,,,,
29.36,28.38,!    6/20/2063,,,,,
29.42,28.58,!    6/21/2063,,,,,
29.47,28.68,!    6/22/2063,,,,,
29.53,28.78,!    6/23/2063,,,,,
29.53,28.88,!    6/24/2063,,,,,
29.58,29.08,!    6/25/2063,,,,,
29.58,29.18,!    6/26/2063,,,,,
29.64,29.28,!    6/27/2063,,,,,
29.64,29.38,!    6/28/2063,,,,,
29.69,29.38,!    6/29/2063,,,,,
29.69,29.48,!    6/30/2063,,,,,
29.97,30.30,!    7/1/2063,,,,,
29.91,30.40,!    7/2/2063,,,,,
29.91,30.60,!    7/3/2063,,,,,
29.97,30.60,!    7/4/2063,,,,,
29.97,30.60,!    7/5/2063,,,,,
30.02,30.60,!    7/6/2063,,,,,
30.02,30.60,!    7/7/2063,,,,,
30.02,30.60,!    7/8/2063,,,,,
30.02,30.50,!    7/9/2063,,,,,
30.08,30.60,!    7/10/2063,,,,,
30.08,30.60,!    7/11/2063,,,,,
30.08,30.60,!    7/12/2063,,,,,
30.13,30.60,!    7/13/2063,,,,,
30.13,30.70,!    7/14/2063,,,,,
30.13,30.70,!    7/15/2063,,,,,
30.13,30.70,!    7/16/2063,,,,,
30.19,30.70,!    7/17/2063,,,,,
30.19,30.80,!    7/18/2063,,,,,
30.19,30.80,!    7/19/2063,,,,,
30.24,31.00,!    7/20/2063,,,,,
30.24,31.10,!    7/21/2063,,,,,
30.24,31.10,!    7/22/2063,,,,,
30.24,31.20,!    7/23/2063,,,,,
30.24,31.20,!    7/24/2063,,,,,
30.30,31.20,!    7/25/2063,,,,,
30.30,31.30,!    7/26/2063,,,,,
30.30,31.40,!    7/27/2063,,,,,
30.30,31.50,!    7/28/2063,,,,,
30.30,31.50,!    7/29/2063,,,,,
30.36,31.60,!    7/30/2063,,,,,
30.36,31.60,!    7/31/2063,,,,,
29.98,31.29,!    8/1/2063,,,,,
30.00,31.19,!    8/2/2063,,,,,
30.00,31.29,!    8/3/2063,,,,,
30.00,31.29,!    8/4/2063,,,,,
30.00,31.39,!    8/5/2063,,,,,
30.00,31.39,!    8/6/2063,,,,,
30.00,31.49,!    8/7/2063,,,,,
30.00,31.59,!    8/8/2063,,,,,
30.00,31.59,!    8/9/2063,,,,,
30.00,31.69,!    8/10/2063,,,,,
30.00,31.59,!    8/11/2063,,,,,
30.00,31.69,!    8/12/2063,,,,,
30.00,31.59,!    8/13/2063,,,,,
29.94,31.39,!    8/14/2063,,,,,
29.94,31.39,!    8/15/2063,,,,,
29.94,31.39,!    8/16/2063,,,,,
29.89,31.49,!    8/17/2063,,,,,
29.89,31.49,!    8/18/2063,,,,,
29.89,31.39,!    8/19/2063,,,,,
29.83,31.29,!    8/20/2063,,,,,
29.83,31.09,!    8/21/2063,,,,,
29.77,31.09,!    8/22/2063,,,,,
29.77,31.09,!    8/23/2063,,,,,
29.72,31.09,!    8/24/2063,,,,,
29.66,31.19,!    8/25/2063,,,,,
29.66,31.09,!    8/26/2063,,,,,
29.61,30.99,!    8/27/2063,,,,,
29.55,30.89,!    8/28/2063,,,,,
29.50,30.79,!    8/29/2063,,,,,
29.50,30.69,!    8/30/2063,,,,,
29.44,30.59,!    8/31/2063,,,,,
29.45,30.44,!    9/1/2063,,,,,
29.26,30.34,!    9/2/2063,,,,,
29.21,30.24,!    9/3/2063,,,,,
29.15,30.04,!    9/4/2063,,,,,
29.04,30.04,!    9/5/2063,,,,,
28.99,29.94,!    9/6/2063,,,,,
28.93,29.94,!    9/7/2063,,,,,
28.87,29.94,!    9/8/2063,,,,,
28.76,29.84,!    9/9/2063,,,,,
28.71,29.74,!    9/10/2063,,,,,
28.65,29.64,!    9/11/2063,,,,,
28.54,29.44,!    9/12/2063,,,,,
28.49,29.34,!    9/13/2063,,,,,
28.37,29.34,!    9/14/2063,,,,,
28.26,29.24,!    9/15/2063,,,,,
28.21,29.14,!    9/16/2063,,,,,
28.10,28.94,!    9/17/2063,,,,,
27.99,28.84,!    9/18/2063,,,,,
27.87,28.74,!    9/19/2063,,,,,
27.76,28.44,!    9/20/2063,,,,,
27.65,28.34,!    9/21/2063,,,,,
27.54,28.14,!    9/22/2063,,,,,
27.43,28.04,!    9/23/2063,,,,,
27.32,28.04,!    9/24/2063,,,,,
27.15,27.84,!    9/25/2063,,,,,
27.04,27.74,!    9/26/2063,,,,,
26.93,27.44,!    9/27/2063,,,,,
26.76,27.44,!    9/28/2063,,,,,
26.65,27.34,!    9/29/2063,,,,,
26.49,27.14,!    9/30/2063,,,,,
26.76,26.50,!    10/1/2063,,,,,
26.48,26.20,!    10/2/2063,,,,,
26.31,25.90,!    10/3/2063,,,,,
26.14,25.70,!    10/4/2063,,,,,
25.98,25.70,!    10/5/2063,,,,,
25.81,25.60,!    10/6/2063,,,,,
25.64,25.40,!    10/7/2063,,,,,
25.48,25.20,!    10/8/2063,,,,,
25.31,25.00,!    10/9/2063,,,,,
25.09,24.80,!    10/10/2063,,,,,
24.92,24.70,!    10/11/2063,,,,,
24.75,24.60,!    10/12/2063,,,,,
24.59,24.40,!    10/13/2063,,,,,
24.36,24.20,!    10/14/2063,,,,,
24.20,24.00,!    10/15/2063,,,,,
23.98,23.80,!    10/16/2063,,,,,
23.81,23.60,!    10/17/2063,,,,,
23.59,23.30,!    10/18/2063,,,,,
23.42,23.10,!    10/19/2063,,,,,
23.20,22.80,!    10/20/2063,,,,,
23.03,22.30,!    10/21/2063,,,,,
22.81,22.00,!    10/22/2063,,,,,
22.64,21.70,!    10/23/2063,,,,,
22.42,21.30,!    10/24/2063,,,,,
22.25,21.00,!    10/25/2063,,,,,
22.03,20.60,!    10/26/2063,,,,,
21.86,20.40,!    10/27/2063,,,,,
21.64,20.20,!    10/28/2063,,,,,
21.48,19.70,!    10/29/2063,,,,,
21.25,19.30,!    10/30/2063,,,,,
21.09,19.10,!    10/31/2063,,,,,
22.00,20.17,!    11/1/2063,,,,,
21.60,19.97,!    11/2/2063,,,,,
21.43,19.77,!    11/3/2063,,,,,
21.21,19.67,!    11/4/2063,,,,,
21.05,19.47,!    11/5/2063,,,,,
20.88,19.27,!    11/6/2063,,,,,
20.71,19.37,!    11/7/2063,,,,,
20.55,19.17,!    11/8/2063,,,,,
20.38,18.97,!    11/9/2063,,,,,
20.21,18.77,!    11/10/2063,,,,,
20.05,18.57,!    11/11/2063,,,,,
19.88,18.37,!    11/12/2063,,,,,
19.77,18.17,!    11/13/2063,,,,,
19.60,17.87,!    11/14/2063,,,,,
19.43,17.57,!    11/15/2063,,,,,
19.32,17.37,!    11/16/2063,,,,,
19.16,17.17,!    11/17/2063,,,,,
19.05,16.87,!    11/18/2063,,,,,
18.93,16.57,!    11/19/2063,,,,,
18.77,16.27,!    11/20/2063,,,,,
18.66,16.07,!    11/21/2063,,,,,
18.55,15.87,!    11/22/2063,,,,,
18.43,15.67,!    11/23/2063,,,,,
18.32,15.57,!    11/24/2063,,,,,
18.21,15.47,!    11/25/2063,,,,,
18.10,15.37,!    11/26/2063,,,,,
17.99,15.17,!    11/27/2063,,,,,
17.88,14.97,!    11/28/2063,,,,,
17.77,14.77,!    11/29/2063,,,,,
17.71,14.67,!    11/30/2063,,,,,
16.99,13.40,!    12/1/2063,,,,,
16.68,13.10,!    12/2/2063,,,,,
16.62,12.90,!    12/3/2063,,,,,
16.51,12.80,!    12/4/2063,,,,,
16.40,12.60,!    12/5/2063,,,,,
16.34,12.40,!    12/6/2063,,,,,
16.23,12.00,!    12/7/2063,,,,,
16.18,11.80,!    12/8/2063,,,,,
16.06,11.60,!    12/9/2063,,,,,
16.01,11.40,!    12/10/2063,,,,,
15.90,11.20,!    12/11/2063,,,,,
15.84,10.90,!    12/12/2063,,,,,
15.73,10.80,!    12/13/2063,,,,,
15.68,10.60,!    12/14/2063,,,,,
15.62,10.50,!    12/15/2063,,,,,
15.51,10.30,!    12/16/2063,,,,,
15.45,10.20,!    12/17/2063,,,,,
15.34,10.00,!    12/18/2063,,,,,
15.29,9.90,!    12/19/2063,,,,,
15.23,9.80,!    12/20/2063,,,,,
15.12,9.70,!    12/21/2063,,,,,
15.06,9.60,!    12/22/2063,,,,,
15.01,9.60,!    12/23/2063,,,,,
14.95,9.50,!    12/24/2063,,,,,
14.84,9.40,!    12/25/2063,,,,,
14.79,9.30,!    12/26/2063,,,,,
14.73,9.20,!    12/27/2063,,,,,
14.68,9.20,!    12/28/2063,,,,,
14.62,9.20,!    12/29/2063,,,,,
14.56,9.10,!    12/30/2063,,,,,
14.51,9.10,!    12/31/2063,,,,,
14.03,9.46,!    1/1/2064,,,,,
13.98,9.36,!    1/2/2064,,,,,
13.92,9.26,!    1/3/2064,,,,,
13.87,9.16,!    1/4/2064,,,,,
13.87,8.96,!    1/5/2064,,,,,
13.81,8.86,!    1/6/2064,,,,,
13.76,8.76,!    1/7/2064,,,,,
13.76,8.66,!    1/8/2064,,,,,
13.70,8.56,!    1/9/2064,,,,,
13.70,8.56,!    1/10/2064,,,,,
13.70,8.46,!    1/11/2064,,,,,
13.65,8.46,!    1/12/2064,,,,,
13.65,8.36,!    1/13/2064,,,,,
13.65,8.16,!    1/14/2064,,,,,
13.65,8.06,!    1/15/2064,,,,,
13.65,7.96,!    1/16/2064,,,,,
13.65,7.86,!    1/17/2064,,,,,
13.70,7.86,!    1/18/2064,,,,,
13.70,7.86,!    1/19/2064,,,,,
13.70,7.56,!    1/20/2064,,,,,
13.76,7.66,!    1/21/2064,,,,,
13.81,7.66,!    1/22/2064,,,,,
13.81,7.66,!    1/23/2064,,,,,
13.87,7.76,!    1/24/2064,,,,,
13.92,7.76,!    1/25/2064,,,,,
13.98,7.96,!    1/26/2064,,,,,
14.03,7.96,!    1/27/2064,,,,,
14.09,7.86,!    1/28/2064,,,,,
14.15,7.76,!    1/29/2064,,,,,
14.20,7.66,!    1/30/2064,,,,,
14.31,7.66,!    1/31/2064,,,,,
13.67,7.19,!    2/1/2064,,,,,
13.72,7.19,!    2/2/2064,,,,,
13.83,7.39,!    2/3/2064,,,,,
13.89,7.39,!    2/4/2064,,,,,
14.00,7.39,!    2/5/2064,,,,,
14.11,7.49,!    2/6/2064,,,,,
14.22,7.49,!    2/7/2064,,,,,
14.28,7.69,!    2/8/2064,,,,,
14.39,7.79,!    2/9/2064,,,,,
14.50,7.89,!    2/10/2064,,,,,
14.61,7.89,!    2/11/2064,,,,,
14.72,7.99,!    2/12/2064,,,,,
14.83,7.99,!    2/13/2064,,,,,
14.94,7.99,!    2/14/2064,,,,,
15.06,7.99,!    2/15/2064,,,,,
15.17,8.09,!    2/16/2064,,,,,
15.28,8.19,!    2/17/2064,,,,,
15.39,8.19,!    2/18/2064,,,,,
15.50,8.29,!    2/19/2064,,,,,
15.61,8.39,!    2/20/2064,,,,,
15.72,8.59,!    2/21/2064,,,,,
15.83,8.69,!    2/22/2064,,,,,
15.94,8.79,!    2/23/2064,,,,,
16.06,8.99,!    2/24/2064,,,,,
16.22,9.09,!    2/25/2064,,,,,
16.33,9.09,!    2/26/2064,,,,,
16.44,9.29,!    2/27/2064,,,,,
16.56,9.39,!    2/28/2064,,,,,
16.56,10.09,!    2/29/2064,,,,,
17.73,10.73,!    3/1/2064,,,,,
17.84,10.73,!    3/2/2064,,,,,
17.95,10.73,!    3/3/2064,,,,,
18.06,10.73,!    3/4/2064,,,,,
18.17,10.83,!    3/5/2064,,,,,
18.28,10.93,!    3/6/2064,,,,,
18.39,11.03,!    3/7/2064,,,,,
18.50,11.23,!    3/8/2064,,,,,
18.61,11.43,!    3/9/2064,,,,,
18.67,11.63,!    3/10/2064,,,,,
18.78,11.83,!    3/11/2064,,,,,
18.89,11.93,!    3/12/2064,,,,,
19.00,12.13,!    3/13/2064,,,,,
19.11,12.23,!    3/14/2064,,,,,
19.23,12.43,!    3/15/2064,,,,,
19.34,12.53,!    3/16/2064,,,,,
19.39,12.63,!    3/17/2064,,,,,
19.50,12.83,!    3/18/2064,,,,,
19.61,13.13,!    3/19/2064,,,,,
19.73,13.23,!    3/20/2064,,,,,
19.78,13.43,!    3/21/2064,,,,,
19.89,13.43,!    3/22/2064,,,,,
20.00,13.63,!    3/23/2064,,,,,
20.11,13.93,!    3/24/2064,,,,,
20.17,14.13,!    3/25/2064,,,,,
20.28,14.33,!    3/26/2064,,,,,
20.39,14.53,!    3/27/2064,,,,,
20.45,14.73,!    3/28/2064,,,,,
20.56,14.93,!    3/29/2064,,,,,
20.67,15.13,!    3/30/2064,,,,,
20.78,15.23,!    3/31/2064,,,,,
21.25,15.84,!    4/1/2064,,,,,
21.37,16.04,!    4/2/2064,,,,,
21.48,16.34,!    4/3/2064,,,,,
21.59,16.64,!    4/4/2064,,,,,
21.64,16.84,!    4/5/2064,,,,,
21.75,16.94,!    4/6/2064,,,,,
21.87,17.04,!    4/7/2064,,,,,
21.98,17.24,!    4/8/2064,,,,,
22.09,17.44,!    4/9/2064,,,,,
22.14,17.64,!    4/10/2064,,,,,
22.25,17.94,!    4/11/2064,,,,,
22.37,18.04,!    4/12/2064,,,,,
22.48,18.14,!    4/13/2064,,,,,
22.59,18.34,!    4/14/2064,,,,,
22.70,18.44,!    4/15/2064,,,,,
22.81,18.54,!    4/16/2064,,,,,
22.92,18.64,!    4/17/2064,,,,,
23.03,18.84,!    4/18/2064,,,,,
23.14,18.94,!    4/19/2064,,,,,
23.25,19.14,!    4/20/2064,,,,,
23.42,19.44,!    4/21/2064,,,,,
23.53,19.54,!    4/22/2064,,,,,
23.64,19.64,!    4/23/2064,,,,,
23.75,19.74,!    4/24/2064,,,,,
23.87,19.84,!    4/25/2064,,,,,
24.03,20.04,!    4/26/2064,,,,,
24.14,20.24,!    4/27/2064,,,,,
24.25,20.64,!    4/28/2064,,,,,
24.42,20.84,!    4/29/2064,,,,,
24.53,21.04,!    4/30/2064,,,,,
24.23,20.32,!    5/1/2064,,,,,
24.39,20.42,!    5/2/2064,,,,,
24.51,20.62,!    5/3/2064,,,,,
24.67,20.62,!    5/4/2064,,,,,
24.78,20.72,!    5/5/2064,,,,,
24.95,20.82,!    5/6/2064,,,,,
25.06,21.02,!    5/7/2064,,,,,
25.23,21.22,!    5/8/2064,,,,,
25.34,21.42,!    5/9/2064,,,,,
25.45,21.52,!    5/10/2064,,,,,
25.62,21.62,!    5/11/2064,,,,,
25.73,21.82,!    5/12/2064,,,,,
25.89,21.92,!    5/13/2064,,,,,
26.01,22.02,!    5/14/2064,,,,,
26.17,22.22,!    5/15/2064,,,,,
26.28,22.42,!    5/16/2064,,,,,
26.45,22.62,!    5/17/2064,,,,,
26.56,22.62,!    5/18/2064,,,,,
26.67,22.82,!    5/19/2064,,,,,
26.84,23.02,!    5/20/2064,,,,,
26.95,23.32,!    5/21/2064,,,,,
27.06,23.52,!    5/22/2064,,,,,
27.23,23.72,!    5/23/2064,,,,,
27.34,23.92,!    5/24/2064,,,,,
27.45,24.22,!    5/25/2064,,,,,
27.56,24.42,!    5/26/2064,,,,,
27.67,24.52,!    5/27/2064,,,,,
27.78,24.72,!    5/28/2064,,,,,
27.89,24.92,!    5/29/2064,,,,,
28.01,25.02,!    5/30/2064,,,,,
28.12,25.22,!    5/31/2064,,,,,
28.41,25.64,!    6/1/2064,,,,,
28.47,25.84,!    6/2/2064,,,,,
28.58,26.04,!    6/3/2064,,,,,
28.69,26.24,!    6/4/2064,,,,,
28.75,26.44,!    6/5/2064,,,,,
28.86,26.74,!    6/6/2064,,,,,
28.91,27.04,!    6/7/2064,,,,,
29.02,27.34,!    6/8/2064,,,,,
29.08,27.54,!    6/9/2064,,,,,
29.13,27.74,!    6/10/2064,,,,,
29.25,27.94,!    6/11/2064,,,,,
29.30,28.04,!    6/12/2064,,,,,
29.36,28.14,!    6/13/2064,,,,,
29.41,28.34,!    6/14/2064,,,,,
29.47,28.54,!    6/15/2064,,,,,
29.52,28.74,!    6/16/2064,,,,,
29.58,28.84,!    6/17/2064,,,,,
29.63,28.94,!    6/18/2064,,,,,
29.63,29.04,!    6/19/2064,,,,,
29.69,29.24,!    6/20/2064,,,,,
29.75,29.34,!    6/21/2064,,,,,
29.80,29.44,!    6/22/2064,,,,,
29.80,29.54,!    6/23/2064,,,,,
29.86,29.74,!    6/24/2064,,,,,
29.86,29.84,!    6/25/2064,,,,,
29.91,29.94,!    6/26/2064,,,,,
29.91,30.04,!    6/27/2064,,,,,
29.97,30.04,!    6/28/2064,,,,,
29.97,30.14,!    6/29/2064,,,,,
30.02,30.34,!    6/30/2064,,,,,
29.65,30.21,!    7/1/2064,,,,,
29.65,30.41,!    7/2/2064,,,,,
29.71,30.41,!    7/3/2064,,,,,
29.71,30.41,!    7/4/2064,,,,,
29.76,30.41,!    7/5/2064,,,,,
29.76,30.41,!    7/6/2064,,,,,
29.76,30.41,!    7/7/2064,,,,,
29.76,30.31,!    7/8/2064,,,,,
29.82,30.41,!    7/9/2064,,,,,
29.82,30.41,!    7/10/2064,,,,,
29.82,30.41,!    7/11/2064,,,,,
29.87,30.41,!    7/12/2064,,,,,
29.87,30.51,!    7/13/2064,,,,,
29.87,30.51,!    7/14/2064,,,,,
29.87,30.51,!    7/15/2064,,,,,
29.93,30.51,!    7/16/2064,,,,,
29.93,30.61,!    7/17/2064,,,,,
29.93,30.61,!    7/18/2064,,,,,
29.99,30.81,!    7/19/2064,,,,,
29.99,30.91,!    7/20/2064,,,,,
29.99,30.91,!    7/21/2064,,,,,
29.99,31.01,!    7/22/2064,,,,,
29.99,31.01,!    7/23/2064,,,,,
30.04,31.01,!    7/24/2064,,,,,
30.04,31.11,!    7/25/2064,,,,,
30.04,31.21,!    7/26/2064,,,,,
30.04,31.31,!    7/27/2064,,,,,
30.04,31.31,!    7/28/2064,,,,,
30.10,31.41,!    7/29/2064,,,,,
30.10,31.41,!    7/30/2064,,,,,
30.10,31.51,!    7/31/2064,,,,,
30.31,31.32,!    8/1/2064,,,,,
30.31,31.42,!    8/2/2064,,,,,
30.31,31.42,!    8/3/2064,,,,,
30.31,31.52,!    8/4/2064,,,,,
30.31,31.52,!    8/5/2064,,,,,
30.31,31.62,!    8/6/2064,,,,,
30.31,31.72,!    8/7/2064,,,,,
30.31,31.72,!    8/8/2064,,,,,
30.31,31.82,!    8/9/2064,,,,,
30.31,31.72,!    8/10/2064,,,,,
30.31,31.82,!    8/11/2064,,,,,
30.31,31.72,!    8/12/2064,,,,,
30.25,31.52,!    8/13/2064,,,,,
30.25,31.52,!    8/14/2064,,,,,
30.25,31.52,!    8/15/2064,,,,,
30.19,31.62,!    8/16/2064,,,,,
30.19,31.62,!    8/17/2064,,,,,
30.19,31.52,!    8/18/2064,,,,,
30.14,31.42,!    8/19/2064,,,,,
30.14,31.22,!    8/20/2064,,,,,
30.08,31.22,!    8/21/2064,,,,,
30.08,31.22,!    8/22/2064,,,,,
30.03,31.22,!    8/23/2064,,,,,
29.97,31.32,!    8/24/2064,,,,,
29.97,31.22,!    8/25/2064,,,,,
29.92,31.12,!    8/26/2064,,,,,
29.86,31.02,!    8/27/2064,,,,,
29.81,30.92,!    8/28/2064,,,,,
29.81,30.82,!    8/29/2064,,,,,
29.75,30.72,!    8/30/2064,,,,,
29.69,30.62,!    8/31/2064,,,,,
29.62,29.95,!    9/1/2064,,,,,
29.57,29.85,!    9/2/2064,,,,,
29.51,29.65,!    9/3/2064,,,,,
29.40,29.65,!    9/4/2064,,,,,
29.34,29.55,!    9/5/2064,,,,,
29.29,29.55,!    9/6/2064,,,,,
29.23,29.55,!    9/7/2064,,,,,
29.12,29.45,!    9/8/2064,,,,,
29.07,29.35,!    9/9/2064,,,,,
29.01,29.25,!    9/10/2064,,,,,
28.90,29.05,!    9/11/2064,,,,,
28.84,28.95,!    9/12/2064,,,,,
28.73,28.95,!    9/13/2064,,,,,
28.62,28.85,!    9/14/2064,,,,,
28.57,28.75,!    9/15/2064,,,,,
28.45,28.55,!    9/16/2064,,,,,
28.34,28.45,!    9/17/2064,,,,,
28.23,28.35,!    9/18/2064,,,,,
28.12,28.05,!    9/19/2064,,,,,
28.01,27.95,!    9/20/2064,,,,,
27.90,27.75,!    9/21/2064,,,,,
27.79,27.65,!    9/22/2064,,,,,
27.68,27.65,!    9/23/2064,,,,,
27.51,27.45,!    9/24/2064,,,,,
27.40,27.35,!    9/25/2064,,,,,
27.29,27.05,!    9/26/2064,,,,,
27.12,27.05,!    9/27/2064,,,,,
27.01,26.95,!    9/28/2064,,,,,
26.84,26.75,!    9/29/2064,,,,,
26.68,26.55,!    9/30/2064,,,,,
25.54,26.76,!    10/1/2064,,,,,
25.38,26.46,!    10/2/2064,,,,,
25.21,26.26,!    10/3/2064,,,,,
25.04,26.26,!    10/4/2064,,,,,
24.88,26.16,!    10/5/2064,,,,,
24.71,25.96,!    10/6/2064,,,,,
24.54,25.76,!    10/7/2064,,,,,
24.38,25.56,!    10/8/2064,,,,,
24.16,25.36,!    10/9/2064,,,,,
23.99,25.26,!    10/10/2064,,,,,
23.82,25.16,!    10/11/2064,,,,,
23.66,24.96,!    10/12/2064,,,,,
23.43,24.76,!    10/13/2064,,,,,
23.27,24.56,!    10/14/2064,,,,,
23.04,24.36,!    10/15/2064,,,,,
22.88,24.16,!    10/16/2064,,,,,
22.66,23.86,!    10/17/2064,,,,,
22.49,23.66,!    10/18/2064,,,,,
22.27,23.36,!    10/19/2064,,,,,
22.10,22.86,!    10/20/2064,,,,,
21.88,22.56,!    10/21/2064,,,,,
21.71,22.26,!    10/22/2064,,,,,
21.49,21.86,!    10/23/2064,,,,,
21.32,21.56,!    10/24/2064,,,,,
21.10,21.16,!    10/25/2064,,,,,
20.93,20.96,!    10/26/2064,,,,,
20.71,20.76,!    10/27/2064,,,,,
20.54,20.26,!    10/28/2064,,,,,
20.32,19.86,!    10/29/2064,,,,,
20.16,19.66,!    10/30/2064,,,,,
19.93,19.46,!    10/31/2064,,,,,
20.71,20.70,!    11/1/2064,,,,,
20.54,20.50,!    11/2/2064,,,,,
20.32,20.40,!    11/3/2064,,,,,
20.15,20.20,!    11/4/2064,,,,,
19.98,20.00,!    11/5/2064,,,,,
19.82,20.10,!    11/6/2064,,,,,
19.65,19.90,!    11/7/2064,,,,,
19.48,19.70,!    11/8/2064,,,,,
19.32,19.50,!    11/9/2064,,,,,
19.15,19.30,!    11/10/2064,,,,,
18.98,19.10,!    11/11/2064,,,,,
18.87,18.90,!    11/12/2064,,,,,
18.71,18.60,!    11/13/2064,,,,,
18.54,18.30,!    11/14/2064,,,,,
18.43,18.10,!    11/15/2064,,,,,
18.26,17.90,!    11/16/2064,,,,,
18.15,17.60,!    11/17/2064,,,,,
18.04,17.30,!    11/18/2064,,,,,
17.87,17.00,!    11/19/2064,,,,,
17.76,16.80,!    11/20/2064,,,,,
17.65,16.60,!    11/21/2064,,,,,
17.54,16.40,!    11/22/2064,,,,,
17.43,16.30,!    11/23/2064,,,,,
17.32,16.20,!    11/24/2064,,,,,
17.21,16.10,!    11/25/2064,,,,,
17.10,15.90,!    11/26/2064,,,,,
16.98,15.70,!    11/27/2064,,,,,
16.87,15.50,!    11/28/2064,,,,,
16.82,15.40,!    11/29/2064,,,,,
16.71,15.30,!    11/30/2064,,,,,
15.79,13.91,!    12/1/2064,,,,,
15.74,13.71,!    12/2/2064,,,,,
15.62,13.61,!    12/3/2064,,,,,
15.51,13.41,!    12/4/2064,,,,,
15.46,13.21,!    12/5/2064,,,,,
15.35,12.81,!    12/6/2064,,,,,
15.29,12.61,!    12/7/2064,,,,,
15.18,12.41,!    12/8/2064,,,,,
15.12,12.21,!    12/9/2064,,,,,
15.01,12.01,!    12/10/2064,,,,,
14.96,11.71,!    12/11/2064,,,,,
14.85,11.61,!    12/12/2064,,,,,
14.79,11.41,!    12/13/2064,,,,,
14.74,11.31,!    12/14/2064,,,,,
14.62,11.11,!    12/15/2064,,,,,
14.57,11.01,!    12/16/2064,,,,,
14.46,10.81,!    12/17/2064,,,,,
14.40,10.71,!    12/18/2064,,,,,
14.35,10.61,!    12/19/2064,,,,,
14.24,10.51,!    12/20/2064,,,,,
14.18,10.41,!    12/21/2064,,,,,
14.12,10.41,!    12/22/2064,,,,,
14.07,10.31,!    12/23/2064,,,,,
13.96,10.21,!    12/24/2064,,,,,
13.90,10.11,!    12/25/2064,,,,,
13.85,10.01,!    12/26/2064,,,,,
13.79,10.01,!    12/27/2064,,,,,
13.74,10.01,!    12/28/2064,,,,,
13.68,9.91,!    12/29/2064,,,,,
13.62,9.91,!    12/30/2064,,,,,
13.57,9.91,!    12/31/2064,,,,,
13.37,10.03,!    1/1/2065,,,,,
13.31,9.93,!    1/2/2065,,,,,
13.26,9.83,!    1/3/2065,,,,,
13.20,9.73,!    1/4/2065,,,,,
13.20,9.53,!    1/5/2065,,,,,
13.14,9.43,!    1/6/2065,,,,,
13.09,9.33,!    1/7/2065,,,,,
13.09,9.23,!    1/8/2065,,,,,
13.03,9.13,!    1/9/2065,,,,,
13.03,9.13,!    1/10/2065,,,,,
13.03,9.03,!    1/11/2065,,,,,
12.98,9.03,!    1/12/2065,,,,,
12.98,8.93,!    1/13/2065,,,,,
12.98,8.73,!    1/14/2065,,,,,
12.98,8.63,!    1/15/2065,,,,,
12.98,8.53,!    1/16/2065,,,,,
12.98,8.43,!    1/17/2065,,,,,
13.03,8.43,!    1/18/2065,,,,,
13.03,8.43,!    1/19/2065,,,,,
13.03,8.13,!    1/20/2065,,,,,
13.09,8.23,!    1/21/2065,,,,,
13.14,8.23,!    1/22/2065,,,,,
13.14,8.23,!    1/23/2065,,,,,
13.20,8.33,!    1/24/2065,,,,,
13.26,8.33,!    1/25/2065,,,,,
13.31,8.53,!    1/26/2065,,,,,
13.37,8.53,!    1/27/2065,,,,,
13.42,8.43,!    1/28/2065,,,,,
13.48,8.33,!    1/29/2065,,,,,
13.53,8.23,!    1/30/2065,,,,,
13.64,8.23,!    1/31/2065,,,,,
13.38,7.56,!    2/1/2065,,,,,
13.44,7.56,!    2/2/2065,,,,,
13.55,7.76,!    2/3/2065,,,,,
13.61,7.76,!    2/4/2065,,,,,
13.72,7.76,!    2/5/2065,,,,,
13.83,7.86,!    2/6/2065,,,,,
13.94,7.86,!    2/7/2065,,,,,
13.99,8.06,!    2/8/2065,,,,,
14.11,8.16,!    2/9/2065,,,,,
14.22,8.26,!    2/10/2065,,,,,
14.33,8.26,!    2/11/2065,,,,,
14.44,8.36,!    2/12/2065,,,,,
14.55,8.36,!    2/13/2065,,,,,
14.66,8.36,!    2/14/2065,,,,,
14.77,8.36,!    2/15/2065,,,,,
14.88,8.46,!    2/16/2065,,,,,
14.99,8.56,!    2/17/2065,,,,,
15.11,8.56,!    2/18/2065,,,,,
15.22,8.66,!    2/19/2065,,,,,
15.33,8.76,!    2/20/2065,,,,,
15.44,8.96,!    2/21/2065,,,,,
15.55,9.06,!    2/22/2065,,,,,
15.66,9.16,!    2/23/2065,,,,,
15.77,9.36,!    2/24/2065,,,,,
15.94,9.46,!    2/25/2065,,,,,
16.05,9.46,!    2/26/2065,,,,,
16.16,9.66,!    2/27/2065,,,,,
16.27,9.76,!    2/28/2065,,,,,
17.24,11.38,!    3/1/2065,,,,,
17.56,10.88,!    3/2/2065,,,,,
17.67,10.88,!    3/3/2065,,,,,
17.78,10.88,!    3/4/2065,,,,,
17.89,10.88,!    3/5/2065,,,,,
18.00,10.98,!    3/6/2065,,,,,
18.11,11.08,!    3/7/2065,,,,,
18.22,11.18,!    3/8/2065,,,,,
18.34,11.38,!    3/9/2065,,,,,
18.45,11.58,!    3/10/2065,,,,,
18.50,11.78,!    3/11/2065,,,,,
18.61,11.98,!    3/12/2065,,,,,
18.72,12.08,!    3/13/2065,,,,,
18.84,12.28,!    3/14/2065,,,,,
18.95,12.38,!    3/15/2065,,,,,
19.06,12.58,!    3/16/2065,,,,,
19.17,12.68,!    3/17/2065,,,,,
19.22,12.78,!    3/18/2065,,,,,
19.34,12.98,!    3/19/2065,,,,,
19.45,13.28,!    3/20/2065,,,,,
19.56,13.38,!    3/21/2065,,,,,
19.61,13.58,!    3/22/2065,,,,,
19.72,13.58,!    3/23/2065,,,,,
19.84,13.78,!    3/24/2065,,,,,
19.95,14.08,!    3/25/2065,,,,,
20.00,14.28,!    3/26/2065,,,,,
20.11,14.48,!    3/27/2065,,,,,
20.22,14.68,!    3/28/2065,,,,,
20.28,14.88,!    3/29/2065,,,,,
20.39,15.08,!    3/30/2065,,,,,
20.50,15.28,!    3/31/2065,,,,,
20.67,14.72,!    4/1/2065,,,,,
21.11,14.92,!    4/2/2065,,,,,
21.22,15.12,!    4/3/2065,,,,,
21.33,15.42,!    4/4/2065,,,,,
21.44,15.72,!    4/5/2065,,,,,
21.50,15.92,!    4/6/2065,,,,,
21.61,16.02,!    4/7/2065,,,,,
21.72,16.12,!    4/8/2065,,,,,
21.83,16.32,!    4/9/2065,,,,,
21.94,16.52,!    4/10/2065,,,,,
22.00,16.72,!    4/11/2065,,,,,
22.11,17.02,!    4/12/2065,,,,,
22.22,17.12,!    4/13/2065,,,,,
22.33,17.22,!    4/14/2065,,,,,
22.44,17.42,!    4/15/2065,,,,,
22.55,17.52,!    4/16/2065,,,,,
22.67,17.62,!    4/17/2065,,,,,
22.78,17.72,!    4/18/2065,,,,,
22.89,17.92,!    4/19/2065,,,,,
23.00,18.02,!    4/20/2065,,,,,
23.11,18.22,!    4/21/2065,,,,,
23.28,18.52,!    4/22/2065,,,,,
23.39,18.62,!    4/23/2065,,,,,
23.50,18.72,!    4/24/2065,,,,,
23.61,18.82,!    4/25/2065,,,,,
23.72,18.92,!    4/26/2065,,,,,
23.89,19.12,!    4/27/2065,,,,,
24.00,19.32,!    4/28/2065,,,,,
24.11,19.72,!    4/29/2065,,,,,
24.28,19.92,!    4/30/2065,,,,,
24.29,20.05,!    5/1/2065,,,,,
24.51,20.25,!    5/2/2065,,,,,
24.67,20.35,!    5/3/2065,,,,,
24.78,20.55,!    5/4/2065,,,,,
24.95,20.55,!    5/5/2065,,,,,
25.06,20.65,!    5/6/2065,,,,,
25.23,20.75,!    5/7/2065,,,,,
25.34,20.95,!    5/8/2065,,,,,
25.51,21.15,!    5/9/2065,,,,,
25.62,21.35,!    5/10/2065,,,,,
25.73,21.45,!    5/11/2065,,,,,
25.90,21.55,!    5/12/2065,,,,,
26.01,21.75,!    5/13/2065,,,,,
26.17,21.85,!    5/14/2065,,,,,
26.28,21.95,!    5/15/2065,,,,,
26.45,22.15,!    5/16/2065,,,,,
26.56,22.35,!    5/17/2065,,,,,
26.73,22.55,!    5/18/2065,,,,,
26.84,22.55,!    5/19/2065,,,,,
26.95,22.75,!    5/20/2065,,,,,
27.12,22.95,!    5/21/2065,,,,,
27.23,23.25,!    5/22/2065,,,,,
27.34,23.45,!    5/23/2065,,,,,
27.51,23.65,!    5/24/2065,,,,,
27.62,23.85,!    5/25/2065,,,,,
27.73,24.15,!    5/26/2065,,,,,
27.84,24.35,!    5/27/2065,,,,,
27.95,24.45,!    5/28/2065,,,,,
28.06,24.65,!    5/29/2065,,,,,
28.17,24.85,!    5/30/2065,,,,,
28.28,24.95,!    5/31/2065,,,,,
28.13,24.98,!    6/1/2065,,,,,
28.32,25.18,!    6/2/2065,,,,,
28.38,25.38,!    6/3/2065,,,,,
28.49,25.58,!    6/4/2065,,,,,
28.60,25.78,!    6/5/2065,,,,,
28.66,25.98,!    6/6/2065,,,,,
28.77,26.28,!    6/7/2065,,,,,
28.82,26.58,!    6/8/2065,,,,,
28.94,26.88,!    6/9/2065,,,,,
28.99,27.08,!    6/10/2065,,,,,
29.05,27.28,!    6/11/2065,,,,,
29.16,27.48,!    6/12/2065,,,,,
29.21,27.58,!    6/13/2065,,,,,
29.27,27.68,!    6/14/2065,,,,,
29.32,27.88,!    6/15/2065,,,,,
29.38,28.08,!    6/16/2065,,,,,
29.44,28.28,!    6/17/2065,,,,,
29.49,28.38,!    6/18/2065,,,,,
29.55,28.48,!    6/19/2065,,,,,
29.55,28.58,!    6/20/2065,,,,,
29.60,28.78,!    6/21/2065,,,,,
29.66,28.88,!    6/22/2065,,,,,
29.71,28.98,!    6/23/2065,,,,,
29.71,29.08,!    6/24/2065,,,,,
29.77,29.28,!    6/25/2065,,,,,
29.77,29.38,!    6/26/2065,,,,,
29.82,29.48,!    6/27/2065,,,,,
29.82,29.58,!    6/28/2065,,,,,
29.88,29.58,!    6/29/2065,,,,,
29.88,29.68,!    6/30/2065,,,,,
30.22,30.45,!    7/1/2065,,,,,
30.17,30.55,!    7/2/2065,,,,,
30.17,30.75,!    7/3/2065,,,,,
30.22,30.75,!    7/4/2065,,,,,
30.22,30.75,!    7/5/2065,,,,,
30.28,30.75,!    7/6/2065,,,,,
30.28,30.75,!    7/7/2065,,,,,
30.28,30.75,!    7/8/2065,,,,,
30.28,30.65,!    7/9/2065,,,,,
30.33,30.75,!    7/10/2065,,,,,
30.33,30.75,!    7/11/2065,,,,,
30.33,30.75,!    7/12/2065,,,,,
30.39,30.75,!    7/13/2065,,,,,
30.39,30.85,!    7/14/2065,,,,,
30.39,30.85,!    7/15/2065,,,,,
30.39,30.85,!    7/16/2065,,,,,
30.44,30.85,!    7/17/2065,,,,,
30.44,30.95,!    7/18/2065,,,,,
30.44,30.95,!    7/19/2065,,,,,
30.50,31.15,!    7/20/2065,,,,,
30.50,31.25,!    7/21/2065,,,,,
30.50,31.25,!    7/22/2065,,,,,
30.50,31.35,!    7/23/2065,,,,,
30.50,31.35,!    7/24/2065,,,,,
30.55,31.35,!    7/25/2065,,,,,
30.55,31.45,!    7/26/2065,,,,,
30.55,31.55,!    7/27/2065,,,,,
30.55,31.65,!    7/28/2065,,,,,
30.55,31.65,!    7/29/2065,,,,,
30.61,31.75,!    7/30/2065,,,,,
30.61,31.75,!    7/31/2065,,,,,
30.48,31.49,!    8/1/2065,,,,,
30.49,31.39,!    8/2/2065,,,,,
30.49,31.49,!    8/3/2065,,,,,
30.49,31.49,!    8/4/2065,,,,,
30.49,31.59,!    8/5/2065,,,,,
30.49,31.59,!    8/6/2065,,,,,
30.49,31.69,!    8/7/2065,,,,,
30.49,31.79,!    8/8/2065,,,,,
30.49,31.79,!    8/9/2065,,,,,
30.49,31.89,!    8/10/2065,,,,,
30.49,31.79,!    8/11/2065,,,,,
30.49,31.89,!    8/12/2065,,,,,
30.49,31.79,!    8/13/2065,,,,,
30.44,31.59,!    8/14/2065,,,,,
30.44,31.59,!    8/15/2065,,,,,
30.44,31.59,!    8/16/2065,,,,,
30.38,31.69,!    8/17/2065,,,,,
30.38,31.69,!    8/18/2065,,,,,
30.38,31.59,!    8/19/2065,,,,,
30.33,31.49,!    8/20/2065,,,,,
30.33,31.29,!    8/21/2065,,,,,
30.27,31.29,!    8/22/2065,,,,,
30.27,31.29,!    8/23/2065,,,,,
30.21,31.29,!    8/24/2065,,,,,
30.16,31.39,!    8/25/2065,,,,,
30.16,31.29,!    8/26/2065,,,,,
30.10,31.19,!    8/27/2065,,,,,
30.05,31.09,!    8/28/2065,,,,,
29.99,30.99,!    8/29/2065,,,,,
29.99,30.89,!    8/30/2065,,,,,
29.94,30.79,!    8/31/2065,,,,,
29.72,31.05,!    9/1/2065,,,,,
29.53,30.95,!    9/2/2065,,,,,
29.48,30.85,!    9/3/2065,,,,,
29.42,30.65,!    9/4/2065,,,,,
29.31,30.65,!    9/5/2065,,,,,
29.26,30.55,!    9/6/2065,,,,,
29.20,30.55,!    9/7/2065,,,,,
29.14,30.55,!    9/8/2065,,,,,
29.03,30.45,!    9/9/2065,,,,,
28.98,30.35,!    9/10/2065,,,,,
28.92,30.25,!    9/11/2065,,,,,
28.81,30.05,!    9/12/2065,,,,,
28.76,29.95,!    9/13/2065,,,,,
28.64,29.95,!    9/14/2065,,,,,
28.53,29.85,!    9/15/2065,,,,,
28.48,29.75,!    9/16/2065,,,,,
28.37,29.55,!    9/17/2065,,,,,
28.26,29.45,!    9/18/2065,,,,,
28.14,29.35,!    9/19/2065,,,,,
28.03,29.05,!    9/20/2065,,,,,
27.92,28.95,!    9/21/2065,,,,,
27.81,28.75,!    9/22/2065,,,,,
27.70,28.65,!    9/23/2065,,,,,
27.59,28.65,!    9/24/2065,,,,,
27.42,28.45,!    9/25/2065,,,,,
27.31,28.35,!    9/26/2065,,,,,
27.20,28.05,!    9/27/2065,,,,,
27.03,28.05,!    9/28/2065,,,,,
26.92,27.95,!    9/29/2065,,,,,
26.76,27.75,!    9/30/2065,,,,,
27.34,27.38,!    10/1/2065,,,,,
27.05,27.08,!    10/2/2065,,,,,
26.89,26.78,!    10/3/2065,,,,,
26.72,26.58,!    10/4/2065,,,,,
26.55,26.58,!    10/5/2065,,,,,
26.39,26.48,!    10/6/2065,,,,,
26.22,26.28,!    10/7/2065,,,,,
26.05,26.08,!    10/8/2065,,,,,
25.89,25.88,!    10/9/2065,,,,,
25.66,25.68,!    10/10/2065,,,,,
25.50,25.58,!    10/11/2065,,,,,
25.33,25.48,!    10/12/2065,,,,,
25.16,25.28,!    10/13/2065,,,,,
24.94,25.08,!    10/14/2065,,,,,
24.78,24.88,!    10/15/2065,,,,,
24.55,24.68,!    10/16/2065,,,,,
24.39,24.48,!    10/17/2065,,,,,
24.16,24.18,!    10/18/2065,,,,,
24.00,23.98,!    10/19/2065,,,,,
23.78,23.68,!    10/20/2065,,,,,
23.61,23.18,!    10/21/2065,,,,,
23.39,22.88,!    10/22/2065,,,,,
23.22,22.58,!    10/23/2065,,,,,
23.00,22.18,!    10/24/2065,,,,,
22.83,21.88,!    10/25/2065,,,,,
22.61,21.48,!    10/26/2065,,,,,
22.44,21.28,!    10/27/2065,,,,,
22.22,21.08,!    10/28/2065,,,,,
22.05,20.58,!    10/29/2065,,,,,
21.83,20.18,!    10/30/2065,,,,,
21.66,19.98,!    10/31/2065,,,,,
21.60,21.04,!    11/1/2065,,,,,
21.20,20.84,!    11/2/2065,,,,,
21.03,20.64,!    11/3/2065,,,,,
20.81,20.54,!    11/4/2065,,,,,
20.64,20.34,!    11/5/2065,,,,,
20.47,20.14,!    11/6/2065,,,,,
20.31,20.24,!    11/7/2065,,,,,
20.14,20.04,!    11/8/2065,,,,,
19.97,19.84,!    11/9/2065,,,,,
19.81,19.64,!    11/10/2065,,,,,
19.64,19.44,!    11/11/2065,,,,,
19.47,19.24,!    11/12/2065,,,,,
19.36,19.04,!    11/13/2065,,,,,
19.20,18.74,!    11/14/2065,,,,,
19.03,18.44,!    11/15/2065,,,,,
18.92,18.24,!    11/16/2065,,,,,
18.75,18.04,!    11/17/2065,,,,,
18.64,17.74,!    11/18/2065,,,,,
18.53,17.44,!    11/19/2065,,,,,
18.36,17.14,!    11/20/2065,,,,,
18.25,16.94,!    11/21/2065,,,,,
18.14,16.74,!    11/22/2065,,,,,
18.03,16.54,!    11/23/2065,,,,,
17.92,16.44,!    11/24/2065,,,,,
17.81,16.34,!    11/25/2065,,,,,
17.70,16.24,!    11/26/2065,,,,,
17.59,16.04,!    11/27/2065,,,,,
17.47,15.84,!    11/28/2065,,,,,
17.36,15.64,!    11/29/2065,,,,,
17.31,15.54,!    11/30/2065,,,,,
16.85,14.52,!    12/1/2065,,,,,
16.54,14.22,!    12/2/2065,,,,,
16.48,14.02,!    12/3/2065,,,,,
16.37,13.92,!    12/4/2065,,,,,
16.26,13.72,!    12/5/2065,,,,,
16.20,13.52,!    12/6/2065,,,,,
16.09,13.12,!    12/7/2065,,,,,
16.04,12.92,!    12/8/2065,,,,,
15.93,12.72,!    12/9/2065,,,,,
15.87,12.52,!    12/10/2065,,,,,
15.76,12.32,!    12/11/2065,,,,,
15.70,12.02,!    12/12/2065,,,,,
15.59,11.92,!    12/13/2065,,,,,
15.54,11.72,!    12/14/2065,,,,,
15.48,11.62,!    12/15/2065,,,,,
15.37,11.42,!    12/16/2065,,,,,
15.31,11.32,!    12/17/2065,,,,,
15.20,11.12,!    12/18/2065,,,,,
15.15,11.02,!    12/19/2065,,,,,
15.09,10.92,!    12/20/2065,,,,,
14.98,10.82,!    12/21/2065,,,,,
14.93,10.72,!    12/22/2065,,,,,
14.87,10.72,!    12/23/2065,,,,,
14.81,10.62,!    12/24/2065,,,,,
14.70,10.52,!    12/25/2065,,,,,
14.65,10.42,!    12/26/2065,,,,,
14.59,10.32,!    12/27/2065,,,,,
14.54,10.32,!    12/28/2065,,,,,
14.48,10.32,!    12/29/2065,,,,,
14.43,10.22,!    12/30/2065,,,,,
14.37,10.22,!    12/31/2065,,,,,
14.06,10.53,!    1/1/2066,,,,,
14.01,10.43,!    1/2/2066,,,,,
13.95,10.33,!    1/3/2066,,,,,
13.90,10.23,!    1/4/2066,,,,,
13.90,10.03,!    1/5/2066,,,,,
13.84,9.93,!    1/6/2066,,,,,
13.79,9.83,!    1/7/2066,,,,,
13.79,9.73,!    1/8/2066,,,,,
13.73,9.63,!    1/9/2066,,,,,
13.73,9.63,!    1/10/2066,,,,,
13.73,9.53,!    1/11/2066,,,,,
13.68,9.53,!    1/12/2066,,,,,
13.68,9.43,!    1/13/2066,,,,,
13.68,9.23,!    1/14/2066,,,,,
13.68,9.13,!    1/15/2066,,,,,
13.68,9.03,!    1/16/2066,,,,,
13.68,8.93,!    1/17/2066,,,,,
13.73,8.93,!    1/18/2066,,,,,
13.73,8.93,!    1/19/2066,,,,,
13.73,8.63,!    1/20/2066,,,,,
13.79,8.73,!    1/21/2066,,,,,
13.84,8.73,!    1/22/2066,,,,,
13.84,8.73,!    1/23/2066,,,,,
13.90,8.83,!    1/24/2066,,,,,
13.95,8.83,!    1/25/2066,,,,,
14.01,9.03,!    1/26/2066,,,,,
14.06,9.03,!    1/27/2066,,,,,
14.12,8.93,!    1/28/2066,,,,,
14.18,8.83,!    1/29/2066,,,,,
14.23,8.73,!    1/30/2066,,,,,
14.34,8.73,!    1/31/2066,,,,,
13.09,7.85,!    2/1/2066,,,,,
13.14,7.85,!    2/2/2066,,,,,
13.25,8.05,!    2/3/2066,,,,,
13.31,8.05,!    2/4/2066,,,,,
13.42,8.05,!    2/5/2066,,,,,
13.53,8.15,!    2/6/2066,,,,,
13.64,8.15,!    2/7/2066,,,,,
13.70,8.35,!    2/8/2066,,,,,
13.81,8.45,!    2/9/2066,,,,,
13.92,8.55,!    2/10/2066,,,,,
14.03,8.55,!    2/11/2066,,,,,
14.14,8.65,!    2/12/2066,,,,,
14.25,8.65,!    2/13/2066,,,,,
14.36,8.65,!    2/14/2066,,,,,
14.48,8.65,!    2/15/2066,,,,,
14.59,8.75,!    2/16/2066,,,,,
14.70,8.85,!    2/17/2066,,,,,
14.81,8.85,!    2/18/2066,,,,,
14.92,8.95,!    2/19/2066,,,,,
15.03,9.05,!    2/20/2066,,,,,
15.14,9.25,!    2/21/2066,,,,,
15.25,9.35,!    2/22/2066,,,,,
15.36,9.45,!    2/23/2066,,,,,
15.48,9.65,!    2/24/2066,,,,,
15.64,9.75,!    2/25/2066,,,,,
15.75,9.75,!    2/26/2066,,,,,
15.86,9.95,!    2/27/2066,,,,,
15.98,10.05,!    2/28/2066,,,,,
17.24,10.98,!    3/1/2066,,,,,
17.55,10.48,!    3/2/2066,,,,,
17.66,10.48,!    3/3/2066,,,,,
17.78,10.48,!    3/4/2066,,,,,
17.89,10.48,!    3/5/2066,,,,,
18.00,10.58,!    3/6/2066,,,,,
18.11,10.68,!    3/7/2066,,,,,
18.22,10.78,!    3/8/2066,,,,,
18.33,10.98,!    3/9/2066,,,,,
18.44,11.18,!    3/10/2066,,,,,
18.50,11.38,!    3/11/2066,,,,,
18.61,11.58,!    3/12/2066,,,,,
18.72,11.68,!    3/13/2066,,,,,
18.83,11.88,!    3/14/2066,,,,,
18.94,11.98,!    3/15/2066,,,,,
19.05,12.18,!    3/16/2066,,,,,
19.16,12.28,!    3/17/2066,,,,,
19.22,12.38,!    3/18/2066,,,,,
19.33,12.58,!    3/19/2066,,,,,
19.44,12.88,!    3/20/2066,,,,,
19.55,12.98,!    3/21/2066,,,,,
19.61,13.18,!    3/22/2066,,,,,
19.72,13.18,!    3/23/2066,,,,,
19.83,13.38,!    3/24/2066,,,,,
19.94,13.68,!    3/25/2066,,,,,
20.00,13.88,!    3/26/2066,,,,,
20.11,14.08,!    3/27/2066,,,,,
20.22,14.28,!    3/28/2066,,,,,
20.28,14.48,!    3/29/2066,,,,,
20.39,14.68,!    3/30/2066,,,,,
20.50,14.88,!    3/31/2066,,,,,
20.46,15.44,!    4/1/2066,,,,,
20.90,15.64,!    4/2/2066,,,,,
21.01,15.84,!    4/3/2066,,,,,
21.12,16.14,!    4/4/2066,,,,,
21.23,16.44,!    4/5/2066,,,,,
21.29,16.64,!    4/6/2066,,,,,
21.40,16.74,!    4/7/2066,,,,,
21.51,16.84,!    4/8/2066,,,,,
21.62,17.04,!    4/9/2066,,,,,
21.73,17.24,!    4/10/2066,,,,,
21.79,17.44,!    4/11/2066,,,,,
21.90,17.74,!    4/12/2066,,,,,
22.01,17.84,!    4/13/2066,,,,,
22.12,17.94,!    4/14/2066,,,,,
22.23,18.14,!    4/15/2066,,,,,
22.34,18.24,!    4/16/2066,,,,,
22.45,18.34,!    4/17/2066,,,,,
22.56,18.44,!    4/18/2066,,,,,
22.67,18.64,!    4/19/2066,,,,,
22.79,18.74,!    4/20/2066,,,,,
22.90,18.94,!    4/21/2066,,,,,
23.06,19.24,!    4/22/2066,,,,,
23.17,19.34,!    4/23/2066,,,,,
23.29,19.44,!    4/24/2066,,,,,
23.40,19.54,!    4/25/2066,,,,,
23.51,19.64,!    4/26/2066,,,,,
23.67,19.84,!    4/27/2066,,,,,
23.79,20.04,!    4/28/2066,,,,,
23.90,20.44,!    4/29/2066,,,,,
24.06,20.64,!    4/30/2066,,,,,
23.80,20.29,!    5/1/2066,,,,,
24.03,20.49,!    5/2/2066,,,,,
24.19,20.59,!    5/3/2066,,,,,
24.30,20.79,!    5/4/2066,,,,,
24.47,20.79,!    5/5/2066,,,,,
24.58,20.89,!    5/6/2066,,,,,
24.75,20.99,!    5/7/2066,,,,,
24.86,21.19,!    5/8/2066,,,,,
25.03,21.39,!    5/9/2066,,,,,
25.14,21.59,!    5/10/2066,,,,,
25.25,21.69,!    5/11/2066,,,,,
25.41,21.79,!    5/12/2066,,,,,
25.53,21.99,!    5/13/2066,,,,,
25.69,22.09,!    5/14/2066,,,,,
25.80,22.19,!    5/15/2066,,,,,
25.97,22.39,!    5/16/2066,,,,,
26.08,22.59,!    5/17/2066,,,,,
26.25,22.79,!    5/18/2066,,,,,
26.36,22.79,!    5/19/2066,,,,,
26.47,22.99,!    5/20/2066,,,,,
26.64,23.19,!    5/21/2066,,,,,
26.75,23.49,!    5/22/2066,,,,,
26.86,23.69,!    5/23/2066,,,,,
27.03,23.89,!    5/24/2066,,,,,
27.14,24.09,!    5/25/2066,,,,,
27.25,24.39,!    5/26/2066,,,,,
27.36,24.59,!    5/27/2066,,,,,
27.47,24.69,!    5/28/2066,,,,,
27.58,24.89,!    5/29/2066,,,,,
27.69,25.09,!    5/30/2066,,,,,
27.80,25.19,!    5/31/2066,,,,,
28.14,25.37,!    6/1/2066,,,,,
28.33,25.57,!    6/2/2066,,,,,
28.39,25.77,!    6/3/2066,,,,,
28.50,25.97,!    6/4/2066,,,,,
28.61,26.17,!    6/5/2066,,,,,
28.67,26.37,!    6/6/2066,,,,,
28.78,26.67,!    6/7/2066,,,,,
28.83,26.97,!    6/8/2066,,,,,
28.94,27.27,!    6/9/2066,,,,,
29.00,27.47,!    6/10/2066,,,,,
29.06,27.67,!    6/11/2066,,,,,
29.17,27.87,!    6/12/2066,,,,,
29.22,27.97,!    6/13/2066,,,,,
29.28,28.07,!    6/14/2066,,,,,
29.33,28.27,!    6/15/2066,,,,,
29.39,28.47,!    6/16/2066,,,,,
29.44,28.67,!    6/17/2066,,,,,
29.50,28.77,!    6/18/2066,,,,,
29.56,28.87,!    6/19/2066,,,,,
29.56,28.97,!    6/20/2066,,,,,
29.61,29.17,!    6/21/2066,,,,,
29.67,29.27,!    6/22/2066,,,,,
29.72,29.37,!    6/23/2066,,,,,
29.72,29.47,!    6/24/2066,,,,,
29.78,29.67,!    6/25/2066,,,,,
29.78,29.77,!    6/26/2066,,,,,
29.83,29.87,!    6/27/2066,,,,,
29.83,29.97,!    6/28/2066,,,,,
29.89,29.97,!    6/29/2066,,,,,
29.89,30.07,!    6/30/2066,,,,,
30.12,30.24,!    7/1/2066,,,,,
30.07,30.34,!    7/2/2066,,,,,
30.07,30.54,!    7/3/2066,,,,,
30.12,30.54,!    7/4/2066,,,,,
30.12,30.54,!    7/5/2066,,,,,
30.18,30.54,!    7/6/2066,,,,,
30.18,30.54,!    7/7/2066,,,,,
30.18,30.54,!    7/8/2066,,,,,
30.18,30.44,!    7/9/2066,,,,,
30.23,30.54,!    7/10/2066,,,,,
30.23,30.54,!    7/11/2066,,,,,
30.23,30.54,!    7/12/2066,,,,,
30.29,30.54,!    7/13/2066,,,,,
30.29,30.64,!    7/14/2066,,,,,
30.29,30.64,!    7/15/2066,,,,,
30.29,30.64,!    7/16/2066,,,,,
30.35,30.64,!    7/17/2066,,,,,
30.35,30.74,!    7/18/2066,,,,,
30.35,30.74,!    7/19/2066,,,,,
30.40,30.94,!    7/20/2066,,,,,
30.40,31.04,!    7/21/2066,,,,,
30.40,31.04,!    7/22/2066,,,,,
30.40,31.14,!    7/23/2066,,,,,
30.40,31.14,!    7/24/2066,,,,,
30.46,31.14,!    7/25/2066,,,,,
30.46,31.24,!    7/26/2066,,,,,
30.46,31.34,!    7/27/2066,,,,,
30.46,31.44,!    7/28/2066,,,,,
30.46,31.44,!    7/29/2066,,,,,
30.51,31.54,!    7/30/2066,,,,,
30.51,31.54,!    7/31/2066,,,,,
30.34,31.01,!    8/1/2066,,,,,
30.35,30.91,!    8/2/2066,,,,,
30.35,31.01,!    8/3/2066,,,,,
30.35,31.01,!    8/4/2066,,,,,
30.35,31.11,!    8/5/2066,,,,,
30.35,31.11,!    8/6/2066,,,,,
30.35,31.21,!    8/7/2066,,,,,
30.35,31.31,!    8/8/2066,,,,,
30.35,31.31,!    8/9/2066,,,,,
30.35,31.41,!    8/10/2066,,,,,
30.35,31.31,!    8/11/2066,,,,,
30.35,31.41,!    8/12/2066,,,,,
30.35,31.31,!    8/13/2066,,,,,
30.30,31.11,!    8/14/2066,,,,,
30.30,31.11,!    8/15/2066,,,,,
30.30,31.11,!    8/16/2066,,,,,
30.24,31.21,!    8/17/2066,,,,,
30.24,31.21,!    8/18/2066,,,,,
30.24,31.11,!    8/19/2066,,,,,
30.19,31.01,!    8/20/2066,,,,,
30.19,30.81,!    8/21/2066,,,,,
30.13,30.81,!    8/22/2066,,,,,
30.13,30.81,!    8/23/2066,,,,,
30.07,30.81,!    8/24/2066,,,,,
30.02,30.91,!    8/25/2066,,,,,
30.02,30.81,!    8/26/2066,,,,,
29.96,30.71,!    8/27/2066,,,,,
29.91,30.61,!    8/28/2066,,,,,
29.85,30.51,!    8/29/2066,,,,,
29.85,30.41,!    8/30/2066,,,,,
29.80,30.31,!    8/31/2066,,,,,
29.76,30.33,!    9/1/2066,,,,,
29.57,30.23,!    9/2/2066,,,,,
29.52,30.13,!    9/3/2066,,,,,
29.46,29.93,!    9/4/2066,,,,,
29.35,29.93,!    9/5/2066,,,,,
29.30,29.83,!    9/6/2066,,,,,
29.24,29.83,!    9/7/2066,,,,,
29.18,29.83,!    9/8/2066,,,,,
29.07,29.73,!    9/9/2066,,,,,
29.02,29.63,!    9/10/2066,,,,,
28.96,29.53,!    9/11/2066,,,,,
28.85,29.33,!    9/12/2066,,,,,
28.80,29.23,!    9/13/2066,,,,,
28.68,29.23,!    9/14/2066,,,,,
28.57,29.13,!    9/15/2066,,,,,
28.52,29.03,!    9/16/2066,,,,,
28.41,28.83,!    9/17/2066,,,,,
28.30,28.73,!    9/18/2066,,,,,
28.18,28.63,!    9/19/2066,,,,,
28.07,28.33,!    9/20/2066,,,,,
27.96,28.23,!    9/21/2066,,,,,
27.85,28.03,!    9/22/2066,,,,,
27.74,27.93,!    9/23/2066,,,,,
27.63,27.93,!    9/24/2066,,,,,
27.46,27.73,!    9/25/2066,,,,,
27.35,27.63,!    9/26/2066,,,,,
27.24,27.33,!    9/27/2066,,,,,
27.07,27.33,!    9/28/2066,,,,,
26.96,27.23,!    9/29/2066,,,,,
26.80,27.03,!    9/30/2066,,,,,
26.99,26.82,!    10/1/2066,,,,,
26.71,26.52,!    10/2/2066,,,,,
26.54,26.22,!    10/3/2066,,,,,
26.37,26.02,!    10/4/2066,,,,,
26.21,26.02,!    10/5/2066,,,,,
26.04,25.92,!    10/6/2066,,,,,
25.87,25.72,!    10/7/2066,,,,,
25.71,25.52,!    10/8/2066,,,,,
25.54,25.32,!    10/9/2066,,,,,
25.32,25.12,!    10/10/2066,,,,,
25.15,25.02,!    10/11/2066,,,,,
24.98,24.92,!    10/12/2066,,,,,
24.82,24.72,!    10/13/2066,,,,,
24.59,24.52,!    10/14/2066,,,,,
24.43,24.32,!    10/15/2066,,,,,
24.21,24.12,!    10/16/2066,,,,,
24.04,23.92,!    10/17/2066,,,,,
23.82,23.62,!    10/18/2066,,,,,
23.65,23.42,!    10/19/2066,,,,,
23.43,23.12,!    10/20/2066,,,,,
23.26,22.62,!    10/21/2066,,,,,
23.04,22.32,!    10/22/2066,,,,,
22.87,22.02,!    10/23/2066,,,,,
22.65,21.62,!    10/24/2066,,,,,
22.48,21.32,!    10/25/2066,,,,,
22.26,20.92,!    10/26/2066,,,,,
22.09,20.72,!    10/27/2066,,,,,
21.87,20.52,!    10/28/2066,,,,,
21.71,20.02,!    10/29/2066,,,,,
21.48,19.62,!    10/30/2066,,,,,
21.32,19.42,!    10/31/2066,,,,,
22.31,20.46,!    11/1/2066,,,,,
21.91,20.26,!    11/2/2066,,,,,
21.74,20.06,!    11/3/2066,,,,,
21.52,19.96,!    11/4/2066,,,,,
21.36,19.76,!    11/5/2066,,,,,
21.19,19.56,!    11/6/2066,,,,,
21.02,19.66,!    11/7/2066,,,,,
20.86,19.46,!    11/8/2066,,,,,
20.69,19.26,!    11/9/2066,,,,,
20.52,19.06,!    11/10/2066,,,,,
20.36,18.86,!    11/11/2066,,,,,
20.19,18.66,!    11/12/2066,,,,,
20.08,18.46,!    11/13/2066,,,,,
19.91,18.16,!    11/14/2066,,,,,
19.74,17.86,!    11/15/2066,,,,,
19.63,17.66,!    11/16/2066,,,,,
19.47,17.46,!    11/17/2066,,,,,
19.36,17.16,!    11/18/2066,,,,,
19.24,16.86,!    11/19/2066,,,,,
19.08,16.56,!    11/20/2066,,,,,
18.97,16.36,!    11/21/2066,,,,,
18.86,16.16,!    11/22/2066,,,,,
18.74,15.96,!    11/23/2066,,,,,
18.63,15.86,!    11/24/2066,,,,,
18.52,15.76,!    11/25/2066,,,,,
18.41,15.66,!    11/26/2066,,,,,
18.30,15.46,!    11/27/2066,,,,,
18.19,15.26,!    11/28/2066,,,,,
18.08,15.06,!    11/29/2066,,,,,
18.02,14.96,!    11/30/2066,,,,,
16.41,14.34,!    12/1/2066,,,,,
16.10,14.04,!    12/2/2066,,,,,
16.04,13.84,!    12/3/2066,,,,,
15.93,13.74,!    12/4/2066,,,,,
15.82,13.54,!    12/5/2066,,,,,
15.77,13.34,!    12/6/2066,,,,,
15.66,12.94,!    12/7/2066,,,,,
15.60,12.74,!    12/8/2066,,,,,
15.49,12.54,!    12/9/2066,,,,,
15.43,12.34,!    12/10/2066,,,,,
15.32,12.14,!    12/11/2066,,,,,
15.27,11.84,!    12/12/2066,,,,,
15.16,11.74,!    12/13/2066,,,,,
15.10,11.54,!    12/14/2066,,,,,
15.04,11.44,!    12/15/2066,,,,,
14.93,11.24,!    12/16/2066,,,,,
14.88,11.14,!    12/17/2066,,,,,
14.77,10.94,!    12/18/2066,,,,,
14.71,10.84,!    12/19/2066,,,,,
14.66,10.74,!    12/20/2066,,,,,
14.54,10.64,!    12/21/2066,,,,,
14.49,10.54,!    12/22/2066,,,,,
14.43,10.54,!    12/23/2066,,,,,
14.38,10.44,!    12/24/2066,,,,,
14.27,10.34,!    12/25/2066,,,,,
14.21,10.24,!    12/26/2066,,,,,
14.16,10.14,!    12/27/2066,,,,,
14.10,10.14,!    12/28/2066,,,,,
14.04,10.14,!    12/29/2066,,,,,
13.99,10.04,!    12/30/2066,,,,,
13.93,10.04,!    12/31/2066,,,,,
13.99,9.85,!    1/1/2067,,,,,
13.94,9.75,!    1/2/2067,,,,,
13.88,9.65,!    1/3/2067,,,,,
13.83,9.55,!    1/4/2067,,,,,
13.83,9.35,!    1/5/2067,,,,,
13.77,9.25,!    1/6/2067,,,,,
13.72,9.15,!    1/7/2067,,,,,
13.72,9.05,!    1/8/2067,,,,,
13.66,8.95,!    1/9/2067,,,,,
13.66,8.95,!    1/10/2067,,,,,
13.66,8.85,!    1/11/2067,,,,,
13.61,8.85,!    1/12/2067,,,,,
13.61,8.75,!    1/13/2067,,,,,
13.61,8.55,!    1/14/2067,,,,,
13.61,8.45,!    1/15/2067,,,,,
13.61,8.35,!    1/16/2067,,,,,
13.61,8.25,!    1/17/2067,,,,,
13.66,8.25,!    1/18/2067,,,,,
13.66,8.25,!    1/19/2067,,,,,
13.66,7.95,!    1/20/2067,,,,,
13.72,8.05,!    1/21/2067,,,,,
13.77,8.05,!    1/22/2067,,,,,
13.77,8.05,!    1/23/2067,,,,,
13.83,8.15,!    1/24/2067,,,,,
13.88,8.15,!    1/25/2067,,,,,
13.94,8.35,!    1/26/2067,,,,,
13.99,8.35,!    1/27/2067,,,,,
14.05,8.25,!    1/28/2067,,,,,
14.11,8.15,!    1/29/2067,,,,,
14.16,8.05,!    1/30/2067,,,,,
14.27,8.05,!    1/31/2067,,,,,
13.70,7.67,!    2/1/2067,,,,,
13.76,7.67,!    2/2/2067,,,,,
13.87,7.87,!    2/3/2067,,,,,
13.93,7.87,!    2/4/2067,,,,,
14.04,7.87,!    2/5/2067,,,,,
14.15,7.97,!    2/6/2067,,,,,
14.26,7.97,!    2/7/2067,,,,,
14.32,8.17,!    2/8/2067,,,,,
14.43,8.27,!    2/9/2067,,,,,
14.54,8.37,!    2/10/2067,,,,,
14.65,8.37,!    2/11/2067,,,,,
14.76,8.47,!    2/12/2067,,,,,
14.87,8.47,!    2/13/2067,,,,,
14.98,8.47,!    2/14/2067,,,,,
15.09,8.47,!    2/15/2067,,,,,
15.20,8.57,!    2/16/2067,,,,,
15.32,8.67,!    2/17/2067,,,,,
15.43,8.67,!    2/18/2067,,,,,
15.54,8.77,!    2/19/2067,,,,,
15.65,8.87,!    2/20/2067,,,,,
15.76,9.07,!    2/21/2067,,,,,
15.87,9.17,!    2/22/2067,,,,,
15.98,9.27,!    2/23/2067,,,,,
16.09,9.47,!    2/24/2067,,,,,
16.26,9.57,!    2/25/2067,,,,,
16.37,9.57,!    2/26/2067,,,,,
16.48,9.77,!    2/27/2067,,,,,
16.59,9.87,!    2/28/2067,,,,,
16.71,10.91,!    3/1/2067,,,,,
17.03,10.41,!    3/2/2067,,,,,
17.14,10.41,!    3/3/2067,,,,,
17.25,10.41,!    3/4/2067,,,,,
17.36,10.41,!    3/5/2067,,,,,
17.47,10.51,!    3/6/2067,,,,,
17.58,10.61,!    3/7/2067,,,,,
17.70,10.71,!    3/8/2067,,,,,
17.81,10.91,!    3/9/2067,,,,,
17.92,11.11,!    3/10/2067,,,,,
17.97,11.31,!    3/11/2067,,,,,
18.08,11.51,!    3/12/2067,,,,,
18.20,11.61,!    3/13/2067,,,,,
18.31,11.81,!    3/14/2067,,,,,
18.42,11.91,!    3/15/2067,,,,,
18.53,12.11,!    3/16/2067,,,,,
18.64,12.21,!    3/17/2067,,,,,
18.70,12.31,!    3/18/2067,,,,,
18.81,12.51,!    3/19/2067,,,,,
18.92,12.81,!    3/20/2067,,,,,
19.03,12.91,!    3/21/2067,,,,,
19.08,13.11,!    3/22/2067,,,,,
19.20,13.11,!    3/23/2067,,,,,
19.31,13.31,!    3/24/2067,,,,,
19.42,13.61,!    3/25/2067,,,,,
19.47,13.81,!    3/26/2067,,,,,
19.58,14.01,!    3/27/2067,,,,,
19.70,14.21,!    3/28/2067,,,,,
19.75,14.41,!    3/29/2067,,,,,
19.86,14.61,!    3/30/2067,,,,,
19.97,14.81,!    3/31/2067,,,,,
20.70,14.98,!    4/1/2067,,,,,
21.14,15.18,!    4/2/2067,,,,,
21.26,15.38,!    4/3/2067,,,,,
21.37,15.68,!    4/4/2067,,,,,
21.48,15.98,!    4/5/2067,,,,,
21.53,16.18,!    4/6/2067,,,,,
21.64,16.28,!    4/7/2067,,,,,
21.76,16.38,!    4/8/2067,,,,,
21.87,16.58,!    4/9/2067,,,,,
21.98,16.78,!    4/10/2067,,,,,
22.03,16.98,!    4/11/2067,,,,,
22.14,17.28,!    4/12/2067,,,,,
22.26,17.38,!    4/13/2067,,,,,
22.37,17.48,!    4/14/2067,,,,,
22.48,17.68,!    4/15/2067,,,,,
22.59,17.78,!    4/16/2067,,,,,
22.70,17.88,!    4/17/2067,,,,,
22.81,17.98,!    4/18/2067,,,,,
22.92,18.18,!    4/19/2067,,,,,
23.03,18.28,!    4/20/2067,,,,,
23.14,18.48,!    4/21/2067,,,,,
23.31,18.78,!    4/22/2067,,,,,
23.42,18.88,!    4/23/2067,,,,,
23.53,18.98,!    4/24/2067,,,,,
23.64,19.08,!    4/25/2067,,,,,
23.76,19.18,!    4/26/2067,,,,,
23.92,19.38,!    4/27/2067,,,,,
24.03,19.58,!    4/28/2067,,,,,
24.14,19.98,!    4/29/2067,,,,,
24.31,20.18,!    4/30/2067,,,,,
24.20,19.87,!    5/1/2067,,,,,
24.42,20.07,!    5/2/2067,,,,,
24.59,20.17,!    5/3/2067,,,,,
24.70,20.37,!    5/4/2067,,,,,
24.86,20.37,!    5/5/2067,,,,,
24.97,20.47,!    5/6/2067,,,,,
25.14,20.57,!    5/7/2067,,,,,
25.25,20.77,!    5/8/2067,,,,,
25.42,20.97,!    5/9/2067,,,,,
25.53,21.17,!    5/10/2067,,,,,
25.64,21.27,!    5/11/2067,,,,,
25.81,21.37,!    5/12/2067,,,,,
25.92,21.57,!    5/13/2067,,,,,
26.09,21.67,!    5/14/2067,,,,,
26.20,21.77,!    5/15/2067,,,,,
26.36,21.97,!    5/16/2067,,,,,
26.47,22.17,!    5/17/2067,,,,,
26.64,22.37,!    5/18/2067,,,,,
26.75,22.37,!    5/19/2067,,,,,
26.86,22.57,!    5/20/2067,,,,,
27.03,22.77,!    5/21/2067,,,,,
27.14,23.07,!    5/22/2067,,,,,
27.25,23.27,!    5/23/2067,,,,,
27.42,23.47,!    5/24/2067,,,,,
27.53,23.67,!    5/25/2067,,,,,
27.64,23.97,!    5/26/2067,,,,,
27.75,24.17,!    5/27/2067,,,,,
27.86,24.27,!    5/28/2067,,,,,
27.97,24.47,!    5/29/2067,,,,,
28.09,24.67,!    5/30/2067,,,,,
28.20,24.77,!    5/31/2067,,,,,
28.20,24.93,!    6/1/2067,,,,,
28.40,25.13,!    6/2/2067,,,,,
28.45,25.33,!    6/3/2067,,,,,
28.56,25.53,!    6/4/2067,,,,,
28.68,25.73,!    6/5/2067,,,,,
28.73,25.93,!    6/6/2067,,,,,
28.84,26.23,!    6/7/2067,,,,,
28.90,26.53,!    6/8/2067,,,,,
29.01,26.83,!    6/9/2067,,,,,
29.06,27.03,!    6/10/2067,,,,,
29.12,27.23,!    6/11/2067,,,,,
29.23,27.43,!    6/12/2067,,,,,
29.29,27.53,!    6/13/2067,,,,,
29.34,27.63,!    6/14/2067,,,,,
29.40,27.83,!    6/15/2067,,,,,
29.45,28.03,!    6/16/2067,,,,,
29.51,28.23,!    6/17/2067,,,,,
29.56,28.33,!    6/18/2067,,,,,
29.62,28.43,!    6/19/2067,,,,,
29.62,28.53,!    6/20/2067,,,,,
29.68,28.73,!    6/21/2067,,,,,
29.73,28.83,!    6/22/2067,,,,,
29.79,28.93,!    6/23/2067,,,,,
29.79,29.03,!    6/24/2067,,,,,
29.84,29.23,!    6/25/2067,,,,,
29.84,29.33,!    6/26/2067,,,,,
29.90,29.43,!    6/27/2067,,,,,
29.90,29.53,!    6/28/2067,,,,,
29.95,29.53,!    6/29/2067,,,,,
29.95,29.63,!    6/30/2067,,,,,
30.14,29.99,!    7/1/2067,,,,,
30.08,30.09,!    7/2/2067,,,,,
30.08,30.29,!    7/3/2067,,,,,
30.14,30.29,!    7/4/2067,,,,,
30.14,30.29,!    7/5/2067,,,,,
30.19,30.29,!    7/6/2067,,,,,
30.19,30.29,!    7/7/2067,,,,,
30.19,30.29,!    7/8/2067,,,,,
30.19,30.19,!    7/9/2067,,,,,
30.25,30.29,!    7/10/2067,,,,,
30.25,30.29,!    7/11/2067,,,,,
30.25,30.29,!    7/12/2067,,,,,
30.30,30.29,!    7/13/2067,,,,,
30.30,30.39,!    7/14/2067,,,,,
30.30,30.39,!    7/15/2067,,,,,
30.30,30.39,!    7/16/2067,,,,,
30.36,30.39,!    7/17/2067,,,,,
30.36,30.49,!    7/18/2067,,,,,
30.36,30.49,!    7/19/2067,,,,,
30.42,30.69,!    7/20/2067,,,,,
30.42,30.79,!    7/21/2067,,,,,
30.42,30.79,!    7/22/2067,,,,,
30.42,30.89,!    7/23/2067,,,,,
30.42,30.89,!    7/24/2067,,,,,
30.47,30.89,!    7/25/2067,,,,,
30.47,30.99,!    7/26/2067,,,,,
30.47,31.09,!    7/27/2067,,,,,
30.47,31.19,!    7/28/2067,,,,,
30.47,31.19,!    7/29/2067,,,,,
30.53,31.29,!    7/30/2067,,,,,
30.53,31.29,!    7/31/2067,,,,,
30.30,31.75,!    8/1/2067,,,,,
30.31,31.65,!    8/2/2067,,,,,
30.31,31.75,!    8/3/2067,,,,,
30.31,31.75,!    8/4/2067,,,,,
30.31,31.85,!    8/5/2067,,,,,
30.31,31.85,!    8/6/2067,,,,,
30.31,31.95,!    8/7/2067,,,,,
30.31,32.05,!    8/8/2067,,,,,
30.31,32.05,!    8/9/2067,,,,,
30.31,32.15,!    8/10/2067,,,,,
30.31,32.05,!    8/11/2067,,,,,
30.31,32.15,!    8/12/2067,,,,,
30.31,32.05,!    8/13/2067,,,,,
30.26,31.85,!    8/14/2067,,,,,
30.26,31.85,!    8/15/2067,,,,,
30.26,31.85,!    8/16/2067,,,,,
30.20,31.95,!    8/17/2067,,,,,
30.20,31.95,!    8/18/2067,,,,,
30.20,31.85,!    8/19/2067,,,,,
30.15,31.75,!    8/20/2067,,,,,
30.15,31.55,!    8/21/2067,,,,,
30.09,31.55,!    8/22/2067,,,,,
30.09,31.55,!    8/23/2067,,,,,
30.04,31.55,!    8/24/2067,,,,,
29.98,31.65,!    8/25/2067,,,,,
29.98,31.55,!    8/26/2067,,,,,
29.93,31.45,!    8/27/2067,,,,,
29.87,31.35,!    8/28/2067,,,,,
29.81,31.25,!    8/29/2067,,,,,
29.81,31.15,!    8/30/2067,,,,,
29.76,31.05,!    8/31/2067,,,,,
29.78,30.78,!    9/1/2067,,,,,
29.59,30.68,!    9/2/2067,,,,,
29.53,30.58,!    9/3/2067,,,,,
29.48,30.38,!    9/4/2067,,,,,
29.37,30.38,!    9/5/2067,,,,,
29.31,30.28,!    9/6/2067,,,,,
29.26,30.28,!    9/7/2067,,,,,
29.20,30.28,!    9/8/2067,,,,,
29.09,30.18,!    9/9/2067,,,,,
29.03,30.08,!    9/10/2067,,,,,
28.98,29.98,!    9/11/2067,,,,,
28.87,29.78,!    9/12/2067,,,,,
28.81,29.68,!    9/13/2067,,,,,
28.70,29.68,!    9/14/2067,,,,,
28.59,29.58,!    9/15/2067,,,,,
28.53,29.48,!    9/16/2067,,,,,
28.42,29.28,!    9/17/2067,,,,,
28.31,29.18,!    9/18/2067,,,,,
28.20,29.08,!    9/19/2067,,,,,
28.09,28.78,!    9/20/2067,,,,,
27.98,28.68,!    9/21/2067,,,,,
27.87,28.48,!    9/22/2067,,,,,
27.76,28.38,!    9/23/2067,,,,,
27.64,28.38,!    9/24/2067,,,,,
27.48,28.18,!    9/25/2067,,,,,
27.37,28.08,!    9/26/2067,,,,,
27.26,27.78,!    9/27/2067,,,,,
27.09,27.78,!    9/28/2067,,,,,
26.98,27.68,!    9/29/2067,,,,,
26.81,27.48,!    9/30/2067,,,,,
26.60,27.05,!    10/1/2067,,,,,
26.31,26.75,!    10/2/2067,,,,,
26.15,26.45,!    10/3/2067,,,,,
25.98,26.25,!    10/4/2067,,,,,
25.81,26.25,!    10/5/2067,,,,,
25.65,26.15,!    10/6/2067,,,,,
25.48,25.95,!    10/7/2067,,,,,
25.31,25.75,!    10/8/2067,,,,,
25.15,25.55,!    10/9/2067,,,,,
24.92,25.35,!    10/10/2067,,,,,
24.76,25.25,!    10/11/2067,,,,,
24.59,25.15,!    10/12/2067,,,,,
24.42,24.95,!    10/13/2067,,,,,
24.20,24.75,!    10/14/2067,,,,,
24.03,24.55,!    10/15/2067,,,,,
23.81,24.35,!    10/16/2067,,,,,
23.65,24.15,!    10/17/2067,,,,,
23.42,23.85,!    10/18/2067,,,,,
23.26,23.65,!    10/19/2067,,,,,
23.03,23.35,!    10/20/2067,,,,,
22.87,22.85,!    10/21/2067,,,,,
22.65,22.55,!    10/22/2067,,,,,
22.48,22.25,!    10/23/2067,,,,,
22.26,21.85,!    10/24/2067,,,,,
22.09,21.55,!    10/25/2067,,,,,
21.87,21.15,!    10/26/2067,,,,,
21.70,20.95,!    10/27/2067,,,,,
21.48,20.75,!    10/28/2067,,,,,
21.31,20.25,!    10/29/2067,,,,,
21.09,19.85,!    10/30/2067,,,,,
20.92,19.65,!    10/31/2067,,,,,
22.00,20.72,!    11/1/2067,,,,,
21.60,20.52,!    11/2/2067,,,,,
21.43,20.32,!    11/3/2067,,,,,
21.21,20.22,!    11/4/2067,,,,,
21.04,20.02,!    11/5/2067,,,,,
20.87,19.82,!    11/6/2067,,,,,
20.71,19.92,!    11/7/2067,,,,,
20.54,19.72,!    11/8/2067,,,,,
20.37,19.52,!    11/9/2067,,,,,
20.21,19.32,!    11/10/2067,,,,,
20.04,19.12,!    11/11/2067,,,,,
19.87,18.92,!    11/12/2067,,,,,
19.76,18.72,!    11/13/2067,,,,,
19.60,18.42,!    11/14/2067,,,,,
19.43,18.12,!    11/15/2067,,,,,
19.32,17.92,!    11/16/2067,,,,,
19.15,17.72,!    11/17/2067,,,,,
19.04,17.42,!    11/18/2067,,,,,
18.93,17.12,!    11/19/2067,,,,,
18.76,16.82,!    11/20/2067,,,,,
18.65,16.62,!    11/21/2067,,,,,
18.54,16.42,!    11/22/2067,,,,,
18.43,16.22,!    11/23/2067,,,,,
18.32,16.12,!    11/24/2067,,,,,
18.21,16.02,!    11/25/2067,,,,,
18.10,15.92,!    11/26/2067,,,,,
17.99,15.72,!    11/27/2067,,,,,
17.87,15.52,!    11/28/2067,,,,,
17.76,15.32,!    11/29/2067,,,,,
17.71,15.22,!    11/30/2067,,,,,
17.29,14.25,!    12/1/2067,,,,,
16.98,13.95,!    12/2/2067,,,,,
16.92,13.75,!    12/3/2067,,,,,
16.81,13.65,!    12/4/2067,,,,,
16.70,13.45,!    12/5/2067,,,,,
16.64,13.25,!    12/6/2067,,,,,
16.53,12.85,!    12/7/2067,,,,,
16.48,12.65,!    12/8/2067,,,,,
16.37,12.45,!    12/9/2067,,,,,
16.31,12.25,!    12/10/2067,,,,,
16.20,12.05,!    12/11/2067,,,,,
16.14,11.75,!    12/12/2067,,,,,
16.03,11.65,!    12/13/2067,,,,,
15.98,11.45,!    12/14/2067,,,,,
15.92,11.35,!    12/15/2067,,,,,
15.81,11.15,!    12/16/2067,,,,,
15.75,11.05,!    12/17/2067,,,,,
15.64,10.85,!    12/18/2067,,,,,
15.59,10.75,!    12/19/2067,,,,,
15.53,10.65,!    12/20/2067,,,,,
15.42,10.55,!    12/21/2067,,,,,
15.37,10.45,!    12/22/2067,,,,,
15.31,10.45,!    12/23/2067,,,,,
15.25,10.35,!    12/24/2067,,,,,
15.14,10.25,!    12/25/2067,,,,,
15.09,10.15,!    12/26/2067,,,,,
15.03,10.05,!    12/27/2067,,,,,
14.98,10.05,!    12/28/2067,,,,,
14.92,10.05,!    12/29/2067,,,,,
14.87,9.95,!    12/30/2067,,,,,
14.81,9.95,!    12/31/2067,,,,,
14.25,9.96,!    1/1/2068,,,,,
14.19,9.86,!    1/2/2068,,,,,
14.14,9.76,!    1/3/2068,,,,,
14.08,9.66,!    1/4/2068,,,,,
14.08,9.46,!    1/5/2068,,,,,
14.03,9.36,!    1/6/2068,,,,,
13.97,9.26,!    1/7/2068,,,,,
13.97,9.16,!    1/8/2068,,,,,
13.91,9.06,!    1/9/2068,,,,,
13.91,9.06,!    1/10/2068,,,,,
13.91,8.96,!    1/11/2068,,,,,
13.86,8.96,!    1/12/2068,,,,,
13.86,8.86,!    1/13/2068,,,,,
13.86,8.66,!    1/14/2068,,,,,
13.86,8.56,!    1/15/2068,,,,,
13.86,8.46,!    1/16/2068,,,,,
13.86,8.36,!    1/17/2068,,,,,
13.91,8.36,!    1/18/2068,,,,,
13.91,8.36,!    1/19/2068,,,,,
13.91,8.06,!    1/20/2068,,,,,
13.97,8.16,!    1/21/2068,,,,,
14.03,8.16,!    1/22/2068,,,,,
14.03,8.16,!    1/23/2068,,,,,
14.08,8.26,!    1/24/2068,,,,,
14.14,8.26,!    1/25/2068,,,,,
14.19,8.46,!    1/26/2068,,,,,
14.25,8.46,!    1/27/2068,,,,,
14.30,8.36,!    1/28/2068,,,,,
14.36,8.26,!    1/29/2068,,,,,
14.41,8.16,!    1/30/2068,,,,,
14.53,8.16,!    1/31/2068,,,,,
13.35,7.46,!    2/1/2068,,,,,
13.41,7.46,!    2/2/2068,,,,,
13.52,7.66,!    2/3/2068,,,,,
13.58,7.66,!    2/4/2068,,,,,
13.69,7.66,!    2/5/2068,,,,,
13.80,7.76,!    2/6/2068,,,,,
13.91,7.76,!    2/7/2068,,,,,
13.96,7.96,!    2/8/2068,,,,,
14.08,8.06,!    2/9/2068,,,,,
14.19,8.16,!    2/10/2068,,,,,
14.30,8.16,!    2/11/2068,,,,,
14.41,8.26,!    2/12/2068,,,,,
14.52,8.26,!    2/13/2068,,,,,
14.63,8.26,!    2/14/2068,,,,,
14.74,8.26,!    2/15/2068,,,,,
14.85,8.36,!    2/16/2068,,,,,
14.96,8.46,!    2/17/2068,,,,,
15.08,8.46,!    2/18/2068,,,,,
15.19,8.56,!    2/19/2068,,,,,
15.30,8.66,!    2/20/2068,,,,,
15.41,8.86,!    2/21/2068,,,,,
15.52,8.96,!    2/22/2068,,,,,
15.63,9.06,!    2/23/2068,,,,,
15.74,9.26,!    2/24/2068,,,,,
15.91,9.36,!    2/25/2068,,,,,
16.02,9.36,!    2/26/2068,,,,,
16.13,9.56,!    2/27/2068,,,,,
16.24,9.66,!    2/28/2068,,,,,
16.24,10.36,!    2/29/2068,,,,,
17.70,10.14,!    3/1/2068,,,,,
17.81,10.14,!    3/2/2068,,,,,
17.92,10.14,!    3/3/2068,,,,,
18.04,10.14,!    3/4/2068,,,,,
18.15,10.24,!    3/5/2068,,,,,
18.26,10.34,!    3/6/2068,,,,,
18.37,10.44,!    3/7/2068,,,,,
18.48,10.64,!    3/8/2068,,,,,
18.59,10.84,!    3/9/2068,,,,,
18.65,11.04,!    3/10/2068,,,,,
18.76,11.24,!    3/11/2068,,,,,
18.87,11.34,!    3/12/2068,,,,,
18.98,11.54,!    3/13/2068,,,,,
19.09,11.64,!    3/14/2068,,,,,
19.20,11.84,!    3/15/2068,,,,,
19.31,11.94,!    3/16/2068,,,,,
19.37,12.04,!    3/17/2068,,,,,
19.48,12.24,!    3/18/2068,,,,,
19.59,12.54,!    3/19/2068,,,,,
19.70,12.64,!    3/20/2068,,,,,
19.76,12.84,!    3/21/2068,,,,,
19.87,12.84,!    3/22/2068,,,,,
19.98,13.04,!    3/23/2068,,,,,
20.09,13.34,!    3/24/2068,,,,,
20.15,13.54,!    3/25/2068,,,,,
20.26,13.74,!    3/26/2068,,,,,
20.37,13.94,!    3/27/2068,,,,,
20.42,14.14,!    3/28/2068,,,,,
20.54,14.34,!    3/29/2068,,,,,
20.65,14.54,!    3/30/2068,,,,,
20.76,14.64,!    3/31/2068,,,,,
21.53,15.53,!    4/1/2068,,,,,
21.64,15.73,!    4/2/2068,,,,,
21.75,16.03,!    4/3/2068,,,,,
21.86,16.33,!    4/4/2068,,,,,
21.92,16.53,!    4/5/2068,,,,,
22.03,16.63,!    4/6/2068,,,,,
22.14,16.73,!    4/7/2068,,,,,
22.25,16.93,!    4/8/2068,,,,,
22.36,17.13,!    4/9/2068,,,,,
22.42,17.33,!    4/10/2068,,,,,
22.53,17.63,!    4/11/2068,,,,,
22.64,17.73,!    4/12/2068,,,,,
22.75,17.83,!    4/13/2068,,,,,
22.86,18.03,!    4/14/2068,,,,,
22.98,18.13,!    4/15/2068,,,,,
23.09,18.23,!    4/16/2068,,,,,
23.20,18.33,!    4/17/2068,,,,,
23.31,18.53,!    4/18/2068,,,,,
23.42,18.63,!    4/19/2068,,,,,
23.53,18.83,!    4/20/2068,,,,,
23.70,19.13,!    4/21/2068,,,,,
23.81,19.23,!    4/22/2068,,,,,
23.92,19.33,!    4/23/2068,,,,,
24.03,19.43,!    4/24/2068,,,,,
24.14,19.53,!    4/25/2068,,,,,
24.31,19.73,!    4/26/2068,,,,,
24.42,19.93,!    4/27/2068,,,,,
24.53,20.33,!    4/28/2068,,,,,
24.70,20.53,!    4/29/2068,,,,,
24.81,20.73,!    4/30/2068,,,,,
24.61,20.55,!    5/1/2068,,,,,
24.77,20.65,!    5/2/2068,,,,,
24.89,20.85,!    5/3/2068,,,,,
25.05,20.85,!    5/4/2068,,,,,
25.16,20.95,!    5/5/2068,,,,,
25.33,21.05,!    5/6/2068,,,,,
25.44,21.25,!    5/7/2068,,,,,
25.61,21.45,!    5/8/2068,,,,,
25.72,21.65,!    5/9/2068,,,,,
25.83,21.75,!    5/10/2068,,,,,
26.00,21.85,!    5/11/2068,,,,,
26.11,22.05,!    5/12/2068,,,,,
26.27,22.15,!    5/13/2068,,,,,
26.39,22.25,!    5/14/2068,,,,,
26.55,22.45,!    5/15/2068,,,,,
26.66,22.65,!    5/16/2068,,,,,
26.83,22.85,!    5/17/2068,,,,,
26.94,22.85,!    5/18/2068,,,,,
27.05,23.05,!    5/19/2068,,,,,
27.22,23.25,!    5/20/2068,,,,,
27.33,23.55,!    5/21/2068,,,,,
27.44,23.75,!    5/22/2068,,,,,
27.61,23.95,!    5/23/2068,,,,,
27.72,24.15,!    5/24/2068,,,,,
27.83,24.45,!    5/25/2068,,,,,
27.94,24.65,!    5/26/2068,,,,,
28.05,24.75,!    5/27/2068,,,,,
28.16,24.95,!    5/28/2068,,,,,
28.27,25.15,!    5/29/2068,,,,,
28.39,25.25,!    5/30/2068,,,,,
28.50,25.45,!    5/31/2068,,,,,
28.86,25.14,!    6/1/2068,,,,,
28.92,25.34,!    6/2/2068,,,,,
29.03,25.54,!    6/3/2068,,,,,
29.14,25.74,!    6/4/2068,,,,,
29.19,25.94,!    6/5/2068,,,,,
29.31,26.24,!    6/6/2068,,,,,
29.36,26.54,!    6/7/2068,,,,,
29.47,26.84,!    6/8/2068,,,,,
29.53,27.04,!    6/9/2068,,,,,
29.58,27.24,!    6/10/2068,,,,,
29.69,27.44,!    6/11/2068,,,,,
29.75,27.54,!    6/12/2068,,,,,
29.81,27.64,!    6/13/2068,,,,,
29.86,27.84,!    6/14/2068,,,,,
29.92,28.04,!    6/15/2068,,,,,
29.97,28.24,!    6/16/2068,,,,,
30.03,28.34,!    6/17/2068,,,,,
30.08,28.44,!    6/18/2068,,,,,
30.08,28.54,!    6/19/2068,,,,,
30.14,28.74,!    6/20/2068,,,,,
30.19,28.84,!    6/21/2068,,,,,
30.25,28.94,!    6/22/2068,,,,,
30.25,29.04,!    6/23/2068,,,,,
30.31,29.24,!    6/24/2068,,,,,
30.31,29.34,!    6/25/2068,,,,,
30.36,29.44,!    6/26/2068,,,,,
30.36,29.54,!    6/27/2068,,,,,
30.42,29.54,!    6/28/2068,,,,,
30.42,29.64,!    6/29/2068,,,,,
30.47,29.84,!    6/30/2068,,,,,
30.49,30.31,!    7/1/2068,,,,,
30.49,30.51,!    7/2/2068,,,,,
30.54,30.51,!    7/3/2068,,,,,
30.54,30.51,!    7/4/2068,,,,,
30.60,30.51,!    7/5/2068,,,,,
30.60,30.51,!    7/6/2068,,,,,
30.60,30.51,!    7/7/2068,,,,,
30.60,30.41,!    7/8/2068,,,,,
30.65,30.51,!    7/9/2068,,,,,
30.65,30.51,!    7/10/2068,,,,,
30.65,30.51,!    7/11/2068,,,,,
30.71,30.51,!    7/12/2068,,,,,
30.71,30.61,!    7/13/2068,,,,,
30.71,30.61,!    7/14/2068,,,,,
30.71,30.61,!    7/15/2068,,,,,
30.77,30.61,!    7/16/2068,,,,,
30.77,30.71,!    7/17/2068,,,,,
30.77,30.71,!    7/18/2068,,,,,
30.82,30.91,!    7/19/2068,,,,,
30.82,31.01,!    7/20/2068,,,,,
30.82,31.01,!    7/21/2068,,,,,
30.82,31.11,!    7/22/2068,,,,,
30.82,31.11,!    7/23/2068,,,,,
30.88,31.11,!    7/24/2068,,,,,
30.88,31.21,!    7/25/2068,,,,,
30.88,31.31,!    7/26/2068,,,,,
30.88,31.41,!    7/27/2068,,,,,
30.88,31.41,!    7/28/2068,,,,,
30.93,31.51,!    7/29/2068,,,,,
30.93,31.51,!    7/30/2068,,,,,
30.93,31.61,!    7/31/2068,,,,,
30.55,31.38,!    8/1/2068,,,,,
30.55,31.48,!    8/2/2068,,,,,
30.55,31.48,!    8/3/2068,,,,,
30.55,31.58,!    8/4/2068,,,,,
30.55,31.58,!    8/5/2068,,,,,
30.55,31.68,!    8/6/2068,,,,,
30.55,31.78,!    8/7/2068,,,,,
30.55,31.78,!    8/8/2068,,,,,
30.55,31.88,!    8/9/2068,,,,,
30.55,31.78,!    8/10/2068,,,,,
30.55,31.88,!    8/11/2068,,,,,
30.55,31.78,!    8/12/2068,,,,,
30.50,31.58,!    8/13/2068,,,,,
30.50,31.58,!    8/14/2068,,,,,
30.50,31.58,!    8/15/2068,,,,,
30.44,31.68,!    8/16/2068,,,,,
30.44,31.68,!    8/17/2068,,,,,
30.44,31.58,!    8/18/2068,,,,,
30.39,31.48,!    8/19/2068,,,,,
30.39,31.28,!    8/20/2068,,,,,
30.33,31.28,!    8/21/2068,,,,,
30.33,31.28,!    8/22/2068,,,,,
30.27,31.28,!    8/23/2068,,,,,
30.22,31.38,!    8/24/2068,,,,,
30.22,31.28,!    8/25/2068,,,,,
30.16,31.18,!    8/26/2068,,,,,
30.11,31.08,!    8/27/2068,,,,,
30.05,30.98,!    8/28/2068,,,,,
30.05,30.88,!    8/29/2068,,,,,
30.00,30.78,!    8/30/2068,,,,,
29.94,30.68,!    8/31/2068,,,,,
29.54,30.49,!    9/1/2068,,,,,
29.49,30.39,!    9/2/2068,,,,,
29.43,30.19,!    9/3/2068,,,,,
29.32,30.19,!    9/4/2068,,,,,
29.26,30.09,!    9/5/2068,,,,,
29.21,30.09,!    9/6/2068,,,,,
29.15,30.09,!    9/7/2068,,,,,
29.04,29.99,!    9/8/2068,,,,,
28.99,29.89,!    9/9/2068,,,,,
28.93,29.79,!    9/10/2068,,,,,
28.82,29.59,!    9/11/2068,,,,,
28.76,29.49,!    9/12/2068,,,,,
28.65,29.49,!    9/13/2068,,,,,
28.54,29.39,!    9/14/2068,,,,,
28.49,29.29,!    9/15/2068,,,,,
28.38,29.09,!    9/16/2068,,,,,
28.26,28.99,!    9/17/2068,,,,,
28.15,28.89,!    9/18/2068,,,,,
28.04,28.59,!    9/19/2068,,,,,
27.93,28.49,!    9/20/2068,,,,,
27.82,28.29,!    9/21/2068,,,,,
27.71,28.19,!    9/22/2068,,,,,
27.60,28.19,!    9/23/2068,,,,,
27.43,27.99,!    9/24/2068,,,,,
27.32,27.89,!    9/25/2068,,,,,
27.21,27.59,!    9/26/2068,,,,,
27.04,27.59,!    9/27/2068,,,,,
26.93,27.49,!    9/28/2068,,,,,
26.76,27.29,!    9/29/2068,,,,,
26.60,27.09,!    9/30/2068,,,,,
26.33,27.32,!    10/1/2068,,,,,
26.16,27.02,!    10/2/2068,,,,,
26.00,26.82,!    10/3/2068,,,,,
25.83,26.82,!    10/4/2068,,,,,
25.66,26.72,!    10/5/2068,,,,,
25.50,26.52,!    10/6/2068,,,,,
25.33,26.32,!    10/7/2068,,,,,
25.16,26.12,!    10/8/2068,,,,,
24.94,25.92,!    10/9/2068,,,,,
24.77,25.82,!    10/10/2068,,,,,
24.61,25.72,!    10/11/2068,,,,,
24.44,25.52,!    10/12/2068,,,,,
24.22,25.32,!    10/13/2068,,,,,
24.05,25.12,!    10/14/2068,,,,,
23.83,24.92,!    10/15/2068,,,,,
23.66,24.72,!    10/16/2068,,,,,
23.44,24.42,!    10/17/2068,,,,,
23.27,24.22,!    10/18/2068,,,,,
23.05,23.92,!    10/19/2068,,,,,
22.88,23.42,!    10/20/2068,,,,,
22.66,23.12,!    10/21/2068,,,,,
22.50,22.82,!    10/22/2068,,,,,
22.27,22.42,!    10/23/2068,,,,,
22.11,22.12,!    10/24/2068,,,,,
21.88,21.72,!    10/25/2068,,,,,
21.72,21.52,!    10/26/2068,,,,,
21.50,21.32,!    10/27/2068,,,,,
21.33,20.82,!    10/28/2068,,,,,
21.11,20.42,!    10/29/2068,,,,,
20.94,20.22,!    10/30/2068,,,,,
20.72,20.02,!    10/31/2068,,,,,
21.89,19.98,!    11/1/2068,,,,,
21.72,19.78,!    11/2/2068,,,,,
21.50,19.68,!    11/3/2068,,,,,
21.33,19.48,!    11/4/2068,,,,,
21.16,19.28,!    11/5/2068,,,,,
21.00,19.38,!    11/6/2068,,,,,
20.83,19.18,!    11/7/2068,,,,,
20.66,18.98,!    11/8/2068,,,,,
20.50,18.78,!    11/9/2068,,,,,
20.33,18.58,!    11/10/2068,,,,,
20.16,18.38,!    11/11/2068,,,,,
20.05,18.18,!    11/12/2068,,,,,
19.89,17.88,!    11/13/2068,,,,,
19.72,17.58,!    11/14/2068,,,,,
19.61,17.38,!    11/15/2068,,,,,
19.44,17.18,!    11/16/2068,,,,,
19.33,16.88,!    11/17/2068,,,,,
19.22,16.58,!    11/18/2068,,,,,
19.05,16.28,!    11/19/2068,,,,,
18.94,16.08,!    11/20/2068,,,,,
18.83,15.88,!    11/21/2068,,,,,
18.72,15.68,!    11/22/2068,,,,,
18.61,15.58,!    11/23/2068,,,,,
18.50,15.48,!    11/24/2068,,,,,
18.39,15.38,!    11/25/2068,,,,,
18.27,15.18,!    11/26/2068,,,,,
18.16,14.98,!    11/27/2068,,,,,
18.05,14.78,!    11/28/2068,,,,,
18.00,14.68,!    11/29/2068,,,,,
17.89,14.58,!    11/30/2068,,,,,
16.60,13.54,!    12/1/2068,,,,,
16.54,13.34,!    12/2/2068,,,,,
16.43,13.24,!    12/3/2068,,,,,
16.32,13.04,!    12/4/2068,,,,,
16.27,12.84,!    12/5/2068,,,,,
16.15,12.44,!    12/6/2068,,,,,
16.10,12.24,!    12/7/2068,,,,,
15.99,12.04,!    12/8/2068,,,,,
15.93,11.84,!    12/9/2068,,,,,
15.82,11.64,!    12/10/2068,,,,,
15.77,11.34,!    12/11/2068,,,,,
15.65,11.24,!    12/12/2068,,,,,
15.60,11.04,!    12/13/2068,,,,,
15.54,10.94,!    12/14/2068,,,,,
15.43,10.74,!    12/15/2068,,,,,
15.38,10.64,!    12/16/2068,,,,,
15.27,10.44,!    12/17/2068,,,,,
15.21,10.34,!    12/18/2068,,,,,
15.15,10.24,!    12/19/2068,,,,,
15.04,10.14,!    12/20/2068,,,,,
14.99,10.04,!    12/21/2068,,,,,
14.93,10.04,!    12/22/2068,,,,,
14.88,9.94,!    12/23/2068,,,,,
14.77,9.84,!    12/24/2068,,,,,
14.71,9.74,!    12/25/2068,,,,,
14.65,9.64,!    12/26/2068,,,,,
14.60,9.64,!    12/27/2068,,,,,
14.54,9.64,!    12/28/2068,,,,,
14.49,9.54,!    12/29/2068,,,,,
14.43,9.54,!    12/30/2068,,,,,
14.38,9.54,!    12/31/2068,,,,,
13.37,10.08,!    1/1/2069,,,,,
13.31,9.98,!    1/2/2069,,,,,
13.26,9.88,!    1/3/2069,,,,,
13.20,9.78,!    1/4/2069,,,,,
13.20,9.58,!    1/5/2069,,,,,
13.14,9.48,!    1/6/2069,,,,,
13.09,9.38,!    1/7/2069,,,,,
13.09,9.28,!    1/8/2069,,,,,
13.03,9.18,!    1/9/2069,,,,,
13.03,9.18,!    1/10/2069,,,,,
13.03,9.08,!    1/11/2069,,,,,
12.98,9.08,!    1/12/2069,,,,,
12.98,8.98,!    1/13/2069,,,,,
12.98,8.78,!    1/14/2069,,,,,
12.98,8.68,!    1/15/2069,,,,,
12.98,8.58,!    1/16/2069,,,,,
12.98,8.48,!    1/17/2069,,,,,
13.03,8.48,!    1/18/2069,,,,,
13.03,8.48,!    1/19/2069,,,,,
13.03,8.18,!    1/20/2069,,,,,
13.09,8.28,!    1/21/2069,,,,,
13.14,8.28,!    1/22/2069,,,,,
13.14,8.28,!    1/23/2069,,,,,
13.20,8.38,!    1/24/2069,,,,,
13.26,8.38,!    1/25/2069,,,,,
13.31,8.58,!    1/26/2069,,,,,
13.37,8.58,!    1/27/2069,,,,,
13.42,8.48,!    1/28/2069,,,,,
13.48,8.38,!    1/29/2069,,,,,
13.53,8.28,!    1/30/2069,,,,,
13.64,8.28,!    1/31/2069,,,,,
14.37,7.63,!    2/1/2069,,,,,
14.42,7.63,!    2/2/2069,,,,,
14.53,7.83,!    2/3/2069,,,,,
14.59,7.83,!    2/4/2069,,,,,
14.70,7.83,!    2/5/2069,,,,,
14.81,7.93,!    2/6/2069,,,,,
14.92,7.93,!    2/7/2069,,,,,
14.98,8.13,!    2/8/2069,,,,,
15.09,8.23,!    2/9/2069,,,,,
15.20,8.33,!    2/10/2069,,,,,
15.31,8.33,!    2/11/2069,,,,,
15.42,8.43,!    2/12/2069,,,,,
15.53,8.43,!    2/13/2069,,,,,
15.64,8.43,!    2/14/2069,,,,,
15.76,8.43,!    2/15/2069,,,,,
15.87,8.53,!    2/16/2069,,,,,
15.98,8.63,!    2/17/2069,,,,,
16.09,8.63,!    2/18/2069,,,,,
16.20,8.73,!    2/19/2069,,,,,
16.31,8.83,!    2/20/2069,,,,,
16.42,9.03,!    2/21/2069,,,,,
16.53,9.13,!    2/22/2069,,,,,
16.64,9.23,!    2/23/2069,,,,,
16.76,9.43,!    2/24/2069,,,,,
16.92,9.53,!    2/25/2069,,,,,
17.03,9.53,!    2/26/2069,,,,,
17.14,9.73,!    2/27/2069,,,,,
17.26,9.83,!    2/28/2069,,,,,
16.65,10.61,!    3/1/2069,,,,,
16.96,10.11,!    3/2/2069,,,,,
17.07,10.11,!    3/3/2069,,,,,
17.18,10.11,!    3/4/2069,,,,,
17.30,10.11,!    3/5/2069,,,,,
17.41,10.21,!    3/6/2069,,,,,
17.52,10.31,!    3/7/2069,,,,,
17.63,10.41,!    3/8/2069,,,,,
17.74,10.61,!    3/9/2069,,,,,
17.85,10.81,!    3/10/2069,,,,,
17.91,11.01,!    3/11/2069,,,,,
18.02,11.21,!    3/12/2069,,,,,
18.13,11.31,!    3/13/2069,,,,,
18.24,11.51,!    3/14/2069,,,,,
18.35,11.61,!    3/15/2069,,,,,
18.46,11.81,!    3/16/2069,,,,,
18.57,11.91,!    3/17/2069,,,,,
18.63,12.01,!    3/18/2069,,,,,
18.74,12.21,!    3/19/2069,,,,,
18.85,12.51,!    3/20/2069,,,,,
18.96,12.61,!    3/21/2069,,,,,
19.02,12.81,!    3/22/2069,,,,,
19.13,12.81,!    3/23/2069,,,,,
19.24,13.01,!    3/24/2069,,,,,
19.35,13.31,!    3/25/2069,,,,,
19.41,13.51,!    3/26/2069,,,,,
19.52,13.71,!    3/27/2069,,,,,
19.63,13.91,!    3/28/2069,,,,,
19.68,14.11,!    3/29/2069,,,,,
19.80,14.31,!    3/30/2069,,,,,
19.91,14.51,!    3/31/2069,,,,,
20.96,15.03,!    4/1/2069,,,,,
21.40,15.23,!    4/2/2069,,,,,
21.51,15.43,!    4/3/2069,,,,,
21.62,15.73,!    4/4/2069,,,,,
21.73,16.03,!    4/5/2069,,,,,
21.79,16.23,!    4/6/2069,,,,,
21.90,16.33,!    4/7/2069,,,,,
22.01,16.43,!    4/8/2069,,,,,
22.12,16.63,!    4/9/2069,,,,,
22.23,16.83,!    4/10/2069,,,,,
22.29,17.03,!    4/11/2069,,,,,
22.40,17.33,!    4/12/2069,,,,,
22.51,17.43,!    4/13/2069,,,,,
22.62,17.53,!    4/14/2069,,,,,
22.73,17.73,!    4/15/2069,,,,,
22.84,17.83,!    4/16/2069,,,,,
22.95,17.93,!    4/17/2069,,,,,
23.06,18.03,!    4/18/2069,,,,,
23.18,18.23,!    4/19/2069,,,,,
23.29,18.33,!    4/20/2069,,,,,
23.40,18.53,!    4/21/2069,,,,,
23.56,18.83,!    4/22/2069,,,,,
23.68,18.93,!    4/23/2069,,,,,
23.79,19.03,!    4/24/2069,,,,,
23.90,19.13,!    4/25/2069,,,,,
24.01,19.23,!    4/26/2069,,,,,
24.18,19.43,!    4/27/2069,,,,,
24.29,19.63,!    4/28/2069,,,,,
24.40,20.03,!    4/29/2069,,,,,
24.56,20.23,!    4/30/2069,,,,,
23.67,19.84,!    5/1/2069,,,,,
23.89,20.04,!    5/2/2069,,,,,
24.06,20.14,!    5/3/2069,,,,,
24.17,20.34,!    5/4/2069,,,,,
24.34,20.34,!    5/5/2069,,,,,
24.45,20.44,!    5/6/2069,,,,,
24.61,20.54,!    5/7/2069,,,,,
24.72,20.74,!    5/8/2069,,,,,
24.89,20.94,!    5/9/2069,,,,,
25.00,21.14,!    5/10/2069,,,,,
25.11,21.24,!    5/11/2069,,,,,
25.28,21.34,!    5/12/2069,,,,,
25.39,21.54,!    5/13/2069,,,,,
25.56,21.64,!    5/14/2069,,,,,
25.67,21.74,!    5/15/2069,,,,,
25.84,21.94,!    5/16/2069,,,,,
25.95,22.14,!    5/17/2069,,,,,
26.11,22.34,!    5/18/2069,,,,,
26.22,22.34,!    5/19/2069,,,,,
26.34,22.54,!    5/20/2069,,,,,
26.50,22.74,!    5/21/2069,,,,,
26.61,23.04,!    5/22/2069,,,,,
26.72,23.24,!    5/23/2069,,,,,
26.89,23.44,!    5/24/2069,,,,,
27.00,23.64,!    5/25/2069,,,,,
27.11,23.94,!    5/26/2069,,,,,
27.22,24.14,!    5/27/2069,,,,,
27.34,24.24,!    5/28/2069,,,,,
27.45,24.44,!    5/29/2069,,,,,
27.56,24.64,!    5/30/2069,,,,,
27.67,24.74,!    5/31/2069,,,,,
28.24,25.49,!    6/1/2069,,,,,
28.43,25.69,!    6/2/2069,,,,,
28.49,25.89,!    6/3/2069,,,,,
28.60,26.09,!    6/4/2069,,,,,
28.71,26.29,!    6/5/2069,,,,,
28.77,26.49,!    6/6/2069,,,,,
28.88,26.79,!    6/7/2069,,,,,
28.93,27.09,!    6/8/2069,,,,,
29.05,27.39,!    6/9/2069,,,,,
29.10,27.59,!    6/10/2069,,,,,
29.16,27.79,!    6/11/2069,,,,,
29.27,27.99,!    6/12/2069,,,,,
29.32,28.09,!    6/13/2069,,,,,
29.38,28.19,!    6/14/2069,,,,,
29.43,28.39,!    6/15/2069,,,,,
29.49,28.59,!    6/16/2069,,,,,
29.55,28.79,!    6/17/2069,,,,,
29.60,28.89,!    6/18/2069,,,,,
29.66,28.99,!    6/19/2069,,,,,
29.66,29.09,!    6/20/2069,,,,,
29.71,29.29,!    6/21/2069,,,,,
29.77,29.39,!    6/22/2069,,,,,
29.82,29.49,!    6/23/2069,,,,,
29.82,29.59,!    6/24/2069,,,,,
29.88,29.79,!    6/25/2069,,,,,
29.88,29.89,!    6/26/2069,,,,,
29.93,29.99,!    6/27/2069,,,,,
29.93,30.09,!    6/28/2069,,,,,
29.99,30.09,!    6/29/2069,,,,,
29.99,30.19,!    6/30/2069,,,,,
30.28,30.05,!    7/1/2069,,,,,
30.22,30.15,!    7/2/2069,,,,,
30.22,30.35,!    7/3/2069,,,,,
30.28,30.35,!    7/4/2069,,,,,
30.28,30.35,!    7/5/2069,,,,,
30.33,30.35,!    7/6/2069,,,,,
30.33,30.35,!    7/7/2069,,,,,
30.33,30.35,!    7/8/2069,,,,,
30.33,30.25,!    7/9/2069,,,,,
30.39,30.35,!    7/10/2069,,,,,
30.39,30.35,!    7/11/2069,,,,,
30.39,30.35,!    7/12/2069,,,,,
30.45,30.35,!    7/13/2069,,,,,
30.45,30.45,!    7/14/2069,,,,,
30.45,30.45,!    7/15/2069,,,,,
30.45,30.45,!    7/16/2069,,,,,
30.50,30.45,!    7/17/2069,,,,,
30.50,30.55,!    7/18/2069,,,,,
30.50,30.55,!    7/19/2069,,,,,
30.56,30.75,!    7/20/2069,,,,,
30.56,30.85,!    7/21/2069,,,,,
30.56,30.85,!    7/22/2069,,,,,
30.56,30.95,!    7/23/2069,,,,,
30.56,30.95,!    7/24/2069,,,,,
30.61,30.95,!    7/25/2069,,,,,
30.61,31.05,!    7/26/2069,,,,,
30.61,31.15,!    7/27/2069,,,,,
30.61,31.25,!    7/28/2069,,,,,
30.61,31.25,!    7/29/2069,,,,,
30.67,31.35,!    7/30/2069,,,,,
30.67,31.35,!    7/31/2069,,,,,
30.43,31.38,!    8/1/2069,,,,,
30.44,31.28,!    8/2/2069,,,,,
30.44,31.38,!    8/3/2069,,,,,
30.44,31.38,!    8/4/2069,,,,,
30.44,31.48,!    8/5/2069,,,,,
30.44,31.48,!    8/6/2069,,,,,
30.44,31.58,!    8/7/2069,,,,,
30.44,31.68,!    8/8/2069,,,,,
30.44,31.68,!    8/9/2069,,,,,
30.44,31.78,!    8/10/2069,,,,,
30.44,31.68,!    8/11/2069,,,,,
30.44,31.78,!    8/12/2069,,,,,
30.44,31.68,!    8/13/2069,,,,,
30.39,31.48,!    8/14/2069,,,,,
30.39,31.48,!    8/15/2069,,,,,
30.39,31.48,!    8/16/2069,,,,,
30.33,31.58,!    8/17/2069,,,,,
30.33,31.58,!    8/18/2069,,,,,
30.33,31.48,!    8/19/2069,,,,,
30.28,31.38,!    8/20/2069,,,,,
30.28,31.18,!    8/21/2069,,,,,
30.22,31.18,!    8/22/2069,,,,,
30.22,31.18,!    8/23/2069,,,,,
30.16,31.18,!    8/24/2069,,,,,
30.11,31.28,!    8/25/2069,,,,,
30.11,31.18,!    8/26/2069,,,,,
30.05,31.08,!    8/27/2069,,,,,
30.00,30.98,!    8/28/2069,,,,,
29.94,30.88,!    8/29/2069,,,,,
29.94,30.78,!    8/30/2069,,,,,
29.89,30.68,!    8/31/2069,,,,,
30.31,30.47,!    9/1/2069,,,,,
30.12,30.37,!    9/2/2069,,,,,
30.07,30.27,!    9/3/2069,,,,,
30.01,30.07,!    9/4/2069,,,,,
29.90,30.07,!    9/5/2069,,,,,
29.84,29.97,!    9/6/2069,,,,,
29.79,29.97,!    9/7/2069,,,,,
29.73,29.97,!    9/8/2069,,,,,
29.62,29.87,!    9/9/2069,,,,,
29.57,29.77,!    9/10/2069,,,,,
29.51,29.67,!    9/11/2069,,,,,
29.40,29.47,!    9/12/2069,,,,,
29.34,29.37,!    9/13/2069,,,,,
29.23,29.37,!    9/14/2069,,,,,
29.12,29.27,!    9/15/2069,,,,,
29.07,29.17,!    9/16/2069,,,,,
28.95,28.97,!    9/17/2069,,,,,
28.84,28.87,!    9/18/2069,,,,,
28.73,28.77,!    9/19/2069,,,,,
28.62,28.47,!    9/20/2069,,,,,
28.51,28.37,!    9/21/2069,,,,,
28.40,28.17,!    9/22/2069,,,,,
28.29,28.07,!    9/23/2069,,,,,
28.18,28.07,!    9/24/2069,,,,,
28.01,27.87,!    9/25/2069,,,,,
27.90,27.77,!    9/26/2069,,,,,
27.79,27.47,!    9/27/2069,,,,,
27.62,27.47,!    9/28/2069,,,,,
27.51,27.37,!    9/29/2069,,,,,
27.34,27.17,!    9/30/2069,,,,,
27.23,27.26,!    10/1/2069,,,,,
26.95,26.96,!    10/2/2069,,,,,
26.78,26.66,!    10/3/2069,,,,,
26.62,26.46,!    10/4/2069,,,,,
26.45,26.46,!    10/5/2069,,,,,
26.28,26.36,!    10/6/2069,,,,,
26.12,26.16,!    10/7/2069,,,,,
25.95,25.96,!    10/8/2069,,,,,
25.78,25.76,!    10/9/2069,,,,,
25.56,25.56,!    10/10/2069,,,,,
25.39,25.46,!    10/11/2069,,,,,
25.23,25.36,!    10/12/2069,,,,,
25.06,25.16,!    10/13/2069,,,,,
24.84,24.96,!    10/14/2069,,,,,
24.67,24.76,!    10/15/2069,,,,,
24.45,24.56,!    10/16/2069,,,,,
24.28,24.36,!    10/17/2069,,,,,
24.06,24.06,!    10/18/2069,,,,,
23.89,23.86,!    10/19/2069,,,,,
23.67,23.56,!    10/20/2069,,,,,
23.50,23.06,!    10/21/2069,,,,,
23.28,22.76,!    10/22/2069,,,,,
23.12,22.46,!    10/23/2069,,,,,
22.89,22.06,!    10/24/2069,,,,,
22.73,21.76,!    10/25/2069,,,,,
22.50,21.36,!    10/26/2069,,,,,
22.34,21.16,!    10/27/2069,,,,,
22.12,20.96,!    10/28/2069,,,,,
21.95,20.46,!    10/29/2069,,,,,
21.73,20.06,!    10/30/2069,,,,,
21.56,19.86,!    10/31/2069,,,,,
21.85,20.13,!    11/1/2069,,,,,
21.45,19.93,!    11/2/2069,,,,,
21.28,19.73,!    11/3/2069,,,,,
21.06,19.63,!    11/4/2069,,,,,
20.89,19.43,!    11/5/2069,,,,,
20.73,19.23,!    11/6/2069,,,,,
20.56,19.33,!    11/7/2069,,,,,
20.39,19.13,!    11/8/2069,,,,,
20.23,18.93,!    11/9/2069,,,,,
20.06,18.73,!    11/10/2069,,,,,
19.89,18.53,!    11/11/2069,,,,,
19.73,18.33,!    11/12/2069,,,,,
19.62,18.13,!    11/13/2069,,,,,
19.45,17.83,!    11/14/2069,,,,,
19.28,17.53,!    11/15/2069,,,,,
19.17,17.33,!    11/16/2069,,,,,
19.01,17.13,!    11/17/2069,,,,,
18.89,16.83,!    11/18/2069,,,,,
18.78,16.53,!    11/19/2069,,,,,
18.62,16.23,!    11/20/2069,,,,,
18.51,16.03,!    11/21/2069,,,,,
18.39,15.83,!    11/22/2069,,,,,
18.28,15.63,!    11/23/2069,,,,,
18.17,15.53,!    11/24/2069,,,,,
18.06,15.43,!    11/25/2069,,,,,
17.95,15.33,!    11/26/2069,,,,,
17.84,15.13,!    11/27/2069,,,,,
17.73,14.93,!    11/28/2069,,,,,
17.62,14.73,!    11/29/2069,,,,,
17.56,14.63,!    11/30/2069,,,,,
17.19,14.71,!    12/1/2069,,,,,
16.88,14.41,!    12/2/2069,,,,,
16.82,14.21,!    12/3/2069,,,,,
16.71,14.11,!    12/4/2069,,,,,
16.60,13.91,!    12/5/2069,,,,,
16.55,13.71,!    12/6/2069,,,,,
16.44,13.31,!    12/7/2069,,,,,
16.38,13.11,!    12/8/2069,,,,,
16.27,12.91,!    12/9/2069,,,,,
16.21,12.71,!    12/10/2069,,,,,
16.10,12.51,!    12/11/2069,,,,,
16.05,12.21,!    12/12/2069,,,,,
15.94,12.11,!    12/13/2069,,,,,
15.88,11.91,!    12/14/2069,,,,,
15.82,11.81,!    12/15/2069,,,,,
15.71,11.61,!    12/16/2069,,,,,
15.66,11.51,!    12/17/2069,,,,,
15.55,11.31,!    12/18/2069,,,,,
15.49,11.21,!    12/19/2069,,,,,
15.44,11.11,!    12/20/2069,,,,,
15.32,11.01,!    12/21/2069,,,,,
15.27,10.91,!    12/22/2069,,,,,
15.21,10.91,!    12/23/2069,,,,,
15.16,10.81,!    12/24/2069,,,,,
15.05,10.71,!    12/25/2069,,,,,
14.99,10.61,!    12/26/2069,,,,,
14.94,10.51,!    12/27/2069,,,,,
14.88,10.51,!    12/28/2069,,,,,
14.82,10.51,!    12/29/2069,,,,,
14.77,10.41,!    12/30/2069,,,,,
14.71,10.41,!    12/31/2069,,,,,
14.74,10.37,!    1/1/2070,,,,,
14.68,10.27,!    1/2/2070,,,,,
14.63,10.17,!    1/3/2070,,,,,
14.57,10.07,!    1/4/2070,,,,,
14.57,9.87,!    1/5/2070,,,,,
14.52,9.77,!    1/6/2070,,,,,
14.46,9.67,!    1/7/2070,,,,,
14.46,9.57,!    1/8/2070,,,,,
14.40,9.47,!    1/9/2070,,,,,
14.40,9.47,!    1/10/2070,,,,,
14.40,9.37,!    1/11/2070,,,,,
14.35,9.37,!    1/12/2070,,,,,
14.35,9.27,!    1/13/2070,,,,,
14.35,9.07,!    1/14/2070,,,,,
14.35,8.97,!    1/15/2070,,,,,
14.35,8.87,!    1/16/2070,,,,,
14.35,8.77,!    1/17/2070,,,,,
14.40,8.77,!    1/18/2070,,,,,
14.40,8.77,!    1/19/2070,,,,,
14.40,8.47,!    1/20/2070,,,,,
14.46,8.57,!    1/21/2070,,,,,
14.52,8.57,!    1/22/2070,,,,,
14.52,8.57,!    1/23/2070,,,,,
14.57,8.67,!    1/24/2070,,,,,
14.63,8.67,!    1/25/2070,,,,,
14.68,8.87,!    1/26/2070,,,,,
14.74,8.87,!    1/27/2070,,,,,
14.79,8.77,!    1/28/2070,,,,,
14.85,8.67,!    1/29/2070,,,,,
14.90,8.57,!    1/30/2070,,,,,
15.02,8.57,!    1/31/2070,,,,,
13.93,8.54,!    2/1/2070,,,,,
13.98,8.54,!    2/2/2070,,,,,
14.09,8.74,!    2/3/2070,,,,,
14.15,8.74,!    2/4/2070,,,,,
14.26,8.74,!    2/5/2070,,,,,
14.37,8.84,!    2/6/2070,,,,,
14.48,8.84,!    2/7/2070,,,,,
14.54,9.04,!    2/8/2070,,,,,
14.65,9.14,!    2/9/2070,,,,,
14.76,9.24,!    2/10/2070,,,,,
14.87,9.24,!    2/11/2070,,,,,
14.98,9.34,!    2/12/2070,,,,,
15.09,9.34,!    2/13/2070,,,,,
15.20,9.34,!    2/14/2070,,,,,
15.31,9.34,!    2/15/2070,,,,,
15.43,9.44,!    2/16/2070,,,,,
15.54,9.54,!    2/17/2070,,,,,
15.65,9.54,!    2/18/2070,,,,,
15.76,9.64,!    2/19/2070,,,,,
15.87,9.74,!    2/20/2070,,,,,
15.98,9.94,!    2/21/2070,,,,,
16.09,10.04,!    2/22/2070,,,,,
16.20,10.14,!    2/23/2070,,,,,
16.31,10.34,!    2/24/2070,,,,,
16.48,10.44,!    2/25/2070,,,,,
16.59,10.44,!    2/26/2070,,,,,
16.70,10.64,!    2/27/2070,,,,,
16.81,10.74,!    2/28/2070,,,,,
16.87,10.68,!    3/1/2070,,,,,
17.18,10.18,!    3/2/2070,,,,,
17.29,10.18,!    3/3/2070,,,,,
17.40,10.18,!    3/4/2070,,,,,
17.51,10.18,!    3/5/2070,,,,,
17.63,10.28,!    3/6/2070,,,,,
17.74,10.38,!    3/7/2070,,,,,
17.85,10.48,!    3/8/2070,,,,,
17.96,10.68,!    3/9/2070,,,,,
18.07,10.88,!    3/10/2070,,,,,
18.13,11.08,!    3/11/2070,,,,,
18.24,11.28,!    3/12/2070,,,,,
18.35,11.38,!    3/13/2070,,,,,
18.46,11.58,!    3/14/2070,,,,,
18.57,11.68,!    3/15/2070,,,,,
18.68,11.88,!    3/16/2070,,,,,
18.79,11.98,!    3/17/2070,,,,,
18.85,12.08,!    3/18/2070,,,,,
18.96,12.28,!    3/19/2070,,,,,
19.07,12.58,!    3/20/2070,,,,,
19.18,12.68,!    3/21/2070,,,,,
19.24,12.88,!    3/22/2070,,,,,
19.35,12.88,!    3/23/2070,,,,,
19.46,13.08,!    3/24/2070,,,,,
19.57,13.38,!    3/25/2070,,,,,
19.63,13.58,!    3/26/2070,,,,,
19.74,13.78,!    3/27/2070,,,,,
19.85,13.98,!    3/28/2070,,,,,
19.90,14.18,!    3/29/2070,,,,,
20.01,14.38,!    3/30/2070,,,,,
20.13,14.58,!    3/31/2070,,,,,
20.90,14.25,!    4/1/2070,,,,,
21.34,14.45,!    4/2/2070,,,,,
21.45,14.65,!    4/3/2070,,,,,
21.56,14.95,!    4/4/2070,,,,,
21.68,15.25,!    4/5/2070,,,,,
21.73,15.45,!    4/6/2070,,,,,
21.84,15.55,!    4/7/2070,,,,,
21.95,15.65,!    4/8/2070,,,,,
22.06,15.85,!    4/9/2070,,,,,
22.18,16.05,!    4/10/2070,,,,,
22.23,16.25,!    4/11/2070,,,,,
22.34,16.55,!    4/12/2070,,,,,
22.45,16.65,!    4/13/2070,,,,,
22.56,16.75,!    4/14/2070,,,,,
22.68,16.95,!    4/15/2070,,,,,
22.79,17.05,!    4/16/2070,,,,,
22.90,17.15,!    4/17/2070,,,,,
23.01,17.25,!    4/18/2070,,,,,
23.12,17.45,!    4/19/2070,,,,,
23.23,17.55,!    4/20/2070,,,,,
23.34,17.75,!    4/21/2070,,,,,
23.51,18.05,!    4/22/2070,,,,,
23.62,18.15,!    4/23/2070,,,,,
23.73,18.25,!    4/24/2070,,,,,
23.84,18.35,!    4/25/2070,,,,,
23.95,18.45,!    4/26/2070,,,,,
24.12,18.65,!    4/27/2070,,,,,
24.23,18.85,!    4/28/2070,,,,,
24.34,19.25,!    4/29/2070,,,,,
24.51,19.45,!    4/30/2070,,,,,
24.02,20.43,!    5/1/2070,,,,,
24.24,20.63,!    5/2/2070,,,,,
24.40,20.73,!    5/3/2070,,,,,
24.52,20.93,!    5/4/2070,,,,,
24.68,20.93,!    5/5/2070,,,,,
24.79,21.03,!    5/6/2070,,,,,
24.96,21.13,!    5/7/2070,,,,,
25.07,21.33,!    5/8/2070,,,,,
25.24,21.53,!    5/9/2070,,,,,
25.35,21.73,!    5/10/2070,,,,,
25.46,21.83,!    5/11/2070,,,,,
25.63,21.93,!    5/12/2070,,,,,
25.74,22.13,!    5/13/2070,,,,,
25.90,22.23,!    5/14/2070,,,,,
26.02,22.33,!    5/15/2070,,,,,
26.18,22.53,!    5/16/2070,,,,,
26.29,22.73,!    5/17/2070,,,,,
26.46,22.93,!    5/18/2070,,,,,
26.57,22.93,!    5/19/2070,,,,,
26.68,23.13,!    5/20/2070,,,,,
26.85,23.33,!    5/21/2070,,,,,
26.96,23.63,!    5/22/2070,,,,,
27.07,23.83,!    5/23/2070,,,,,
27.24,24.03,!    5/24/2070,,,,,
27.35,24.23,!    5/25/2070,,,,,
27.46,24.53,!    5/26/2070,,,,,
27.57,24.73,!    5/27/2070,,,,,
27.68,24.83,!    5/28/2070,,,,,
27.79,25.03,!    5/29/2070,,,,,
27.90,25.23,!    5/30/2070,,,,,
28.02,25.33,!    5/31/2070,,,,,
28.54,24.89,!    6/1/2070,,,,,
28.74,25.09,!    6/2/2070,,,,,
28.79,25.29,!    6/3/2070,,,,,
28.90,25.49,!    6/4/2070,,,,,
29.01,25.69,!    6/5/2070,,,,,
29.07,25.89,!    6/6/2070,,,,,
29.18,26.19,!    6/7/2070,,,,,
29.24,26.49,!    6/8/2070,,,,,
29.35,26.79,!    6/9/2070,,,,,
29.40,26.99,!    6/10/2070,,,,,
29.46,27.19,!    6/11/2070,,,,,
29.57,27.39,!    6/12/2070,,,,,
29.63,27.49,!    6/13/2070,,,,,
29.68,27.59,!    6/14/2070,,,,,
29.74,27.79,!    6/15/2070,,,,,
29.79,27.99,!    6/16/2070,,,,,
29.85,28.19,!    6/17/2070,,,,,
29.90,28.29,!    6/18/2070,,,,,
29.96,28.39,!    6/19/2070,,,,,
29.96,28.49,!    6/20/2070,,,,,
30.01,28.69,!    6/21/2070,,,,,
30.07,28.79,!    6/22/2070,,,,,
30.13,28.89,!    6/23/2070,,,,,
30.13,28.99,!    6/24/2070,,,,,
30.18,29.19,!    6/25/2070,,,,,
30.18,29.29,!    6/26/2070,,,,,
30.24,29.39,!    6/27/2070,,,,,
30.24,29.49,!    6/28/2070,,,,,
30.29,29.49,!    6/29/2070,,,,,
30.29,29.59,!    6/30/2070,,,,,
29.82,30.39,!    7/1/2070,,,,,
29.77,30.49,!    7/2/2070,,,,,
29.77,30.69,!    7/3/2070,,,,,
29.82,30.69,!    7/4/2070,,,,,
29.82,30.69,!    7/5/2070,,,,,
29.88,30.69,!    7/6/2070,,,,,
29.88,30.69,!    7/7/2070,,,,,
29.88,30.69,!    7/8/2070,,,,,
29.88,30.59,!    7/9/2070,,,,,
29.93,30.69,!    7/10/2070,,,,,
29.93,30.69,!    7/11/2070,,,,,
29.93,30.69,!    7/12/2070,,,,,
29.99,30.69,!    7/13/2070,,,,,
29.99,30.79,!    7/14/2070,,,,,
29.99,30.79,!    7/15/2070,,,,,
29.99,30.79,!    7/16/2070,,,,,
30.04,30.79,!    7/17/2070,,,,,
30.04,30.89,!    7/18/2070,,,,,
30.04,30.89,!    7/19/2070,,,,,
30.10,31.09,!    7/20/2070,,,,,
30.10,31.19,!    7/21/2070,,,,,
30.10,31.19,!    7/22/2070,,,,,
30.10,31.29,!    7/23/2070,,,,,
30.10,31.29,!    7/24/2070,,,,,
30.15,31.29,!    7/25/2070,,,,,
30.15,31.39,!    7/26/2070,,,,,
30.15,31.49,!    7/27/2070,,,,,
30.15,31.59,!    7/28/2070,,,,,
30.15,31.59,!    7/29/2070,,,,,
30.21,31.69,!    7/30/2070,,,,,
30.21,31.69,!    7/31/2070,,,,,
30.22,31.48,!    8/1/2070,,,,,
30.23,31.38,!    8/2/2070,,,,,
30.23,31.48,!    8/3/2070,,,,,
30.23,31.48,!    8/4/2070,,,,,
30.23,31.58,!    8/5/2070,,,,,
30.23,31.58,!    8/6/2070,,,,,
30.23,31.68,!    8/7/2070,,,,,
30.23,31.78,!    8/8/2070,,,,,
30.23,31.78,!    8/9/2070,,,,,
30.23,31.88,!    8/10/2070,,,,,
30.23,31.78,!    8/11/2070,,,,,
30.23,31.88,!    8/12/2070,,,,,
30.23,31.78,!    8/13/2070,,,,,
30.18,31.58,!    8/14/2070,,,,,
30.18,31.58,!    8/15/2070,,,,,
30.18,31.58,!    8/16/2070,,,,,
30.12,31.68,!    8/17/2070,,,,,
30.12,31.68,!    8/18/2070,,,,,
30.12,31.58,!    8/19/2070,,,,,
30.07,31.48,!    8/20/2070,,,,,
30.07,31.28,!    8/21/2070,,,,,
30.01,31.28,!    8/22/2070,,,,,
30.01,31.28,!    8/23/2070,,,,,
29.96,31.28,!    8/24/2070,,,,,
29.90,31.38,!    8/25/2070,,,,,
29.90,31.28,!    8/26/2070,,,,,
29.84,31.18,!    8/27/2070,,,,,
29.79,31.08,!    8/28/2070,,,,,
29.73,30.98,!    8/29/2070,,,,,
29.73,30.88,!    8/30/2070,,,,,
29.68,30.78,!    8/31/2070,,,,,
29.85,30.90,!    9/1/2070,,,,,
29.66,30.80,!    9/2/2070,,,,,
29.61,30.70,!    9/3/2070,,,,,
29.55,30.50,!    9/4/2070,,,,,
29.44,30.50,!    9/5/2070,,,,,
29.38,30.40,!    9/6/2070,,,,,
29.33,30.40,!    9/7/2070,,,,,
29.27,30.40,!    9/8/2070,,,,,
29.16,30.30,!    9/9/2070,,,,,
29.11,30.20,!    9/10/2070,,,,,
29.05,30.10,!    9/11/2070,,,,,
28.94,29.90,!    9/12/2070,,,,,
28.88,29.80,!    9/13/2070,,,,,
28.77,29.80,!    9/14/2070,,,,,
28.66,29.70,!    9/15/2070,,,,,
28.61,29.60,!    9/16/2070,,,,,
28.49,29.40,!    9/17/2070,,,,,
28.38,29.30,!    9/18/2070,,,,,
28.27,29.20,!    9/19/2070,,,,,
28.16,28.90,!    9/20/2070,,,,,
28.05,28.80,!    9/21/2070,,,,,
27.94,28.60,!    9/22/2070,,,,,
27.83,28.50,!    9/23/2070,,,,,
27.72,28.50,!    9/24/2070,,,,,
27.55,28.30,!    9/25/2070,,,,,
27.44,28.20,!    9/26/2070,,,,,
27.33,27.90,!    9/27/2070,,,,,
27.16,27.90,!    9/28/2070,,,,,
27.05,27.80,!    9/29/2070,,,,,
26.88,27.60,!    9/30/2070,,,,,
27.06,27.45,!    10/1/2070,,,,,
26.78,27.15,!    10/2/2070,,,,,
26.61,26.85,!    10/3/2070,,,,,
26.44,26.65,!    10/4/2070,,,,,
26.28,26.65,!    10/5/2070,,,,,
26.11,26.55,!    10/6/2070,,,,,
25.94,26.35,!    10/7/2070,,,,,
25.78,26.15,!    10/8/2070,,,,,
25.61,25.95,!    10/9/2070,,,,,
25.39,25.75,!    10/10/2070,,,,,
25.22,25.65,!    10/11/2070,,,,,
25.05,25.55,!    10/12/2070,,,,,
24.89,25.35,!    10/13/2070,,,,,
24.67,25.15,!    10/14/2070,,,,,
24.50,24.95,!    10/15/2070,,,,,
24.28,24.75,!    10/16/2070,,,,,
24.11,24.55,!    10/17/2070,,,,,
23.89,24.25,!    10/18/2070,,,,,
23.72,24.05,!    10/19/2070,,,,,
23.50,23.75,!    10/20/2070,,,,,
23.33,23.25,!    10/21/2070,,,,,
23.11,22.95,!    10/22/2070,,,,,
22.94,22.65,!    10/23/2070,,,,,
22.72,22.25,!    10/24/2070,,,,,
22.55,21.95,!    10/25/2070,,,,,
22.33,21.55,!    10/26/2070,,,,,
22.17,21.35,!    10/27/2070,,,,,
21.94,21.15,!    10/28/2070,,,,,
21.78,20.65,!    10/29/2070,,,,,
21.55,20.25,!    10/30/2070,,,,,
21.39,20.05,!    10/31/2070,,,,,
21.43,20.17,!    11/1/2070,,,,,
21.03,19.97,!    11/2/2070,,,,,
20.86,19.77,!    11/3/2070,,,,,
20.64,19.67,!    11/4/2070,,,,,
20.47,19.47,!    11/5/2070,,,,,
20.31,19.27,!    11/6/2070,,,,,
20.14,19.37,!    11/7/2070,,,,,
19.97,19.17,!    11/8/2070,,,,,
19.81,18.97,!    11/9/2070,,,,,
19.64,18.77,!    11/10/2070,,,,,
19.47,18.57,!    11/11/2070,,,,,
19.31,18.37,!    11/12/2070,,,,,
19.20,18.17,!    11/13/2070,,,,,
19.03,17.87,!    11/14/2070,,,,,
18.86,17.57,!    11/15/2070,,,,,
18.75,17.37,!    11/16/2070,,,,,
18.58,17.17,!    11/17/2070,,,,,
18.47,16.87,!    11/18/2070,,,,,
18.36,16.57,!    11/19/2070,,,,,
18.20,16.27,!    11/20/2070,,,,,
18.08,16.07,!    11/21/2070,,,,,
17.97,15.87,!    11/22/2070,,,,,
17.86,15.67,!    11/23/2070,,,,,
17.75,15.57,!    11/24/2070,,,,,
17.64,15.47,!    11/25/2070,,,,,
17.53,15.37,!    11/26/2070,,,,,
17.42,15.17,!    11/27/2070,,,,,
17.31,14.97,!    11/28/2070,,,,,
17.20,14.77,!    11/29/2070,,,,,
17.14,14.67,!    11/30/2070,,,,,
17.20,14.85,!    12/1/2070,,,,,
16.88,14.55,!    12/2/2070,,,,,
16.83,14.35,!    12/3/2070,,,,,
16.72,14.25,!    12/4/2070,,,,,
16.61,14.05,!    12/5/2070,,,,,
16.55,13.85,!    12/6/2070,,,,,
16.44,13.45,!    12/7/2070,,,,,
16.38,13.25,!    12/8/2070,,,,,
16.27,13.05,!    12/9/2070,,,,,
16.22,12.85,!    12/10/2070,,,,,
16.11,12.65,!    12/11/2070,,,,,
16.05,12.35,!    12/12/2070,,,,,
15.94,12.25,!    12/13/2070,,,,,
15.88,12.05,!    12/14/2070,,,,,
15.83,11.95,!    12/15/2070,,,,,
15.72,11.75,!    12/16/2070,,,,,
15.66,11.65,!    12/17/2070,,,,,
15.55,11.45,!    12/18/2070,,,,,
15.49,11.35,!    12/19/2070,,,,,
15.44,11.25,!    12/20/2070,,,,,
15.33,11.15,!    12/21/2070,,,,,
15.27,11.05,!    12/22/2070,,,,,
15.22,11.05,!    12/23/2070,,,,,
15.16,10.95,!    12/24/2070,,,,,
15.05,10.85,!    12/25/2070,,,,,
14.99,10.75,!    12/26/2070,,,,,
14.94,10.65,!    12/27/2070,,,,,
14.88,10.65,!    12/28/2070,,,,,
14.83,10.65,!    12/29/2070,,,,,
14.77,10.55,!    12/30/2070,,,,,
14.72,10.55,!    12/31/2070,,,,,
14.11,9.27,!    1/1/2071,,,,,
14.06,9.17,!    1/2/2071,,,,,
14.00,9.07,!    1/3/2071,,,,,
13.95,8.97,!    1/4/2071,,,,,
13.95,8.77,!    1/5/2071,,,,,
13.89,8.67,!    1/6/2071,,,,,
13.83,8.57,!    1/7/2071,,,,,
13.83,8.47,!    1/8/2071,,,,,
13.78,8.37,!    1/9/2071,,,,,
13.78,8.37,!    1/10/2071,,,,,
13.78,8.27,!    1/11/2071,,,,,
13.72,8.27,!    1/12/2071,,,,,
13.72,8.17,!    1/13/2071,,,,,
13.72,7.97,!    1/14/2071,,,,,
13.72,7.87,!    1/15/2071,,,,,
13.72,7.77,!    1/16/2071,,,,,
13.72,7.67,!    1/17/2071,,,,,
13.78,7.67,!    1/18/2071,,,,,
13.78,7.67,!    1/19/2071,,,,,
13.78,7.37,!    1/20/2071,,,,,
13.83,7.47,!    1/21/2071,,,,,
13.89,7.47,!    1/22/2071,,,,,
13.89,7.47,!    1/23/2071,,,,,
13.95,7.57,!    1/24/2071,,,,,
14.00,7.57,!    1/25/2071,,,,,
14.06,7.77,!    1/26/2071,,,,,
14.11,7.77,!    1/27/2071,,,,,
14.17,7.67,!    1/28/2071,,,,,
14.22,7.57,!    1/29/2071,,,,,
14.28,7.47,!    1/30/2071,,,,,
14.39,7.47,!    1/31/2071,,,,,
14.74,8.31,!    2/1/2071,,,,,
14.79,8.31,!    2/2/2071,,,,,
14.91,8.51,!    2/3/2071,,,,,
14.96,8.51,!    2/4/2071,,,,,
15.07,8.51,!    2/5/2071,,,,,
15.18,8.61,!    2/6/2071,,,,,
15.29,8.61,!    2/7/2071,,,,,
15.35,8.81,!    2/8/2071,,,,,
15.46,8.91,!    2/9/2071,,,,,
15.57,9.01,!    2/10/2071,,,,,
15.68,9.01,!    2/11/2071,,,,,
15.79,9.11,!    2/12/2071,,,,,
15.91,9.11,!    2/13/2071,,,,,
16.02,9.11,!    2/14/2071,,,,,
16.13,9.11,!    2/15/2071,,,,,
16.24,9.21,!    2/16/2071,,,,,
16.35,9.31,!    2/17/2071,,,,,
16.46,9.31,!    2/18/2071,,,,,
16.57,9.41,!    2/19/2071,,,,,
16.68,9.51,!    2/20/2071,,,,,
16.79,9.71,!    2/21/2071,,,,,
16.91,9.81,!    2/22/2071,,,,,
17.02,9.91,!    2/23/2071,,,,,
17.13,10.11,!    2/24/2071,,,,,
17.29,10.21,!    2/25/2071,,,,,
17.41,10.21,!    2/26/2071,,,,,
17.52,10.41,!    2/27/2071,,,,,
17.63,10.51,!    2/28/2071,,,,,
17.14,11.10,!    3/1/2071,,,,,
17.45,10.60,!    3/2/2071,,,,,
17.56,10.60,!    3/3/2071,,,,,
17.67,10.60,!    3/4/2071,,,,,
17.79,10.60,!    3/5/2071,,,,,
17.90,10.70,!    3/6/2071,,,,,
18.01,10.80,!    3/7/2071,,,,,
18.12,10.90,!    3/8/2071,,,,,
18.23,11.10,!    3/9/2071,,,,,
18.34,11.30,!    3/10/2071,,,,,
18.40,11.50,!    3/11/2071,,,,,
18.51,11.70,!    3/12/2071,,,,,
18.62,11.80,!    3/13/2071,,,,,
18.73,12.00,!    3/14/2071,,,,,
18.84,12.10,!    3/15/2071,,,,,
18.95,12.30,!    3/16/2071,,,,,
19.06,12.40,!    3/17/2071,,,,,
19.12,12.50,!    3/18/2071,,,,,
19.23,12.70,!    3/19/2071,,,,,
19.34,13.00,!    3/20/2071,,,,,
19.45,13.10,!    3/21/2071,,,,,
19.51,13.30,!    3/22/2071,,,,,
19.62,13.30,!    3/23/2071,,,,,
19.73,13.50,!    3/24/2071,,,,,
19.84,13.80,!    3/25/2071,,,,,
19.90,14.00,!    3/26/2071,,,,,
20.01,14.20,!    3/27/2071,,,,,
20.12,14.40,!    3/28/2071,,,,,
20.17,14.60,!    3/29/2071,,,,,
20.29,14.80,!    3/30/2071,,,,,
20.40,15.00,!    3/31/2071,,,,,
21.06,15.14,!    4/1/2071,,,,,
21.50,15.34,!    4/2/2071,,,,,
21.62,15.54,!    4/3/2071,,,,,
21.73,15.84,!    4/4/2071,,,,,
21.84,16.14,!    4/5/2071,,,,,
21.89,16.34,!    4/6/2071,,,,,
22.00,16.44,!    4/7/2071,,,,,
22.12,16.54,!    4/8/2071,,,,,
22.23,16.74,!    4/9/2071,,,,,
22.34,16.94,!    4/10/2071,,,,,
22.39,17.14,!    4/11/2071,,,,,
22.50,17.44,!    4/12/2071,,,,,
22.62,17.54,!    4/13/2071,,,,,
22.73,17.64,!    4/14/2071,,,,,
22.84,17.84,!    4/15/2071,,,,,
22.95,17.94,!    4/16/2071,,,,,
23.06,18.04,!    4/17/2071,,,,,
23.17,18.14,!    4/18/2071,,,,,
23.28,18.34,!    4/19/2071,,,,,
23.39,18.44,!    4/20/2071,,,,,
23.50,18.64,!    4/21/2071,,,,,
23.67,18.94,!    4/22/2071,,,,,
23.78,19.04,!    4/23/2071,,,,,
23.89,19.14,!    4/24/2071,,,,,
24.00,19.24,!    4/25/2071,,,,,
24.12,19.34,!    4/26/2071,,,,,
24.28,19.54,!    4/27/2071,,,,,
24.39,19.74,!    4/28/2071,,,,,
24.50,20.14,!    4/29/2071,,,,,
24.67,20.34,!    4/30/2071,,,,,
24.30,20.04,!    5/1/2071,,,,,
24.52,20.24,!    5/2/2071,,,,,
24.69,20.34,!    5/3/2071,,,,,
24.80,20.54,!    5/4/2071,,,,,
24.97,20.54,!    5/5/2071,,,,,
25.08,20.64,!    5/6/2071,,,,,
25.24,20.74,!    5/7/2071,,,,,
25.36,20.94,!    5/8/2071,,,,,
25.52,21.14,!    5/9/2071,,,,,
25.63,21.34,!    5/10/2071,,,,,
25.74,21.44,!    5/11/2071,,,,,
25.91,21.54,!    5/12/2071,,,,,
26.02,21.74,!    5/13/2071,,,,,
26.19,21.84,!    5/14/2071,,,,,
26.30,21.94,!    5/15/2071,,,,,
26.47,22.14,!    5/16/2071,,,,,
26.58,22.34,!    5/17/2071,,,,,
26.74,22.54,!    5/18/2071,,,,,
26.86,22.54,!    5/19/2071,,,,,
26.97,22.74,!    5/20/2071,,,,,
27.13,22.94,!    5/21/2071,,,,,
27.24,23.24,!    5/22/2071,,,,,
27.36,23.44,!    5/23/2071,,,,,
27.52,23.64,!    5/24/2071,,,,,
27.63,23.84,!    5/25/2071,,,,,
27.74,24.14,!    5/26/2071,,,,,
27.86,24.34,!    5/27/2071,,,,,
27.97,24.44,!    5/28/2071,,,,,
28.08,24.64,!    5/29/2071,,,,,
28.19,24.84,!    5/30/2071,,,,,
28.30,24.94,!    5/31/2071,,,,,
28.00,24.93,!    6/1/2071,,,,,
28.19,25.13,!    6/2/2071,,,,,
28.25,25.33,!    6/3/2071,,,,,
28.36,25.53,!    6/4/2071,,,,,
28.47,25.73,!    6/5/2071,,,,,
28.53,25.93,!    6/6/2071,,,,,
28.64,26.23,!    6/7/2071,,,,,
28.69,26.53,!    6/8/2071,,,,,
28.80,26.83,!    6/9/2071,,,,,
28.86,27.03,!    6/10/2071,,,,,
28.92,27.23,!    6/11/2071,,,,,
29.03,27.43,!    6/12/2071,,,,,
29.08,27.53,!    6/13/2071,,,,,
29.14,27.63,!    6/14/2071,,,,,
29.19,27.83,!    6/15/2071,,,,,
29.25,28.03,!    6/16/2071,,,,,
29.30,28.23,!    6/17/2071,,,,,
29.36,28.33,!    6/18/2071,,,,,
29.42,28.43,!    6/19/2071,,,,,
29.42,28.53,!    6/20/2071,,,,,
29.47,28.73,!    6/21/2071,,,,,
29.53,28.83,!    6/22/2071,,,,,
29.58,28.93,!    6/23/2071,,,,,
29.58,29.03,!    6/24/2071,,,,,
29.64,29.23,!    6/25/2071,,,,,
29.64,29.33,!    6/26/2071,,,,,
29.69,29.43,!    6/27/2071,,,,,
29.69,29.53,!    6/28/2071,,,,,
29.75,29.53,!    6/29/2071,,,,,
29.75,29.63,!    6/30/2071,,,,,
30.29,29.95,!    7/1/2071,,,,,
30.24,30.05,!    7/2/2071,,,,,
30.24,30.25,!    7/3/2071,,,,,
30.29,30.25,!    7/4/2071,,,,,
30.29,30.25,!    7/5/2071,,,,,
30.35,30.25,!    7/6/2071,,,,,
30.35,30.25,!    7/7/2071,,,,,
30.35,30.25,!    7/8/2071,,,,,
30.35,30.15,!    7/9/2071,,,,,
30.40,30.25,!    7/10/2071,,,,,
30.40,30.25,!    7/11/2071,,,,,
30.40,30.25,!    7/12/2071,,,,,
30.46,30.25,!    7/13/2071,,,,,
30.46,30.35,!    7/14/2071,,,,,
30.46,30.35,!    7/15/2071,,,,,
30.46,30.35,!    7/16/2071,,,,,
30.51,30.35,!    7/17/2071,,,,,
30.51,30.45,!    7/18/2071,,,,,
30.51,30.45,!    7/19/2071,,,,,
30.57,30.65,!    7/20/2071,,,,,
30.57,30.75,!    7/21/2071,,,,,
30.57,30.75,!    7/22/2071,,,,,
30.57,30.85,!    7/23/2071,,,,,
30.57,30.85,!    7/24/2071,,,,,
30.62,30.85,!    7/25/2071,,,,,
30.62,30.95,!    7/26/2071,,,,,
30.62,31.05,!    7/27/2071,,,,,
30.62,31.15,!    7/28/2071,,,,,
30.62,31.15,!    7/29/2071,,,,,
30.68,31.25,!    7/30/2071,,,,,
30.68,31.25,!    7/31/2071,,,,,
30.22,31.55,!    8/1/2071,,,,,
30.23,31.45,!    8/2/2071,,,,,
30.23,31.55,!    8/3/2071,,,,,
30.23,31.55,!    8/4/2071,,,,,
30.23,31.65,!    8/5/2071,,,,,
30.23,31.65,!    8/6/2071,,,,,
30.23,31.75,!    8/7/2071,,,,,
30.23,31.85,!    8/8/2071,,,,,
30.23,31.85,!    8/9/2071,,,,,
30.23,31.95,!    8/10/2071,,,,,
30.23,31.85,!    8/11/2071,,,,,
30.23,31.95,!    8/12/2071,,,,,
30.23,31.85,!    8/13/2071,,,,,
30.18,31.65,!    8/14/2071,,,,,
30.18,31.65,!    8/15/2071,,,,,
30.18,31.65,!    8/16/2071,,,,,
30.12,31.75,!    8/17/2071,,,,,
30.12,31.75,!    8/18/2071,,,,,
30.12,31.65,!    8/19/2071,,,,,
30.07,31.55,!    8/20/2071,,,,,
30.07,31.35,!    8/21/2071,,,,,
30.01,31.35,!    8/22/2071,,,,,
30.01,31.35,!    8/23/2071,,,,,
29.96,31.35,!    8/24/2071,,,,,
29.90,31.45,!    8/25/2071,,,,,
29.90,31.35,!    8/26/2071,,,,,
29.84,31.25,!    8/27/2071,,,,,
29.79,31.15,!    8/28/2071,,,,,
29.73,31.05,!    8/29/2071,,,,,
29.73,30.95,!    8/30/2071,,,,,
29.68,30.85,!    8/31/2071,,,,,
30.01,30.01,!    9/1/2071,,,,,
29.82,29.91,!    9/2/2071,,,,,
29.77,29.81,!    9/3/2071,,,,,
29.71,29.61,!    9/4/2071,,,,,
29.60,29.61,!    9/5/2071,,,,,
29.55,29.51,!    9/6/2071,,,,,
29.49,29.51,!    9/7/2071,,,,,
29.44,29.51,!    9/8/2071,,,,,
29.32,29.41,!    9/9/2071,,,,,
29.27,29.31,!    9/10/2071,,,,,
29.21,29.21,!    9/11/2071,,,,,
29.10,29.01,!    9/12/2071,,,,,
29.05,28.91,!    9/13/2071,,,,,
28.94,28.91,!    9/14/2071,,,,,
28.82,28.81,!    9/15/2071,,,,,
28.77,28.71,!    9/16/2071,,,,,
28.66,28.51,!    9/17/2071,,,,,
28.55,28.41,!    9/18/2071,,,,,
28.44,28.31,!    9/19/2071,,,,,
28.32,28.01,!    9/20/2071,,,,,
28.21,27.91,!    9/21/2071,,,,,
28.10,27.71,!    9/22/2071,,,,,
27.99,27.61,!    9/23/2071,,,,,
27.88,27.61,!    9/24/2071,,,,,
27.71,27.41,!    9/25/2071,,,,,
27.60,27.31,!    9/26/2071,,,,,
27.49,27.01,!    9/27/2071,,,,,
27.32,27.01,!    9/28/2071,,,,,
27.21,26.91,!    9/29/2071,,,,,
27.05,26.71,!    9/30/2071,,,,,
26.68,27.12,!    10/1/2071,,,,,
26.40,26.82,!    10/2/2071,,,,,
26.23,26.52,!    10/3/2071,,,,,
26.06,26.32,!    10/4/2071,,,,,
25.90,26.32,!    10/5/2071,,,,,
25.73,26.22,!    10/6/2071,,,,,
25.56,26.02,!    10/7/2071,,,,,
25.40,25.82,!    10/8/2071,,,,,
25.23,25.62,!    10/9/2071,,,,,
25.01,25.42,!    10/10/2071,,,,,
24.84,25.32,!    10/11/2071,,,,,
24.67,25.22,!    10/12/2071,,,,,
24.51,25.02,!    10/13/2071,,,,,
24.29,24.82,!    10/14/2071,,,,,
24.12,24.62,!    10/15/2071,,,,,
23.90,24.42,!    10/16/2071,,,,,
23.73,24.22,!    10/17/2071,,,,,
23.51,23.92,!    10/18/2071,,,,,
23.34,23.72,!    10/19/2071,,,,,
23.12,23.42,!    10/20/2071,,,,,
22.95,22.92,!    10/21/2071,,,,,
22.73,22.62,!    10/22/2071,,,,,
22.56,22.32,!    10/23/2071,,,,,
22.34,21.92,!    10/24/2071,,,,,
22.17,21.62,!    10/25/2071,,,,,
21.95,21.22,!    10/26/2071,,,,,
21.79,21.02,!    10/27/2071,,,,,
21.56,20.82,!    10/28/2071,,,,,
21.40,20.32,!    10/29/2071,,,,,
21.17,19.92,!    10/30/2071,,,,,
21.01,19.72,!    10/31/2071,,,,,
22.00,20.40,!    11/1/2071,,,,,
21.59,20.20,!    11/2/2071,,,,,
21.43,20.00,!    11/3/2071,,,,,
21.20,19.90,!    11/4/2071,,,,,
21.04,19.70,!    11/5/2071,,,,,
20.87,19.50,!    11/6/2071,,,,,
20.70,19.60,!    11/7/2071,,,,,
20.54,19.40,!    11/8/2071,,,,,
20.37,19.20,!    11/9/2071,,,,,
20.20,19.00,!    11/10/2071,,,,,
20.04,18.80,!    11/11/2071,,,,,
19.87,18.60,!    11/12/2071,,,,,
19.76,18.40,!    11/13/2071,,,,,
19.59,18.10,!    11/14/2071,,,,,
19.43,17.80,!    11/15/2071,,,,,
19.32,17.60,!    11/16/2071,,,,,
19.15,17.40,!    11/17/2071,,,,,
19.04,17.10,!    11/18/2071,,,,,
18.93,16.80,!    11/19/2071,,,,,
18.76,16.50,!    11/20/2071,,,,,
18.65,16.30,!    11/21/2071,,,,,
18.54,16.10,!    11/22/2071,,,,,
18.43,15.90,!    11/23/2071,,,,,
18.32,15.80,!    11/24/2071,,,,,
18.20,15.70,!    11/25/2071,,,,,
18.09,15.60,!    11/26/2071,,,,,
17.98,15.40,!    11/27/2071,,,,,
17.87,15.20,!    11/28/2071,,,,,
17.76,15.00,!    11/29/2071,,,,,
17.70,14.90,!    11/30/2071,,,,,
16.85,13.70,!    12/1/2071,,,,,
16.54,13.40,!    12/2/2071,,,,,
16.48,13.20,!    12/3/2071,,,,,
16.37,13.10,!    12/4/2071,,,,,
16.26,12.90,!    12/5/2071,,,,,
16.20,12.70,!    12/6/2071,,,,,
16.09,12.30,!    12/7/2071,,,,,
16.04,12.10,!    12/8/2071,,,,,
15.93,11.90,!    12/9/2071,,,,,
15.87,11.70,!    12/10/2071,,,,,
15.76,11.50,!    12/11/2071,,,,,
15.70,11.20,!    12/12/2071,,,,,
15.59,11.10,!    12/13/2071,,,,,
15.54,10.90,!    12/14/2071,,,,,
15.48,10.80,!    12/15/2071,,,,,
15.37,10.60,!    12/16/2071,,,,,
15.31,10.50,!    12/17/2071,,,,,
15.20,10.30,!    12/18/2071,,,,,
15.15,10.20,!    12/19/2071,,,,,
15.09,10.10,!    12/20/2071,,,,,
14.98,10.00,!    12/21/2071,,,,,
14.93,9.90,!    12/22/2071,,,,,
14.87,9.90,!    12/23/2071,,,,,
14.81,9.80,!    12/24/2071,,,,,
14.70,9.70,!    12/25/2071,,,,,
14.65,9.60,!    12/26/2071,,,,,
14.59,9.50,!    12/27/2071,,,,,
14.54,9.50,!    12/28/2071,,,,,
14.48,9.50,!    12/29/2071,,,,,
14.43,9.40,!    12/30/2071,,,,,
14.37,9.40,!    12/31/2071,,,,,
14.34,11.37,!    1/1/2072,,,,,
14.29,11.27,!    1/2/2072,,,,,
14.23,11.17,!    1/3/2072,,,,,
14.18,11.07,!    1/4/2072,,,,,
14.18,10.87,!    1/5/2072,,,,,
14.12,10.77,!    1/6/2072,,,,,
14.06,10.67,!    1/7/2072,,,,,
14.06,10.57,!    1/8/2072,,,,,
14.01,10.47,!    1/9/2072,,,,,
14.01,10.47,!    1/10/2072,,,,,
14.01,10.37,!    1/11/2072,,,,,
13.95,10.37,!    1/12/2072,,,,,
13.95,10.27,!    1/13/2072,,,,,
13.95,10.07,!    1/14/2072,,,,,
13.95,9.97,!    1/15/2072,,,,,
13.95,9.87,!    1/16/2072,,,,,
13.95,9.77,!    1/17/2072,,,,,
14.01,9.77,!    1/18/2072,,,,,
14.01,9.77,!    1/19/2072,,,,,
14.01,9.47,!    1/20/2072,,,,,
14.06,9.57,!    1/21/2072,,,,,
14.12,9.57,!    1/22/2072,,,,,
14.12,9.57,!    1/23/2072,,,,,
14.18,9.67,!    1/24/2072,,,,,
14.23,9.67,!    1/25/2072,,,,,
14.29,9.87,!    1/26/2072,,,,,
14.34,9.87,!    1/27/2072,,,,,
14.40,9.77,!    1/28/2072,,,,,
14.45,9.67,!    1/29/2072,,,,,
14.51,9.57,!    1/30/2072,,,,,
14.62,9.57,!    1/31/2072,,,,,
14.29,8.62,!    2/1/2072,,,,,
14.34,8.62,!    2/2/2072,,,,,
14.45,8.82,!    2/3/2072,,,,,
14.51,8.82,!    2/4/2072,,,,,
14.62,8.82,!    2/5/2072,,,,,
14.73,8.92,!    2/6/2072,,,,,
14.84,8.92,!    2/7/2072,,,,,
14.90,9.12,!    2/8/2072,,,,,
15.01,9.22,!    2/9/2072,,,,,
15.12,9.32,!    2/10/2072,,,,,
15.23,9.32,!    2/11/2072,,,,,
15.34,9.42,!    2/12/2072,,,,,
15.45,9.42,!    2/13/2072,,,,,
15.56,9.42,!    2/14/2072,,,,,
15.67,9.42,!    2/15/2072,,,,,
15.79,9.52,!    2/16/2072,,,,,
15.90,9.62,!    2/17/2072,,,,,
16.01,9.62,!    2/18/2072,,,,,
16.12,9.72,!    2/19/2072,,,,,
16.23,9.82,!    2/20/2072,,,,,
16.34,10.02,!    2/21/2072,,,,,
16.45,10.12,!    2/22/2072,,,,,
16.56,10.22,!    2/23/2072,,,,,
16.67,10.42,!    2/24/2072,,,,,
16.84,10.52,!    2/25/2072,,,,,
16.95,10.52,!    2/26/2072,,,,,
17.06,10.72,!    2/27/2072,,,,,
17.17,10.82,!    2/28/2072,,,,,
17.17,11.52,!    2/29/2072,,,,,
17.41,10.79,!    3/1/2072,,,,,
17.52,10.79,!    3/2/2072,,,,,
17.64,10.79,!    3/3/2072,,,,,
17.75,10.79,!    3/4/2072,,,,,
17.86,10.89,!    3/5/2072,,,,,
17.97,10.99,!    3/6/2072,,,,,
18.08,11.09,!    3/7/2072,,,,,
18.19,11.29,!    3/8/2072,,,,,
18.30,11.49,!    3/9/2072,,,,,
18.36,11.69,!    3/10/2072,,,,,
18.47,11.89,!    3/11/2072,,,,,
18.58,11.99,!    3/12/2072,,,,,
18.69,12.19,!    3/13/2072,,,,,
18.80,12.29,!    3/14/2072,,,,,
18.91,12.49,!    3/15/2072,,,,,
19.02,12.59,!    3/16/2072,,,,,
19.08,12.69,!    3/17/2072,,,,,
19.19,12.89,!    3/18/2072,,,,,
19.30,13.19,!    3/19/2072,,,,,
19.41,13.29,!    3/20/2072,,,,,
19.47,13.49,!    3/21/2072,,,,,
19.58,13.49,!    3/22/2072,,,,,
19.69,13.69,!    3/23/2072,,,,,
19.80,13.99,!    3/24/2072,,,,,
19.86,14.19,!    3/25/2072,,,,,
19.97,14.39,!    3/26/2072,,,,,
20.08,14.59,!    3/27/2072,,,,,
20.14,14.79,!    3/28/2072,,,,,
20.25,14.99,!    3/29/2072,,,,,
20.36,15.19,!    3/30/2072,,,,,
20.47,15.29,!    3/31/2072,,,,,
21.33,15.84,!    4/1/2072,,,,,
21.44,16.04,!    4/2/2072,,,,,
21.55,16.34,!    4/3/2072,,,,,
21.66,16.64,!    4/4/2072,,,,,
21.72,16.84,!    4/5/2072,,,,,
21.83,16.94,!    4/6/2072,,,,,
21.94,17.04,!    4/7/2072,,,,,
22.05,17.24,!    4/8/2072,,,,,
22.16,17.44,!    4/9/2072,,,,,
22.22,17.64,!    4/10/2072,,,,,
22.33,17.94,!    4/11/2072,,,,,
22.44,18.04,!    4/12/2072,,,,,
22.55,18.14,!    4/13/2072,,,,,
22.66,18.34,!    4/14/2072,,,,,
22.77,18.44,!    4/15/2072,,,,,
22.88,18.54,!    4/16/2072,,,,,
22.99,18.64,!    4/17/2072,,,,,
23.11,18.84,!    4/18/2072,,,,,
23.22,18.94,!    4/19/2072,,,,,
23.33,19.14,!    4/20/2072,,,,,
23.49,19.44,!    4/21/2072,,,,,
23.61,19.54,!    4/22/2072,,,,,
23.72,19.64,!    4/23/2072,,,,,
23.83,19.74,!    4/24/2072,,,,,
23.94,19.84,!    4/25/2072,,,,,
24.11,20.04,!    4/26/2072,,,,,
24.22,20.24,!    4/27/2072,,,,,
24.33,20.64,!    4/28/2072,,,,,
24.49,20.84,!    4/29/2072,,,,,
24.61,21.04,!    4/30/2072,,,,,
24.25,20.21,!    5/1/2072,,,,,
24.41,20.31,!    5/2/2072,,,,,
24.52,20.51,!    5/3/2072,,,,,
24.69,20.51,!    5/4/2072,,,,,
24.80,20.61,!    5/5/2072,,,,,
24.97,20.71,!    5/6/2072,,,,,
25.08,20.91,!    5/7/2072,,,,,
25.25,21.11,!    5/8/2072,,,,,
25.36,21.31,!    5/9/2072,,,,,
25.47,21.41,!    5/10/2072,,,,,
25.63,21.51,!    5/11/2072,,,,,
25.75,21.71,!    5/12/2072,,,,,
25.91,21.81,!    5/13/2072,,,,,
26.02,21.91,!    5/14/2072,,,,,
26.19,22.11,!    5/15/2072,,,,,
26.30,22.31,!    5/16/2072,,,,,
26.47,22.51,!    5/17/2072,,,,,
26.58,22.51,!    5/18/2072,,,,,
26.69,22.71,!    5/19/2072,,,,,
26.86,22.91,!    5/20/2072,,,,,
26.97,23.21,!    5/21/2072,,,,,
27.08,23.41,!    5/22/2072,,,,,
27.25,23.61,!    5/23/2072,,,,,
27.36,23.81,!    5/24/2072,,,,,
27.47,24.11,!    5/25/2072,,,,,
27.58,24.31,!    5/26/2072,,,,,
27.69,24.41,!    5/27/2072,,,,,
27.80,24.61,!    5/28/2072,,,,,
27.91,24.81,!    5/29/2072,,,,,
28.02,24.91,!    5/30/2072,,,,,
28.13,25.11,!    5/31/2072,,,,,
28.68,25.52,!    6/1/2072,,,,,
28.73,25.72,!    6/2/2072,,,,,
28.85,25.92,!    6/3/2072,,,,,
28.96,26.12,!    6/4/2072,,,,,
29.01,26.32,!    6/5/2072,,,,,
29.12,26.62,!    6/6/2072,,,,,
29.18,26.92,!    6/7/2072,,,,,
29.29,27.22,!    6/8/2072,,,,,
29.35,27.42,!    6/9/2072,,,,,
29.40,27.62,!    6/10/2072,,,,,
29.51,27.82,!    6/11/2072,,,,,
29.57,27.92,!    6/12/2072,,,,,
29.62,28.02,!    6/13/2072,,,,,
29.68,28.22,!    6/14/2072,,,,,
29.73,28.42,!    6/15/2072,,,,,
29.79,28.62,!    6/16/2072,,,,,
29.85,28.72,!    6/17/2072,,,,,
29.90,28.82,!    6/18/2072,,,,,
29.90,28.92,!    6/19/2072,,,,,
29.96,29.12,!    6/20/2072,,,,,
30.01,29.22,!    6/21/2072,,,,,
30.07,29.32,!    6/22/2072,,,,,
30.07,29.42,!    6/23/2072,,,,,
30.12,29.62,!    6/24/2072,,,,,
30.12,29.72,!    6/25/2072,,,,,
30.18,29.82,!    6/26/2072,,,,,
30.18,29.92,!    6/27/2072,,,,,
30.23,29.92,!    6/28/2072,,,,,
30.23,30.02,!    6/29/2072,,,,,
30.29,30.22,!    6/30/2072,,,,,
30.22,30.26,!    7/1/2072,,,,,
30.22,30.46,!    7/2/2072,,,,,
30.28,30.46,!    7/3/2072,,,,,
30.28,30.46,!    7/4/2072,,,,,
30.33,30.46,!    7/5/2072,,,,,
30.33,30.46,!    7/6/2072,,,,,
30.33,30.46,!    7/7/2072,,,,,
30.33,30.36,!    7/8/2072,,,,,
30.39,30.46,!    7/9/2072,,,,,
30.39,30.46,!    7/10/2072,,,,,
30.39,30.46,!    7/11/2072,,,,,
30.44,30.46,!    7/12/2072,,,,,
30.44,30.56,!    7/13/2072,,,,,
30.44,30.56,!    7/14/2072,,,,,
30.44,30.56,!    7/15/2072,,,,,
30.50,30.56,!    7/16/2072,,,,,
30.50,30.66,!    7/17/2072,,,,,
30.50,30.66,!    7/18/2072,,,,,
30.55,30.86,!    7/19/2072,,,,,
30.55,30.96,!    7/20/2072,,,,,
30.55,30.96,!    7/21/2072,,,,,
30.55,31.06,!    7/22/2072,,,,,
30.55,31.06,!    7/23/2072,,,,,
30.61,31.06,!    7/24/2072,,,,,
30.61,31.16,!    7/25/2072,,,,,
30.61,31.26,!    7/26/2072,,,,,
30.61,31.36,!    7/27/2072,,,,,
30.61,31.36,!    7/28/2072,,,,,
30.67,31.46,!    7/29/2072,,,,,
30.67,31.46,!    7/30/2072,,,,,
30.67,31.56,!    7/31/2072,,,,,
30.71,31.23,!    8/1/2072,,,,,
30.71,31.33,!    8/2/2072,,,,,
30.71,31.33,!    8/3/2072,,,,,
30.71,31.43,!    8/4/2072,,,,,
30.71,31.43,!    8/5/2072,,,,,
30.71,31.53,!    8/6/2072,,,,,
30.71,31.63,!    8/7/2072,,,,,
30.71,31.63,!    8/8/2072,,,,,
30.71,31.73,!    8/9/2072,,,,,
30.71,31.63,!    8/10/2072,,,,,
30.71,31.73,!    8/11/2072,,,,,
30.71,31.63,!    8/12/2072,,,,,
30.65,31.43,!    8/13/2072,,,,,
30.65,31.43,!    8/14/2072,,,,,
30.65,31.43,!    8/15/2072,,,,,
30.59,31.53,!    8/16/2072,,,,,
30.59,31.53,!    8/17/2072,,,,,
30.59,31.43,!    8/18/2072,,,,,
30.54,31.33,!    8/19/2072,,,,,
30.54,31.13,!    8/20/2072,,,,,
30.48,31.13,!    8/21/2072,,,,,
30.48,31.13,!    8/22/2072,,,,,
30.43,31.13,!    8/23/2072,,,,,
30.37,31.23,!    8/24/2072,,,,,
30.37,31.13,!    8/25/2072,,,,,
30.32,31.03,!    8/26/2072,,,,,
30.26,30.93,!    8/27/2072,,,,,
30.21,30.83,!    8/28/2072,,,,,
30.21,30.73,!    8/29/2072,,,,,
30.15,30.63,!    8/30/2072,,,,,
30.09,30.53,!    8/31/2072,,,,,
29.85,30.75,!    9/1/2072,,,,,
29.80,30.65,!    9/2/2072,,,,,
29.74,30.45,!    9/3/2072,,,,,
29.63,30.45,!    9/4/2072,,,,,
29.58,30.35,!    9/5/2072,,,,,
29.52,30.35,!    9/6/2072,,,,,
29.46,30.35,!    9/7/2072,,,,,
29.35,30.25,!    9/8/2072,,,,,
29.30,30.15,!    9/9/2072,,,,,
29.24,30.05,!    9/10/2072,,,,,
29.13,29.85,!    9/11/2072,,,,,
29.08,29.75,!    9/12/2072,,,,,
28.96,29.75,!    9/13/2072,,,,,
28.85,29.65,!    9/14/2072,,,,,
28.80,29.55,!    9/15/2072,,,,,
28.69,29.35,!    9/16/2072,,,,,
28.58,29.25,!    9/17/2072,,,,,
28.46,29.15,!    9/18/2072,,,,,
28.35,28.85,!    9/19/2072,,,,,
28.24,28.75,!    9/20/2072,,,,,
28.13,28.55,!    9/21/2072,,,,,
28.02,28.45,!    9/22/2072,,,,,
27.91,28.45,!    9/23/2072,,,,,
27.74,28.25,!    9/24/2072,,,,,
27.63,28.15,!    9/25/2072,,,,,
27.52,27.85,!    9/26/2072,,,,,
27.35,27.85,!    9/27/2072,,,,,
27.24,27.75,!    9/28/2072,,,,,
27.08,27.55,!    9/29/2072,,,,,
26.91,27.35,!    9/30/2072,,,,,
26.87,27.70,!    10/1/2072,,,,,
26.70,27.40,!    10/2/2072,,,,,
26.54,27.20,!    10/3/2072,,,,,
26.37,27.20,!    10/4/2072,,,,,
26.20,27.10,!    10/5/2072,,,,,
26.04,26.90,!    10/6/2072,,,,,
25.87,26.70,!    10/7/2072,,,,,
25.70,26.50,!    10/8/2072,,,,,
25.48,26.30,!    10/9/2072,,,,,
25.31,26.20,!    10/10/2072,,,,,
25.15,26.10,!    10/11/2072,,,,,
24.98,25.90,!    10/12/2072,,,,,
24.76,25.70,!    10/13/2072,,,,,
24.59,25.50,!    10/14/2072,,,,,
24.37,25.30,!    10/15/2072,,,,,
24.20,25.10,!    10/16/2072,,,,,
23.98,24.80,!    10/17/2072,,,,,
23.81,24.60,!    10/18/2072,,,,,
23.59,24.30,!    10/19/2072,,,,,
23.42,23.80,!    10/20/2072,,,,,
23.20,23.50,!    10/21/2072,,,,,
23.04,23.20,!    10/22/2072,,,,,
22.81,22.80,!    10/23/2072,,,,,
22.65,22.50,!    10/24/2072,,,,,
22.42,22.10,!    10/25/2072,,,,,
22.26,21.90,!    10/26/2072,,,,,
22.04,21.70,!    10/27/2072,,,,,
21.87,21.20,!    10/28/2072,,,,,
21.65,20.80,!    10/29/2072,,,,,
21.48,20.60,!    10/30/2072,,,,,
21.26,20.40,!    10/31/2072,,,,,
21.27,20.87,!    11/1/2072,,,,,
21.11,20.67,!    11/2/2072,,,,,
20.89,20.57,!    11/3/2072,,,,,
20.72,20.37,!    11/4/2072,,,,,
20.55,20.17,!    11/5/2072,,,,,
20.39,20.27,!    11/6/2072,,,,,
20.22,20.07,!    11/7/2072,,,,,
20.05,19.87,!    11/8/2072,,,,,
19.89,19.67,!    11/9/2072,,,,,
19.72,19.47,!    11/10/2072,,,,,
19.55,19.27,!    11/11/2072,,,,,
19.44,19.07,!    11/12/2072,,,,,
19.27,18.77,!    11/13/2072,,,,,
19.11,18.47,!    11/14/2072,,,,,
19.00,18.27,!    11/15/2072,,,,,
18.83,18.07,!    11/16/2072,,,,,
18.72,17.77,!    11/17/2072,,,,,
18.61,17.47,!    11/18/2072,,,,,
18.44,17.17,!    11/19/2072,,,,,
18.33,16.97,!    11/20/2072,,,,,
18.22,16.77,!    11/21/2072,,,,,
18.11,16.57,!    11/22/2072,,,,,
18.00,16.47,!    11/23/2072,,,,,
17.89,16.37,!    11/24/2072,,,,,
17.77,16.27,!    11/25/2072,,,,,
17.66,16.07,!    11/26/2072,,,,,
17.55,15.87,!    11/27/2072,,,,,
17.44,15.67,!    11/28/2072,,,,,
17.39,15.57,!    11/29/2072,,,,,
17.27,15.47,!    11/30/2072,,,,,
16.26,13.43,!    12/1/2072,,,,,
16.20,13.23,!    12/2/2072,,,,,
16.09,13.13,!    12/3/2072,,,,,
15.98,12.93,!    12/4/2072,,,,,
15.92,12.73,!    12/5/2072,,,,,
15.81,12.33,!    12/6/2072,,,,,
15.76,12.13,!    12/7/2072,,,,,
15.65,11.93,!    12/8/2072,,,,,
15.59,11.73,!    12/9/2072,,,,,
15.48,11.53,!    12/10/2072,,,,,
15.42,11.23,!    12/11/2072,,,,,
15.31,11.13,!    12/12/2072,,,,,
15.26,10.93,!    12/13/2072,,,,,
15.20,10.83,!    12/14/2072,,,,,
15.09,10.63,!    12/15/2072,,,,,
15.04,10.53,!    12/16/2072,,,,,
14.92,10.33,!    12/17/2072,,,,,
14.87,10.23,!    12/18/2072,,,,,
14.81,10.13,!    12/19/2072,,,,,
14.70,10.03,!    12/20/2072,,,,,
14.65,9.93,!    12/21/2072,,,,,
14.59,9.93,!    12/22/2072,,,,,
14.54,9.83,!    12/23/2072,,,,,
14.42,9.73,!    12/24/2072,,,,,
14.37,9.63,!    12/25/2072,,,,,
14.31,9.53,!    12/26/2072,,,,,
14.26,9.53,!    12/27/2072,,,,,
14.20,9.53,!    12/28/2072,,,,,
14.15,9.43,!    12/29/2072,,,,,
14.09,9.43,!    12/30/2072,,,,,
14.04,9.43,!    12/31/2072,,,,,
13.92,9.90,!    1/1/2073,,,,,
13.86,9.80,!    1/2/2073,,,,,
13.81,9.70,!    1/3/2073,,,,,
13.75,9.60,!    1/4/2073,,,,,
13.75,9.40,!    1/5/2073,,,,,
13.70,9.30,!    1/6/2073,,,,,
13.64,9.20,!    1/7/2073,,,,,
13.64,9.10,!    1/8/2073,,,,,
13.59,9.00,!    1/9/2073,,,,,
13.59,9.00,!    1/10/2073,,,,,
13.59,8.90,!    1/11/2073,,,,,
13.53,8.90,!    1/12/2073,,,,,
13.53,8.80,!    1/13/2073,,,,,
13.53,8.60,!    1/14/2073,,,,,
13.53,8.50,!    1/15/2073,,,,,
13.53,8.40,!    1/16/2073,,,,,
13.53,8.30,!    1/17/2073,,,,,
13.59,8.30,!    1/18/2073,,,,,
13.59,8.30,!    1/19/2073,,,,,
13.59,8.00,!    1/20/2073,,,,,
13.64,8.10,!    1/21/2073,,,,,
13.70,8.10,!    1/22/2073,,,,,
13.70,8.10,!    1/23/2073,,,,,
13.75,8.20,!    1/24/2073,,,,,
13.81,8.20,!    1/25/2073,,,,,
13.86,8.40,!    1/26/2073,,,,,
13.92,8.40,!    1/27/2073,,,,,
13.97,8.30,!    1/28/2073,,,,,
14.03,8.20,!    1/29/2073,,,,,
14.09,8.10,!    1/30/2073,,,,,
14.20,8.10,!    1/31/2073,,,,,
15.12,8.12,!    2/1/2073,,,,,
15.18,8.12,!    2/2/2073,,,,,
15.29,8.32,!    2/3/2073,,,,,
15.34,8.32,!    2/4/2073,,,,,
15.46,8.32,!    2/5/2073,,,,,
15.57,8.42,!    2/6/2073,,,,,
15.68,8.42,!    2/7/2073,,,,,
15.73,8.62,!    2/8/2073,,,,,
15.84,8.72,!    2/9/2073,,,,,
15.96,8.82,!    2/10/2073,,,,,
16.07,8.82,!    2/11/2073,,,,,
16.18,8.92,!    2/12/2073,,,,,
16.29,8.92,!    2/13/2073,,,,,
16.40,8.92,!    2/14/2073,,,,,
16.51,8.92,!    2/15/2073,,,,,
16.62,9.02,!    2/16/2073,,,,,
16.73,9.12,!    2/17/2073,,,,,
16.84,9.12,!    2/18/2073,,,,,
16.96,9.22,!    2/19/2073,,,,,
17.07,9.32,!    2/20/2073,,,,,
17.18,9.52,!    2/21/2073,,,,,
17.29,9.62,!    2/22/2073,,,,,
17.40,9.72,!    2/23/2073,,,,,
17.51,9.92,!    2/24/2073,,,,,
17.68,10.02,!    2/25/2073,,,,,
17.79,10.02,!    2/26/2073,,,,,
17.90,10.22,!    2/27/2073,,,,,
18.01,10.32,!    2/28/2073,,,,,
17.96,10.97,!    3/1/2073,,,,,
18.28,10.47,!    3/2/2073,,,,,
18.39,10.47,!    3/3/2073,,,,,
18.50,10.47,!    3/4/2073,,,,,
18.61,10.47,!    3/5/2073,,,,,
18.72,10.57,!    3/6/2073,,,,,
18.83,10.67,!    3/7/2073,,,,,
18.94,10.77,!    3/8/2073,,,,,
19.05,10.97,!    3/9/2073,,,,,
19.16,11.17,!    3/10/2073,,,,,
19.22,11.37,!    3/11/2073,,,,,
19.33,11.57,!    3/12/2073,,,,,
19.44,11.67,!    3/13/2073,,,,,
19.55,11.87,!    3/14/2073,,,,,
19.66,11.97,!    3/15/2073,,,,,
19.78,12.17,!    3/16/2073,,,,,
19.89,12.27,!    3/17/2073,,,,,
19.94,12.37,!    3/18/2073,,,,,
20.05,12.57,!    3/19/2073,,,,,
20.16,12.87,!    3/20/2073,,,,,
20.28,12.97,!    3/21/2073,,,,,
20.33,13.17,!    3/22/2073,,,,,
20.44,13.17,!    3/23/2073,,,,,
20.55,13.37,!    3/24/2073,,,,,
20.66,13.67,!    3/25/2073,,,,,
20.72,13.87,!    3/26/2073,,,,,
20.83,14.07,!    3/27/2073,,,,,
20.94,14.27,!    3/28/2073,,,,,
21.00,14.47,!    3/29/2073,,,,,
21.11,14.67,!    3/30/2073,,,,,
21.22,14.87,!    3/31/2073,,,,,
21.01,14.57,!    4/1/2073,,,,,
21.45,14.77,!    4/2/2073,,,,,
21.56,14.97,!    4/3/2073,,,,,
21.67,15.27,!    4/4/2073,,,,,
21.78,15.57,!    4/5/2073,,,,,
21.84,15.77,!    4/6/2073,,,,,
21.95,15.87,!    4/7/2073,,,,,
22.06,15.97,!    4/8/2073,,,,,
22.17,16.17,!    4/9/2073,,,,,
22.28,16.37,!    4/10/2073,,,,,
22.34,16.57,!    4/11/2073,,,,,
22.45,16.87,!    4/12/2073,,,,,
22.56,16.97,!    4/13/2073,,,,,
22.67,17.07,!    4/14/2073,,,,,
22.78,17.27,!    4/15/2073,,,,,
22.89,17.37,!    4/16/2073,,,,,
23.00,17.47,!    4/17/2073,,,,,
23.11,17.57,!    4/18/2073,,,,,
23.23,17.77,!    4/19/2073,,,,,
23.34,17.87,!    4/20/2073,,,,,
23.45,18.07,!    4/21/2073,,,,,
23.61,18.37,!    4/22/2073,,,,,
23.73,18.47,!    4/23/2073,,,,,
23.84,18.57,!    4/24/2073,,,,,
23.95,18.67,!    4/25/2073,,,,,
24.06,18.77,!    4/26/2073,,,,,
24.23,18.97,!    4/27/2073,,,,,
24.34,19.17,!    4/28/2073,,,,,
24.45,19.57,!    4/29/2073,,,,,
24.61,19.77,!    4/30/2073,,,,,
24.72,20.16,!    5/1/2073,,,,,
24.94,20.36,!    5/2/2073,,,,,
25.11,20.46,!    5/3/2073,,,,,
25.22,20.66,!    5/4/2073,,,,,
25.38,20.66,!    5/5/2073,,,,,
25.49,20.76,!    5/6/2073,,,,,
25.66,20.86,!    5/7/2073,,,,,
25.77,21.06,!    5/8/2073,,,,,
25.94,21.26,!    5/9/2073,,,,,
26.05,21.46,!    5/10/2073,,,,,
26.16,21.56,!    5/11/2073,,,,,
26.33,21.66,!    5/12/2073,,,,,
26.44,21.86,!    5/13/2073,,,,,
26.61,21.96,!    5/14/2073,,,,,
26.72,22.06,!    5/15/2073,,,,,
26.88,22.26,!    5/16/2073,,,,,
26.99,22.46,!    5/17/2073,,,,,
27.16,22.66,!    5/18/2073,,,,,
27.27,22.66,!    5/19/2073,,,,,
27.38,22.86,!    5/20/2073,,,,,
27.55,23.06,!    5/21/2073,,,,,
27.66,23.36,!    5/22/2073,,,,,
27.77,23.56,!    5/23/2073,,,,,
27.94,23.76,!    5/24/2073,,,,,
28.05,23.96,!    5/25/2073,,,,,
28.16,24.26,!    5/26/2073,,,,,
28.27,24.46,!    5/27/2073,,,,,
28.38,24.56,!    5/28/2073,,,,,
28.49,24.76,!    5/29/2073,,,,,
28.61,24.96,!    5/30/2073,,,,,
28.72,25.06,!    5/31/2073,,,,,
28.52,24.96,!    6/1/2073,,,,,
28.71,25.16,!    6/2/2073,,,,,
28.77,25.36,!    6/3/2073,,,,,
28.88,25.56,!    6/4/2073,,,,,
28.99,25.76,!    6/5/2073,,,,,
29.05,25.96,!    6/6/2073,,,,,
29.16,26.26,!    6/7/2073,,,,,
29.21,26.56,!    6/8/2073,,,,,
29.32,26.86,!    6/9/2073,,,,,
29.38,27.06,!    6/10/2073,,,,,
29.43,27.26,!    6/11/2073,,,,,
29.55,27.46,!    6/12/2073,,,,,
29.60,27.56,!    6/13/2073,,,,,
29.66,27.66,!    6/14/2073,,,,,
29.71,27.86,!    6/15/2073,,,,,
29.77,28.06,!    6/16/2073,,,,,
29.82,28.26,!    6/17/2073,,,,,
29.88,28.36,!    6/18/2073,,,,,
29.93,28.46,!    6/19/2073,,,,,
29.93,28.56,!    6/20/2073,,,,,
29.99,28.76,!    6/21/2073,,,,,
30.05,28.86,!    6/22/2073,,,,,
30.10,28.96,!    6/23/2073,,,,,
30.10,29.06,!    6/24/2073,,,,,
30.16,29.26,!    6/25/2073,,,,,
30.16,29.36,!    6/26/2073,,,,,
30.21,29.46,!    6/27/2073,,,,,
30.21,29.56,!    6/28/2073,,,,,
30.27,29.56,!    6/29/2073,,,,,
30.27,29.66,!    6/30/2073,,,,,
30.45,29.98,!    7/1/2073,,,,,
30.39,30.08,!    7/2/2073,,,,,
30.39,30.28,!    7/3/2073,,,,,
30.45,30.28,!    7/4/2073,,,,,
30.45,30.28,!    7/5/2073,,,,,
30.50,30.28,!    7/6/2073,,,,,
30.50,30.28,!    7/7/2073,,,,,
30.50,30.28,!    7/8/2073,,,,,
30.50,30.18,!    7/9/2073,,,,,
30.56,30.28,!    7/10/2073,,,,,
30.56,30.28,!    7/11/2073,,,,,
30.56,30.28,!    7/12/2073,,,,,
30.61,30.28,!    7/13/2073,,,,,
30.61,30.38,!    7/14/2073,,,,,
30.61,30.38,!    7/15/2073,,,,,
30.61,30.38,!    7/16/2073,,,,,
30.67,30.38,!    7/17/2073,,,,,
30.67,30.48,!    7/18/2073,,,,,
30.67,30.48,!    7/19/2073,,,,,
30.73,30.68,!    7/20/2073,,,,,
30.73,30.78,!    7/21/2073,,,,,
30.73,30.78,!    7/22/2073,,,,,
30.73,30.88,!    7/23/2073,,,,,
30.73,30.88,!    7/24/2073,,,,,
30.78,30.88,!    7/25/2073,,,,,
30.78,30.98,!    7/26/2073,,,,,
30.78,31.08,!    7/27/2073,,,,,
30.78,31.18,!    7/28/2073,,,,,
30.78,31.18,!    7/29/2073,,,,,
30.84,31.28,!    7/30/2073,,,,,
30.84,31.28,!    7/31/2073,,,,,
30.28,31.19,!    8/1/2073,,,,,
30.29,31.09,!    8/2/2073,,,,,
30.29,31.19,!    8/3/2073,,,,,
30.29,31.19,!    8/4/2073,,,,,
30.29,31.29,!    8/5/2073,,,,,
30.29,31.29,!    8/6/2073,,,,,
30.29,31.39,!    8/7/2073,,,,,
30.29,31.49,!    8/8/2073,,,,,
30.29,31.49,!    8/9/2073,,,,,
30.29,31.59,!    8/10/2073,,,,,
30.29,31.49,!    8/11/2073,,,,,
30.29,31.59,!    8/12/2073,,,,,
30.29,31.49,!    8/13/2073,,,,,
30.24,31.29,!    8/14/2073,,,,,
30.24,31.29,!    8/15/2073,,,,,
30.24,31.29,!    8/16/2073,,,,,
30.18,31.39,!    8/17/2073,,,,,
30.18,31.39,!    8/18/2073,,,,,
30.18,31.29,!    8/19/2073,,,,,
30.13,31.19,!    8/20/2073,,,,,
30.13,30.99,!    8/21/2073,,,,,
30.07,30.99,!    8/22/2073,,,,,
30.07,30.99,!    8/23/2073,,,,,
30.02,30.99,!    8/24/2073,,,,,
29.96,31.09,!    8/25/2073,,,,,
29.96,30.99,!    8/26/2073,,,,,
29.90,30.89,!    8/27/2073,,,,,
29.85,30.79,!    8/28/2073,,,,,
29.79,30.69,!    8/29/2073,,,,,
29.79,30.59,!    8/30/2073,,,,,
29.74,30.49,!    8/31/2073,,,,,
30.21,30.67,!    9/1/2073,,,,,
30.02,30.57,!    9/2/2073,,,,,
29.97,30.47,!    9/3/2073,,,,,
29.91,30.27,!    9/4/2073,,,,,
29.80,30.27,!    9/5/2073,,,,,
29.74,30.17,!    9/6/2073,,,,,
29.69,30.17,!    9/7/2073,,,,,
29.63,30.17,!    9/8/2073,,,,,
29.52,30.07,!    9/9/2073,,,,,
29.47,29.97,!    9/10/2073,,,,,
29.41,29.87,!    9/11/2073,,,,,
29.30,29.67,!    9/12/2073,,,,,
29.24,29.57,!    9/13/2073,,,,,
29.13,29.57,!    9/14/2073,,,,,
29.02,29.47,!    9/15/2073,,,,,
28.97,29.37,!    9/16/2073,,,,,
28.85,29.17,!    9/17/2073,,,,,
28.74,29.07,!    9/18/2073,,,,,
28.63,28.97,!    9/19/2073,,,,,
28.52,28.67,!    9/20/2073,,,,,
28.41,28.57,!    9/21/2073,,,,,
28.30,28.37,!    9/22/2073,,,,,
28.19,28.27,!    9/23/2073,,,,,
28.08,28.27,!    9/24/2073,,,,,
27.91,28.07,!    9/25/2073,,,,,
27.80,27.97,!    9/26/2073,,,,,
27.69,27.67,!    9/27/2073,,,,,
27.52,27.67,!    9/28/2073,,,,,
27.41,27.57,!    9/29/2073,,,,,
27.24,27.37,!    9/30/2073,,,,,
27.26,27.13,!    10/1/2073,,,,,
26.98,26.83,!    10/2/2073,,,,,
26.81,26.53,!    10/3/2073,,,,,
26.64,26.33,!    10/4/2073,,,,,
26.48,26.33,!    10/5/2073,,,,,
26.31,26.23,!    10/6/2073,,,,,
26.14,26.03,!    10/7/2073,,,,,
25.98,25.83,!    10/8/2073,,,,,
25.81,25.63,!    10/9/2073,,,,,
25.59,25.43,!    10/10/2073,,,,,
25.42,25.33,!    10/11/2073,,,,,
25.25,25.23,!    10/12/2073,,,,,
25.09,25.03,!    10/13/2073,,,,,
24.86,24.83,!    10/14/2073,,,,,
24.70,24.63,!    10/15/2073,,,,,
24.48,24.43,!    10/16/2073,,,,,
24.31,24.23,!    10/17/2073,,,,,
24.09,23.93,!    10/18/2073,,,,,
23.92,23.73,!    10/19/2073,,,,,
23.70,23.43,!    10/20/2073,,,,,
23.53,22.93,!    10/21/2073,,,,,
23.31,22.63,!    10/22/2073,,,,,
23.14,22.33,!    10/23/2073,,,,,
22.92,21.93,!    10/24/2073,,,,,
22.75,21.63,!    10/25/2073,,,,,
22.53,21.23,!    10/26/2073,,,,,
22.36,21.03,!    10/27/2073,,,,,
22.14,20.83,!    10/28/2073,,,,,
21.98,20.33,!    10/29/2073,,,,,
21.75,19.93,!    10/30/2073,,,,,
21.59,19.73,!    10/31/2073,,,,,
21.43,20.53,!    11/1/2073,,,,,
21.03,20.33,!    11/2/2073,,,,,
20.86,20.13,!    11/3/2073,,,,,
20.64,20.03,!    11/4/2073,,,,,
20.48,19.83,!    11/5/2073,,,,,
20.31,19.63,!    11/6/2073,,,,,
20.14,19.73,!    11/7/2073,,,,,
19.98,19.53,!    11/8/2073,,,,,
19.81,19.33,!    11/9/2073,,,,,
19.64,19.13,!    11/10/2073,,,,,
19.48,18.93,!    11/11/2073,,,,,
19.31,18.73,!    11/12/2073,,,,,
19.20,18.53,!    11/13/2073,,,,,
19.03,18.23,!    11/14/2073,,,,,
18.86,17.93,!    11/15/2073,,,,,
18.75,17.73,!    11/16/2073,,,,,
18.59,17.53,!    11/17/2073,,,,,
18.48,17.23,!    11/18/2073,,,,,
18.36,16.93,!    11/19/2073,,,,,
18.20,16.63,!    11/20/2073,,,,,
18.09,16.43,!    11/21/2073,,,,,
17.98,16.23,!    11/22/2073,,,,,
17.86,16.03,!    11/23/2073,,,,,
17.75,15.93,!    11/24/2073,,,,,
17.64,15.83,!    11/25/2073,,,,,
17.53,15.73,!    11/26/2073,,,,,
17.42,15.53,!    11/27/2073,,,,,
17.31,15.33,!    11/28/2073,,,,,
17.20,15.13,!    11/29/2073,,,,,
17.14,15.03,!    11/30/2073,,,,,
15.69,13.99,!    12/1/2073,,,,,
15.37,13.69,!    12/2/2073,,,,,
15.32,13.49,!    12/3/2073,,,,,
15.21,13.39,!    12/4/2073,,,,,
15.10,13.19,!    12/5/2073,,,,,
15.04,12.99,!    12/6/2073,,,,,
14.93,12.59,!    12/7/2073,,,,,
14.87,12.39,!    12/8/2073,,,,,
14.76,12.19,!    12/9/2073,,,,,
14.71,11.99,!    12/10/2073,,,,,
14.60,11.79,!    12/11/2073,,,,,
14.54,11.49,!    12/12/2073,,,,,
14.43,11.39,!    12/13/2073,,,,,
14.37,11.19,!    12/14/2073,,,,,
14.32,11.09,!    12/15/2073,,,,,
14.21,10.89,!    12/16/2073,,,,,
14.15,10.79,!    12/17/2073,,,,,
14.04,10.59,!    12/18/2073,,,,,
13.99,10.49,!    12/19/2073,,,,,
13.93,10.39,!    12/20/2073,,,,,
13.82,10.29,!    12/21/2073,,,,,
13.76,10.19,!    12/22/2073,,,,,
13.71,10.19,!    12/23/2073,,,,,
13.65,10.09,!    12/24/2073,,,,,
13.54,9.99,!    12/25/2073,,,,,
13.49,9.89,!    12/26/2073,,,,,
13.43,9.79,!    12/27/2073,,,,,
13.37,9.79,!    12/28/2073,,,,,
13.32,9.79,!    12/29/2073,,,,,
13.26,9.69,!    12/30/2073,,,,,
13.21,9.69,!    12/31/2073,,,,,
13.90,9.74,!    1/1/2074,,,,,
13.84,9.64,!    1/2/2074,,,,,
13.79,9.54,!    1/3/2074,,,,,
13.73,9.44,!    1/4/2074,,,,,
13.73,9.24,!    1/5/2074,,,,,
13.68,9.14,!    1/6/2074,,,,,
13.62,9.04,!    1/7/2074,,,,,
13.62,8.94,!    1/8/2074,,,,,
13.57,8.84,!    1/9/2074,,,,,
13.57,8.84,!    1/10/2074,,,,,
13.57,8.74,!    1/11/2074,,,,,
13.51,8.74,!    1/12/2074,,,,,
13.51,8.64,!    1/13/2074,,,,,
13.51,8.44,!    1/14/2074,,,,,
13.51,8.34,!    1/15/2074,,,,,
13.51,8.24,!    1/16/2074,,,,,
13.51,8.14,!    1/17/2074,,,,,
13.57,8.14,!    1/18/2074,,,,,
13.57,8.14,!    1/19/2074,,,,,
13.57,7.84,!    1/20/2074,,,,,
13.62,7.94,!    1/21/2074,,,,,
13.68,7.94,!    1/22/2074,,,,,
13.68,7.94,!    1/23/2074,,,,,
13.73,8.04,!    1/24/2074,,,,,
13.79,8.04,!    1/25/2074,,,,,
13.84,8.24,!    1/26/2074,,,,,
13.90,8.24,!    1/27/2074,,,,,
13.96,8.14,!    1/28/2074,,,,,
14.01,8.04,!    1/29/2074,,,,,
14.07,7.94,!    1/30/2074,,,,,
14.18,7.94,!    1/31/2074,,,,,
13.24,8.07,!    2/1/2074,,,,,
13.30,8.07,!    2/2/2074,,,,,
13.41,8.27,!    2/3/2074,,,,,
13.46,8.27,!    2/4/2074,,,,,
13.57,8.27,!    2/5/2074,,,,,
13.69,8.37,!    2/6/2074,,,,,
13.80,8.37,!    2/7/2074,,,,,
13.85,8.57,!    2/8/2074,,,,,
13.96,8.67,!    2/9/2074,,,,,
14.07,8.77,!    2/10/2074,,,,,
14.19,8.77,!    2/11/2074,,,,,
14.30,8.87,!    2/12/2074,,,,,
14.41,8.87,!    2/13/2074,,,,,
14.52,8.87,!    2/14/2074,,,,,
14.63,8.87,!    2/15/2074,,,,,
14.74,8.97,!    2/16/2074,,,,,
14.85,9.07,!    2/17/2074,,,,,
14.96,9.07,!    2/18/2074,,,,,
15.07,9.17,!    2/19/2074,,,,,
15.19,9.27,!    2/20/2074,,,,,
15.30,9.47,!    2/21/2074,,,,,
15.41,9.57,!    2/22/2074,,,,,
15.52,9.67,!    2/23/2074,,,,,
15.63,9.87,!    2/24/2074,,,,,
15.80,9.97,!    2/25/2074,,,,,
15.91,9.97,!    2/26/2074,,,,,
16.02,10.17,!    2/27/2074,,,,,
16.13,10.27,!    2/28/2074,,,,,
17.63,11.31,!    3/1/2074,,,,,
17.95,10.81,!    3/2/2074,,,,,
18.06,10.81,!    3/3/2074,,,,,
18.17,10.81,!    3/4/2074,,,,,
18.28,10.81,!    3/5/2074,,,,,
18.39,10.91,!    3/6/2074,,,,,
18.51,11.01,!    3/7/2074,,,,,
18.62,11.11,!    3/8/2074,,,,,
18.73,11.31,!    3/9/2074,,,,,
18.84,11.51,!    3/10/2074,,,,,
18.89,11.71,!    3/11/2074,,,,,
19.01,11.91,!    3/12/2074,,,,,
19.12,12.01,!    3/13/2074,,,,,
19.23,12.21,!    3/14/2074,,,,,
19.34,12.31,!    3/15/2074,,,,,
19.45,12.51,!    3/16/2074,,,,,
19.56,12.61,!    3/17/2074,,,,,
19.62,12.71,!    3/18/2074,,,,,
19.73,12.91,!    3/19/2074,,,,,
19.84,13.21,!    3/20/2074,,,,,
19.95,13.31,!    3/21/2074,,,,,
20.01,13.51,!    3/22/2074,,,,,
20.12,13.51,!    3/23/2074,,,,,
20.23,13.71,!    3/24/2074,,,,,
20.34,14.01,!    3/25/2074,,,,,
20.39,14.21,!    3/26/2074,,,,,
20.51,14.41,!    3/27/2074,,,,,
20.62,14.61,!    3/28/2074,,,,,
20.67,14.81,!    3/29/2074,,,,,
20.78,15.01,!    3/30/2074,,,,,
20.89,15.21,!    3/31/2074,,,,,
20.86,15.04,!    4/1/2074,,,,,
21.30,15.24,!    4/2/2074,,,,,
21.41,15.44,!    4/3/2074,,,,,
21.53,15.74,!    4/4/2074,,,,,
21.64,16.04,!    4/5/2074,,,,,
21.69,16.24,!    4/6/2074,,,,,
21.80,16.34,!    4/7/2074,,,,,
21.91,16.44,!    4/8/2074,,,,,
22.03,16.64,!    4/9/2074,,,,,
22.14,16.84,!    4/10/2074,,,,,
22.19,17.04,!    4/11/2074,,,,,
22.30,17.34,!    4/12/2074,,,,,
22.41,17.44,!    4/13/2074,,,,,
22.53,17.54,!    4/14/2074,,,,,
22.64,17.74,!    4/15/2074,,,,,
22.75,17.84,!    4/16/2074,,,,,
22.86,17.94,!    4/17/2074,,,,,
22.97,18.04,!    4/18/2074,,,,,
23.08,18.24,!    4/19/2074,,,,,
23.19,18.34,!    4/20/2074,,,,,
23.30,18.54,!    4/21/2074,,,,,
23.47,18.84,!    4/22/2074,,,,,
23.58,18.94,!    4/23/2074,,,,,
23.69,19.04,!    4/24/2074,,,,,
23.80,19.14,!    4/25/2074,,,,,
23.91,19.24,!    4/26/2074,,,,,
24.08,19.44,!    4/27/2074,,,,,
24.19,19.64,!    4/28/2074,,,,,
24.30,20.04,!    4/29/2074,,,,,
24.47,20.24,!    4/30/2074,,,,,
23.90,20.09,!    5/1/2074,,,,,
24.12,20.29,!    5/2/2074,,,,,
24.29,20.39,!    5/3/2074,,,,,
24.40,20.59,!    5/4/2074,,,,,
24.56,20.59,!    5/5/2074,,,,,
24.68,20.69,!    5/6/2074,,,,,
24.84,20.79,!    5/7/2074,,,,,
24.95,20.99,!    5/8/2074,,,,,
25.12,21.19,!    5/9/2074,,,,,
25.23,21.39,!    5/10/2074,,,,,
25.34,21.49,!    5/11/2074,,,,,
25.51,21.59,!    5/12/2074,,,,,
25.62,21.79,!    5/13/2074,,,,,
25.79,21.89,!    5/14/2074,,,,,
25.90,21.99,!    5/15/2074,,,,,
26.06,22.19,!    5/16/2074,,,,,
26.18,22.39,!    5/17/2074,,,,,
26.34,22.59,!    5/18/2074,,,,,
26.45,22.59,!    5/19/2074,,,,,
26.56,22.79,!    5/20/2074,,,,,
26.73,22.99,!    5/21/2074,,,,,
26.84,23.29,!    5/22/2074,,,,,
26.95,23.49,!    5/23/2074,,,,,
27.12,23.69,!    5/24/2074,,,,,
27.23,23.89,!    5/25/2074,,,,,
27.34,24.19,!    5/26/2074,,,,,
27.45,24.39,!    5/27/2074,,,,,
27.56,24.49,!    5/28/2074,,,,,
27.68,24.69,!    5/29/2074,,,,,
27.79,24.89,!    5/30/2074,,,,,
27.90,24.99,!    5/31/2074,,,,,
28.05,25.05,!    6/1/2074,,,,,
28.25,25.25,!    6/2/2074,,,,,
28.30,25.45,!    6/3/2074,,,,,
28.41,25.65,!    6/4/2074,,,,,
28.52,25.85,!    6/5/2074,,,,,
28.58,26.05,!    6/6/2074,,,,,
28.69,26.35,!    6/7/2074,,,,,
28.75,26.65,!    6/8/2074,,,,,
28.86,26.95,!    6/9/2074,,,,,
28.91,27.15,!    6/10/2074,,,,,
28.97,27.35,!    6/11/2074,,,,,
29.08,27.55,!    6/12/2074,,,,,
29.13,27.65,!    6/13/2074,,,,,
29.19,27.75,!    6/14/2074,,,,,
29.25,27.95,!    6/15/2074,,,,,
29.30,28.15,!    6/16/2074,,,,,
29.36,28.35,!    6/17/2074,,,,,
29.41,28.45,!    6/18/2074,,,,,
29.47,28.55,!    6/19/2074,,,,,
29.47,28.65,!    6/20/2074,,,,,
29.52,28.85,!    6/21/2074,,,,,
29.58,28.95,!    6/22/2074,,,,,
29.63,29.05,!    6/23/2074,,,,,
29.63,29.15,!    6/24/2074,,,,,
29.69,29.35,!    6/25/2074,,,,,
29.69,29.45,!    6/26/2074,,,,,
29.75,29.55,!    6/27/2074,,,,,
29.75,29.65,!    6/28/2074,,,,,
29.80,29.65,!    6/29/2074,,,,,
29.80,29.75,!    6/30/2074,,,,,
30.30,30.46,!    7/1/2074,,,,,
30.24,30.56,!    7/2/2074,,,,,
30.24,30.76,!    7/3/2074,,,,,
30.30,30.76,!    7/4/2074,,,,,
30.30,30.76,!    7/5/2074,,,,,
30.36,30.76,!    7/6/2074,,,,,
30.36,30.76,!    7/7/2074,,,,,
30.36,30.76,!    7/8/2074,,,,,
30.36,30.66,!    7/9/2074,,,,,
30.41,30.76,!    7/10/2074,,,,,
30.41,30.76,!    7/11/2074,,,,,
30.41,30.76,!    7/12/2074,,,,,
30.47,30.76,!    7/13/2074,,,,,
30.47,30.86,!    7/14/2074,,,,,
30.47,30.86,!    7/15/2074,,,,,
30.47,30.86,!    7/16/2074,,,,,
30.52,30.86,!    7/17/2074,,,,,
30.52,30.96,!    7/18/2074,,,,,
30.52,30.96,!    7/19/2074,,,,,
30.58,31.16,!    7/20/2074,,,,,
30.58,31.26,!    7/21/2074,,,,,
30.58,31.26,!    7/22/2074,,,,,
30.58,31.36,!    7/23/2074,,,,,
30.58,31.36,!    7/24/2074,,,,,
30.63,31.36,!    7/25/2074,,,,,
30.63,31.46,!    7/26/2074,,,,,
30.63,31.56,!    7/27/2074,,,,,
30.63,31.66,!    7/28/2074,,,,,
30.63,31.66,!    7/29/2074,,,,,
30.69,31.76,!    7/30/2074,,,,,
30.69,31.76,!    7/31/2074,,,,,
30.12,31.17,!    8/1/2074,,,,,
30.13,31.07,!    8/2/2074,,,,,
30.13,31.17,!    8/3/2074,,,,,
30.13,31.17,!    8/4/2074,,,,,
30.13,31.27,!    8/5/2074,,,,,
30.13,31.27,!    8/6/2074,,,,,
30.13,31.37,!    8/7/2074,,,,,
30.13,31.47,!    8/8/2074,,,,,
30.13,31.47,!    8/9/2074,,,,,
30.13,31.57,!    8/10/2074,,,,,
30.13,31.47,!    8/11/2074,,,,,
30.13,31.57,!    8/12/2074,,,,,
30.13,31.47,!    8/13/2074,,,,,
30.08,31.27,!    8/14/2074,,,,,
30.08,31.27,!    8/15/2074,,,,,
30.08,31.27,!    8/16/2074,,,,,
30.02,31.37,!    8/17/2074,,,,,
30.02,31.37,!    8/18/2074,,,,,
30.02,31.27,!    8/19/2074,,,,,
29.97,31.17,!    8/20/2074,,,,,
29.97,30.97,!    8/21/2074,,,,,
29.91,30.97,!    8/22/2074,,,,,
29.91,30.97,!    8/23/2074,,,,,
29.86,30.97,!    8/24/2074,,,,,
29.80,31.07,!    8/25/2074,,,,,
29.80,30.97,!    8/26/2074,,,,,
29.74,30.87,!    8/27/2074,,,,,
29.69,30.77,!    8/28/2074,,,,,
29.63,30.67,!    8/29/2074,,,,,
29.63,30.57,!    8/30/2074,,,,,
29.58,30.47,!    8/31/2074,,,,,
29.59,30.37,!    9/1/2074,,,,,
29.41,30.27,!    9/2/2074,,,,,
29.35,30.17,!    9/3/2074,,,,,
29.29,29.97,!    9/4/2074,,,,,
29.18,29.97,!    9/5/2074,,,,,
29.13,29.87,!    9/6/2074,,,,,
29.07,29.87,!    9/7/2074,,,,,
29.02,29.87,!    9/8/2074,,,,,
28.91,29.77,!    9/9/2074,,,,,
28.85,29.67,!    9/10/2074,,,,,
28.79,29.57,!    9/11/2074,,,,,
28.68,29.37,!    9/12/2074,,,,,
28.63,29.27,!    9/13/2074,,,,,
28.52,29.27,!    9/14/2074,,,,,
28.41,29.17,!    9/15/2074,,,,,
28.35,29.07,!    9/16/2074,,,,,
28.24,28.87,!    9/17/2074,,,,,
28.13,28.77,!    9/18/2074,,,,,
28.02,28.67,!    9/19/2074,,,,,
27.91,28.37,!    9/20/2074,,,,,
27.79,28.27,!    9/21/2074,,,,,
27.68,28.07,!    9/22/2074,,,,,
27.57,27.97,!    9/23/2074,,,,,
27.46,27.97,!    9/24/2074,,,,,
27.29,27.77,!    9/25/2074,,,,,
27.18,27.67,!    9/26/2074,,,,,
27.07,27.37,!    9/27/2074,,,,,
26.91,27.37,!    9/28/2074,,,,,
26.79,27.27,!    9/29/2074,,,,,
26.63,27.07,!    9/30/2074,,,,,
26.44,26.76,!    10/1/2074,,,,,
26.16,26.46,!    10/2/2074,,,,,
25.99,26.16,!    10/3/2074,,,,,
25.82,25.96,!    10/4/2074,,,,,
25.66,25.96,!    10/5/2074,,,,,
25.49,25.86,!    10/6/2074,,,,,
25.32,25.66,!    10/7/2074,,,,,
25.16,25.46,!    10/8/2074,,,,,
24.99,25.26,!    10/9/2074,,,,,
24.77,25.06,!    10/10/2074,,,,,
24.60,24.96,!    10/11/2074,,,,,
24.43,24.86,!    10/12/2074,,,,,
24.27,24.66,!    10/13/2074,,,,,
24.05,24.46,!    10/14/2074,,,,,
23.88,24.26,!    10/15/2074,,,,,
23.66,24.06,!    10/16/2074,,,,,
23.49,23.86,!    10/17/2074,,,,,
23.27,23.56,!    10/18/2074,,,,,
23.10,23.36,!    10/19/2074,,,,,
22.88,23.06,!    10/20/2074,,,,,
22.71,22.56,!    10/21/2074,,,,,
22.49,22.26,!    10/22/2074,,,,,
22.32,21.96,!    10/23/2074,,,,,
22.10,21.56,!    10/24/2074,,,,,
21.93,21.26,!    10/25/2074,,,,,
21.71,20.86,!    10/26/2074,,,,,
21.55,20.66,!    10/27/2074,,,,,
21.32,20.46,!    10/28/2074,,,,,
21.16,19.96,!    10/29/2074,,,,,
20.93,19.56,!    10/30/2074,,,,,
20.77,19.36,!    10/31/2074,,,,,
22.14,19.37,!    11/1/2074,,,,,
21.74,19.17,!    11/2/2074,,,,,
21.57,18.97,!    11/3/2074,,,,,
21.35,18.87,!    11/4/2074,,,,,
21.18,18.67,!    11/5/2074,,,,,
21.01,18.47,!    11/6/2074,,,,,
20.85,18.57,!    11/7/2074,,,,,
20.68,18.37,!    11/8/2074,,,,,
20.51,18.17,!    11/9/2074,,,,,
20.35,17.97,!    11/10/2074,,,,,
20.18,17.77,!    11/11/2074,,,,,
20.01,17.57,!    11/12/2074,,,,,
19.90,17.37,!    11/13/2074,,,,,
19.74,17.07,!    11/14/2074,,,,,
19.57,16.77,!    11/15/2074,,,,,
19.46,16.57,!    11/16/2074,,,,,
19.29,16.37,!    11/17/2074,,,,,
19.18,16.07,!    11/18/2074,,,,,
19.07,15.77,!    11/19/2074,,,,,
18.90,15.47,!    11/20/2074,,,,,
18.79,15.27,!    11/21/2074,,,,,
18.68,15.07,!    11/22/2074,,,,,
18.57,14.87,!    11/23/2074,,,,,
18.46,14.77,!    11/24/2074,,,,,
18.35,14.67,!    11/25/2074,,,,,
18.24,14.57,!    11/26/2074,,,,,
18.13,14.37,!    11/27/2074,,,,,
18.01,14.17,!    11/28/2074,,,,,
17.90,13.97,!    11/29/2074,,,,,
17.85,13.87,!    11/30/2074,,,,,
16.53,14.21,!    12/1/2074,,,,,
16.21,13.91,!    12/2/2074,,,,,
16.16,13.71,!    12/3/2074,,,,,
16.05,13.61,!    12/4/2074,,,,,
15.94,13.41,!    12/5/2074,,,,,
15.88,13.21,!    12/6/2074,,,,,
15.77,12.81,!    12/7/2074,,,,,
15.71,12.61,!    12/8/2074,,,,,
15.60,12.41,!    12/9/2074,,,,,
15.55,12.21,!    12/10/2074,,,,,
15.44,12.01,!    12/11/2074,,,,,
15.38,11.71,!    12/12/2074,,,,,
15.27,11.61,!    12/13/2074,,,,,
15.21,11.41,!    12/14/2074,,,,,
15.16,11.31,!    12/15/2074,,,,,
15.05,11.11,!    12/16/2074,,,,,
14.99,11.01,!    12/17/2074,,,,,
14.88,10.81,!    12/18/2074,,,,,
14.83,10.71,!    12/19/2074,,,,,
14.77,10.61,!    12/20/2074,,,,,
14.66,10.51,!    12/21/2074,,,,,
14.60,10.41,!    12/22/2074,,,,,
14.55,10.41,!    12/23/2074,,,,,
14.49,10.31,!    12/24/2074,,,,,
14.38,10.21,!    12/25/2074,,,,,
14.33,10.11,!    12/26/2074,,,,,
14.27,10.01,!    12/27/2074,,,,,
14.21,10.01,!    12/28/2074,,,,,
14.16,10.01,!    12/29/2074,,,,,
14.10,9.91,!    12/30/2074,,,,,
14.05,9.91,!    12/31/2074,,,,,
13.86,9.66,!    1/1/2075,,,,,
13.80,9.56,!    1/2/2075,,,,,
13.75,9.46,!    1/3/2075,,,,,
13.69,9.36,!    1/4/2075,,,,,
13.69,9.16,!    1/5/2075,,,,,
13.64,9.06,!    1/6/2075,,,,,
13.58,8.96,!    1/7/2075,,,,,
13.58,8.86,!    1/8/2075,,,,,
13.53,8.76,!    1/9/2075,,,,,
13.53,8.76,!    1/10/2075,,,,,
13.53,8.66,!    1/11/2075,,,,,
13.47,8.66,!    1/12/2075,,,,,
13.47,8.56,!    1/13/2075,,,,,
13.47,8.36,!    1/14/2075,,,,,
13.47,8.26,!    1/15/2075,,,,,
13.47,8.16,!    1/16/2075,,,,,
13.47,8.06,!    1/17/2075,,,,,
13.53,8.06,!    1/18/2075,,,,,
13.53,8.06,!    1/19/2075,,,,,
13.53,7.76,!    1/20/2075,,,,,
13.58,7.86,!    1/21/2075,,,,,
13.64,7.86,!    1/22/2075,,,,,
13.64,7.86,!    1/23/2075,,,,,
13.69,7.96,!    1/24/2075,,,,,
13.75,7.96,!    1/25/2075,,,,,
13.80,8.16,!    1/26/2075,,,,,
13.86,8.16,!    1/27/2075,,,,,
13.91,8.06,!    1/28/2075,,,,,
13.97,7.96,!    1/29/2075,,,,,
14.03,7.86,!    1/30/2075,,,,,
14.14,7.86,!    1/31/2075,,,,,
13.69,7.65,!    2/1/2075,,,,,
13.74,7.65,!    2/2/2075,,,,,
13.86,7.85,!    2/3/2075,,,,,
13.91,7.85,!    2/4/2075,,,,,
14.02,7.85,!    2/5/2075,,,,,
14.13,7.95,!    2/6/2075,,,,,
14.24,7.95,!    2/7/2075,,,,,
14.30,8.15,!    2/8/2075,,,,,
14.41,8.25,!    2/9/2075,,,,,
14.52,8.35,!    2/10/2075,,,,,
14.63,8.35,!    2/11/2075,,,,,
14.74,8.45,!    2/12/2075,,,,,
14.86,8.45,!    2/13/2075,,,,,
14.97,8.45,!    2/14/2075,,,,,
15.08,8.45,!    2/15/2075,,,,,
15.19,8.55,!    2/16/2075,,,,,
15.30,8.65,!    2/17/2075,,,,,
15.41,8.65,!    2/18/2075,,,,,
15.52,8.75,!    2/19/2075,,,,,
15.63,8.85,!    2/20/2075,,,,,
15.74,9.05,!    2/21/2075,,,,,
15.86,9.15,!    2/22/2075,,,,,
15.97,9.25,!    2/23/2075,,,,,
16.08,9.45,!    2/24/2075,,,,,
16.24,9.55,!    2/25/2075,,,,,
16.36,9.55,!    2/26/2075,,,,,
16.47,9.75,!    2/27/2075,,,,,
16.58,9.85,!    2/28/2075,,,,,
16.73,10.72,!    3/1/2075,,,,,
17.05,10.22,!    3/2/2075,,,,,
17.16,10.22,!    3/3/2075,,,,,
17.27,10.22,!    3/4/2075,,,,,
17.38,10.22,!    3/5/2075,,,,,
17.49,10.32,!    3/6/2075,,,,,
17.60,10.42,!    3/7/2075,,,,,
17.72,10.52,!    3/8/2075,,,,,
17.83,10.72,!    3/9/2075,,,,,
17.94,10.92,!    3/10/2075,,,,,
17.99,11.12,!    3/11/2075,,,,,
18.10,11.32,!    3/12/2075,,,,,
18.22,11.42,!    3/13/2075,,,,,
18.33,11.62,!    3/14/2075,,,,,
18.44,11.72,!    3/15/2075,,,,,
18.55,11.92,!    3/16/2075,,,,,
18.66,12.02,!    3/17/2075,,,,,
18.72,12.12,!    3/18/2075,,,,,
18.83,12.32,!    3/19/2075,,,,,
18.94,12.62,!    3/20/2075,,,,,
19.05,12.72,!    3/21/2075,,,,,
19.10,12.92,!    3/22/2075,,,,,
19.22,12.92,!    3/23/2075,,,,,
19.33,13.12,!    3/24/2075,,,,,
19.44,13.42,!    3/25/2075,,,,,
19.49,13.62,!    3/26/2075,,,,,
19.60,13.82,!    3/27/2075,,,,,
19.72,14.02,!    3/28/2075,,,,,
19.77,14.22,!    3/29/2075,,,,,
19.88,14.42,!    3/30/2075,,,,,
19.99,14.62,!    3/31/2075,,,,,
20.78,15.19,!    4/1/2075,,,,,
21.22,15.39,!    4/2/2075,,,,,
21.34,15.59,!    4/3/2075,,,,,
21.45,15.89,!    4/4/2075,,,,,
21.56,16.19,!    4/5/2075,,,,,
21.61,16.39,!    4/6/2075,,,,,
21.72,16.49,!    4/7/2075,,,,,
21.84,16.59,!    4/8/2075,,,,,
21.95,16.79,!    4/9/2075,,,,,
22.06,16.99,!    4/10/2075,,,,,
22.11,17.19,!    4/11/2075,,,,,
22.22,17.49,!    4/12/2075,,,,,
22.34,17.59,!    4/13/2075,,,,,
22.45,17.69,!    4/14/2075,,,,,
22.56,17.89,!    4/15/2075,,,,,
22.67,17.99,!    4/16/2075,,,,,
22.78,18.09,!    4/17/2075,,,,,
22.89,18.19,!    4/18/2075,,,,,
23.00,18.39,!    4/19/2075,,,,,
23.11,18.49,!    4/20/2075,,,,,
23.22,18.69,!    4/21/2075,,,,,
23.39,18.99,!    4/22/2075,,,,,
23.50,19.09,!    4/23/2075,,,,,
23.61,19.19,!    4/24/2075,,,,,
23.72,19.29,!    4/25/2075,,,,,
23.84,19.39,!    4/26/2075,,,,,
24.00,19.59,!    4/27/2075,,,,,
24.11,19.79,!    4/28/2075,,,,,
24.22,20.19,!    4/29/2075,,,,,
24.39,20.39,!    4/30/2075,,,,,
24.54,19.78,!    5/1/2075,,,,,
24.77,19.98,!    5/2/2075,,,,,
24.93,20.08,!    5/3/2075,,,,,
25.04,20.28,!    5/4/2075,,,,,
25.21,20.28,!    5/5/2075,,,,,
25.32,20.38,!    5/6/2075,,,,,
25.49,20.48,!    5/7/2075,,,,,
25.60,20.68,!    5/8/2075,,,,,
25.77,20.88,!    5/9/2075,,,,,
25.88,21.08,!    5/10/2075,,,,,
25.99,21.18,!    5/11/2075,,,,,
26.15,21.28,!    5/12/2075,,,,,
26.27,21.48,!    5/13/2075,,,,,
26.43,21.58,!    5/14/2075,,,,,
26.54,21.68,!    5/15/2075,,,,,
26.71,21.88,!    5/16/2075,,,,,
26.82,22.08,!    5/17/2075,,,,,
26.99,22.28,!    5/18/2075,,,,,
27.10,22.28,!    5/19/2075,,,,,
27.21,22.48,!    5/20/2075,,,,,
27.38,22.68,!    5/21/2075,,,,,
27.49,22.98,!    5/22/2075,,,,,
27.60,23.18,!    5/23/2075,,,,,
27.77,23.38,!    5/24/2075,,,,,
27.88,23.58,!    5/25/2075,,,,,
27.99,23.88,!    5/26/2075,,,,,
28.10,24.08,!    5/27/2075,,,,,
28.21,24.18,!    5/28/2075,,,,,
28.32,24.38,!    5/29/2075,,,,,
28.43,24.58,!    5/30/2075,,,,,
28.54,24.68,!    5/31/2075,,,,,
28.54,24.92,!    6/1/2075,,,,,
28.74,25.12,!    6/2/2075,,,,,
28.79,25.32,!    6/3/2075,,,,,
28.90,25.52,!    6/4/2075,,,,,
29.01,25.72,!    6/5/2075,,,,,
29.07,25.92,!    6/6/2075,,,,,
29.18,26.22,!    6/7/2075,,,,,
29.24,26.52,!    6/8/2075,,,,,
29.35,26.82,!    6/9/2075,,,,,
29.40,27.02,!    6/10/2075,,,,,
29.46,27.22,!    6/11/2075,,,,,
29.57,27.42,!    6/12/2075,,,,,
29.63,27.52,!    6/13/2075,,,,,
29.68,27.62,!    6/14/2075,,,,,
29.74,27.82,!    6/15/2075,,,,,
29.79,28.02,!    6/16/2075,,,,,
29.85,28.22,!    6/17/2075,,,,,
29.90,28.32,!    6/18/2075,,,,,
29.96,28.42,!    6/19/2075,,,,,
29.96,28.52,!    6/20/2075,,,,,
30.01,28.72,!    6/21/2075,,,,,
30.07,28.82,!    6/22/2075,,,,,
30.13,28.92,!    6/23/2075,,,,,
30.13,29.02,!    6/24/2075,,,,,
30.18,29.22,!    6/25/2075,,,,,
30.18,29.32,!    6/26/2075,,,,,
30.24,29.42,!    6/27/2075,,,,,
30.24,29.52,!    6/28/2075,,,,,
30.29,29.52,!    6/29/2075,,,,,
30.29,29.62,!    6/30/2075,,,,,
30.31,29.97,!    7/1/2075,,,,,
30.26,30.07,!    7/2/2075,,,,,
30.26,30.27,!    7/3/2075,,,,,
30.31,30.27,!    7/4/2075,,,,,
30.31,30.27,!    7/5/2075,,,,,
30.37,30.27,!    7/6/2075,,,,,
30.37,30.27,!    7/7/2075,,,,,
30.37,30.27,!    7/8/2075,,,,,
30.37,30.17,!    7/9/2075,,,,,
30.42,30.27,!    7/10/2075,,,,,
30.42,30.27,!    7/11/2075,,,,,
30.42,30.27,!    7/12/2075,,,,,
30.48,30.27,!    7/13/2075,,,,,
30.48,30.37,!    7/14/2075,,,,,
30.48,30.37,!    7/15/2075,,,,,
30.48,30.37,!    7/16/2075,,,,,
30.54,30.37,!    7/17/2075,,,,,
30.54,30.47,!    7/18/2075,,,,,
30.54,30.47,!    7/19/2075,,,,,
30.59,30.67,!    7/20/2075,,,,,
30.59,30.77,!    7/21/2075,,,,,
30.59,30.77,!    7/22/2075,,,,,
30.59,30.87,!    7/23/2075,,,,,
30.59,30.87,!    7/24/2075,,,,,
30.65,30.87,!    7/25/2075,,,,,
30.65,30.97,!    7/26/2075,,,,,
30.65,31.07,!    7/27/2075,,,,,
30.65,31.17,!    7/28/2075,,,,,
30.65,31.17,!    7/29/2075,,,,,
30.70,31.27,!    7/30/2075,,,,,
30.70,31.27,!    7/31/2075,,,,,
30.25,31.49,!    8/1/2075,,,,,
30.26,31.39,!    8/2/2075,,,,,
30.26,31.49,!    8/3/2075,,,,,
30.26,31.49,!    8/4/2075,,,,,
30.26,31.59,!    8/5/2075,,,,,
30.26,31.59,!    8/6/2075,,,,,
30.26,31.69,!    8/7/2075,,,,,
30.26,31.79,!    8/8/2075,,,,,
30.26,31.79,!    8/9/2075,,,,,
30.26,31.89,!    8/10/2075,,,,,
30.26,31.79,!    8/11/2075,,,,,
30.26,31.89,!    8/12/2075,,,,,
30.26,31.79,!    8/13/2075,,,,,
30.21,31.59,!    8/14/2075,,,,,
30.21,31.59,!    8/15/2075,,,,,
30.21,31.59,!    8/16/2075,,,,,
30.15,31.69,!    8/17/2075,,,,,
30.15,31.69,!    8/18/2075,,,,,
30.15,31.59,!    8/19/2075,,,,,
30.10,31.49,!    8/20/2075,,,,,
30.10,31.29,!    8/21/2075,,,,,
30.04,31.29,!    8/22/2075,,,,,
30.04,31.29,!    8/23/2075,,,,,
29.99,31.29,!    8/24/2075,,,,,
29.93,31.39,!    8/25/2075,,,,,
29.93,31.29,!    8/26/2075,,,,,
29.88,31.19,!    8/27/2075,,,,,
29.82,31.09,!    8/28/2075,,,,,
29.76,30.99,!    8/29/2075,,,,,
29.76,30.89,!    8/30/2075,,,,,
29.71,30.79,!    8/31/2075,,,,,
29.98,30.55,!    9/1/2075,,,,,
29.79,30.45,!    9/2/2075,,,,,
29.73,30.35,!    9/3/2075,,,,,
29.68,30.15,!    9/4/2075,,,,,
29.57,30.15,!    9/5/2075,,,,,
29.51,30.05,!    9/6/2075,,,,,
29.45,30.05,!    9/7/2075,,,,,
29.40,30.05,!    9/8/2075,,,,,
29.29,29.95,!    9/9/2075,,,,,
29.23,29.85,!    9/10/2075,,,,,
29.18,29.75,!    9/11/2075,,,,,
29.07,29.55,!    9/12/2075,,,,,
29.01,29.45,!    9/13/2075,,,,,
28.90,29.45,!    9/14/2075,,,,,
28.79,29.35,!    9/15/2075,,,,,
28.73,29.25,!    9/16/2075,,,,,
28.62,29.05,!    9/17/2075,,,,,
28.51,28.95,!    9/18/2075,,,,,
28.40,28.85,!    9/19/2075,,,,,
28.29,28.55,!    9/20/2075,,,,,
28.18,28.45,!    9/21/2075,,,,,
28.07,28.25,!    9/22/2075,,,,,
27.95,28.15,!    9/23/2075,,,,,
27.84,28.15,!    9/24/2075,,,,,
27.68,27.95,!    9/25/2075,,,,,
27.57,27.85,!    9/26/2075,,,,,
27.45,27.55,!    9/27/2075,,,,,
27.29,27.55,!    9/28/2075,,,,,
27.18,27.45,!    9/29/2075,,,,,
27.01,27.25,!    9/30/2075,,,,,
27.22,26.59,!    10/1/2075,,,,,
26.94,26.29,!    10/2/2075,,,,,
26.77,25.99,!    10/3/2075,,,,,
26.60,25.79,!    10/4/2075,,,,,
26.44,25.79,!    10/5/2075,,,,,
26.27,25.69,!    10/6/2075,,,,,
26.10,25.49,!    10/7/2075,,,,,
25.94,25.29,!    10/8/2075,,,,,
25.77,25.09,!    10/9/2075,,,,,
25.55,24.89,!    10/10/2075,,,,,
25.38,24.79,!    10/11/2075,,,,,
25.22,24.69,!    10/12/2075,,,,,
25.05,24.49,!    10/13/2075,,,,,
24.83,24.29,!    10/14/2075,,,,,
24.66,24.09,!    10/15/2075,,,,,
24.44,23.89,!    10/16/2075,,,,,
24.27,23.69,!    10/17/2075,,,,,
24.05,23.39,!    10/18/2075,,,,,
23.88,23.19,!    10/19/2075,,,,,
23.66,22.89,!    10/20/2075,,,,,
23.49,22.39,!    10/21/2075,,,,,
23.27,22.09,!    10/22/2075,,,,,
23.10,21.79,!    10/23/2075,,,,,
22.88,21.39,!    10/24/2075,,,,,
22.72,21.09,!    10/25/2075,,,,,
22.49,20.69,!    10/26/2075,,,,,
22.33,20.49,!    10/27/2075,,,,,
22.10,20.29,!    10/28/2075,,,,,
21.94,19.79,!    10/29/2075,,,,,
21.72,19.39,!    10/30/2075,,,,,
21.55,19.19,!    10/31/2075,,,,,
22.12,20.80,!    11/1/2075,,,,,
21.72,20.60,!    11/2/2075,,,,,
21.55,20.40,!    11/3/2075,,,,,
21.33,20.30,!    11/4/2075,,,,,
21.16,20.10,!    11/5/2075,,,,,
20.99,19.90,!    11/6/2075,,,,,
20.83,20.00,!    11/7/2075,,,,,
20.66,19.80,!    11/8/2075,,,,,
20.49,19.60,!    11/9/2075,,,,,
20.33,19.40,!    11/10/2075,,,,,
20.16,19.20,!    11/11/2075,,,,,
19.99,19.00,!    11/12/2075,,,,,
19.88,18.80,!    11/13/2075,,,,,
19.72,18.50,!    11/14/2075,,,,,
19.55,18.20,!    11/15/2075,,,,,
19.44,18.00,!    11/16/2075,,,,,
19.27,17.80,!    11/17/2075,,,,,
19.16,17.50,!    11/18/2075,,,,,
19.05,17.20,!    11/19/2075,,,,,
18.88,16.90,!    11/20/2075,,,,,
18.77,16.70,!    11/21/2075,,,,,
18.66,16.50,!    11/22/2075,,,,,
18.55,16.30,!    11/23/2075,,,,,
18.44,16.20,!    11/24/2075,,,,,
18.33,16.10,!    11/25/2075,,,,,
18.22,16.00,!    11/26/2075,,,,,
18.10,15.80,!    11/27/2075,,,,,
17.99,15.60,!    11/28/2075,,,,,
17.88,15.40,!    11/29/2075,,,,,
17.83,15.30,!    11/30/2075,,,,,
15.68,14.25,!    12/1/2075,,,,,
15.36,13.95,!    12/2/2075,,,,,
15.31,13.75,!    12/3/2075,,,,,
15.20,13.65,!    12/4/2075,,,,,
15.08,13.45,!    12/5/2075,,,,,
15.03,13.25,!    12/6/2075,,,,,
14.92,12.85,!    12/7/2075,,,,,
14.86,12.65,!    12/8/2075,,,,,
14.75,12.45,!    12/9/2075,,,,,
14.70,12.25,!    12/10/2075,,,,,
14.58,12.05,!    12/11/2075,,,,,
14.53,11.75,!    12/12/2075,,,,,
14.42,11.65,!    12/13/2075,,,,,
14.36,11.45,!    12/14/2075,,,,,
14.31,11.35,!    12/15/2075,,,,,
14.20,11.15,!    12/16/2075,,,,,
14.14,11.05,!    12/17/2075,,,,,
14.03,10.85,!    12/18/2075,,,,,
13.97,10.75,!    12/19/2075,,,,,
13.92,10.65,!    12/20/2075,,,,,
13.81,10.55,!    12/21/2075,,,,,
13.75,10.45,!    12/22/2075,,,,,
13.70,10.45,!    12/23/2075,,,,,
13.64,10.35,!    12/24/2075,,,,,
13.53,10.25,!    12/25/2075,,,,,
13.47,10.15,!    12/26/2075,,,,,
13.42,10.05,!    12/27/2075,,,,,
13.36,10.05,!    12/28/2075,,,,,
13.31,10.05,!    12/29/2075,,,,,
13.25,9.95,!    12/30/2075,,,,,
13.20,9.95,!    12/31/2075,,,,,
14.92,10.19,!    1/1/2076,,,,,
14.86,10.09,!    1/2/2076,,,,,
14.80,9.99,!    1/3/2076,,,,,
14.75,9.89,!    1/4/2076,,,,,
14.75,9.69,!    1/5/2076,,,,,
14.69,9.59,!    1/6/2076,,,,,
14.64,9.49,!    1/7/2076,,,,,
14.64,9.39,!    1/8/2076,,,,,
14.58,9.29,!    1/9/2076,,,,,
14.58,9.29,!    1/10/2076,,,,,
14.58,9.19,!    1/11/2076,,,,,
14.53,9.19,!    1/12/2076,,,,,
14.53,9.09,!    1/13/2076,,,,,
14.53,8.89,!    1/14/2076,,,,,
14.53,8.79,!    1/15/2076,,,,,
14.53,8.69,!    1/16/2076,,,,,
14.53,8.59,!    1/17/2076,,,,,
14.58,8.59,!    1/18/2076,,,,,
14.58,8.59,!    1/19/2076,,,,,
14.58,8.29,!    1/20/2076,,,,,
14.64,8.39,!    1/21/2076,,,,,
14.69,8.39,!    1/22/2076,,,,,
14.69,8.39,!    1/23/2076,,,,,
14.75,8.49,!    1/24/2076,,,,,
14.80,8.49,!    1/25/2076,,,,,
14.86,8.69,!    1/26/2076,,,,,
14.92,8.69,!    1/27/2076,,,,,
14.97,8.59,!    1/28/2076,,,,,
15.03,8.49,!    1/29/2076,,,,,
15.08,8.39,!    1/30/2076,,,,,
15.19,8.39,!    1/31/2076,,,,,
14.13,7.70,!    2/1/2076,,,,,
14.19,7.70,!    2/2/2076,,,,,
14.30,7.90,!    2/3/2076,,,,,
14.36,7.90,!    2/4/2076,,,,,
14.47,7.90,!    2/5/2076,,,,,
14.58,8.00,!    2/6/2076,,,,,
14.69,8.00,!    2/7/2076,,,,,
14.74,8.20,!    2/8/2076,,,,,
14.86,8.30,!    2/9/2076,,,,,
14.97,8.40,!    2/10/2076,,,,,
15.08,8.40,!    2/11/2076,,,,,
15.19,8.50,!    2/12/2076,,,,,
15.30,8.50,!    2/13/2076,,,,,
15.41,8.50,!    2/14/2076,,,,,
15.52,8.50,!    2/15/2076,,,,,
15.63,8.60,!    2/16/2076,,,,,
15.74,8.70,!    2/17/2076,,,,,
15.86,8.70,!    2/18/2076,,,,,
15.97,8.80,!    2/19/2076,,,,,
16.08,8.90,!    2/20/2076,,,,,
16.19,9.10,!    2/21/2076,,,,,
16.30,9.20,!    2/22/2076,,,,,
16.41,9.30,!    2/23/2076,,,,,
16.52,9.50,!    2/24/2076,,,,,
16.69,9.60,!    2/25/2076,,,,,
16.80,9.60,!    2/26/2076,,,,,
16.91,9.80,!    2/27/2076,,,,,
17.02,9.90,!    2/28/2076,,,,,
17.02,10.60,!    2/29/2076,,,,,
17.55,10.35,!    3/1/2076,,,,,
17.67,10.35,!    3/2/2076,,,,,
17.78,10.35,!    3/3/2076,,,,,
17.89,10.35,!    3/4/2076,,,,,
18.00,10.45,!    3/5/2076,,,,,
18.11,10.55,!    3/6/2076,,,,,
18.22,10.65,!    3/7/2076,,,,,
18.33,10.85,!    3/8/2076,,,,,
18.44,11.05,!    3/9/2076,,,,,
18.50,11.25,!    3/10/2076,,,,,
18.61,11.45,!    3/11/2076,,,,,
18.72,11.55,!    3/12/2076,,,,,
18.83,11.75,!    3/13/2076,,,,,
18.94,11.85,!    3/14/2076,,,,,
19.05,12.05,!    3/15/2076,,,,,
19.17,12.15,!    3/16/2076,,,,,
19.22,12.25,!    3/17/2076,,,,,
19.33,12.45,!    3/18/2076,,,,,
19.44,12.75,!    3/19/2076,,,,,
19.55,12.85,!    3/20/2076,,,,,
19.61,13.05,!    3/21/2076,,,,,
19.72,13.05,!    3/22/2076,,,,,
19.83,13.25,!    3/23/2076,,,,,
19.94,13.55,!    3/24/2076,,,,,
20.00,13.75,!    3/25/2076,,,,,
20.11,13.95,!    3/26/2076,,,,,
20.22,14.15,!    3/27/2076,,,,,
20.28,14.35,!    3/28/2076,,,,,
20.39,14.55,!    3/29/2076,,,,,
20.50,14.75,!    3/30/2076,,,,,
20.61,14.85,!    3/31/2076,,,,,
21.69,15.11,!    4/1/2076,,,,,
21.80,15.31,!    4/2/2076,,,,,
21.92,15.61,!    4/3/2076,,,,,
22.03,15.91,!    4/4/2076,,,,,
22.08,16.11,!    4/5/2076,,,,,
22.19,16.21,!    4/6/2076,,,,,
22.30,16.31,!    4/7/2076,,,,,
22.42,16.51,!    4/8/2076,,,,,
22.53,16.71,!    4/9/2076,,,,,
22.58,16.91,!    4/10/2076,,,,,
22.69,17.21,!    4/11/2076,,,,,
22.80,17.31,!    4/12/2076,,,,,
22.92,17.41,!    4/13/2076,,,,,
23.03,17.61,!    4/14/2076,,,,,
23.14,17.71,!    4/15/2076,,,,,
23.25,17.81,!    4/16/2076,,,,,
23.36,17.91,!    4/17/2076,,,,,
23.47,18.11,!    4/18/2076,,,,,
23.58,18.21,!    4/19/2076,,,,,
23.69,18.41,!    4/20/2076,,,,,
23.86,18.71,!    4/21/2076,,,,,
23.97,18.81,!    4/22/2076,,,,,
24.08,18.91,!    4/23/2076,,,,,
24.19,19.01,!    4/24/2076,,,,,
24.30,19.11,!    4/25/2076,,,,,
24.47,19.31,!    4/26/2076,,,,,
24.58,19.51,!    4/27/2076,,,,,
24.69,19.91,!    4/28/2076,,,,,
24.86,20.11,!    4/29/2076,,,,,
24.97,20.31,!    4/30/2076,,,,,
25.00,20.27,!    5/1/2076,,,,,
25.16,20.37,!    5/2/2076,,,,,
25.28,20.57,!    5/3/2076,,,,,
25.44,20.57,!    5/4/2076,,,,,
25.55,20.67,!    5/5/2076,,,,,
25.72,20.77,!    5/6/2076,,,,,
25.83,20.97,!    5/7/2076,,,,,
26.00,21.17,!    5/8/2076,,,,,
26.11,21.37,!    5/9/2076,,,,,
26.22,21.47,!    5/10/2076,,,,,
26.39,21.57,!    5/11/2076,,,,,
26.50,21.77,!    5/12/2076,,,,,
26.66,21.87,!    5/13/2076,,,,,
26.78,21.97,!    5/14/2076,,,,,
26.94,22.17,!    5/15/2076,,,,,
27.05,22.37,!    5/16/2076,,,,,
27.22,22.57,!    5/17/2076,,,,,
27.33,22.57,!    5/18/2076,,,,,
27.44,22.77,!    5/19/2076,,,,,
27.61,22.97,!    5/20/2076,,,,,
27.72,23.27,!    5/21/2076,,,,,
27.83,23.47,!    5/22/2076,,,,,
28.00,23.67,!    5/23/2076,,,,,
28.11,23.87,!    5/24/2076,,,,,
28.22,24.17,!    5/25/2076,,,,,
28.33,24.37,!    5/26/2076,,,,,
28.44,24.47,!    5/27/2076,,,,,
28.55,24.67,!    5/28/2076,,,,,
28.66,24.87,!    5/29/2076,,,,,
28.78,24.97,!    5/30/2076,,,,,
28.89,25.17,!    5/31/2076,,,,,
28.76,24.72,!    6/1/2076,,,,,
28.82,24.92,!    6/2/2076,,,,,
28.93,25.12,!    6/3/2076,,,,,
29.04,25.32,!    6/4/2076,,,,,
29.10,25.52,!    6/5/2076,,,,,
29.21,25.82,!    6/6/2076,,,,,
29.26,26.12,!    6/7/2076,,,,,
29.37,26.42,!    6/8/2076,,,,,
29.43,26.62,!    6/9/2076,,,,,
29.48,26.82,!    6/10/2076,,,,,
29.60,27.02,!    6/11/2076,,,,,
29.65,27.12,!    6/12/2076,,,,,
29.71,27.22,!    6/13/2076,,,,,
29.76,27.42,!    6/14/2076,,,,,
29.82,27.62,!    6/15/2076,,,,,
29.87,27.82,!    6/16/2076,,,,,
29.93,27.92,!    6/17/2076,,,,,
29.98,28.02,!    6/18/2076,,,,,
29.98,28.12,!    6/19/2076,,,,,
30.04,28.32,!    6/20/2076,,,,,
30.10,28.42,!    6/21/2076,,,,,
30.15,28.52,!    6/22/2076,,,,,
30.15,28.62,!    6/23/2076,,,,,
30.21,28.82,!    6/24/2076,,,,,
30.21,28.92,!    6/25/2076,,,,,
30.26,29.02,!    6/26/2076,,,,,
30.26,29.12,!    6/27/2076,,,,,
30.32,29.12,!    6/28/2076,,,,,
30.32,29.22,!    6/29/2076,,,,,
30.37,29.42,!    6/30/2076,,,,,
30.11,29.82,!    7/1/2076,,,,,
30.11,30.02,!    7/2/2076,,,,,
30.16,30.02,!    7/3/2076,,,,,
30.16,30.02,!    7/4/2076,,,,,
30.22,30.02,!    7/5/2076,,,,,
30.22,30.02,!    7/6/2076,,,,,
30.22,30.02,!    7/7/2076,,,,,
30.22,29.92,!    7/8/2076,,,,,
30.27,30.02,!    7/9/2076,,,,,
30.27,30.02,!    7/10/2076,,,,,
30.27,30.02,!    7/11/2076,,,,,
30.33,30.02,!    7/12/2076,,,,,
30.33,30.12,!    7/13/2076,,,,,
30.33,30.12,!    7/14/2076,,,,,
30.33,30.12,!    7/15/2076,,,,,
30.39,30.12,!    7/16/2076,,,,,
30.39,30.22,!    7/17/2076,,,,,
30.39,30.22,!    7/18/2076,,,,,
30.44,30.42,!    7/19/2076,,,,,
30.44,30.52,!    7/20/2076,,,,,
30.44,30.52,!    7/21/2076,,,,,
30.44,30.62,!    7/22/2076,,,,,
30.44,30.62,!    7/23/2076,,,,,
30.50,30.62,!    7/24/2076,,,,,
30.50,30.72,!    7/25/2076,,,,,
30.50,30.82,!    7/26/2076,,,,,
30.50,30.92,!    7/27/2076,,,,,
30.50,30.92,!    7/28/2076,,,,,
30.55,31.02,!    7/29/2076,,,,,
30.55,31.02,!    7/30/2076,,,,,
30.55,31.12,!    7/31/2076,,,,,
30.54,30.93,!    8/1/2076,,,,,
30.54,31.03,!    8/2/2076,,,,,
30.54,31.03,!    8/3/2076,,,,,
30.54,31.13,!    8/4/2076,,,,,
30.54,31.13,!    8/5/2076,,,,,
30.54,31.23,!    8/6/2076,,,,,
30.54,31.33,!    8/7/2076,,,,,
30.54,31.33,!    8/8/2076,,,,,
30.54,31.43,!    8/9/2076,,,,,
30.54,31.33,!    8/10/2076,,,,,
30.54,31.43,!    8/11/2076,,,,,
30.54,31.33,!    8/12/2076,,,,,
30.48,31.13,!    8/13/2076,,,,,
30.48,31.13,!    8/14/2076,,,,,
30.48,31.13,!    8/15/2076,,,,,
30.43,31.23,!    8/16/2076,,,,,
30.43,31.23,!    8/17/2076,,,,,
30.43,31.13,!    8/18/2076,,,,,
30.37,31.03,!    8/19/2076,,,,,
30.37,30.83,!    8/20/2076,,,,,
30.31,30.83,!    8/21/2076,,,,,
30.31,30.83,!    8/22/2076,,,,,
30.26,30.83,!    8/23/2076,,,,,
30.20,30.93,!    8/24/2076,,,,,
30.20,30.83,!    8/25/2076,,,,,
30.15,30.73,!    8/26/2076,,,,,
30.09,30.63,!    8/27/2076,,,,,
30.04,30.53,!    8/28/2076,,,,,
30.04,30.43,!    8/29/2076,,,,,
29.98,30.33,!    8/30/2076,,,,,
29.93,30.23,!    8/31/2076,,,,,
29.41,30.32,!    9/1/2076,,,,,
29.35,30.22,!    9/2/2076,,,,,
29.29,30.02,!    9/3/2076,,,,,
29.18,30.02,!    9/4/2076,,,,,
29.13,29.92,!    9/5/2076,,,,,
29.07,29.92,!    9/6/2076,,,,,
29.02,29.92,!    9/7/2076,,,,,
28.91,29.82,!    9/8/2076,,,,,
28.85,29.72,!    9/9/2076,,,,,
28.79,29.62,!    9/10/2076,,,,,
28.68,29.42,!    9/11/2076,,,,,
28.63,29.32,!    9/12/2076,,,,,
28.52,29.32,!    9/13/2076,,,,,
28.41,29.22,!    9/14/2076,,,,,
28.35,29.12,!    9/15/2076,,,,,
28.24,28.92,!    9/16/2076,,,,,
28.13,28.82,!    9/17/2076,,,,,
28.02,28.72,!    9/18/2076,,,,,
27.91,28.42,!    9/19/2076,,,,,
27.79,28.32,!    9/20/2076,,,,,
27.68,28.12,!    9/21/2076,,,,,
27.57,28.02,!    9/22/2076,,,,,
27.46,28.02,!    9/23/2076,,,,,
27.29,27.82,!    9/24/2076,,,,,
27.18,27.72,!    9/25/2076,,,,,
27.07,27.42,!    9/26/2076,,,,,
26.91,27.42,!    9/27/2076,,,,,
26.79,27.32,!    9/28/2076,,,,,
26.63,27.12,!    9/29/2076,,,,,
26.46,26.92,!    9/30/2076,,,,,
26.78,26.82,!    10/1/2076,,,,,
26.61,26.52,!    10/2/2076,,,,,
26.44,26.32,!    10/3/2076,,,,,
26.28,26.32,!    10/4/2076,,,,,
26.11,26.22,!    10/5/2076,,,,,
25.94,26.02,!    10/6/2076,,,,,
25.78,25.82,!    10/7/2076,,,,,
25.61,25.62,!    10/8/2076,,,,,
25.39,25.42,!    10/9/2076,,,,,
25.22,25.32,!    10/10/2076,,,,,
25.05,25.22,!    10/11/2076,,,,,
24.89,25.02,!    10/12/2076,,,,,
24.67,24.82,!    10/13/2076,,,,,
24.50,24.62,!    10/14/2076,,,,,
24.28,24.42,!    10/15/2076,,,,,
24.11,24.22,!    10/16/2076,,,,,
23.89,23.92,!    10/17/2076,,,,,
23.72,23.72,!    10/18/2076,,,,,
23.50,23.42,!    10/19/2076,,,,,
23.33,22.92,!    10/20/2076,,,,,
23.11,22.62,!    10/21/2076,,,,,
22.94,22.32,!    10/22/2076,,,,,
22.72,21.92,!    10/23/2076,,,,,
22.55,21.62,!    10/24/2076,,,,,
22.33,21.22,!    10/25/2076,,,,,
22.17,21.02,!    10/26/2076,,,,,
21.94,20.82,!    10/27/2076,,,,,
21.78,20.32,!    10/28/2076,,,,,
21.55,19.92,!    10/29/2076,,,,,
21.39,19.72,!    10/30/2076,,,,,
21.17,19.52,!    10/31/2076,,,,,
20.77,20.71,!    11/1/2076,,,,,
20.60,20.51,!    11/2/2076,,,,,
20.38,20.41,!    11/3/2076,,,,,
20.21,20.21,!    11/4/2076,,,,,
20.04,20.01,!    11/5/2076,,,,,
19.88,20.11,!    11/6/2076,,,,,
19.71,19.91,!    11/7/2076,,,,,
19.54,19.71,!    11/8/2076,,,,,
19.38,19.51,!    11/9/2076,,,,,
19.21,19.31,!    11/10/2076,,,,,
19.04,19.11,!    11/11/2076,,,,,
18.93,18.91,!    11/12/2076,,,,,
18.77,18.61,!    11/13/2076,,,,,
18.60,18.31,!    11/14/2076,,,,,
18.49,18.11,!    11/15/2076,,,,,
18.32,17.91,!    11/16/2076,,,,,
18.21,17.61,!    11/17/2076,,,,,
18.10,17.31,!    11/18/2076,,,,,
17.93,17.01,!    11/19/2076,,,,,
17.82,16.81,!    11/20/2076,,,,,
17.71,16.61,!    11/21/2076,,,,,
17.60,16.41,!    11/22/2076,,,,,
17.49,16.31,!    11/23/2076,,,,,
17.38,16.21,!    11/24/2076,,,,,
17.27,16.11,!    11/25/2076,,,,,
17.16,15.91,!    11/26/2076,,,,,
17.04,15.71,!    11/27/2076,,,,,
16.93,15.51,!    11/28/2076,,,,,
16.88,15.41,!    11/29/2076,,,,,
16.77,15.31,!    11/30/2076,,,,,
16.73,14.15,!    12/1/2076,,,,,
16.67,13.95,!    12/2/2076,,,,,
16.56,13.85,!    12/3/2076,,,,,
16.45,13.65,!    12/4/2076,,,,,
16.39,13.45,!    12/5/2076,,,,,
16.28,13.05,!    12/6/2076,,,,,
16.23,12.85,!    12/7/2076,,,,,
16.11,12.65,!    12/8/2076,,,,,
16.06,12.45,!    12/9/2076,,,,,
15.95,12.25,!    12/10/2076,,,,,
15.89,11.95,!    12/11/2076,,,,,
15.78,11.85,!    12/12/2076,,,,,
15.73,11.65,!    12/13/2076,,,,,
15.67,11.55,!    12/14/2076,,,,,
15.56,11.35,!    12/15/2076,,,,,
15.50,11.25,!    12/16/2076,,,,,
15.39,11.05,!    12/17/2076,,,,,
15.34,10.95,!    12/18/2076,,,,,
15.28,10.85,!    12/19/2076,,,,,
15.17,10.75,!    12/20/2076,,,,,
15.11,10.65,!    12/21/2076,,,,,
15.06,10.65,!    12/22/2076,,,,,
15.00,10.55,!    12/23/2076,,,,,
14.89,10.45,!    12/24/2076,,,,,
14.84,10.35,!    12/25/2076,,,,,
14.78,10.25,!    12/26/2076,,,,,
14.73,10.25,!    12/27/2076,,,,,
14.67,10.25,!    12/28/2076,,,,,
14.61,10.15,!    12/29/2076,,,,,
14.56,10.15,!    12/30/2076,,,,,
14.50,10.15,!    12/31/2076,,,,,
13.80,9.67,!    1/1/2077,,,,,
13.75,9.57,!    1/2/2077,,,,,
13.69,9.47,!    1/3/2077,,,,,
13.64,9.37,!    1/4/2077,,,,,
13.64,9.17,!    1/5/2077,,,,,
13.58,9.07,!    1/6/2077,,,,,
13.53,8.97,!    1/7/2077,,,,,
13.53,8.87,!    1/8/2077,,,,,
13.47,8.77,!    1/9/2077,,,,,
13.47,8.77,!    1/10/2077,,,,,
13.47,8.67,!    1/11/2077,,,,,
13.42,8.67,!    1/12/2077,,,,,
13.42,8.57,!    1/13/2077,,,,,
13.42,8.37,!    1/14/2077,,,,,
13.42,8.27,!    1/15/2077,,,,,
13.42,8.17,!    1/16/2077,,,,,
13.42,8.07,!    1/17/2077,,,,,
13.47,8.07,!    1/18/2077,,,,,
13.47,8.07,!    1/19/2077,,,,,
13.47,7.77,!    1/20/2077,,,,,
13.53,7.87,!    1/21/2077,,,,,
13.58,7.87,!    1/22/2077,,,,,
13.58,7.87,!    1/23/2077,,,,,
13.64,7.97,!    1/24/2077,,,,,
13.69,7.97,!    1/25/2077,,,,,
13.75,8.17,!    1/26/2077,,,,,
13.80,8.17,!    1/27/2077,,,,,
13.86,8.07,!    1/28/2077,,,,,
13.92,7.97,!    1/29/2077,,,,,
13.97,7.87,!    1/30/2077,,,,,
14.08,7.87,!    1/31/2077,,,,,
13.24,7.51,!    2/1/2077,,,,,
13.29,7.51,!    2/2/2077,,,,,
13.40,7.71,!    2/3/2077,,,,,
13.46,7.71,!    2/4/2077,,,,,
13.57,7.71,!    2/5/2077,,,,,
13.68,7.81,!    2/6/2077,,,,,
13.79,7.81,!    2/7/2077,,,,,
13.85,8.01,!    2/8/2077,,,,,
13.96,8.11,!    2/9/2077,,,,,
14.07,8.21,!    2/10/2077,,,,,
14.18,8.21,!    2/11/2077,,,,,
14.29,8.31,!    2/12/2077,,,,,
14.40,8.31,!    2/13/2077,,,,,
14.52,8.31,!    2/14/2077,,,,,
14.63,8.31,!    2/15/2077,,,,,
14.74,8.41,!    2/16/2077,,,,,
14.85,8.51,!    2/17/2077,,,,,
14.96,8.51,!    2/18/2077,,,,,
15.07,8.61,!    2/19/2077,,,,,
15.18,8.71,!    2/20/2077,,,,,
15.29,8.91,!    2/21/2077,,,,,
15.40,9.01,!    2/22/2077,,,,,
15.52,9.11,!    2/23/2077,,,,,
15.63,9.31,!    2/24/2077,,,,,
15.79,9.41,!    2/25/2077,,,,,
15.90,9.41,!    2/26/2077,,,,,
16.02,9.61,!    2/27/2077,,,,,
16.13,9.71,!    2/28/2077,,,,,
16.90,11.10,!    3/1/2077,,,,,
17.22,10.60,!    3/2/2077,,,,,
17.33,10.60,!    3/3/2077,,,,,
17.44,10.60,!    3/4/2077,,,,,
17.55,10.60,!    3/5/2077,,,,,
17.66,10.70,!    3/6/2077,,,,,
17.77,10.80,!    3/7/2077,,,,,
17.88,10.90,!    3/8/2077,,,,,
18.00,11.10,!    3/9/2077,,,,,
18.11,11.30,!    3/10/2077,,,,,
18.16,11.50,!    3/11/2077,,,,,
18.27,11.70,!    3/12/2077,,,,,
18.38,11.80,!    3/13/2077,,,,,
18.50,12.00,!    3/14/2077,,,,,
18.61,12.10,!    3/15/2077,,,,,
18.72,12.30,!    3/16/2077,,,,,
18.83,12.40,!    3/17/2077,,,,,
18.88,12.50,!    3/18/2077,,,,,
19.00,12.70,!    3/19/2077,,,,,
19.11,13.00,!    3/20/2077,,,,,
19.22,13.10,!    3/21/2077,,,,,
19.27,13.30,!    3/22/2077,,,,,
19.38,13.30,!    3/23/2077,,,,,
19.50,13.50,!    3/24/2077,,,,,
19.61,13.80,!    3/25/2077,,,,,
19.66,14.00,!    3/26/2077,,,,,
19.77,14.20,!    3/27/2077,,,,,
19.88,14.40,!    3/28/2077,,,,,
19.94,14.60,!    3/29/2077,,,,,
20.05,14.80,!    3/30/2077,,,,,
20.16,15.00,!    3/31/2077,,,,,
20.78,14.90,!    4/1/2077,,,,,
21.22,15.10,!    4/2/2077,,,,,
21.33,15.30,!    4/3/2077,,,,,
21.44,15.60,!    4/4/2077,,,,,
21.55,15.90,!    4/5/2077,,,,,
21.61,16.10,!    4/6/2077,,,,,
21.72,16.20,!    4/7/2077,,,,,
21.83,16.30,!    4/8/2077,,,,,
21.94,16.50,!    4/9/2077,,,,,
22.05,16.70,!    4/10/2077,,,,,
22.11,16.90,!    4/11/2077,,,,,
22.22,17.20,!    4/12/2077,,,,,
22.33,17.30,!    4/13/2077,,,,,
22.44,17.40,!    4/14/2077,,,,,
22.55,17.60,!    4/15/2077,,,,,
22.66,17.70,!    4/16/2077,,,,,
22.77,17.80,!    4/17/2077,,,,,
22.89,17.90,!    4/18/2077,,,,,
23.00,18.10,!    4/19/2077,,,,,
23.11,18.20,!    4/20/2077,,,,,
23.22,18.40,!    4/21/2077,,,,,
23.39,18.70,!    4/22/2077,,,,,
23.50,18.80,!    4/23/2077,,,,,
23.61,18.90,!    4/24/2077,,,,,
23.72,19.00,!    4/25/2077,,,,,
23.83,19.10,!    4/26/2077,,,,,
24.00,19.30,!    4/27/2077,,,,,
24.11,19.50,!    4/28/2077,,,,,
24.22,19.90,!    4/29/2077,,,,,
24.39,20.10,!    4/30/2077,,,,,
24.13,19.94,!    5/1/2077,,,,,
24.35,20.14,!    5/2/2077,,,,,
24.52,20.24,!    5/3/2077,,,,,
24.63,20.44,!    5/4/2077,,,,,
24.80,20.44,!    5/5/2077,,,,,
24.91,20.54,!    5/6/2077,,,,,
25.08,20.64,!    5/7/2077,,,,,
25.19,20.84,!    5/8/2077,,,,,
25.35,21.04,!    5/9/2077,,,,,
25.46,21.24,!    5/10/2077,,,,,
25.58,21.34,!    5/11/2077,,,,,
25.74,21.44,!    5/12/2077,,,,,
25.85,21.64,!    5/13/2077,,,,,
26.02,21.74,!    5/14/2077,,,,,
26.13,21.84,!    5/15/2077,,,,,
26.30,22.04,!    5/16/2077,,,,,
26.41,22.24,!    5/17/2077,,,,,
26.58,22.44,!    5/18/2077,,,,,
26.69,22.44,!    5/19/2077,,,,,
26.80,22.64,!    5/20/2077,,,,,
26.96,22.84,!    5/21/2077,,,,,
27.08,23.14,!    5/22/2077,,,,,
27.19,23.34,!    5/23/2077,,,,,
27.35,23.54,!    5/24/2077,,,,,
27.46,23.74,!    5/25/2077,,,,,
27.58,24.04,!    5/26/2077,,,,,
27.69,24.24,!    5/27/2077,,,,,
27.80,24.34,!    5/28/2077,,,,,
27.91,24.54,!    5/29/2077,,,,,
28.02,24.74,!    5/30/2077,,,,,
28.13,24.84,!    5/31/2077,,,,,
28.58,24.84,!    6/1/2077,,,,,
28.77,25.04,!    6/2/2077,,,,,
28.83,25.24,!    6/3/2077,,,,,
28.94,25.44,!    6/4/2077,,,,,
29.05,25.64,!    6/5/2077,,,,,
29.10,25.84,!    6/6/2077,,,,,
29.22,26.14,!    6/7/2077,,,,,
29.27,26.44,!    6/8/2077,,,,,
29.38,26.74,!    6/9/2077,,,,,
29.44,26.94,!    6/10/2077,,,,,
29.49,27.14,!    6/11/2077,,,,,
29.60,27.34,!    6/12/2077,,,,,
29.66,27.44,!    6/13/2077,,,,,
29.72,27.54,!    6/14/2077,,,,,
29.77,27.74,!    6/15/2077,,,,,
29.83,27.94,!    6/16/2077,,,,,
29.88,28.14,!    6/17/2077,,,,,
29.94,28.24,!    6/18/2077,,,,,
29.99,28.34,!    6/19/2077,,,,,
29.99,28.44,!    6/20/2077,,,,,
30.05,28.64,!    6/21/2077,,,,,
30.10,28.74,!    6/22/2077,,,,,
30.16,28.84,!    6/23/2077,,,,,
30.16,28.94,!    6/24/2077,,,,,
30.22,29.14,!    6/25/2077,,,,,
30.22,29.24,!    6/26/2077,,,,,
30.27,29.34,!    6/27/2077,,,,,
30.27,29.44,!    6/28/2077,,,,,
30.33,29.44,!    6/29/2077,,,,,
30.33,29.54,!    6/30/2077,,,,,
30.36,30.23,!    7/1/2077,,,,,
30.30,30.33,!    7/2/2077,,,,,
30.30,30.53,!    7/3/2077,,,,,
30.36,30.53,!    7/4/2077,,,,,
30.36,30.53,!    7/5/2077,,,,,
30.41,30.53,!    7/6/2077,,,,,
30.41,30.53,!    7/7/2077,,,,,
30.41,30.53,!    7/8/2077,,,,,
30.41,30.43,!    7/9/2077,,,,,
30.47,30.53,!    7/10/2077,,,,,
30.47,30.53,!    7/11/2077,,,,,
30.47,30.53,!    7/12/2077,,,,,
30.53,30.53,!    7/13/2077,,,,,
30.53,30.63,!    7/14/2077,,,,,
30.53,30.63,!    7/15/2077,,,,,
30.53,30.63,!    7/16/2077,,,,,
30.58,30.63,!    7/17/2077,,,,,
30.58,30.73,!    7/18/2077,,,,,
30.58,30.73,!    7/19/2077,,,,,
30.64,30.93,!    7/20/2077,,,,,
30.64,31.03,!    7/21/2077,,,,,
30.64,31.03,!    7/22/2077,,,,,
30.64,31.13,!    7/23/2077,,,,,
30.64,31.13,!    7/24/2077,,,,,
30.69,31.13,!    7/25/2077,,,,,
30.69,31.23,!    7/26/2077,,,,,
30.69,31.33,!    7/27/2077,,,,,
30.69,31.43,!    7/28/2077,,,,,
30.69,31.43,!    7/29/2077,,,,,
30.75,31.53,!    7/30/2077,,,,,
30.75,31.53,!    7/31/2077,,,,,
30.62,31.37,!    8/1/2077,,,,,
30.64,31.27,!    8/2/2077,,,,,
30.64,31.37,!    8/3/2077,,,,,
30.64,31.37,!    8/4/2077,,,,,
30.64,31.47,!    8/5/2077,,,,,
30.64,31.47,!    8/6/2077,,,,,
30.64,31.57,!    8/7/2077,,,,,
30.64,31.67,!    8/8/2077,,,,,
30.64,31.67,!    8/9/2077,,,,,
30.64,31.77,!    8/10/2077,,,,,
30.64,31.67,!    8/11/2077,,,,,
30.64,31.77,!    8/12/2077,,,,,
30.64,31.67,!    8/13/2077,,,,,
30.58,31.47,!    8/14/2077,,,,,
30.58,31.47,!    8/15/2077,,,,,
30.58,31.47,!    8/16/2077,,,,,
30.53,31.57,!    8/17/2077,,,,,
30.53,31.57,!    8/18/2077,,,,,
30.53,31.47,!    8/19/2077,,,,,
30.47,31.37,!    8/20/2077,,,,,
30.47,31.17,!    8/21/2077,,,,,
30.42,31.17,!    8/22/2077,,,,,
30.42,31.17,!    8/23/2077,,,,,
30.36,31.17,!    8/24/2077,,,,,
30.30,31.27,!    8/25/2077,,,,,
30.30,31.17,!    8/26/2077,,,,,
30.25,31.07,!    8/27/2077,,,,,
30.19,30.97,!    8/28/2077,,,,,
30.14,30.87,!    8/29/2077,,,,,
30.14,30.77,!    8/30/2077,,,,,
30.08,30.67,!    8/31/2077,,,,,
30.50,30.82,!    9/1/2077,,,,,
30.31,30.72,!    9/2/2077,,,,,
30.26,30.62,!    9/3/2077,,,,,
30.20,30.42,!    9/4/2077,,,,,
30.09,30.42,!    9/5/2077,,,,,
30.04,30.32,!    9/6/2077,,,,,
29.98,30.32,!    9/7/2077,,,,,
29.92,30.32,!    9/8/2077,,,,,
29.81,30.22,!    9/9/2077,,,,,
29.76,30.12,!    9/10/2077,,,,,
29.70,30.02,!    9/11/2077,,,,,
29.59,29.82,!    9/12/2077,,,,,
29.54,29.72,!    9/13/2077,,,,,
29.42,29.72,!    9/14/2077,,,,,
29.31,29.62,!    9/15/2077,,,,,
29.26,29.52,!    9/16/2077,,,,,
29.15,29.32,!    9/17/2077,,,,,
29.04,29.22,!    9/18/2077,,,,,
28.92,29.12,!    9/19/2077,,,,,
28.81,28.82,!    9/20/2077,,,,,
28.70,28.72,!    9/21/2077,,,,,
28.59,28.52,!    9/22/2077,,,,,
28.48,28.42,!    9/23/2077,,,,,
28.37,28.42,!    9/24/2077,,,,,
28.20,28.22,!    9/25/2077,,,,,
28.09,28.12,!    9/26/2077,,,,,
27.98,27.82,!    9/27/2077,,,,,
27.81,27.82,!    9/28/2077,,,,,
27.70,27.72,!    9/29/2077,,,,,
27.54,27.52,!    9/30/2077,,,,,
27.74,26.97,!    10/1/2077,,,,,
27.46,26.67,!    10/2/2077,,,,,
27.29,26.37,!    10/3/2077,,,,,
27.13,26.17,!    10/4/2077,,,,,
26.96,26.17,!    10/5/2077,,,,,
26.79,26.07,!    10/6/2077,,,,,
26.63,25.87,!    10/7/2077,,,,,
26.46,25.67,!    10/8/2077,,,,,
26.29,25.47,!    10/9/2077,,,,,
26.07,25.27,!    10/10/2077,,,,,
25.91,25.17,!    10/11/2077,,,,,
25.74,25.07,!    10/12/2077,,,,,
25.57,24.87,!    10/13/2077,,,,,
25.35,24.67,!    10/14/2077,,,,,
25.18,24.47,!    10/15/2077,,,,,
24.96,24.27,!    10/16/2077,,,,,
24.79,24.07,!    10/17/2077,,,,,
24.57,23.77,!    10/18/2077,,,,,
24.41,23.57,!    10/19/2077,,,,,
24.18,23.27,!    10/20/2077,,,,,
24.02,22.77,!    10/21/2077,,,,,
23.79,22.47,!    10/22/2077,,,,,
23.63,22.17,!    10/23/2077,,,,,
23.41,21.77,!    10/24/2077,,,,,
23.24,21.47,!    10/25/2077,,,,,
23.02,21.07,!    10/26/2077,,,,,
22.85,20.87,!    10/27/2077,,,,,
22.63,20.67,!    10/28/2077,,,,,
22.46,20.17,!    10/29/2077,,,,,
22.24,19.77,!    10/30/2077,,,,,
22.07,19.57,!    10/31/2077,,,,,
21.69,20.82,!    11/1/2077,,,,,
21.29,20.62,!    11/2/2077,,,,,
21.12,20.42,!    11/3/2077,,,,,
20.90,20.32,!    11/4/2077,,,,,
20.73,20.12,!    11/5/2077,,,,,
20.57,19.92,!    11/6/2077,,,,,
20.40,20.02,!    11/7/2077,,,,,
20.23,19.82,!    11/8/2077,,,,,
20.07,19.62,!    11/9/2077,,,,,
19.90,19.42,!    11/10/2077,,,,,
19.73,19.22,!    11/11/2077,,,,,
19.57,19.02,!    11/12/2077,,,,,
19.45,18.82,!    11/13/2077,,,,,
19.29,18.52,!    11/14/2077,,,,,
19.12,18.22,!    11/15/2077,,,,,
19.01,18.02,!    11/16/2077,,,,,
18.84,17.82,!    11/17/2077,,,,,
18.73,17.52,!    11/18/2077,,,,,
18.62,17.22,!    11/19/2077,,,,,
18.45,16.92,!    11/20/2077,,,,,
18.34,16.72,!    11/21/2077,,,,,
18.23,16.52,!    11/22/2077,,,,,
18.12,16.32,!    11/23/2077,,,,,
18.01,16.22,!    11/24/2077,,,,,
17.90,16.12,!    11/25/2077,,,,,
17.79,16.02,!    11/26/2077,,,,,
17.68,15.82,!    11/27/2077,,,,,
17.57,15.62,!    11/28/2077,,,,,
17.45,15.42,!    11/29/2077,,,,,
17.40,15.32,!    11/30/2077,,,,,
16.68,14.05,!    12/1/2077,,,,,
16.37,13.75,!    12/2/2077,,,,,
16.31,13.55,!    12/3/2077,,,,,
16.20,13.45,!    12/4/2077,,,,,
16.09,13.25,!    12/5/2077,,,,,
16.04,13.05,!    12/6/2077,,,,,
15.92,12.65,!    12/7/2077,,,,,
15.87,12.45,!    12/8/2077,,,,,
15.76,12.25,!    12/9/2077,,,,,
15.70,12.05,!    12/10/2077,,,,,
15.59,11.85,!    12/11/2077,,,,,
15.54,11.55,!    12/12/2077,,,,,
15.42,11.45,!    12/13/2077,,,,,
15.37,11.25,!    12/14/2077,,,,,
15.31,11.15,!    12/15/2077,,,,,
15.20,10.95,!    12/16/2077,,,,,
15.15,10.85,!    12/17/2077,,,,,
15.04,10.65,!    12/18/2077,,,,,
14.98,10.55,!    12/19/2077,,,,,
14.92,10.45,!    12/20/2077,,,,,
14.81,10.35,!    12/21/2077,,,,,
14.76,10.25,!    12/22/2077,,,,,
14.70,10.25,!    12/23/2077,,,,,
14.65,10.15,!    12/24/2077,,,,,
14.54,10.05,!    12/25/2077,,,,,
14.48,9.95,!    12/26/2077,,,,,
14.42,9.85,!    12/27/2077,,,,,
14.37,9.85,!    12/28/2077,,,,,
14.31,9.85,!    12/29/2077,,,,,
14.26,9.75,!    12/30/2077,,,,,
14.20,9.75,!    12/31/2077,,,,,
14.53,9.74,!    1/1/2078,,,,,
14.48,9.64,!    1/2/2078,,,,,
14.42,9.54,!    1/3/2078,,,,,
14.37,9.44,!    1/4/2078,,,,,
14.37,9.24,!    1/5/2078,,,,,
14.31,9.14,!    1/6/2078,,,,,
14.25,9.04,!    1/7/2078,,,,,
14.25,8.94,!    1/8/2078,,,,,
14.20,8.84,!    1/9/2078,,,,,
14.20,8.84,!    1/10/2078,,,,,
14.20,8.74,!    1/11/2078,,,,,
14.14,8.74,!    1/12/2078,,,,,
14.14,8.64,!    1/13/2078,,,,,
14.14,8.44,!    1/14/2078,,,,,
14.14,8.34,!    1/15/2078,,,,,
14.14,8.24,!    1/16/2078,,,,,
14.14,8.14,!    1/17/2078,,,,,
14.20,8.14,!    1/18/2078,,,,,
14.20,8.14,!    1/19/2078,,,,,
14.20,7.84,!    1/20/2078,,,,,
14.25,7.94,!    1/21/2078,,,,,
14.31,7.94,!    1/22/2078,,,,,
14.31,7.94,!    1/23/2078,,,,,
14.37,8.04,!    1/24/2078,,,,,
14.42,8.04,!    1/25/2078,,,,,
14.48,8.24,!    1/26/2078,,,,,
14.53,8.24,!    1/27/2078,,,,,
14.59,8.14,!    1/28/2078,,,,,
14.64,8.04,!    1/29/2078,,,,,
14.70,7.94,!    1/30/2078,,,,,
14.81,7.94,!    1/31/2078,,,,,
14.32,7.70,!    2/1/2078,,,,,
14.37,7.70,!    2/2/2078,,,,,
14.49,7.90,!    2/3/2078,,,,,
14.54,7.90,!    2/4/2078,,,,,
14.65,7.90,!    2/5/2078,,,,,
14.76,8.00,!    2/6/2078,,,,,
14.87,8.00,!    2/7/2078,,,,,
14.93,8.20,!    2/8/2078,,,,,
15.04,8.30,!    2/9/2078,,,,,
15.15,8.40,!    2/10/2078,,,,,
15.26,8.40,!    2/11/2078,,,,,
15.37,8.50,!    2/12/2078,,,,,
15.49,8.50,!    2/13/2078,,,,,
15.60,8.50,!    2/14/2078,,,,,
15.71,8.50,!    2/15/2078,,,,,
15.82,8.60,!    2/16/2078,,,,,
15.93,8.70,!    2/17/2078,,,,,
16.04,8.70,!    2/18/2078,,,,,
16.15,8.80,!    2/19/2078,,,,,
16.26,8.90,!    2/20/2078,,,,,
16.37,9.10,!    2/21/2078,,,,,
16.49,9.20,!    2/22/2078,,,,,
16.60,9.30,!    2/23/2078,,,,,
16.71,9.50,!    2/24/2078,,,,,
16.87,9.60,!    2/25/2078,,,,,
16.99,9.60,!    2/26/2078,,,,,
17.10,9.80,!    2/27/2078,,,,,
17.21,9.90,!    2/28/2078,,,,,
17.44,10.75,!    3/1/2078,,,,,
17.75,10.25,!    3/2/2078,,,,,
17.86,10.25,!    3/3/2078,,,,,
17.97,10.25,!    3/4/2078,,,,,
18.09,10.25,!    3/5/2078,,,,,
18.20,10.35,!    3/6/2078,,,,,
18.31,10.45,!    3/7/2078,,,,,
18.42,10.55,!    3/8/2078,,,,,
18.53,10.75,!    3/9/2078,,,,,
18.64,10.95,!    3/10/2078,,,,,
18.70,11.15,!    3/11/2078,,,,,
18.81,11.35,!    3/12/2078,,,,,
18.92,11.45,!    3/13/2078,,,,,
19.03,11.65,!    3/14/2078,,,,,
19.14,11.75,!    3/15/2078,,,,,
19.25,11.95,!    3/16/2078,,,,,
19.36,12.05,!    3/17/2078,,,,,
19.42,12.15,!    3/18/2078,,,,,
19.53,12.35,!    3/19/2078,,,,,
19.64,12.65,!    3/20/2078,,,,,
19.75,12.75,!    3/21/2078,,,,,
19.81,12.95,!    3/22/2078,,,,,
19.92,12.95,!    3/23/2078,,,,,
20.03,13.15,!    3/24/2078,,,,,
20.14,13.45,!    3/25/2078,,,,,
20.20,13.65,!    3/26/2078,,,,,
20.31,13.85,!    3/27/2078,,,,,
20.42,14.05,!    3/28/2078,,,,,
20.47,14.25,!    3/29/2078,,,,,
20.59,14.45,!    3/30/2078,,,,,
20.70,14.65,!    3/31/2078,,,,,
21.31,15.14,!    4/1/2078,,,,,
21.75,15.34,!    4/2/2078,,,,,
21.86,15.54,!    4/3/2078,,,,,
21.97,15.84,!    4/4/2078,,,,,
22.09,16.14,!    4/5/2078,,,,,
22.14,16.34,!    4/6/2078,,,,,
22.25,16.44,!    4/7/2078,,,,,
22.36,16.54,!    4/8/2078,,,,,
22.47,16.74,!    4/9/2078,,,,,
22.59,16.94,!    4/10/2078,,,,,
22.64,17.14,!    4/11/2078,,,,,
22.75,17.44,!    4/12/2078,,,,,
22.86,17.54,!    4/13/2078,,,,,
22.97,17.64,!    4/14/2078,,,,,
23.09,17.84,!    4/15/2078,,,,,
23.20,17.94,!    4/16/2078,,,,,
23.31,18.04,!    4/17/2078,,,,,
23.42,18.14,!    4/18/2078,,,,,
23.53,18.34,!    4/19/2078,,,,,
23.64,18.44,!    4/20/2078,,,,,
23.75,18.64,!    4/21/2078,,,,,
23.92,18.94,!    4/22/2078,,,,,
24.03,19.04,!    4/23/2078,,,,,
24.14,19.14,!    4/24/2078,,,,,
24.25,19.24,!    4/25/2078,,,,,
24.36,19.34,!    4/26/2078,,,,,
24.53,19.54,!    4/27/2078,,,,,
24.64,19.74,!    4/28/2078,,,,,
24.75,20.14,!    4/29/2078,,,,,
24.92,20.34,!    4/30/2078,,,,,
24.95,19.64,!    5/1/2078,,,,,
25.17,19.84,!    5/2/2078,,,,,
25.34,19.94,!    5/3/2078,,,,,
25.45,20.14,!    5/4/2078,,,,,
25.62,20.14,!    5/5/2078,,,,,
25.73,20.24,!    5/6/2078,,,,,
25.90,20.34,!    5/7/2078,,,,,
26.01,20.54,!    5/8/2078,,,,,
26.17,20.74,!    5/9/2078,,,,,
26.28,20.94,!    5/10/2078,,,,,
26.40,21.04,!    5/11/2078,,,,,
26.56,21.14,!    5/12/2078,,,,,
26.67,21.34,!    5/13/2078,,,,,
26.84,21.44,!    5/14/2078,,,,,
26.95,21.54,!    5/15/2078,,,,,
27.12,21.74,!    5/16/2078,,,,,
27.23,21.94,!    5/17/2078,,,,,
27.40,22.14,!    5/18/2078,,,,,
27.51,22.14,!    5/19/2078,,,,,
27.62,22.34,!    5/20/2078,,,,,
27.78,22.54,!    5/21/2078,,,,,
27.90,22.84,!    5/22/2078,,,,,
28.01,23.04,!    5/23/2078,,,,,
28.17,23.24,!    5/24/2078,,,,,
28.28,23.44,!    5/25/2078,,,,,
28.40,23.74,!    5/26/2078,,,,,
28.51,23.94,!    5/27/2078,,,,,
28.62,24.04,!    5/28/2078,,,,,
28.73,24.24,!    5/29/2078,,,,,
28.84,24.44,!    5/30/2078,,,,,
28.95,24.54,!    5/31/2078,,,,,
28.20,24.94,!    6/1/2078,,,,,
28.39,25.14,!    6/2/2078,,,,,
28.45,25.34,!    6/3/2078,,,,,
28.56,25.54,!    6/4/2078,,,,,
28.67,25.74,!    6/5/2078,,,,,
28.72,25.94,!    6/6/2078,,,,,
28.84,26.24,!    6/7/2078,,,,,
28.89,26.54,!    6/8/2078,,,,,
29.00,26.84,!    6/9/2078,,,,,
29.06,27.04,!    6/10/2078,,,,,
29.11,27.24,!    6/11/2078,,,,,
29.22,27.44,!    6/12/2078,,,,,
29.28,27.54,!    6/13/2078,,,,,
29.34,27.64,!    6/14/2078,,,,,
29.39,27.84,!    6/15/2078,,,,,
29.45,28.04,!    6/16/2078,,,,,
29.50,28.24,!    6/17/2078,,,,,
29.56,28.34,!    6/18/2078,,,,,
29.61,28.44,!    6/19/2078,,,,,
29.61,28.54,!    6/20/2078,,,,,
29.67,28.74,!    6/21/2078,,,,,
29.72,28.84,!    6/22/2078,,,,,
29.78,28.94,!    6/23/2078,,,,,
29.78,29.04,!    6/24/2078,,,,,
29.84,29.24,!    6/25/2078,,,,,
29.84,29.34,!    6/26/2078,,,,,
29.89,29.44,!    6/27/2078,,,,,
29.89,29.54,!    6/28/2078,,,,,
29.95,29.54,!    6/29/2078,,,,,
29.95,29.64,!    6/30/2078,,,,,
30.18,30.56,!    7/1/2078,,,,,
30.12,30.66,!    7/2/2078,,,,,
30.12,30.86,!    7/3/2078,,,,,
30.18,30.86,!    7/4/2078,,,,,
30.18,30.86,!    7/5/2078,,,,,
30.23,30.86,!    7/6/2078,,,,,
30.23,30.86,!    7/7/2078,,,,,
30.23,30.86,!    7/8/2078,,,,,
30.23,30.76,!    7/9/2078,,,,,
30.29,30.86,!    7/10/2078,,,,,
30.29,30.86,!    7/11/2078,,,,,
30.29,30.86,!    7/12/2078,,,,,
30.34,30.86,!    7/13/2078,,,,,
30.34,30.96,!    7/14/2078,,,,,
30.34,30.96,!    7/15/2078,,,,,
30.34,30.96,!    7/16/2078,,,,,
30.40,30.96,!    7/17/2078,,,,,
30.40,31.06,!    7/18/2078,,,,,
30.40,31.06,!    7/19/2078,,,,,
30.45,31.26,!    7/20/2078,,,,,
30.45,31.36,!    7/21/2078,,,,,
30.45,31.36,!    7/22/2078,,,,,
30.45,31.46,!    7/23/2078,,,,,
30.45,31.46,!    7/24/2078,,,,,
30.51,31.46,!    7/25/2078,,,,,
30.51,31.56,!    7/26/2078,,,,,
30.51,31.66,!    7/27/2078,,,,,
30.51,31.76,!    7/28/2078,,,,,
30.51,31.76,!    7/29/2078,,,,,
30.57,31.86,!    7/30/2078,,,,,
30.57,31.86,!    7/31/2078,,,,,
30.27,31.48,!    8/1/2078,,,,,
30.28,31.38,!    8/2/2078,,,,,
30.28,31.48,!    8/3/2078,,,,,
30.28,31.48,!    8/4/2078,,,,,
30.28,31.58,!    8/5/2078,,,,,
30.28,31.58,!    8/6/2078,,,,,
30.28,31.68,!    8/7/2078,,,,,
30.28,31.78,!    8/8/2078,,,,,
30.28,31.78,!    8/9/2078,,,,,
30.28,31.88,!    8/10/2078,,,,,
30.28,31.78,!    8/11/2078,,,,,
30.28,31.88,!    8/12/2078,,,,,
30.28,31.78,!    8/13/2078,,,,,
30.23,31.58,!    8/14/2078,,,,,
30.23,31.58,!    8/15/2078,,,,,
30.23,31.58,!    8/16/2078,,,,,
30.17,31.68,!    8/17/2078,,,,,
30.17,31.68,!    8/18/2078,,,,,
30.17,31.58,!    8/19/2078,,,,,
30.12,31.48,!    8/20/2078,,,,,
30.12,31.28,!    8/21/2078,,,,,
30.06,31.28,!    8/22/2078,,,,,
30.06,31.28,!    8/23/2078,,,,,
30.01,31.28,!    8/24/2078,,,,,
29.95,31.38,!    8/25/2078,,,,,
29.95,31.28,!    8/26/2078,,,,,
29.89,31.18,!    8/27/2078,,,,,
29.84,31.08,!    8/28/2078,,,,,
29.78,30.98,!    8/29/2078,,,,,
29.78,30.88,!    8/30/2078,,,,,
29.73,30.78,!    8/31/2078,,,,,
30.10,30.24,!    9/1/2078,,,,,
29.91,30.14,!    9/2/2078,,,,,
29.86,30.04,!    9/3/2078,,,,,
29.80,29.84,!    9/4/2078,,,,,
29.69,29.84,!    9/5/2078,,,,,
29.64,29.74,!    9/6/2078,,,,,
29.58,29.74,!    9/7/2078,,,,,
29.53,29.74,!    9/8/2078,,,,,
29.41,29.64,!    9/9/2078,,,,,
29.36,29.54,!    9/10/2078,,,,,
29.30,29.44,!    9/11/2078,,,,,
29.19,29.24,!    9/12/2078,,,,,
29.14,29.14,!    9/13/2078,,,,,
29.03,29.14,!    9/14/2078,,,,,
28.91,29.04,!    9/15/2078,,,,,
28.86,28.94,!    9/16/2078,,,,,
28.75,28.74,!    9/17/2078,,,,,
28.64,28.64,!    9/18/2078,,,,,
28.53,28.54,!    9/19/2078,,,,,
28.41,28.24,!    9/20/2078,,,,,
28.30,28.14,!    9/21/2078,,,,,
28.19,27.94,!    9/22/2078,,,,,
28.08,27.84,!    9/23/2078,,,,,
27.97,27.84,!    9/24/2078,,,,,
27.80,27.64,!    9/25/2078,,,,,
27.69,27.54,!    9/26/2078,,,,,
27.58,27.24,!    9/27/2078,,,,,
27.41,27.24,!    9/28/2078,,,,,
27.30,27.14,!    9/29/2078,,,,,
27.14,26.94,!    9/30/2078,,,,,
26.79,27.04,!    10/1/2078,,,,,
26.51,26.74,!    10/2/2078,,,,,
26.34,26.44,!    10/3/2078,,,,,
26.17,26.24,!    10/4/2078,,,,,
26.01,26.24,!    10/5/2078,,,,,
25.84,26.14,!    10/6/2078,,,,,
25.67,25.94,!    10/7/2078,,,,,
25.51,25.74,!    10/8/2078,,,,,
25.34,25.54,!    10/9/2078,,,,,
25.12,25.34,!    10/10/2078,,,,,
24.95,25.24,!    10/11/2078,,,,,
24.78,25.14,!    10/12/2078,,,,,
24.62,24.94,!    10/13/2078,,,,,
24.39,24.74,!    10/14/2078,,,,,
24.23,24.54,!    10/15/2078,,,,,
24.01,24.34,!    10/16/2078,,,,,
23.84,24.14,!    10/17/2078,,,,,
23.62,23.84,!    10/18/2078,,,,,
23.45,23.64,!    10/19/2078,,,,,
23.23,23.34,!    10/20/2078,,,,,
23.06,22.84,!    10/21/2078,,,,,
22.84,22.54,!    10/22/2078,,,,,
22.67,22.24,!    10/23/2078,,,,,
22.45,21.84,!    10/24/2078,,,,,
22.28,21.54,!    10/25/2078,,,,,
22.06,21.14,!    10/26/2078,,,,,
21.89,20.94,!    10/27/2078,,,,,
21.67,20.74,!    10/28/2078,,,,,
21.51,20.24,!    10/29/2078,,,,,
21.28,19.84,!    10/30/2078,,,,,
21.12,19.64,!    10/31/2078,,,,,
22.15,21.99,!    11/1/2078,,,,,
21.75,21.79,!    11/2/2078,,,,,
21.58,21.59,!    11/3/2078,,,,,
21.36,21.49,!    11/4/2078,,,,,
21.19,21.29,!    11/5/2078,,,,,
21.02,21.09,!    11/6/2078,,,,,
20.86,21.19,!    11/7/2078,,,,,
20.69,20.99,!    11/8/2078,,,,,
20.52,20.79,!    11/9/2078,,,,,
20.36,20.59,!    11/10/2078,,,,,
20.19,20.39,!    11/11/2078,,,,,
20.02,20.19,!    11/12/2078,,,,,
19.91,19.99,!    11/13/2078,,,,,
19.75,19.69,!    11/14/2078,,,,,
19.58,19.39,!    11/15/2078,,,,,
19.47,19.19,!    11/16/2078,,,,,
19.30,18.99,!    11/17/2078,,,,,
19.19,18.69,!    11/18/2078,,,,,
19.08,18.39,!    11/19/2078,,,,,
18.91,18.09,!    11/20/2078,,,,,
18.80,17.89,!    11/21/2078,,,,,
18.69,17.69,!    11/22/2078,,,,,
18.58,17.49,!    11/23/2078,,,,,
18.47,17.39,!    11/24/2078,,,,,
18.36,17.29,!    11/25/2078,,,,,
18.25,17.19,!    11/26/2078,,,,,
18.13,16.99,!    11/27/2078,,,,,
18.02,16.79,!    11/28/2078,,,,,
17.91,16.59,!    11/29/2078,,,,,
17.86,16.49,!    11/30/2078,,,,,
17.04,15.16,!    12/1/2078,,,,,
16.73,14.86,!    12/2/2078,,,,,
16.67,14.66,!    12/3/2078,,,,,
16.56,14.56,!    12/4/2078,,,,,
16.45,14.36,!    12/5/2078,,,,,
16.40,14.16,!    12/6/2078,,,,,
16.28,13.76,!    12/7/2078,,,,,
16.23,13.56,!    12/8/2078,,,,,
16.12,13.36,!    12/9/2078,,,,,
16.06,13.16,!    12/10/2078,,,,,
15.95,12.96,!    12/11/2078,,,,,
15.90,12.66,!    12/12/2078,,,,,
15.78,12.56,!    12/13/2078,,,,,
15.73,12.36,!    12/14/2078,,,,,
15.67,12.26,!    12/15/2078,,,,,
15.56,12.06,!    12/16/2078,,,,,
15.51,11.96,!    12/17/2078,,,,,
15.40,11.76,!    12/18/2078,,,,,
15.34,11.66,!    12/19/2078,,,,,
15.28,11.56,!    12/20/2078,,,,,
15.17,11.46,!    12/21/2078,,,,,
15.12,11.36,!    12/22/2078,,,,,
15.06,11.36,!    12/23/2078,,,,,
15.01,11.26,!    12/24/2078,,,,,
14.90,11.16,!    12/25/2078,,,,,
14.84,11.06,!    12/26/2078,,,,,
14.78,10.96,!    12/27/2078,,,,,
14.73,10.96,!    12/28/2078,,,,,
14.67,10.96,!    12/29/2078,,,,,
14.62,10.86,!    12/30/2078,,,,,
14.56,10.86,!    12/31/2078,,,,,
13.67,9.76,!    1/1/2079,,,,,
13.61,9.66,!    1/2/2079,,,,,
13.55,9.56,!    1/3/2079,,,,,
13.50,9.46,!    1/4/2079,,,,,
13.50,9.26,!    1/5/2079,,,,,
13.44,9.16,!    1/6/2079,,,,,
13.39,9.06,!    1/7/2079,,,,,
13.39,8.96,!    1/8/2079,,,,,
13.33,8.86,!    1/9/2079,,,,,
13.33,8.86,!    1/10/2079,,,,,
13.33,8.76,!    1/11/2079,,,,,
13.28,8.76,!    1/12/2079,,,,,
13.28,8.66,!    1/13/2079,,,,,
13.28,8.46,!    1/14/2079,,,,,
13.28,8.36,!    1/15/2079,,,,,
13.28,8.26,!    1/16/2079,,,,,
13.28,8.16,!    1/17/2079,,,,,
13.33,8.16,!    1/18/2079,,,,,
13.33,8.16,!    1/19/2079,,,,,
13.33,7.86,!    1/20/2079,,,,,
13.39,7.96,!    1/21/2079,,,,,
13.44,7.96,!    1/22/2079,,,,,
13.44,7.96,!    1/23/2079,,,,,
13.50,8.06,!    1/24/2079,,,,,
13.55,8.06,!    1/25/2079,,,,,
13.61,8.26,!    1/26/2079,,,,,
13.67,8.26,!    1/27/2079,,,,,
13.72,8.16,!    1/28/2079,,,,,
13.78,8.06,!    1/29/2079,,,,,
13.83,7.96,!    1/30/2079,,,,,
13.94,7.96,!    1/31/2079,,,,,
13.69,8.26,!    2/1/2079,,,,,
13.75,8.26,!    2/2/2079,,,,,
13.86,8.46,!    2/3/2079,,,,,
13.91,8.46,!    2/4/2079,,,,,
14.03,8.46,!    2/5/2079,,,,,
14.14,8.56,!    2/6/2079,,,,,
14.25,8.56,!    2/7/2079,,,,,
14.30,8.76,!    2/8/2079,,,,,
14.41,8.86,!    2/9/2079,,,,,
14.53,8.96,!    2/10/2079,,,,,
14.64,8.96,!    2/11/2079,,,,,
14.75,9.06,!    2/12/2079,,,,,
14.86,9.06,!    2/13/2079,,,,,
14.97,9.06,!    2/14/2079,,,,,
15.08,9.06,!    2/15/2079,,,,,
15.19,9.16,!    2/16/2079,,,,,
15.30,9.26,!    2/17/2079,,,,,
15.41,9.26,!    2/18/2079,,,,,
15.53,9.36,!    2/19/2079,,,,,
15.64,9.46,!    2/20/2079,,,,,
15.75,9.66,!    2/21/2079,,,,,
15.86,9.76,!    2/22/2079,,,,,
15.97,9.86,!    2/23/2079,,,,,
16.08,10.06,!    2/24/2079,,,,,
16.25,10.16,!    2/25/2079,,,,,
16.36,10.16,!    2/26/2079,,,,,
16.47,10.36,!    2/27/2079,,,,,
16.58,10.46,!    2/28/2079,,,,,
17.47,11.13,!    3/1/2079,,,,,
17.79,10.63,!    3/2/2079,,,,,
17.90,10.63,!    3/3/2079,,,,,
18.01,10.63,!    3/4/2079,,,,,
18.12,10.63,!    3/5/2079,,,,,
18.23,10.73,!    3/6/2079,,,,,
18.35,10.83,!    3/7/2079,,,,,
18.46,10.93,!    3/8/2079,,,,,
18.57,11.13,!    3/9/2079,,,,,
18.68,11.33,!    3/10/2079,,,,,
18.73,11.53,!    3/11/2079,,,,,
18.85,11.73,!    3/12/2079,,,,,
18.96,11.83,!    3/13/2079,,,,,
19.07,12.03,!    3/14/2079,,,,,
19.18,12.13,!    3/15/2079,,,,,
19.29,12.33,!    3/16/2079,,,,,
19.40,12.43,!    3/17/2079,,,,,
19.46,12.53,!    3/18/2079,,,,,
19.57,12.73,!    3/19/2079,,,,,
19.68,13.03,!    3/20/2079,,,,,
19.79,13.13,!    3/21/2079,,,,,
19.85,13.33,!    3/22/2079,,,,,
19.96,13.33,!    3/23/2079,,,,,
20.07,13.53,!    3/24/2079,,,,,
20.18,13.83,!    3/25/2079,,,,,
20.23,14.03,!    3/26/2079,,,,,
20.35,14.23,!    3/27/2079,,,,,
20.46,14.43,!    3/28/2079,,,,,
20.51,14.63,!    3/29/2079,,,,,
20.62,14.83,!    3/30/2079,,,,,
20.73,15.03,!    3/31/2079,,,,,
21.18,15.44,!    4/1/2079,,,,,
21.62,15.64,!    4/2/2079,,,,,
21.73,15.84,!    4/3/2079,,,,,
21.85,16.14,!    4/4/2079,,,,,
21.96,16.44,!    4/5/2079,,,,,
22.01,16.64,!    4/6/2079,,,,,
22.12,16.74,!    4/7/2079,,,,,
22.23,16.84,!    4/8/2079,,,,,
22.35,17.04,!    4/9/2079,,,,,
22.46,17.24,!    4/10/2079,,,,,
22.51,17.44,!    4/11/2079,,,,,
22.62,17.74,!    4/12/2079,,,,,
22.73,17.84,!    4/13/2079,,,,,
22.85,17.94,!    4/14/2079,,,,,
22.96,18.14,!    4/15/2079,,,,,
23.07,18.24,!    4/16/2079,,,,,
23.18,18.34,!    4/17/2079,,,,,
23.29,18.44,!    4/18/2079,,,,,
23.40,18.64,!    4/19/2079,,,,,
23.51,18.74,!    4/20/2079,,,,,
23.62,18.94,!    4/21/2079,,,,,
23.79,19.24,!    4/22/2079,,,,,
23.90,19.34,!    4/23/2079,,,,,
24.01,19.44,!    4/24/2079,,,,,
24.12,19.54,!    4/25/2079,,,,,
24.23,19.64,!    4/26/2079,,,,,
24.40,19.84,!    4/27/2079,,,,,
24.51,20.04,!    4/28/2079,,,,,
24.62,20.44,!    4/29/2079,,,,,
24.79,20.64,!    4/30/2079,,,,,
24.70,20.12,!    5/1/2079,,,,,
24.92,20.32,!    5/2/2079,,,,,
25.09,20.42,!    5/3/2079,,,,,
25.20,20.62,!    5/4/2079,,,,,
25.37,20.62,!    5/5/2079,,,,,
25.48,20.72,!    5/6/2079,,,,,
25.64,20.82,!    5/7/2079,,,,,
25.76,21.02,!    5/8/2079,,,,,
25.92,21.22,!    5/9/2079,,,,,
26.03,21.42,!    5/10/2079,,,,,
26.14,21.52,!    5/11/2079,,,,,
26.31,21.62,!    5/12/2079,,,,,
26.42,21.82,!    5/13/2079,,,,,
26.59,21.92,!    5/14/2079,,,,,
26.70,22.02,!    5/15/2079,,,,,
26.87,22.22,!    5/16/2079,,,,,
26.98,22.42,!    5/17/2079,,,,,
27.14,22.62,!    5/18/2079,,,,,
27.26,22.62,!    5/19/2079,,,,,
27.37,22.82,!    5/20/2079,,,,,
27.53,23.02,!    5/21/2079,,,,,
27.64,23.32,!    5/22/2079,,,,,
27.76,23.52,!    5/23/2079,,,,,
27.92,23.72,!    5/24/2079,,,,,
28.03,23.92,!    5/25/2079,,,,,
28.14,24.22,!    5/26/2079,,,,,
28.26,24.42,!    5/27/2079,,,,,
28.37,24.52,!    5/28/2079,,,,,
28.48,24.72,!    5/29/2079,,,,,
28.59,24.92,!    5/30/2079,,,,,
28.70,25.02,!    5/31/2079,,,,,
28.15,24.93,!    6/1/2079,,,,,
28.35,25.13,!    6/2/2079,,,,,
28.40,25.33,!    6/3/2079,,,,,
28.52,25.53,!    6/4/2079,,,,,
28.63,25.73,!    6/5/2079,,,,,
28.68,25.93,!    6/6/2079,,,,,
28.79,26.23,!    6/7/2079,,,,,
28.85,26.53,!    6/8/2079,,,,,
28.96,26.83,!    6/9/2079,,,,,
29.02,27.03,!    6/10/2079,,,,,
29.07,27.23,!    6/11/2079,,,,,
29.18,27.43,!    6/12/2079,,,,,
29.24,27.53,!    6/13/2079,,,,,
29.29,27.63,!    6/14/2079,,,,,
29.35,27.83,!    6/15/2079,,,,,
29.40,28.03,!    6/16/2079,,,,,
29.46,28.23,!    6/17/2079,,,,,
29.52,28.33,!    6/18/2079,,,,,
29.57,28.43,!    6/19/2079,,,,,
29.57,28.53,!    6/20/2079,,,,,
29.63,28.73,!    6/21/2079,,,,,
29.68,28.83,!    6/22/2079,,,,,
29.74,28.93,!    6/23/2079,,,,,
29.74,29.03,!    6/24/2079,,,,,
29.79,29.23,!    6/25/2079,,,,,
29.79,29.33,!    6/26/2079,,,,,
29.85,29.43,!    6/27/2079,,,,,
29.85,29.53,!    6/28/2079,,,,,
29.90,29.53,!    6/29/2079,,,,,
29.90,29.63,!    6/30/2079,,,,,
30.88,30.15,!    7/1/2079,,,,,
30.83,30.25,!    7/2/2079,,,,,
30.83,30.45,!    7/3/2079,,,,,
30.88,30.45,!    7/4/2079,,,,,
30.88,30.45,!    7/5/2079,,,,,
30.94,30.45,!    7/6/2079,,,,,
30.94,30.45,!    7/7/2079,,,,,
30.94,30.45,!    7/8/2079,,,,,
30.94,30.35,!    7/9/2079,,,,,
30.99,30.45,!    7/10/2079,,,,,
30.99,30.45,!    7/11/2079,,,,,
30.99,30.45,!    7/12/2079,,,,,
31.05,30.45,!    7/13/2079,,,,,
31.05,30.55,!    7/14/2079,,,,,
31.05,30.55,!    7/15/2079,,,,,
31.05,30.55,!    7/16/2079,,,,,
31.11,30.55,!    7/17/2079,,,,,
31.11,30.65,!    7/18/2079,,,,,
31.11,30.65,!    7/19/2079,,,,,
31.16,30.85,!    7/20/2079,,,,,
31.16,30.95,!    7/21/2079,,,,,
31.16,30.95,!    7/22/2079,,,,,
31.16,31.05,!    7/23/2079,,,,,
31.16,31.05,!    7/24/2079,,,,,
31.22,31.05,!    7/25/2079,,,,,
31.22,31.15,!    7/26/2079,,,,,
31.22,31.25,!    7/27/2079,,,,,
31.22,31.35,!    7/28/2079,,,,,
31.22,31.35,!    7/29/2079,,,,,
31.27,31.45,!    7/30/2079,,,,,
31.27,31.45,!    7/31/2079,,,,,
30.68,31.27,!    8/1/2079,,,,,
30.69,31.17,!    8/2/2079,,,,,
30.69,31.27,!    8/3/2079,,,,,
30.69,31.27,!    8/4/2079,,,,,
30.69,31.37,!    8/5/2079,,,,,
30.69,31.37,!    8/6/2079,,,,,
30.69,31.47,!    8/7/2079,,,,,
30.69,31.57,!    8/8/2079,,,,,
30.69,31.57,!    8/9/2079,,,,,
30.69,31.67,!    8/10/2079,,,,,
30.69,31.57,!    8/11/2079,,,,,
30.69,31.67,!    8/12/2079,,,,,
30.69,31.57,!    8/13/2079,,,,,
30.64,31.37,!    8/14/2079,,,,,
30.64,31.37,!    8/15/2079,,,,,
30.64,31.37,!    8/16/2079,,,,,
30.58,31.47,!    8/17/2079,,,,,
30.58,31.47,!    8/18/2079,,,,,
30.58,31.37,!    8/19/2079,,,,,
30.52,31.27,!    8/20/2079,,,,,
30.52,31.07,!    8/21/2079,,,,,
30.47,31.07,!    8/22/2079,,,,,
30.47,31.07,!    8/23/2079,,,,,
30.41,31.07,!    8/24/2079,,,,,
30.36,31.17,!    8/25/2079,,,,,
30.36,31.07,!    8/26/2079,,,,,
30.30,30.97,!    8/27/2079,,,,,
30.25,30.87,!    8/28/2079,,,,,
30.19,30.77,!    8/29/2079,,,,,
30.19,30.67,!    8/30/2079,,,,,
30.14,30.57,!    8/31/2079,,,,,
30.00,30.38,!    9/1/2079,,,,,
29.81,30.28,!    9/2/2079,,,,,
29.75,30.18,!    9/3/2079,,,,,
29.70,29.98,!    9/4/2079,,,,,
29.59,29.98,!    9/5/2079,,,,,
29.53,29.88,!    9/6/2079,,,,,
29.48,29.88,!    9/7/2079,,,,,
29.42,29.88,!    9/8/2079,,,,,
29.31,29.78,!    9/9/2079,,,,,
29.25,29.68,!    9/10/2079,,,,,
29.20,29.58,!    9/11/2079,,,,,
29.09,29.38,!    9/12/2079,,,,,
29.03,29.28,!    9/13/2079,,,,,
28.92,29.28,!    9/14/2079,,,,,
28.81,29.18,!    9/15/2079,,,,,
28.75,29.08,!    9/16/2079,,,,,
28.64,28.88,!    9/17/2079,,,,,
28.53,28.78,!    9/18/2079,,,,,
28.42,28.68,!    9/19/2079,,,,,
28.31,28.38,!    9/20/2079,,,,,
28.20,28.28,!    9/21/2079,,,,,
28.09,28.08,!    9/22/2079,,,,,
27.98,27.98,!    9/23/2079,,,,,
27.87,27.98,!    9/24/2079,,,,,
27.70,27.78,!    9/25/2079,,,,,
27.59,27.68,!    9/26/2079,,,,,
27.48,27.38,!    9/27/2079,,,,,
27.31,27.38,!    9/28/2079,,,,,
27.20,27.28,!    9/29/2079,,,,,
27.03,27.08,!    9/30/2079,,,,,
26.69,26.77,!    10/1/2079,,,,,
26.41,26.47,!    10/2/2079,,,,,
26.24,26.17,!    10/3/2079,,,,,
26.08,25.97,!    10/4/2079,,,,,
25.91,25.97,!    10/5/2079,,,,,
25.74,25.87,!    10/6/2079,,,,,
25.58,25.67,!    10/7/2079,,,,,
25.41,25.47,!    10/8/2079,,,,,
25.24,25.27,!    10/9/2079,,,,,
25.02,25.07,!    10/10/2079,,,,,
24.85,24.97,!    10/11/2079,,,,,
24.69,24.87,!    10/12/2079,,,,,
24.52,24.67,!    10/13/2079,,,,,
24.30,24.47,!    10/14/2079,,,,,
24.13,24.27,!    10/15/2079,,,,,
23.91,24.07,!    10/16/2079,,,,,
23.74,23.87,!    10/17/2079,,,,,
23.52,23.57,!    10/18/2079,,,,,
23.35,23.37,!    10/19/2079,,,,,
23.13,23.07,!    10/20/2079,,,,,
22.96,22.57,!    10/21/2079,,,,,
22.74,22.27,!    10/22/2079,,,,,
22.58,21.97,!    10/23/2079,,,,,
22.35,21.57,!    10/24/2079,,,,,
22.19,21.27,!    10/25/2079,,,,,
21.96,20.87,!    10/26/2079,,,,,
21.80,20.67,!    10/27/2079,,,,,
21.58,20.47,!    10/28/2079,,,,,
21.41,19.97,!    10/29/2079,,,,,
21.19,19.57,!    10/30/2079,,,,,
21.02,19.37,!    10/31/2079,,,,,
21.79,20.36,!    11/1/2079,,,,,
21.39,20.16,!    11/2/2079,,,,,
21.22,19.96,!    11/3/2079,,,,,
21.00,19.86,!    11/4/2079,,,,,
20.83,19.66,!    11/5/2079,,,,,
20.67,19.46,!    11/6/2079,,,,,
20.50,19.56,!    11/7/2079,,,,,
20.33,19.36,!    11/8/2079,,,,,
20.17,19.16,!    11/9/2079,,,,,
20.00,18.96,!    11/10/2079,,,,,
19.83,18.76,!    11/11/2079,,,,,
19.67,18.56,!    11/12/2079,,,,,
19.56,18.36,!    11/13/2079,,,,,
19.39,18.06,!    11/14/2079,,,,,
19.22,17.76,!    11/15/2079,,,,,
19.11,17.56,!    11/16/2079,,,,,
18.95,17.36,!    11/17/2079,,,,,
18.83,17.06,!    11/18/2079,,,,,
18.72,16.76,!    11/19/2079,,,,,
18.56,16.46,!    11/20/2079,,,,,
18.45,16.26,!    11/21/2079,,,,,
18.33,16.06,!    11/22/2079,,,,,
18.22,15.86,!    11/23/2079,,,,,
18.11,15.76,!    11/24/2079,,,,,
18.00,15.66,!    11/25/2079,,,,,
17.89,15.56,!    11/26/2079,,,,,
17.78,15.36,!    11/27/2079,,,,,
17.67,15.16,!    11/28/2079,,,,,
17.56,14.96,!    11/29/2079,,,,,
17.50,14.86,!    11/30/2079,,,,,
16.96,14.25,!    12/1/2079,,,,,
16.65,13.95,!    12/2/2079,,,,,
16.59,13.75,!    12/3/2079,,,,,
16.48,13.65,!    12/4/2079,,,,,
16.37,13.45,!    12/5/2079,,,,,
16.31,13.25,!    12/6/2079,,,,,
16.20,12.85,!    12/7/2079,,,,,
16.15,12.65,!    12/8/2079,,,,,
16.03,12.45,!    12/9/2079,,,,,
15.98,12.25,!    12/10/2079,,,,,
15.87,12.05,!    12/11/2079,,,,,
15.81,11.75,!    12/12/2079,,,,,
15.70,11.65,!    12/13/2079,,,,,
15.65,11.45,!    12/14/2079,,,,,
15.59,11.35,!    12/15/2079,,,,,
15.48,11.15,!    12/16/2079,,,,,
15.42,11.05,!    12/17/2079,,,,,
15.31,10.85,!    12/18/2079,,,,,
15.26,10.75,!    12/19/2079,,,,,
15.20,10.65,!    12/20/2079,,,,,
15.09,10.55,!    12/21/2079,,,,,
15.03,10.45,!    12/22/2079,,,,,
14.98,10.45,!    12/23/2079,,,,,
14.92,10.35,!    12/24/2079,,,,,
14.81,10.25,!    12/25/2079,,,,,
14.76,10.15,!    12/26/2079,,,,,
14.70,10.05,!    12/27/2079,,,,,
14.65,10.05,!    12/28/2079,,,,,
14.59,10.05,!    12/29/2079,,,,,
14.53,9.95,!    12/30/2079,,,,,
14.48,9.95,!    12/31/2079,,,,,
,,,,,,,
,,,,,,,
,,,,,,,
,,,,,,,
,,,,,,,
,,,,,,,
,,,,,,,
,,,,,,,
,,,,,,,
,,,,,,,
,,,,,,,
,,,,,,,
,,,,,,,
,,,,,,,
,,,,,,,
,,,,,,,
,,,,,,,
,,,,,,,
,,,,,,,
,,,,,,,
,,,,,,,
,,,,,,,
,,,,,,,
,,,,,,,
,,,,,,,
,,,,,,,
,,,,,,,
,,,,,,,
,,,,,,,
,,,,,,,
,,,,,,,
,,,,,,,
,,,,,,,
,,,,,,,
,,,,,,,
,,,,,,,
,,,,,,,
,,,,,,,
,,,,,,,
,,,,,,,
,,,,,,,
,,,,,,,
,,,,,,,
,,,,,,,
,,,,,,,
,,,,,,,
,,,,,,,
,,,,,,,
,,,,,,,
,,,,,,,
,,,,,,,
,,,,,,,
,,,,,,,
,,,,,,,
,,,,,,,
,,,,,,,
,,,,,,,
,,,,,,,
,,,,,,,
,,,,,,,
,,,,,,,
,,,,,,,
,,,,,,,
,,,,,,,
,,,,,,,
,,,,,,,
,,,,,,,
,,,,,,,
