Date,Discharge (m3/s),Discharge_filled_method,period
2006-01-01,5.5500928,original,pre-2016
2006-01-02,5.521776,original,pre-2016
2006-01-03,5.5500928,original,pre-2016
2006-01-04,5.4934592,original,pre-2016
2006-01-05,4.6722719999999995,original,pre-2016
2006-01-06,5.0403904,original,pre-2016
2006-01-07,5.1253408,original,pre-2016
2006-01-08,5.3518752,original,pre-2016
2006-01-09,5.521776,original,pre-2016
2006-01-10,5.6350432,original,pre-2016
2006-01-11,5.5784096,original,pre-2016
2006-01-12,5.66336,original,pre-2016
2006-01-13,5.9182112,original,pre-2016
2006-01-14,5.804944,original,pre-2016
2006-01-15,5.5784096,original,pre-2016
2006-01-16,5.6067264,original,pre-2016
2006-01-17,6.1447456,original,pre-2016
2006-01-18,5.804944,original,pre-2016
2006-01-19,5.804944,original,pre-2016
2006-01-20,5.946528,original,pre-2016
2006-01-21,6.0597952,original,pre-2016
2006-01-22,6.8526656,original,pre-2016
2006-01-23,8.2685056,original,pre-2016
2006-01-24,6.9942496,original,pre-2016
2006-01-25,6.2863296,original,pre-2016
2006-01-26,5.9748448,original,pre-2016
2006-01-27,5.9182112,original,pre-2016
2006-01-28,6.0031616,original,pre-2016
2006-01-29,6.37128,original,pre-2016
2006-01-30,6.3429632,original,pre-2016
2006-01-31,6.1447456,original,pre-2016
2006-02-01,6.229696,original,pre-2016
2006-02-02,11.4966208,original,pre-2016
2006-02-03,8.7498912,original,pre-2016
2006-02-04,7.3906848,original,pre-2016
2006-02-05,6.796032,original,pre-2016
2006-02-06,6.8526656,original,pre-2016
2006-02-07,6.6827648,original,pre-2016
2006-02-08,5.9748448,original,pre-2016
2006-02-09,6.0031616,original,pre-2016
2006-02-10,6.2863296,original,pre-2016
2006-02-11,8.353456,original,pre-2016
2006-02-12,7.1358336,original,pre-2016
2006-02-13,6.8243488,original,pre-2016
2006-02-14,6.7677152,original,pre-2016
2006-02-15,6.6827648,original,pre-2016
2006-02-16,6.7110816,original,pre-2016
2006-02-17,6.9092991999999995,original,pre-2016
2006-02-18,6.8243488,original,pre-2016
2006-02-19,6.6827648,original,pre-2016
2006-02-20,6.6827648,original,pre-2016
2006-02-21,6.5978144,original,pre-2016
2006-02-22,6.4562304,original,pre-2016
2006-02-23,6.5128639999999995,original,pre-2016
2006-02-24,6.2863296,original,pre-2016
2006-02-25,7.2774176,original,pre-2016
2006-02-26,7.7021695999999995,original,pre-2016
2006-02-27,6.796032,original,pre-2016
2006-02-28,6.4279136,original,pre-2016
2006-03-01,6.37128,original,pre-2016
2006-03-02,6.3146464,original,pre-2016
2006-03-03,6.3429632,original,pre-2016
2006-03-04,6.2013792,original,pre-2016
2006-03-05,6.2013792,original,pre-2016
2006-03-06,6.2580127999999995,original,pre-2016
2006-03-07,6.1730624,original,pre-2016
2006-03-08,6.088112,original,pre-2016
2006-03-09,5.946528,original,pre-2016
2006-03-10,6.088112,original,pre-2016
2006-03-11,6.0314784,original,pre-2016
2006-03-12,6.0031616,original,pre-2016
2006-03-13,6.088112,original,pre-2016
2006-03-14,5.9182112,original,pre-2016
2006-03-15,5.8898944,original,pre-2016
2006-03-16,5.8898944,original,pre-2016
2006-03-17,6.0597952,original,pre-2016
2006-03-18,5.8332608,original,pre-2016
2006-03-19,5.9748448,original,pre-2016
2006-03-20,6.0597952,original,pre-2016
2006-03-21,6.1730624,original,pre-2016
2006-03-22,6.088112,original,pre-2016
2006-03-23,6.8809824,original,pre-2016
2006-03-24,6.937616,original,pre-2016
2006-03-25,6.5694976,original,pre-2016
2006-03-26,6.2863296,original,pre-2016
2006-03-27,6.37128,original,pre-2016
2006-03-28,5.9748448,original,pre-2016
2006-03-29,6.1447456,original,pre-2016
2006-03-30,6.5411808,original,pre-2016
2006-03-31,6.6544479999999995,original,pre-2016
2006-04-01,6.5694976,original,pre-2016
2006-04-02,6.37128,original,pre-2016
2006-04-03,6.1164287999999996,original,pre-2016
2006-04-04,6.0597952,original,pre-2016
2006-04-05,6.1447456,original,pre-2016
2006-04-06,6.2580127999999995,original,pre-2016
2006-04-07,6.229696,original,pre-2016
2006-04-08,6.2580127999999995,original,pre-2016
2006-04-09,6.0314784,original,pre-2016
2006-04-10,5.996082400000001,interpolated,pre-2016
2006-04-11,5.9606864,interpolated,pre-2016
2006-04-12,5.9252904,interpolated,pre-2016
2006-04-13,5.8898944,original,pre-2016
2006-04-14,5.7766272,original,pre-2016
2006-04-15,5.804944,original,pre-2016
2006-04-16,5.8332608,original,pre-2016
2006-04-17,5.9182112,original,pre-2016
2006-04-18,5.8898944,original,pre-2016
2006-04-19,5.9182112,original,pre-2016
2006-04-20,5.9748448,original,pre-2016
2006-04-21,6.088112,original,pre-2016
2006-04-22,6.1730624,original,pre-2016
2006-04-23,6.0031616,original,pre-2016
2006-04-24,6.0314784,original,pre-2016
2006-04-25,6.1730624,original,pre-2016
2006-04-26,6.8809824,original,pre-2016
2006-04-27,6.5694976,original,pre-2016
2006-04-28,6.3146464,original,pre-2016
2006-04-29,6.0597952,original,pre-2016
2006-04-30,6.6544479999999995,original,pre-2016
2006-05-01,6.7110816,original,pre-2016
2006-05-02,6.6261312,original,pre-2016
2006-05-03,6.4562304,original,pre-2016
2006-05-04,6.4845472,original,pre-2016
2006-05-05,6.4279136,original,pre-2016
2006-05-06,6.4279136,original,pre-2016
2006-05-07,6.5128639999999995,original,pre-2016
2006-05-08,6.5128639999999995,original,pre-2016
2006-05-09,6.3995968,original,pre-2016
2006-05-10,6.3429632,original,pre-2016
2006-05-11,6.1447456,original,pre-2016
2006-05-12,6.1730624,original,pre-2016
2006-05-13,6.1447456,original,pre-2016
2006-05-14,6.1730624,original,pre-2016
2006-05-15,6.2863296,original,pre-2016
2006-05-16,6.1447456,original,pre-2016
2006-05-17,6.1730624,original,pre-2016
2006-05-18,6.1164287999999996,original,pre-2016
2006-05-19,6.1730624,original,pre-2016
2006-05-20,6.1164287999999996,original,pre-2016
2006-05-21,6.0314784,original,pre-2016
2006-05-22,6.0314784,original,pre-2016
2006-05-23,6.1447456,original,pre-2016
2006-05-24,6.0314784,original,pre-2016
2006-05-25,6.088112,original,pre-2016
2006-05-26,6.0597952,original,pre-2016
2006-05-27,6.0031616,original,pre-2016
2006-05-28,5.9182112,original,pre-2016
2006-05-29,5.946528,original,pre-2016
2006-05-30,5.8332608,original,pre-2016
2006-05-31,5.946528,original,pre-2016
2006-06-01,5.8332608,original,pre-2016
2006-06-02,5.8332608,original,pre-2016
2006-06-03,6.0597952,original,pre-2016
2006-06-04,5.8615775999999995,original,pre-2016
2006-06-05,5.6916768,original,pre-2016
2006-06-06,5.6350432,original,pre-2016
2006-06-07,5.5784096,original,pre-2016
2006-06-08,5.5784096,original,pre-2016
2006-06-09,5.5500928,original,pre-2016
2006-06-10,5.4651423999999995,original,pre-2016
2006-06-11,5.4085088,original,pre-2016
2006-06-12,5.4651423999999995,original,pre-2016
2006-06-13,5.4368256,original,pre-2016
2006-06-14,5.3518752,original,pre-2016
2006-06-15,5.1253408,original,pre-2016
2006-06-16,4.2192032,original,pre-2016
2006-06-17,4.0776192,original,pre-2016
2006-06-18,4.0776192,original,pre-2016
2006-06-19,4.1625696,original,pre-2016
2006-06-20,4.1342528,original,pre-2016
2006-06-21,3.9926688,original,pre-2016
2006-06-22,4.0493024,original,pre-2016
2006-06-23,4.0209856,original,pre-2016
2006-06-24,3.9360352,original,pre-2016
2006-06-25,3.9360352,original,pre-2016
2006-06-26,3.7944512,original,pre-2016
2006-06-27,3.822768,original,pre-2016
2006-06-28,3.7944512,original,pre-2016
2006-06-29,3.5679168,original,pre-2016
2006-06-30,3.1714816,original,pre-2016
2006-07-01,3.6528671999999998,original,pre-2016
2006-07-02,3.6245504,original,pre-2016
2006-07-03,3.6245504,original,pre-2016
2006-07-04,4.416529736680522,rating_curve_long_gap,pre-2016
2006-07-05,4.408065988707969,rating_curve_long_gap,pre-2016
2006-07-06,4.399617136082341,rating_curve_long_gap,pre-2016
2006-07-07,4.391257655538266,interpolated_long_gap,pre-2016
2006-07-08,4.382898174994191,interpolated_long_gap,pre-2016
2006-07-09,4.3745386944501155,interpolated_long_gap,pre-2016
2006-07-10,4.36617921390604,interpolated_long_gap,pre-2016
2006-07-11,4.357819733361965,interpolated_long_gap,pre-2016
2006-07-12,4.349460252817889,interpolated_long_gap,pre-2016
2006-07-13,4.341100772273814,interpolated_long_gap,pre-2016
2006-07-14,4.3327412917297385,interpolated_long_gap,pre-2016
2006-07-15,4.324381811185663,interpolated_long_gap,pre-2016
2006-07-16,4.316022330641588,interpolated_long_gap,pre-2016
2006-07-17,4.307662850097513,rating_curve_long_gap,pre-2016
2006-07-18,4.299392741634989,rating_curve_long_gap,pre-2016
2006-07-19,4.291137528519392,rating_curve_long_gap,pre-2016
2006-07-20,3.0865312,original,pre-2016
2006-07-21,2.8883136,original,pre-2016
2006-07-22,2.8033632,original,pre-2016
2006-07-23,3.3130656,original,pre-2016
2006-07-24,3.1431648,original,pre-2016
2006-07-25,3.0298976,original,pre-2016
2006-07-26,3.0582143999999998,original,pre-2016
2006-07-27,2.973264,original,pre-2016
2006-07-28,2.8883136,original,pre-2016
2006-07-29,2.7212444799999997,original,pre-2016
2006-07-30,2.6504524799999998,original,pre-2016
2006-07-31,2.55700704,original,pre-2016
2006-08-01,2.62213568,original,pre-2016
2006-08-02,2.6617792,original,pre-2016
2006-08-03,2.6589475200000003,original,pre-2016
2006-08-04,2.65611584,original,pre-2016
2006-08-05,2.59665056,original,pre-2016
2006-08-06,2.52585856,original,pre-2016
2006-08-07,2.51170016,original,pre-2016
2006-08-08,2.65328416,original,pre-2016
2006-08-09,3.7095008,original,pre-2016
2006-08-10,5.2669248,original,pre-2016
2006-08-11,4.4457376,original,pre-2016
2006-08-12,4.1625696,original,pre-2016
2006-08-13,3.822768,original,pre-2016
2006-08-14,3.5962336,original,pre-2016
2006-08-15,3.4829664,original,pre-2016
2006-08-16,3.4263328,original,pre-2016
2006-08-17,3.398016,original,pre-2016
2006-08-18,3.7095008,original,pre-2016
2006-08-19,3.5679168,original,pre-2016
2006-08-20,3.3413824,original,pre-2016
2006-08-21,3.3696992,original,pre-2016
2006-08-22,3.4546495999999998,original,pre-2016
2006-08-23,3.6730645338952113,rating_curve_long_gap,pre-2016
2006-08-24,3.5328830063101657,rating_curve_long_gap,pre-2016
2006-08-25,3.3988634833069464,rating_curve_long_gap,pre-2016
2006-08-26,3.271005964885551,rating_curve_long_gap,pre-2016
2006-08-27,3.1493104510459826,rating_curve_long_gap,pre-2016
2006-08-28,3.033776941788239,rating_curve_long_gap,pre-2016
2006-08-29,3.7661344,original,pre-2016
2006-08-30,6.0597952,original,pre-2016
2006-08-31,3.6528671999999998,original,pre-2016
2006-09-01,3.5679168,original,pre-2016
2006-09-02,3.3130656,original,pre-2016
2006-09-03,2.68160096,original,pre-2016
2006-09-04,2.16057184,original,pre-2016
2006-09-05,2.02748288,original,pre-2016
2006-09-06,2.973264,original,pre-2016
2006-09-07,2.9166304,original,pre-2016
2006-09-08,2.59948224,original,pre-2016
2006-09-09,2.7693830399999997,original,pre-2016
2006-09-10,2.7042544,original,pre-2016
2006-09-11,2.6731059200000002,original,pre-2016
2006-09-12,2.7693830399999997,original,pre-2016
2006-09-13,3.5679168,original,pre-2016
2006-09-14,3.2847488,original,pre-2016
2006-09-15,2.8599968,original,pre-2016
2006-09-16,2.9166304,original,pre-2016
2006-09-17,3.5112832,original,pre-2016
2006-09-18,4.95544,original,pre-2016
2006-09-19,4.3324704,original,pre-2016
2006-09-20,3.2564319999999998,original,pre-2016
2006-09-21,3.0582143999999998,original,pre-2016
2006-09-22,2.8599968,original,pre-2016
2006-09-23,2.62496736,original,pre-2016
2006-09-24,2.51736352,original,pre-2016
2006-09-25,2.33047264,original,pre-2016
2006-09-26,2.1747302399999997,original,pre-2016
2006-09-27,1.93403744,original,pre-2016
2006-09-28,2.5909872,original,pre-2016
2006-09-29,2.8883136,original,pre-2016
2006-09-30,2.9166304,original,pre-2016
2006-10-01,3.3451082947368422,original,pre-2016
2006-10-02,2.78637312,original,pre-2016
2006-10-03,2.58532384,original,pre-2016
2006-10-04,2.52585856,original,pre-2016
2006-10-05,2.56550208,original,pre-2016
2006-10-06,2.5688647,original,pre-2016
2006-10-07,2.4663932799999997,original,pre-2016
2006-10-08,2.3901149,original,pre-2016
2006-10-09,2.338495733333333,original,pre-2016
2006-10-10,2.3317115,original,pre-2016
2006-10-11,1.9978092333333333,original,pre-2016
2006-10-12,2.75239296,original,pre-2016
2006-10-13,1.60273088,original,pre-2016
2006-10-14,1.70183968,original,pre-2016
2006-10-15,1.69051296,original,pre-2016
2006-10-16,1.8236019200000002,original,pre-2016
2006-10-17,2.354423933333333,original,pre-2016
2006-10-18,2.74389792,original,pre-2016
2006-10-19,3.0372717666666667,original,pre-2016
2006-10-20,4.105936,original,pre-2016
2006-10-21,3.9401647333333334,original,pre-2016
2006-10-22,4.287045533333334,original,pre-2016
2006-10-23,4.4457376,original,pre-2016
2006-10-24,3.322504533333333,original,pre-2016
2006-10-25,3.087121133333333,original,pre-2016
2006-10-26,2.9449472,original,pre-2016
2006-10-27,2.795989033333333,original,pre-2016
2006-10-28,2.6827218333333334,original,pre-2016
2006-10-29,2.897752533333333,original,pre-2016
2006-10-30,2.8717954666666667,original,pre-2016
2006-10-31,3.3413824,original,pre-2016
2006-11-01,3.8678979,original,pre-2016
2006-11-02,3.9360352,original,pre-2016
2006-11-03,4.1908864,original,pre-2016
2006-11-04,4.382614733333334,original,pre-2016
2006-11-05,4.5590048,original,pre-2016
2006-11-06,5.097024,original,pre-2016
2006-11-07,5.1253408,original,pre-2016
2006-11-08,4.4174208,original,pre-2016
2006-11-09,4.0419282333333335,original,pre-2016
2006-11-10,3.7095008,original,pre-2016
2006-11-11,3.9077184,original,pre-2016
2006-11-12,3.9572728,original,pre-2016
2006-11-13,4.3324704,original,pre-2016
2006-11-14,4.5590048,original,pre-2016
2006-11-15,5.521776,original,pre-2016
2006-11-16,6.4845472,original,pre-2016
2006-11-17,4.7005888,original,pre-2016
2006-11-18,4.150181,original,pre-2016
2006-11-19,3.6687954,original,pre-2016
2006-11-20,3.300971966666667,original,pre-2016
2006-11-21,3.1319560666666666,original,pre-2016
2006-11-22,3.6475578,original,pre-2016
2006-11-23,4.380844933333334,original,pre-2016
2006-11-24,4.0209856,original,pre-2016
2006-11-25,3.822768,original,pre-2016
2006-11-26,3.5112832,original,pre-2016
2006-11-27,3.1714816,original,pre-2016
2006-11-28,3.352591133333333,original,pre-2016
2006-11-29,3.6528671999999998,original,pre-2016
2006-11-30,4.3324704,original,pre-2016
2006-12-01,4.6156384,original,pre-2016
2006-12-02,4.271117333333334,original,pre-2016
2006-12-03,3.9360352,original,pre-2016
2006-12-04,4.185577,original,pre-2016
2006-12-05,4.2192032,original,pre-2016
2006-12-06,3.9994530333333334,original,pre-2016
2006-12-07,3.7944512,original,pre-2016
2006-12-08,3.822768,original,pre-2016
2006-12-09,4.134547766666667,original,pre-2016
2006-12-10,4.366391566666667,original,pre-2016
2006-12-11,4.767251266666666,original,pre-2016
2006-12-12,4.9235836,original,pre-2016
2006-12-13,4.7625318,original,pre-2016
2006-12-14,4.6722719999999995,original,pre-2016
2006-12-15,4.813856,original,pre-2016
2006-12-16,4.8377483,original,pre-2016
2006-12-17,4.8988064,original,pre-2016
2006-12-18,5.2952416,original,pre-2016
2006-12-19,5.1819744,original,pre-2016
2006-12-20,5.9748448,original,pre-2016
2006-12-21,9.4728545,original,pre-2016
2006-12-22,16.5086944,original,pre-2016
2006-12-23,13.528646166666666,original,pre-2016
2006-12-24,8.551673599999999,original,pre-2016
2006-12-25,7.798918666666667,original,pre-2016
2006-12-26,5.8297212,original,pre-2016
2006-12-27,5.0333112,original,pre-2016
2006-12-28,4.813856,original,pre-2016
2006-12-29,4.7005888,original,pre-2016
2006-12-30,5.932959533333333,original,pre-2016
2006-12-31,11.468304,original,pre-2016
2007-01-01,7.362368,original,pre-2016
2007-01-02,5.4368256,original,pre-2016
2007-01-03,4.5873216,original,pre-2016
2007-01-04,4.199440433333334,original,pre-2016
2007-01-05,7.1178406333333335,original,pre-2016
2007-01-06,6.481302566666666,original,pre-2016
2007-01-07,5.8332608,original,pre-2016
2007-01-08,5.1536576,original,pre-2016
2007-01-09,4.907360433333333,original,pre-2016
2007-01-10,4.628027,original,pre-2016
2007-01-11,5.164571366666666,original,pre-2016
2007-01-12,5.1253408,original,pre-2016
2007-01-13,5.0430451,original,pre-2016
2007-01-14,4.8235899,original,pre-2016
2007-01-15,4.813856,original,pre-2016
2007-01-16,4.8855329,original,pre-2016
2007-01-17,4.907950366666666,original,pre-2016
2007-01-18,5.0129585,original,pre-2016
2007-01-19,5.6518562999999995,original,pre-2016
2007-01-20,5.678108333333333,original,pre-2016
2007-01-21,5.541833733333333,original,pre-2016
2007-01-22,8.8348416,original,pre-2016
2007-01-23,7.531088933333333,original,pre-2016
2007-01-24,5.946528,original,pre-2016
2007-01-25,5.5500928,original,pre-2016
2007-01-26,5.2952416,original,pre-2016
2007-01-27,8.3817728,original,pre-2016
2007-01-28,11.110509433333332,original,pre-2016
2007-01-29,7.3906848,original,pre-2016
2007-01-30,6.3146464,original,pre-2016
2007-01-31,5.6350432,original,pre-2016
2007-02-01,6.088112,original,pre-2016
2007-02-02,6.1987245,original,pre-2016
2007-02-03,5.733562066666666,original,pre-2016
2007-02-04,5.2952416,original,pre-2016
2007-02-05,5.2102912,original,pre-2016
2007-02-06,5.1819744,original,pre-2016
2007-02-07,5.2598456,original,pre-2016
2007-02-08,5.4651423999999995,original,pre-2016
2007-02-09,5.66336,original,pre-2016
2007-02-10,5.5952227,original,pre-2016
2007-02-11,5.238608,original,pre-2016
2007-02-12,5.1253408,original,pre-2016
2007-02-13,5.479005833333334,original,pre-2016
2007-02-14,5.4934592,original,pre-2016
2007-02-15,5.4085088,original,pre-2016
2007-02-16,5.276068766666667,original,pre-2016
2007-02-17,5.271054333333334,original,pre-2016
2007-02-18,5.341551366666667,original,pre-2016
2007-02-19,5.2456872,original,pre-2016
2007-02-20,5.309694966666666,original,pre-2016
2007-02-21,5.4368256,original,pre-2016
2007-02-22,5.484629230107527,original,pre-2016
2007-02-23,5.4978837,original,pre-2016
2007-02-24,5.446264533333333,original,pre-2016
2007-02-25,5.5500928,original,pre-2016
2007-02-26,5.455998433333334,original,pre-2016
2007-02-27,5.620589833333334,original,pre-2016
2007-02-28,5.7483104,original,pre-2016
2007-03-01,5.2669248,original,pre-2016
2007-03-02,5.008239033333333,original,pre-2016
2007-03-03,5.5784096,original,pre-2016
2007-03-04,5.801699366666666,original,pre-2016
2007-03-05,5.7199936,original,pre-2016
2007-03-06,5.6916768,original,pre-2016
2007-03-07,5.3518752,original,pre-2016
2007-03-08,5.2669248,original,pre-2016
2007-03-09,5.345385933333334,original,pre-2016
2007-03-10,5.4368256,original,pre-2016
2007-03-11,5.511747133333333,original,pre-2016
2007-03-12,5.607021366666666,original,pre-2016
2007-03-13,5.4368256,original,pre-2016
2007-03-14,5.2669248,original,pre-2016
2007-03-15,9.1746432,original,pre-2016
2007-03-16,7.4756352,original,pre-2016
2007-03-17,6.0314784,original,pre-2016
2007-03-18,5.574575033333334,original,pre-2016
2007-03-19,5.2102912,original,pre-2016
2007-03-20,5.238608,original,pre-2016
2007-03-21,5.4368256,original,pre-2016
2007-03-22,5.5500928,original,pre-2016
2007-03-23,5.4368256,original,pre-2016
2007-03-24,5.402019533333333,original,pre-2016
2007-03-25,5.529150166666667,original,pre-2016
2007-03-26,5.4170628333333335,original,pre-2016
2007-03-27,5.4085088,original,pre-2016
2007-03-28,5.3518752,original,pre-2016
2007-03-29,5.453933666666666,original,pre-2016
2007-03-30,5.512927,original,pre-2016
2007-03-31,5.4085088,original,pre-2016
2007-04-01,5.380192,original,pre-2016
2007-04-02,5.3235584,original,pre-2016
2007-04-03,5.426796733333333,original,pre-2016
2007-04-04,5.646841866666667,original,pre-2016
2007-04-05,4.8586909333333335,original,pre-2016
2007-04-06,4.516824566666666,original,pre-2016
2007-04-07,4.8988064,original,pre-2016
2007-04-08,5.0403904,original,pre-2016
2007-04-09,5.7474255,original,pre-2016
2007-04-10,6.1164287999999996,original,pre-2016
2007-04-11,6.2066886,original,pre-2016
2007-04-12,5.6916768,original,pre-2016
2007-04-13,5.609971033333333,original,pre-2016
2007-04-14,5.866592033333333,original,pre-2016
2007-04-15,5.6067264,original,pre-2016
2007-04-16,5.4085088,original,pre-2016
2007-04-17,5.5500928,original,pre-2016
2007-04-18,5.676338533333333,original,pre-2016
2007-04-19,5.750670133333333,original,pre-2016
2007-04-20,5.6916768,original,pre-2016
2007-04-21,5.7766272,original,pre-2016
2007-04-22,6.0597952,original,pre-2016
2007-04-23,6.229696,original,pre-2016
2007-04-24,6.0332482,original,pre-2016
2007-04-25,5.705245266666666,original,pre-2016
2007-04-26,5.9739599,original,pre-2016
2007-04-27,5.684892566666666,original,pre-2016
2007-04-28,5.7217633999999995,original,pre-2016
2007-04-29,5.6350432,original,pre-2016
2007-04-30,5.6881372,original,pre-2016
2007-05-01,5.6969862,original,pre-2016
2007-05-02,5.7199936,original,pre-2016
2007-05-03,5.7766272,original,pre-2016
2007-05-04,9.534759026086956,original,pre-2016
2007-05-05,10.082845566666666,original,pre-2016
2007-05-06,7.0331852,original,pre-2016
2007-05-07,6.1164287999999996,original,pre-2016
2007-05-08,6.013190466666666,original,pre-2016
2007-05-09,5.8839950666666665,original,pre-2016
2007-05-10,5.9067074999999996,original,pre-2016
2007-05-11,5.6067264,original,pre-2016
2007-05-12,5.2332986,original,pre-2016
2007-05-13,5.282263066666666,original,pre-2016
2007-05-14,5.2952416,original,pre-2016
2007-05-15,5.3518752,original,pre-2016
2007-05-16,5.8332608,original,pre-2016
2007-05-17,7.8180914999999995,original,pre-2016
2007-05-18,6.6880742,original,pre-2016
2007-05-19,5.6350432,original,pre-2016
2007-05-20,5.538294133333333,original,pre-2016
2007-05-21,5.4085088,original,pre-2016
2007-05-22,5.6350432,original,pre-2016
2007-05-23,5.7766272,original,pre-2016
2007-05-24,5.7199936,original,pre-2016
2007-05-25,5.6916768,original,pre-2016
2007-05-26,5.5500928,original,pre-2016
2007-05-27,5.521776,original,pre-2016
2007-05-28,5.6067264,original,pre-2016
2007-05-29,5.9182112,original,pre-2016
2007-05-30,6.0314784,original,pre-2016
2007-05-31,6.892781066666666,original,pre-2016
2007-06-01,6.035312966666666,original,pre-2016
2007-06-02,5.2669248,original,pre-2016
2007-06-03,5.0687071999999995,original,pre-2016
2007-06-04,6.6544479999999995,original,pre-2016
2007-06-05,8.545184333333333,original,pre-2016
2007-06-06,6.0597952,original,pre-2016
2007-06-07,5.4884447666666665,original,pre-2016
2007-06-08,5.101743466666666,original,pre-2016
2007-06-09,5.0138434,original,pre-2016
2007-06-10,5.2377231,original,pre-2016
2007-06-11,5.2952416,original,pre-2016
2007-06-12,6.593094933333333,original,pre-2016
2007-06-13,5.3518752,original,pre-2016
2007-06-14,5.178139833333334,original,pre-2016
2007-06-15,4.8704896,original,pre-2016
2007-06-16,4.6439552,original,pre-2016
2007-06-17,4.7289056,original,pre-2016
2007-06-18,6.5411808,original,pre-2016
2007-06-19,8.2401888,original,pre-2016
2007-06-20,8.5233568,original,pre-2016
2007-06-21,6.229696,original,pre-2016
2007-06-22,5.4368256,original,pre-2016
2007-06-23,5.2952416,original,pre-2016
2007-06-24,5.2669248,original,pre-2016
2007-06-25,5.1536576,original,pre-2016
2007-06-26,4.760172066666667,original,pre-2016
2007-06-27,4.9271232,original,pre-2016
2007-06-28,5.2669248,original,pre-2016
2007-06-29,5.7483104,original,pre-2016
2007-06-30,5.804944,original,pre-2016
2007-07-01,5.2102912,original,pre-2016
2007-07-02,5.1253408,original,pre-2016
2007-07-03,5.097024,original,pre-2016
2007-07-04,4.663423,original,pre-2016
2007-07-05,4.755747566666666,original,pre-2016
2007-07-06,5.0120736,original,pre-2016
2007-07-07,4.7289056,original,pre-2016
2007-07-08,4.552515533333334,original,pre-2016
2007-07-09,4.5023712,original,pre-2016
2007-07-10,4.5864367,original,pre-2016
2007-07-11,4.330995566666666,original,pre-2016
2007-07-12,4.3607872,original,pre-2016
2007-07-13,4.530688,original,pre-2016
2007-07-14,4.389104,original,pre-2016
2007-07-15,5.0403904,original,pre-2016
2007-07-16,4.7855392,original,pre-2016
2007-07-17,5.1129522,original,pre-2016
2007-07-18,5.946528,original,pre-2016
2007-07-19,5.5784096,original,pre-2016
2007-07-20,5.4934592,original,pre-2016
2007-07-21,5.3680752559859215,rating_curve_long_gap,pre-2016
2007-07-22,5.3680752559859215,rating_curve_long_gap,pre-2016
2007-07-23,5.3680752559859215,rating_curve_long_gap,pre-2016
2007-07-24,5.3680752559859215,rating_curve_long_gap,pre-2016
2007-07-25,5.3680752559859215,rating_curve_long_gap,pre-2016
2007-07-26,5.3680752559859215,rating_curve_long_gap,pre-2016
2007-07-27,4.4740544,original,pre-2016
2007-07-28,5.7483104,original,pre-2016
2007-07-29,5.9686505,original,pre-2016
2007-07-30,5.66336,original,pre-2016
2007-07-31,7.964902795876288,original,pre-2016
2007-08-01,7.944927166666667,original,pre-2016
2007-08-02,6.734383966666666,original,pre-2016
2007-08-03,6.9774365,original,pre-2016
2007-08-04,6.2527034,original,pre-2016
2007-08-05,6.088112,original,pre-2016
2007-08-06,5.8332608,original,pre-2016
2007-08-07,5.6748636999999995,original,pre-2016
2007-08-08,5.6916768,original,pre-2016
2007-08-09,5.8143829333333334,original,pre-2016
2007-08-10,5.780756733333334,original,pre-2016
2007-08-11,5.536524333333333,original,pre-2016
2007-08-12,5.388746033333334,original,pre-2016
2007-08-13,5.223269733333334,original,pre-2016
2007-08-14,4.8722594,original,pre-2016
2007-08-15,5.0403904,original,pre-2016
2007-08-16,5.235363366666666,original,pre-2016
2007-08-17,5.521186066666666,original,pre-2016
2007-08-18,4.768136166666666,original,pre-2016
2007-08-19,4.2315918,original,pre-2016
2007-08-20,4.4457376,original,pre-2016
2007-08-21,4.4159459666666665,original,pre-2016
2007-08-22,4.6439552,original,pre-2016
2007-08-23,4.6156384,original,pre-2016
2007-08-24,4.371111033333333,original,pre-2016
2007-08-25,3.964352,original,pre-2016
2007-08-26,3.9926688,original,pre-2016
2007-08-27,4.2758367999999995,original,pre-2016
2007-08-28,4.5023712,original,pre-2016
2007-08-29,4.4174208,original,pre-2016
2007-08-30,3.9959134333333335,original,pre-2016
2007-08-31,4.2758367999999995,original,pre-2016
2007-09-01,4.465795333333333,original,pre-2016
2007-09-02,4.406507033333334,original,pre-2016
2007-09-03,4.261973366666666,original,pre-2016
2007-09-04,4.0935474,original,pre-2016
2007-09-05,4.4740544,original,pre-2016
2007-09-06,4.499421533333334,original,pre-2016
2007-09-07,4.1342528,original,pre-2016
2007-09-08,3.993848666666666,original,pre-2016
2007-09-09,3.7378176,original,pre-2016
2007-09-10,3.7348679333333337,original,pre-2016
2007-09-11,3.6599464,original,pre-2016
2007-09-12,4.098266866666666,original,pre-2016
2007-09-13,4.8421728,original,pre-2016
2007-09-14,5.2102912,original,pre-2016
2007-09-15,4.5439615,original,pre-2016
2007-09-16,3.7378176,original,pre-2016
2007-09-17,3.6640759333333337,original,pre-2016
2007-09-18,3.5693916333333333,original,pre-2016
2007-09-19,3.4935852,original,pre-2016
2007-09-20,3.2685256333333332,original,pre-2016
2007-09-21,3.4254479,original,pre-2016
2007-09-22,3.2847488,original,pre-2016
2007-09-23,3.1997984,original,pre-2016
2007-09-24,4.0776192,original,pre-2016
2007-09-25,5.0687071999999995,original,pre-2016
2007-09-26,4.530688,original,pre-2016
2007-09-27,4.1625696,original,pre-2016
2007-09-28,3.681184,original,pre-2016
2007-09-29,3.3003820333333334,original,pre-2016
2007-09-30,3.262921266666667,original,pre-2016
2007-10-01,3.137409102608695,original,pre-2016
2007-10-02,2.8664565699999995,original,pre-2016
2007-10-03,3.179209726666667,original,pre-2016
2007-10-04,3.3613811399999998,original,pre-2016
2007-10-05,3.1431648,original,pre-2016
2007-10-06,3.3371938733333333,original,pre-2016
2007-10-07,3.4263328,original,pre-2016
2007-10-08,3.3760999766666666,original,pre-2016
2007-10-09,3.8897254333333335,original,pre-2016
2007-10-10,3.604492666666667,original,pre-2016
2007-10-11,3.6183560999999997,original,pre-2016
2007-10-12,3.472642566666667,original,pre-2016
2007-10-13,3.2281152,original,pre-2016
2007-10-14,3.300971966666667,original,pre-2016
2007-10-15,3.494175133333333,original,pre-2016
2007-10-16,3.6661407,original,pre-2016
2007-10-17,3.6528671999999998,original,pre-2016
2007-10-18,3.4546495999999998,original,pre-2016
2007-10-19,3.3284038666666667,original,pre-2016
2007-10-20,3.2847488,original,pre-2016
2007-10-21,3.284070376666667,original,pre-2016
2007-10-22,4.066234094845361,original,pre-2016
2007-10-23,7.645536,original,pre-2016
2007-10-24,5.1536576,original,pre-2016
2007-10-25,4.527443366666667,original,pre-2016
2007-10-26,4.118914533333333,original,pre-2016
2007-10-27,4.020690633333333,original,pre-2016
2007-10-28,4.105936,original,pre-2016
2007-10-29,4.109770566666667,original,pre-2016
2007-10-30,3.98143057,original,pre-2016
2007-10-31,4.235721333333333,original,pre-2016
2007-11-01,4.059331266666667,original,pre-2016
2007-11-02,3.7000618666666663,original,pre-2016
2007-11-03,3.4918154,original,pre-2016
2007-11-04,3.55942176,original,pre-2016
2007-11-05,3.497419766666667,original,pre-2016
2007-11-06,3.7897317333333334,original,pre-2016
2007-11-07,4.2455535555555555,original,pre-2016
2007-11-08,4.145166566666666,original,pre-2016
2007-11-09,3.9360352,original,pre-2016
2007-11-10,3.7012417333333336,original,pre-2016
2007-11-11,3.9926688,original,pre-2016
2007-11-12,4.0493024,original,pre-2016
2007-11-13,3.822768,original,pre-2016
2007-11-14,3.5396,original,pre-2016
2007-11-15,3.3696992,original,pre-2016
2007-11-16,3.2847488,original,pre-2016
2007-11-17,3.2367872199999996,original,pre-2016
2007-11-18,3.0582143999999998,original,pre-2016
2007-11-19,3.323477923333333,original,pre-2016
2007-11-20,3.5112832,original,pre-2016
2007-11-21,3.1918932933333335,original,pre-2016
2007-11-22,2.722276863333333,original,pre-2016
2007-11-23,2.531905376666667,original,pre-2016
2007-11-24,2.80902656,original,pre-2016
2007-11-25,3.0015808,original,pre-2016
2007-11-26,2.9759187,original,pre-2016
2007-11-27,3.1714816,original,pre-2016
2007-11-28,3.3555408,original,pre-2016
2007-11-29,3.1997984,original,pre-2016
2007-11-30,3.0865312,original,pre-2016
2007-12-01,3.2847488,original,pre-2016
2007-12-02,3.259942103333333,original,pre-2016
2007-12-03,3.1890616133333336,original,pre-2016
2007-12-04,2.994649083333333,original,pre-2016
2007-12-05,3.0015808,original,pre-2016
2007-12-06,3.2281152,original,pre-2016
2007-12-07,3.3413824,original,pre-2016
2007-12-08,3.1714816,original,pre-2016
2007-12-09,3.4263328,original,pre-2016
2007-12-10,3.6275590600000003,original,pre-2016
2007-12-11,3.4829664,original,pre-2016
2007-12-12,3.1714816,original,pre-2016
2007-12-13,2.73823456,original,pre-2016
2007-12-14,2.6617792,original,pre-2016
2007-12-15,2.5938188799999997,original,pre-2016
2007-12-16,2.6787102866666666,original,pre-2016
2007-12-17,3.3696992,original,pre-2016
2007-12-18,3.7103857,original,pre-2016
2007-12-19,3.1714816,original,pre-2016
2007-12-20,2.482439466666667,original,pre-2016
2007-12-21,2.053282631111111,original,pre-2016
2007-12-22,1.50362208,original,pre-2016
2007-12-23,1.3025728,original,pre-2016
2007-12-24,1.20912736,original,pre-2016
2007-12-25,1.2394499333333333,original,pre-2016
2007-12-26,1.52061216,original,pre-2016
2007-12-27,1.6101050466666669,original,pre-2016
2007-12-28,1.5291071999999999,original,pre-2016
2007-12-29,2.01898784,original,pre-2016
2007-12-30,3.964352,original,pre-2016
2007-12-31,4.494702066666666,original,pre-2016
2008-01-01,3.4829664,original,pre-2016
2008-01-02,2.54284864,original,pre-2016
2008-01-03,2.2329861566666667,original,pre-2016
2008-01-04,2.4038898433333333,original,pre-2016
2008-01-05,2.6589475200000003,original,pre-2016
2008-01-06,2.4607299200000003,original,pre-2016
2008-01-07,2.12376,original,pre-2016
2008-01-08,2.1265916799999998,original,pre-2016
2008-01-09,1.80661184,original,pre-2016
2008-01-10,2.2627482933333334,original,pre-2016
2008-01-11,3.7944512,original,pre-2016
2008-01-12,3.0582143999999998,original,pre-2016
2008-01-13,2.9166304,original,pre-2016
2008-01-14,3.7661344,original,pre-2016
2008-01-15,3.7944512,original,pre-2016
2008-01-16,3.91762928,original,pre-2016
2008-01-17,2.1096016,original,pre-2016
2008-01-18,1.4299984,original,pre-2016
2008-01-19,3.1369410033333334,original,pre-2016
2008-01-20,2.776609723333333,original,pre-2016
2008-01-21,1.8633929233333335,original,pre-2016
2008-01-22,1.2909511133333333,original,pre-2016
2008-01-23,1.3181765366666665,original,pre-2016
2008-01-24,1.5789565666666665,original,pre-2016
2008-01-25,1.5867436866666664,original,pre-2016
2008-01-26,2.143375283333333,original,pre-2016
2008-01-27,1.79661247,original,pre-2016
2008-01-28,1.55459232,original,pre-2016
2008-01-29,2.3248092799999998,original,pre-2016
2008-01-30,3.964352,original,pre-2016
2008-01-31,5.6067264,original,pre-2016
2008-02-01,6.5694976,original,pre-2016
2008-02-02,5.6067264,original,pre-2016
2008-02-03,5.3049755,original,pre-2016
2008-02-04,5.4368256,original,pre-2016
2008-02-05,5.4934592,original,pre-2016
2008-02-06,5.4645524666666665,original,pre-2016
2008-02-07,5.177844866666667,original,pre-2016
2008-02-08,5.309989933333333,original,pre-2016
2008-02-09,5.5784096,original,pre-2016
2008-02-10,5.4934592,original,pre-2016
2008-02-11,5.2465721,original,pre-2016
2008-02-12,5.7483104,original,pre-2016
2008-02-13,6.088112,original,pre-2016
2008-02-14,5.4934592,original,pre-2016
2008-02-15,5.2102912,original,pre-2016
2008-02-16,5.225924433333334,original,pre-2016
2008-02-17,5.2769536666666665,original,pre-2016
2008-02-18,5.2952416,original,pre-2016
2008-02-19,5.2669248,original,pre-2016
2008-02-20,5.238608,original,pre-2016
2008-02-21,7.7304864,original,pre-2016
2008-02-22,7.417821733333333,original,pre-2016
2008-02-23,6.1170187333333335,original,pre-2016
2008-02-24,5.3518752,original,pre-2016
2008-02-25,5.2669248,original,pre-2016
2008-02-26,5.402904433333333,original,pre-2016
2008-02-27,5.331227533333333,original,pre-2016
2008-02-28,5.0687071999999995,original,pre-2016
2008-02-29,4.9837568,original,pre-2016
2008-03-01,4.915029566666666,original,pre-2016
2008-03-02,4.8421728,original,pre-2016
2008-03-03,4.932727566666666,original,pre-2016
2008-03-04,4.9271232,original,pre-2016
2008-03-05,4.1342528,original,pre-2016
2008-03-06,4.4457376,original,pre-2016
2008-03-07,5.6067264,original,pre-2016
2008-03-08,5.1253408,original,pre-2016
2008-03-09,4.584961866666666,original,pre-2016
2008-03-10,4.3324704,original,pre-2016
2008-03-11,5.1819744,original,pre-2016
2008-03-12,4.9271232,original,pre-2016
2008-03-13,4.7881939,original,pre-2016
2008-03-14,4.9094252,original,pre-2016
2008-03-15,4.7952731,original,pre-2016
2008-03-16,4.882583233333333,original,pre-2016
2008-03-17,4.680826033333333,original,pre-2016
2008-03-18,4.8651802,original,pre-2016
2008-03-19,5.201737166666667,original,pre-2016
2008-03-20,5.0607431,original,pre-2016
2008-03-21,4.6722719999999995,original,pre-2016
2008-03-22,4.7855392,original,pre-2016
2008-03-23,4.8421728,original,pre-2016
2008-03-24,4.2758367999999995,original,pre-2016
2008-03-25,4.1342528,original,pre-2016
2008-03-26,4.389104,original,pre-2016
2008-03-27,4.456061433333334,original,pre-2016
2008-03-28,4.3811399,original,pre-2016
2008-03-29,4.5165296,original,pre-2016
2008-03-30,4.599120266666667,original,pre-2016
2008-03-31,4.5351125,original,pre-2016
2008-04-01,4.530688,original,pre-2016
2008-04-02,4.5590048,original,pre-2016
2008-04-03,4.5590048,original,pre-2016
2008-04-04,4.0493024,original,pre-2016
2008-04-05,3.7912065666666663,original,pre-2016
2008-04-06,3.7095008,original,pre-2016
2008-04-07,4.383204666666666,original,pre-2016
2008-04-08,4.4135862333333336,original,pre-2016
2008-04-09,4.76854912,original,pre-2016
2008-04-10,4.8704896,original,pre-2016
2008-04-11,5.0120736,original,pre-2016
2008-04-12,4.993785666666667,original,pre-2016
2008-04-13,4.8592808666666665,original,pre-2016
2008-04-14,4.864590266666666,original,pre-2016
2008-04-15,4.964583966666666,original,pre-2016
2008-04-16,5.040980333333334,original,pre-2016
2008-04-17,5.0687071999999995,original,pre-2016
2008-04-18,5.238608,original,pre-2016
2008-04-19,5.087880033333334,original,pre-2016
2008-04-20,4.841877833333333,original,pre-2016
2008-04-21,5.0899448,original,pre-2016
2008-04-22,5.131830066666667,original,pre-2016
2008-04-23,4.9775625,original,pre-2016
2008-04-24,4.8421728,original,pre-2016
2008-04-25,4.9837568,original,pre-2016
2008-04-26,5.073721633333333,original,pre-2016
2008-04-27,5.583719,original,pre-2016
2008-04-28,4.9191591,original,pre-2016
2008-04-29,4.565789033333334,original,pre-2016
2008-04-30,4.8651802,original,pre-2016
2008-05-01,4.7415891666666665,original,pre-2016
2008-05-02,4.866655033333333,original,pre-2016
2008-05-03,5.7766272,original,pre-2016
2008-05-04,5.097024,original,pre-2016
2008-05-05,5.3518752,original,pre-2016
2008-05-06,4.9837568,original,pre-2016
2008-05-07,4.813856,original,pre-2016
2008-05-08,4.9837568,original,pre-2016
2008-05-09,4.3607872,original,pre-2016
2008-05-10,4.310052933333334,original,pre-2016
2008-05-11,4.221002496666667,original,pre-2016
2008-05-12,4.1013050233333335,original,pre-2016
2008-05-13,4.4634355999999995,original,pre-2016
2008-05-14,5.1536576,original,pre-2016
2008-05-15,5.2642701,original,pre-2016
2008-05-16,5.5784096,original,pre-2016
2008-05-17,5.4934592,original,pre-2016
2008-05-18,5.1536576,original,pre-2016
2008-05-19,4.95544,original,pre-2016
2008-05-20,5.0554337,original,pre-2016
2008-05-21,4.2192032,original,pre-2016
2008-05-22,5.815794362616822,original,pre-2016
2008-05-23,7.899393628070175,original,pre-2016
2008-05-24,7.0995527,original,pre-2016
2008-05-25,6.1164287999999996,original,pre-2016
2008-05-26,5.5353444666666665,original,pre-2016
2008-05-27,5.3607242,original,pre-2016
2008-05-28,5.311759733333334,original,pre-2016
2008-05-29,5.3235584,original,pre-2016
2008-05-30,5.0288867,original,pre-2016
2008-05-31,4.9271232,original,pre-2016
2008-06-01,4.7572224,original,pre-2016
2008-06-02,4.799402633333334,original,pre-2016
2008-06-03,4.6837757,original,pre-2016
2008-06-04,4.5466162,original,pre-2016
2008-06-05,4.302324806666666,original,pre-2016
2008-06-06,4.118442586666666,original,pre-2016
2008-06-07,4.3041536,original,pre-2016
2008-06-08,4.540126933333333,original,pre-2016
2008-06-09,4.389104,original,pre-2016
2008-06-10,4.8704896,original,pre-2016
2008-06-11,4.5023712,original,pre-2016
2008-06-12,4.8421728,original,pre-2016
2008-06-13,4.816805666666666,original,pre-2016
2008-06-14,5.030361533333333,original,pre-2016
2008-06-15,6.235595333333333,original,pre-2016
2008-06-16,7.1163658,original,pre-2016
2008-06-17,6.2580127999999995,original,pre-2016
2008-06-18,5.9748448,original,pre-2016
2008-06-19,5.4368256,original,pre-2016
2008-06-20,5.462276993365965,rating_curve_long_gap,pre-2016
2008-06-21,5.470905359002163,rating_curve_long_gap,pre-2016
2008-06-22,5.479544486526515,rating_curve_long_gap,pre-2016
2008-06-23,5.488237423491635,interpolated_long_gap,pre-2016
2008-06-24,5.496930360456755,interpolated_long_gap,pre-2016
2008-06-25,5.5056232974218755,interpolated_long_gap,pre-2016
2008-06-26,5.514316234386996,interpolated_long_gap,pre-2016
2008-06-27,5.523009171352116,interpolated_long_gap,pre-2016
2008-06-28,5.531702108317236,interpolated_long_gap,pre-2016
2008-06-29,5.540395045282357,interpolated_long_gap,pre-2016
2008-06-30,5.549087982247476,interpolated_long_gap,pre-2016
2008-07-01,5.557780919212597,rating_curve_long_gap,pre-2016
2008-07-02,5.566527665618484,rating_curve_long_gap,pre-2016
2008-07-03,5.575285173912525,rating_curve_long_gap,pre-2016
2008-07-04,5.1819744,original,pre-2016
2008-07-05,4.6439552,original,pre-2016
2008-07-06,4.1342528,original,pre-2016
2008-07-07,3.1997984,original,pre-2016
2008-07-08,2.686131648,original,pre-2016
2008-07-09,4.9837568,original,pre-2016
2008-07-10,4.836583957894737,original,pre-2016
2008-07-11,4.6156384,original,pre-2016
2008-07-12,4.3607872,original,pre-2016
2008-07-13,4.289405266666666,original,pre-2016
2008-07-14,4.6430703,original,pre-2016
2008-07-15,7.1331789,original,pre-2016
2008-07-16,5.5173515,original,pre-2016
2008-07-17,4.875209066666667,original,pre-2016
2008-07-18,4.3041536,original,pre-2016
2008-07-19,4.1625696,original,pre-2016
2008-07-20,3.9578627333333336,original,pre-2016
2008-07-21,3.7676092333333338,original,pre-2016
2008-07-22,3.7378176,original,pre-2016
2008-07-23,3.7864871,original,pre-2016
2008-07-24,3.5679168,original,pre-2016
2008-07-25,3.7661344,original,pre-2016
2008-07-26,3.4263328,original,pre-2016
2008-07-27,3.7095008,original,pre-2016
2008-07-28,3.491785903333333,original,pre-2016
2008-07-29,3.4546495999999998,original,pre-2016
2008-07-30,3.5962336,original,pre-2016
2008-07-31,3.55260803,original,pre-2016
2008-08-01,3.7782280333333333,original,pre-2016
2008-08-02,3.4829664,original,pre-2016
2008-08-03,3.1714816,original,pre-2016
2008-08-04,3.0068607033333334,original,pre-2016
2008-08-05,3.2281152,original,pre-2016
2008-08-06,3.6528671999999998,original,pre-2016
2008-08-07,3.5962336,original,pre-2016
2008-08-08,4.3607872,original,pre-2016
2008-08-09,4.0776192,original,pre-2016
2008-08-10,4.0209856,original,pre-2016
2008-08-11,3.9360352,original,pre-2016
2008-08-12,3.9619922666666665,original,pre-2016
2008-08-13,4.0493024,original,pre-2016
2008-08-14,3.6528671999999998,original,pre-2016
2008-08-15,3.3413824,original,pre-2016
2008-08-16,4.7005888,original,pre-2016
2008-08-17,4.0776192,original,pre-2016
2008-08-18,4.0776192,original,pre-2016
2008-08-19,5.1536576,original,pre-2016
2008-08-20,4.799402633333334,original,pre-2016
2008-08-21,3.6245504,original,pre-2016
2008-08-22,3.3696992,original,pre-2016
2008-08-23,2.9166304,original,pre-2016
2008-08-24,4.4457376,original,pre-2016
2008-08-25,6.4279136,original,pre-2016
2008-08-26,5.659525433333333,original,pre-2016
2008-08-27,4.610329,original,pre-2016
2008-08-28,4.4457376,original,pre-2016
2008-08-29,3.822768,original,pre-2016
2008-08-30,3.6528671999999998,original,pre-2016
2008-08-31,3.964352,original,pre-2016
2008-09-01,6.2863296,original,pre-2016
2008-09-02,8.646652866666667,original,pre-2016
2008-09-03,7.1641504,original,pre-2016
2008-09-04,5.9748448,original,pre-2016
2008-09-05,5.5784096,original,pre-2016
2008-09-06,5.1613267333333335,original,pre-2016
2008-09-07,4.6439552,original,pre-2016
2008-09-08,4.8421728,original,pre-2016
2008-09-09,6.259487633333333,original,pre-2016
2008-09-10,7.416936833333333,original,pre-2016
2008-09-11,8.059079266666668,original,pre-2016
2008-09-12,8.4384064,original,pre-2016
2008-09-13,8.5472491,original,pre-2016
2008-09-14,7.9003872,original,pre-2016
2008-09-15,9.7976128,original,pre-2016
2008-09-16,9.1180096,original,pre-2016
2008-09-17,8.0941803,original,pre-2016
2008-09-18,7.0508831999999995,original,pre-2016
2008-09-19,6.937616,original,pre-2016
2008-09-20,6.872428366666666,original,pre-2016
2008-09-21,10.334157166666667,original,pre-2016
2008-09-22,7.0508831999999995,original,pre-2016
2008-09-23,5.9748448,original,pre-2016
2008-09-24,5.2102912,original,pre-2016
2008-09-25,4.7572224,original,pre-2016
2008-09-26,4.640710566666666,original,pre-2016
2008-09-27,4.5598897,original,pre-2016
2008-09-28,4.653099166666666,original,pre-2016
2008-09-29,4.77846,original,pre-2016
2008-09-30,4.7572224,original,pre-2016
2008-10-01,4.7855392,original,pre-2016
2008-10-02,4.6156384,original,pre-2016
2008-10-03,4.6156384,original,pre-2016
2008-10-04,4.5590048,original,pre-2016
2008-10-05,4.2540092666666665,original,pre-2016
2008-10-06,4.025705066666666,original,pre-2016
2008-10-07,3.8510847999999998,original,pre-2016
2008-10-08,3.6404786,original,pre-2016
2008-10-09,3.486211033333333,original,pre-2016
2008-10-10,3.5112832,original,pre-2016
2008-10-11,3.7867820666666665,original,pre-2016
2008-10-12,4.0209856,original,pre-2016
2008-10-13,4.103871233333334,original,pre-2016
2008-10-14,4.1342528,original,pre-2016
2008-10-15,3.964352,original,pre-2016
2008-10-16,4.075554433333333,original,pre-2016
2008-10-17,4.111540366666667,original,pre-2016
2008-10-18,3.9360352,original,pre-2016
2008-10-19,3.9324955999999998,original,pre-2016
2008-10-20,4.093842366666666,original,pre-2016
2008-10-21,4.168173966666666,original,pre-2016
2008-10-22,4.07054,original,pre-2016
2008-10-23,4.315952266666667,original,pre-2016
2008-10-24,4.1625696,original,pre-2016
2008-10-25,4.0209856,original,pre-2016
2008-10-26,4.0776192,original,pre-2016
2008-10-27,4.104461166666666,original,pre-2016
2008-10-28,4.3607872,original,pre-2016
2008-10-29,4.4457376,original,pre-2016
2008-10-30,4.321261666666667,original,pre-2016
2008-10-31,4.325096233333333,original,pre-2016
2008-11-01,4.24752,original,pre-2016
2008-11-02,4.1342528,original,pre-2016
2008-11-03,4.1908864,original,pre-2016
2008-11-04,4.278786466666666,original,pre-2016
2008-11-05,4.24752,original,pre-2016
2008-11-06,4.0466477,original,pre-2016
2008-11-07,4.226872333333334,original,pre-2016
2008-11-08,3.8764519333333336,original,pre-2016
2008-11-09,3.9926688,original,pre-2016
2008-11-10,4.0572665,original,pre-2016
2008-11-11,4.24752,original,pre-2016
2008-11-12,4.3607872,original,pre-2016
2008-11-13,4.0776192,original,pre-2016
2008-11-14,3.9077184,original,pre-2016
2008-11-15,3.9926688,original,pre-2016
2008-11-16,3.999748,original,pre-2016
2008-11-17,4.7005888,original,pre-2016
2008-11-18,4.548975933333334,original,pre-2016
2008-11-19,4.5023712,original,pre-2016
2008-11-20,4.530688,original,pre-2016
2008-11-21,4.389104,original,pre-2016
2008-11-22,4.4174208,original,pre-2016
2008-11-23,4.455176533333334,original,pre-2016
2008-11-24,4.4740544,original,pre-2016
2008-11-25,4.2758367999999995,original,pre-2016
2008-11-26,3.9926688,original,pre-2016
2008-11-27,4.0493024,original,pre-2016
2008-11-28,4.1908864,original,pre-2016
2008-11-29,4.5590048,original,pre-2016
2008-11-30,4.684365633333334,original,pre-2016
2008-12-01,4.0493024,original,pre-2016
2008-12-02,4.054316833333334,original,pre-2016
2008-12-03,4.1537206,original,pre-2016
2008-12-04,4.353708,original,pre-2016
2008-12-05,4.1908864,original,pre-2016
2008-12-06,4.0776192,original,pre-2016
2008-12-07,4.0493024,original,pre-2016
2008-12-08,4.105936,original,pre-2016
2008-12-09,4.1342528,original,pre-2016
2008-12-10,4.4174208,original,pre-2016
2008-12-11,4.7289056,original,pre-2016
2008-12-12,4.595580666666667,original,pre-2016
2008-12-13,4.154900466666667,original,pre-2016
2008-12-14,4.115374933333333,original,pre-2016
2008-12-15,4.6156384,original,pre-2016
2008-12-16,4.806481833333334,original,pre-2016
2008-12-17,4.573753133333334,original,pre-2016
2008-12-18,4.6315666,original,pre-2016
2008-12-19,4.686725366666666,original,pre-2016
2008-12-20,4.6707971666666666,original,pre-2016
2008-12-21,4.7572224,original,pre-2016
2008-12-22,4.7663663666666665,original,pre-2016
2008-12-23,4.7572224,original,pre-2016
2008-12-24,4.666372666666667,original,pre-2016
2008-12-25,4.286750566666666,original,pre-2016
2008-12-26,4.047037056,original,pre-2016
2008-12-27,4.3324704,original,pre-2016
2008-12-28,4.6722719999999995,original,pre-2016
2008-12-29,4.463328339393939,original,pre-2016
2008-12-30,3.9926688,original,pre-2016
2008-12-31,3.681184,original,pre-2016
2009-01-01,3.5112832,original,pre-2016
2009-01-02,3.3983109666666667,original,pre-2016
2009-01-03,3.964352,original,pre-2016
2009-01-04,6.7110816,original,pre-2016
2009-01-05,6.9783214,original,pre-2016
2009-01-06,7.3190079,original,pre-2016
2009-01-07,6.3995968,original,pre-2016
2009-01-08,5.7441808666666665,original,pre-2016
2009-01-09,5.1253408,original,pre-2016
2009-01-10,4.945411133333334,original,pre-2016
2009-01-11,4.9324326,original,pre-2016
2009-01-12,4.7430639999999995,original,pre-2016
2009-01-13,4.725955933333333,original,pre-2016
2009-01-14,4.752502933333334,original,pre-2016
2009-01-15,4.7289056,original,pre-2016
2009-01-16,4.636581033333334,original,pre-2016
2009-01-17,4.370226133333333,original,pre-2016
2009-01-18,4.4174208,original,pre-2016
2009-01-19,4.3041536,original,pre-2016
2009-01-20,4.1625696,original,pre-2016
2009-01-21,4.0811588,original,pre-2016
2009-01-22,4.049892333333333,original,pre-2016
2009-01-23,4.0493024,original,pre-2016
2009-01-24,4.1908864,original,pre-2016
2009-01-25,4.4174208,original,pre-2016
2009-01-26,4.4846732,original,pre-2016
2009-01-27,4.4740544,original,pre-2016
2009-01-28,4.5873216,original,pre-2016
2009-01-29,4.550745733333334,original,pre-2016
2009-01-30,4.953965166666666,original,pre-2016
2009-01-31,5.174600233333334,original,pre-2016
2009-02-01,5.430041366666666,original,pre-2016
2009-02-02,5.758634233333334,original,pre-2016
2009-02-03,5.2058667,original,pre-2016
2009-02-04,5.3032057,original,pre-2016
2009-02-05,5.492869266666666,original,pre-2016
2009-02-06,5.578704566666667,original,pre-2016
2009-02-07,5.7671882666666665,original,pre-2016
2009-02-08,5.8845849999999995,original,pre-2016
2009-02-09,5.9881183,original,pre-2016
2009-02-10,5.527675333333334,original,pre-2016
2009-02-11,5.1377294,original,pre-2016
2009-02-12,5.238608,original,pre-2016
2009-02-13,4.95544,original,pre-2016
2009-02-14,6.4279136,original,pre-2016
2009-02-15,6.7110816,original,pre-2016
2009-02-16,6.2568329333333335,original,pre-2016
2009-02-17,6.064809633333334,original,pre-2016
2009-02-18,5.7863611,original,pre-2016
2009-02-19,5.365443666666667,original,pre-2016
2009-02-20,4.909720166666666,original,pre-2016
2009-02-21,4.878158733333334,original,pre-2016
2009-02-22,5.4899196,original,pre-2016
2009-02-23,5.480775633333334,original,pre-2016
2009-02-24,5.561891466666666,original,pre-2016
2009-02-25,5.4651423999999995,original,pre-2016
2009-02-26,5.501128333333334,original,pre-2016
2009-02-27,5.268989566666666,original,pre-2016
2009-02-28,5.3996598,original,pre-2016
2009-03-01,5.4182426999999995,original,pre-2016
2009-03-02,5.238608,original,pre-2016
2009-03-03,5.5784096,original,pre-2016
2009-03-04,4.961132856666667,original,pre-2016
2009-03-05,4.656638766666666,original,pre-2016
2009-03-06,5.2952416,original,pre-2016
2009-03-07,5.612625733333333,original,pre-2016
2009-03-08,5.1819744,original,pre-2016
2009-03-09,5.2102912,original,pre-2016
2009-03-10,5.530919966666667,original,pre-2016
2009-03-11,5.795505066666666,original,pre-2016
2009-03-12,6.2013792,original,pre-2016
2009-03-13,6.0509462,original,pre-2016
2009-03-14,5.797274866666666,original,pre-2016
2009-03-15,5.169290833333333,original,pre-2016
2009-03-16,4.868129866666666,original,pre-2016
2009-03-17,5.1819744,original,pre-2016
2009-03-18,5.2164855,original,pre-2016
2009-03-19,5.605546533333333,original,pre-2016
2009-03-20,5.795505066666666,original,pre-2016
2009-03-21,5.924700466666667,original,pre-2016
2009-03-22,5.946528,original,pre-2016
2009-03-23,5.573395166666666,original,pre-2016
2009-03-24,5.1288804,original,pre-2016
2009-03-25,5.2925869,original,pre-2016
2009-03-26,8.3587654,original,pre-2016
2009-03-27,12.71990656,original,pre-2016
2009-03-28,10.455388466666667,original,pre-2016
2009-03-29,7.3225475,original,pre-2016
2009-03-30,5.898153466666666,original,pre-2016
2009-03-31,5.3235584,original,pre-2016
2009-04-01,4.9837568,original,pre-2016
2009-04-02,5.008239033333333,original,pre-2016
2009-04-03,4.8421728,original,pre-2016
2009-04-04,4.6439552,original,pre-2016
2009-04-05,4.7855392,original,pre-2016
2009-04-06,4.389104,original,pre-2016
2009-04-07,4.2758367999999995,original,pre-2016
2009-04-08,4.3041536,original,pre-2016
2009-04-09,4.3324704,original,pre-2016
2009-04-10,4.6722719999999995,original,pre-2016
2009-04-11,4.6156384,original,pre-2016
2009-04-12,4.4457376,original,pre-2016
2009-04-13,5.0403904,original,pre-2016
2009-04-14,4.7289056,original,pre-2016
2009-04-15,4.6961642999999995,original,pre-2016
2009-04-16,4.7005888,original,pre-2016
2009-04-17,4.6156384,original,pre-2016
2009-04-18,5.0687071999999995,original,pre-2016
2009-04-19,5.521776,original,pre-2016
2009-04-20,5.1536576,original,pre-2016
2009-04-21,4.7289056,original,pre-2016
2009-04-22,4.7005888,original,pre-2016
2009-04-23,4.638350833333334,original,pre-2016
2009-04-24,4.5590048,original,pre-2016
2009-04-25,4.572573266666667,original,pre-2016
2009-04-26,4.520364166666666,original,pre-2016
2009-04-27,4.7289056,original,pre-2016
2009-04-28,4.8704896,original,pre-2016
2009-04-29,5.0625129,original,pre-2016
2009-04-30,4.813856,original,pre-2016
2009-05-01,4.869899666666666,original,pre-2016
2009-05-02,4.6952793999999995,original,pre-2016
2009-05-03,4.565789033333334,original,pre-2016
2009-05-04,4.33388624,original,pre-2016
2009-05-05,15.3477056,original,pre-2016
2009-05-06,10.818197466666668,original,pre-2016
2009-05-07,7.148517166666666,original,pre-2016
2009-05-08,5.540948833333333,original,pre-2016
2009-05-09,5.022397433333333,original,pre-2016
2009-05-10,4.747193533333333,original,pre-2016
2009-05-11,4.6864304,original,pre-2016
2009-05-12,4.722121366666666,original,pre-2016
2009-05-13,4.775510333333334,original,pre-2016
2009-05-14,4.7395244,original,pre-2016
2009-05-15,4.666372666666667,original,pre-2016
2009-05-16,4.5873216,original,pre-2016
2009-05-17,4.4457376,original,pre-2016
2009-05-18,4.4457376,original,pre-2016
2009-05-19,4.5023712,original,pre-2016
2009-05-20,4.5979404,original,pre-2016
2009-05-21,4.7005888,original,pre-2016
2009-05-22,4.8988064,original,pre-2016
2009-05-23,4.813856,original,pre-2016
2009-05-24,4.6156384,original,pre-2016
2009-05-25,4.7005888,original,pre-2016
2009-05-26,4.6722719999999995,original,pre-2016
2009-05-27,4.6722719999999995,original,pre-2016
2009-05-28,4.530688,original,pre-2016
2009-05-29,4.3324704,original,pre-2016
2009-05-30,4.389104,original,pre-2016
2009-05-31,4.4740544,original,pre-2016
2009-06-01,4.3607872,original,pre-2016
2009-06-02,4.4457376,original,pre-2016
2009-06-03,4.6501495,original,pre-2016
2009-06-04,4.557824933333333,original,pre-2016
2009-06-05,4.4882128,original,pre-2016
2009-06-06,4.565789033333334,original,pre-2016
2009-06-07,4.4174208,original,pre-2016
2009-06-08,4.4740544,original,pre-2016
2009-06-09,4.530688,original,pre-2016
2009-06-10,4.5082705333333335,original,pre-2016
2009-06-11,4.3041536,original,pre-2016
2009-06-12,4.3607872,original,pre-2016
2009-06-13,4.6722719999999995,original,pre-2016
2009-06-14,4.8704896,original,pre-2016
2009-06-15,4.8704896,original,pre-2016
2009-06-16,4.7572224,original,pre-2016
2009-06-17,4.6439552,original,pre-2016
2009-06-18,4.6722719999999995,original,pre-2016
2009-06-19,4.5873216,original,pre-2016
2009-06-20,4.5023712,original,pre-2016
2009-06-21,4.389398966666667,original,pre-2016
2009-06-22,4.456946333333334,original,pre-2016
2009-06-23,4.4174208,original,pre-2016
2009-06-24,4.4174208,original,pre-2016
2009-06-25,4.7005888,original,pre-2016
2009-06-26,4.6439552,original,pre-2016
2009-06-27,4.6722719999999995,original,pre-2016
2009-06-28,4.7005888,original,pre-2016
2009-06-29,4.6722719999999995,original,pre-2016
2009-06-30,4.746898566666666,original,pre-2016
2009-07-01,4.6271421,original,pre-2016
2009-07-02,4.576407833333334,original,pre-2016
2009-07-03,4.510630266666666,original,pre-2016
2009-07-04,4.510040333333333,original,pre-2016
2009-07-05,4.4174208,original,pre-2016
2009-07-06,4.3324704,original,pre-2016
2009-07-07,5.408803766666666,original,pre-2016
2009-07-08,5.287572466666666,original,pre-2016
2009-07-09,4.6943945,original,pre-2016
2009-07-10,4.396478166666666,original,pre-2016
2009-07-11,4.565494066666666,original,pre-2016
2009-07-12,4.639825666666666,original,pre-2016
2009-07-13,4.8678349,original,pre-2016
2009-07-14,4.900871166666667,original,pre-2016
2009-07-15,5.232118733333333,original,pre-2016
2009-07-16,5.0572035,original,pre-2016
2009-07-17,5.3607242,original,pre-2016
2009-07-18,5.543308566666666,original,pre-2016
2009-07-19,7.8118972,original,pre-2016
2009-07-20,5.4651423999999995,original,pre-2016
2009-07-21,5.116196833333333,original,pre-2016
2009-07-22,4.993195733333334,original,pre-2016
2009-07-23,5.3368319,original,pre-2016
2009-07-24,5.1253408,original,pre-2016
2009-07-25,4.9271232,original,pre-2016
2009-07-26,4.8988064,original,pre-2016
2009-07-27,4.9695984,original,pre-2016
2009-07-28,5.1253408,original,pre-2016
2009-07-29,5.097024,original,pre-2016
2009-07-30,5.123865966666666,original,pre-2016
2009-07-31,5.6067264,original,pre-2016
2009-08-01,5.2669248,original,pre-2016
2009-08-02,5.061333033333334,original,pre-2016
2009-08-03,5.0120736,original,pre-2016
2009-08-04,4.9014611,original,pre-2016
2009-08-05,5.097024,original,pre-2016
2009-08-06,5.056023633333334,original,pre-2016
2009-08-07,5.0403904,original,pre-2016
2009-08-08,5.0687071999999995,original,pre-2016
2009-08-09,5.214125766666666,original,pre-2016
2009-08-10,4.95544,original,pre-2016
2009-08-11,4.9837568,original,pre-2016
2009-08-12,5.380192,original,pre-2016
2009-08-13,5.1819744,original,pre-2016
2009-08-14,4.8704896,original,pre-2016
2009-08-15,4.7005888,original,pre-2016
2009-08-16,4.9058855999999995,original,pre-2016
2009-08-17,5.3952352999999995,original,pre-2016
2009-08-18,6.1730624,original,pre-2016
2009-08-19,6.7393984,original,pre-2016
2009-08-20,5.946528,original,pre-2016
2009-08-21,6.8243488,original,pre-2016
2009-08-22,7.4172318,original,pre-2016
2009-08-23,5.750670133333333,original,pre-2016
2009-08-24,5.2669248,original,pre-2016
2009-08-25,5.0403904,original,pre-2016
2009-08-26,4.8988064,original,pre-2016
2009-08-27,4.9837568,original,pre-2016
2009-08-28,4.9837568,original,pre-2016
2009-08-29,4.95544,original,pre-2016
2009-08-30,5.097024,original,pre-2016
2009-08-31,5.2226798,original,pre-2016
2009-09-01,5.0687071999999995,original,pre-2016
2009-09-02,5.0120736,original,pre-2016
2009-09-03,5.0120736,original,pre-2016
2009-09-04,4.9837568,original,pre-2016
2009-09-05,5.0120736,original,pre-2016
2009-09-06,5.1253408,original,pre-2016
2009-09-07,5.461897766666667,original,pre-2016
2009-09-08,5.1819744,original,pre-2016
2009-09-09,5.521776,original,pre-2016
2009-09-10,5.9748448,original,pre-2016
2009-09-11,6.6323255,original,pre-2016
2009-09-12,7.7057092,original,pre-2016
2009-09-13,9.0896928,original,pre-2016
2009-09-14,7.503952,original,pre-2016
2009-09-15,6.0031616,original,pre-2016
2009-09-16,5.4651423999999995,original,pre-2016
2009-09-17,5.270169433333334,original,pre-2016
2009-09-18,5.521776,original,pre-2016
2009-09-19,5.521776,original,pre-2016
2009-09-20,5.1970177,original,pre-2016
2009-09-21,5.249816733333334,original,pre-2016
2009-09-22,5.216190533333333,original,pre-2016
2009-09-23,5.9182112,original,pre-2016
2009-09-24,6.7393984,original,pre-2016
2009-09-25,6.3429632,original,pre-2016
2009-09-26,5.521776,original,pre-2016
2009-09-27,5.150707933333334,original,pre-2016
2009-09-28,5.164571366666666,original,pre-2016
2009-09-29,5.1536576,original,pre-2016
2009-09-30,5.0120736,original,pre-2016
2009-10-01,4.813856,original,pre-2016
2009-10-02,5.2111761,original,pre-2016
2009-10-03,5.0120736,original,pre-2016
2009-10-04,5.6067264,original,pre-2016
2009-10-05,9.077599166666667,original,pre-2016
2009-10-06,8.162907533333332,original,pre-2016
2009-10-07,5.760699,original,pre-2016
2009-10-08,4.6489696333333335,original,pre-2016
2009-10-09,4.560184666666666,original,pre-2016
2009-10-10,4.57599488,original,pre-2016
2009-10-11,5.206956107205702,rating_curve_long_gap,pre-2016
2009-10-12,5.203408511832303,rating_curve_long_gap,pre-2016
2009-10-13,5.199862884472125,rating_curve_long_gap,pre-2016
2009-10-14,5.1963497293300875,interpolated_long_gap,pre-2016
2009-10-15,5.19283657418805,interpolated_long_gap,pre-2016
2009-10-16,5.189323419046011,interpolated_long_gap,pre-2016
2009-10-17,5.185810263903973,interpolated_long_gap,pre-2016
2009-10-18,5.182297108761936,interpolated_long_gap,pre-2016
2009-10-19,5.178783953619898,interpolated_long_gap,pre-2016
2009-10-20,5.17527079847786,interpolated_long_gap,pre-2016
2009-10-21,5.171757643335821,interpolated_long_gap,pre-2016
2009-10-22,5.168244488193784,interpolated_long_gap,pre-2016
2009-10-23,5.164731333051746,interpolated_long_gap,pre-2016
2009-10-24,5.161218177909708,interpolated_long_gap,pre-2016
2009-10-25,5.15770502276767,interpolated_long_gap,pre-2016
2009-10-26,5.154191867625633,interpolated_long_gap,pre-2016
2009-10-27,5.150678712483594,interpolated_long_gap,pre-2016
2009-10-28,5.147165557341556,interpolated_long_gap,pre-2016
2009-10-29,5.1436524021995185,interpolated_long_gap,pre-2016
2009-10-30,5.140139247057481,interpolated_long_gap,pre-2016
2009-10-31,5.136626091915443,interpolated_long_gap,pre-2016
2009-11-01,5.133112936773404,interpolated_long_gap,pre-2016
2009-11-02,5.1295997816313665,interpolated_long_gap,pre-2016
2009-11-03,5.126086626489329,interpolated_long_gap,pre-2016
2009-11-04,5.122573471347291,interpolated_long_gap,pre-2016
2009-11-05,5.119060316205253,interpolated_long_gap,pre-2016
2009-11-06,5.1155471610632155,interpolated_long_gap,pre-2016
2009-11-07,5.112034005921177,interpolated_long_gap,pre-2016
2009-11-08,5.108520850779139,interpolated_long_gap,pre-2016
2009-11-09,5.105007695637101,interpolated_long_gap,pre-2016
2009-11-10,5.101494540495064,interpolated_long_gap,pre-2016
2009-11-11,5.097981385353026,interpolated_long_gap,pre-2016
2009-11-12,5.094468230210987,interpolated_long_gap,pre-2016
2009-11-13,5.090955075068949,interpolated_long_gap,pre-2016
2009-11-14,5.087441919926912,rating_curve_long_gap,pre-2016
2009-11-15,5.083961237003015,rating_curve_long_gap,pre-2016
2009-11-16,5.080482522092336,rating_curve_long_gap,pre-2016
2009-11-17,4.3607872,original,pre-2016
2009-11-18,4.378780166666666,original,pre-2016
2009-11-19,4.389104,original,pre-2016
2009-11-20,4.4501621,original,pre-2016
2009-11-21,4.6156384,original,pre-2016
2009-11-22,4.468450033333333,original,pre-2016
2009-11-23,4.3324704,original,pre-2016
2009-11-24,4.3041536,original,pre-2016
2009-11-25,4.5023712,original,pre-2016
2009-11-26,4.4970618,original,pre-2016
2009-11-27,4.422140266666666,original,pre-2016
2009-11-28,4.472579566666666,original,pre-2016
2009-11-29,4.557824933333333,original,pre-2016
2009-11-30,4.8586909333333335,original,pre-2016
2009-12-01,4.946001066666667,original,pre-2016
2009-12-02,11.588060466666667,original,pre-2016
2009-12-03,7.961150333333332,original,pre-2016
2009-12-04,5.659525433333333,original,pre-2016
2009-12-05,5.5969925,original,pre-2016
2009-12-06,4.8890725,original,pre-2016
2009-12-07,4.769021066666666,original,pre-2016
2009-12-08,25.034498330864196,original,pre-2016
2009-12-09,23.005851425,original,pre-2016
2009-12-10,13.3345581,original,pre-2016
2009-12-11,8.922741666666667,original,pre-2016
2009-12-12,9.684935533333332,original,pre-2016
2009-12-13,17.239326833333333,original,pre-2016
2009-12-14,11.035292933333332,original,pre-2016
2009-12-15,15.255500482644628,original,pre-2016
2009-12-16,12.380930866666667,original,pre-2016
2009-12-17,7.846113333333332,original,pre-2016
2009-12-18,12.544637366666667,original,pre-2016
2009-12-19,10.1338748,original,pre-2016
2009-12-20,6.347682666666667,original,pre-2016
2009-12-21,5.3518752,original,pre-2016
2009-12-22,4.6722719999999995,original,pre-2016
2009-12-23,4.2758367999999995,original,pre-2016
2009-12-24,4.777844303464461,rating_curve_long_gap,pre-2016
2009-12-25,4.756650386316084,rating_curve_long_gap,pre-2016
2009-12-26,4.735537855946869,rating_curve_long_gap,pre-2016
2009-12-27,4.715035726421364,interpolated_long_gap,pre-2016
2009-12-28,4.694533596895861,interpolated_long_gap,pre-2016
2009-12-29,4.674031467370357,interpolated_long_gap,pre-2016
2009-12-30,4.653529337844852,interpolated_long_gap,pre-2016
2009-12-31,4.633027208319348,interpolated_long_gap,pre-2016
2010-01-01,4.612525078793844,interpolated_long_gap,pre-2016
2010-01-02,4.59202294926834,interpolated_long_gap,pre-2016
2010-01-03,4.571520819742836,interpolated_long_gap,pre-2016
2010-01-04,4.551018690217331,interpolated_long_gap,pre-2016
2010-01-05,4.530516560691828,interpolated_long_gap,pre-2016
2010-01-06,4.510014431166324,interpolated_long_gap,pre-2016
2010-01-07,4.489512301640819,interpolated_long_gap,pre-2016
2010-01-08,4.469010172115315,interpolated_long_gap,pre-2016
2010-01-09,4.448508042589811,rating_curve_long_gap,pre-2016
2010-01-10,4.428616313908021,rating_curve_long_gap,pre-2016
2010-01-11,4.40880597200539,rating_curve_long_gap,pre-2016
2010-01-12,3.7661344,original,pre-2016
2010-01-13,3.7661344,original,pre-2016
2010-01-14,3.8207032333333335,original,pre-2016
2010-01-15,4.097087,original,pre-2016
2010-01-16,6.6261312,original,pre-2016
2010-01-17,6.4279136,original,pre-2016
2010-01-18,5.1819744,original,pre-2016
2010-01-19,4.7005888,original,pre-2016
2010-01-20,4.4457376,original,pre-2016
2010-01-21,4.2758367999999995,original,pre-2016
2010-01-22,4.4174208,original,pre-2016
2010-01-23,4.2758367999999995,original,pre-2016
2010-01-24,4.2192032,original,pre-2016
2010-01-25,3.7944512,original,pre-2016
2010-01-26,3.8794016,original,pre-2016
2010-01-27,4.0209856,original,pre-2016
2010-01-28,4.4174208,original,pre-2016
2010-01-29,6.1730624,original,pre-2016
2010-01-30,8.0136544,original,pre-2016
2010-01-31,6.045046866666667,original,pre-2016
2010-02-01,4.8908423,original,pre-2016
2010-02-02,4.3041536,original,pre-2016
2010-02-03,3.9788053666666663,original,pre-2016
2010-02-04,7.2437914,original,pre-2016
2010-02-05,13.328068833333333,original,pre-2016
2010-02-06,7.985632566666667,original,pre-2016
2010-02-07,4.9271232,original,pre-2016
2010-02-08,4.2525344333333335,original,pre-2016
2010-02-09,6.5694976,original,pre-2016
2010-02-10,5.6713241,original,pre-2016
2010-02-11,4.7005888,original,pre-2016
2010-02-12,9.91088,original,pre-2016
2010-02-13,7.1641504,original,pre-2016
2010-02-14,5.4713367,original,pre-2016
2010-02-15,5.0120736,original,pre-2016
2010-02-16,4.443377866666666,original,pre-2016
2010-02-17,4.183512233333333,original,pre-2016
2010-02-18,3.959337566666666,original,pre-2016
2010-02-19,3.98205,original,pre-2016
2010-02-20,4.105936,original,pre-2016
2010-02-21,4.3607872,original,pre-2016
2010-02-22,5.4934592,original,pre-2016
2010-02-23,4.771675766666666,original,pre-2016
2010-02-24,4.3333553,original,pre-2016
2010-02-25,3.9422295,original,pre-2016
2010-02-26,3.9590426,original,pre-2016
2010-02-27,6.4178847333333335,original,pre-2016
2010-02-28,5.335357066666666,original,pre-2016
2010-03-01,4.5088604666666665,original,pre-2016
2010-03-02,9.080548833333333,original,pre-2016
2010-03-03,6.2925239,original,pre-2016
2010-03-04,4.934497366666666,original,pre-2016
2010-03-05,4.5935159,original,pre-2016
2010-03-06,4.530688,original,pre-2016
2010-03-07,4.389104,original,pre-2016
2010-03-08,4.359607333333334,original,pre-2016
2010-03-09,4.2758367999999995,original,pre-2016
2010-03-10,4.0209856,original,pre-2016
2010-03-11,4.2758367999999995,original,pre-2016
2010-03-12,4.126878633333334,original,pre-2016
2010-03-13,3.7944512,original,pre-2016
2010-03-14,3.6425433666666662,original,pre-2016
2010-03-15,3.6245504,original,pre-2016
2010-03-16,3.5484489999999997,original,pre-2016
2010-03-17,3.7661344,original,pre-2016
2010-03-18,3.9077184,original,pre-2016
2010-03-19,4.0209856,original,pre-2016
2010-03-20,4.1908864,original,pre-2016
2010-03-21,3.964352,original,pre-2016
2010-03-22,3.822768,original,pre-2016
2010-03-23,3.8286673333333336,original,pre-2016
2010-03-24,3.9953235,original,pre-2016
2010-03-25,4.3041536,original,pre-2016
2010-03-26,4.0209856,original,pre-2016
2010-03-27,4.0776192,original,pre-2016
2010-03-28,4.4041473,original,pre-2016
2010-03-29,4.3174271,original,pre-2016
2010-03-30,4.3041536,original,pre-2016
2010-03-31,4.4174208,original,pre-2016
2010-04-01,4.5590048,original,pre-2016
2010-04-02,4.5191843,original,pre-2016
2010-04-03,4.548680966666667,original,pre-2016
2010-04-04,4.337484833333334,original,pre-2016
2010-04-05,4.069360133333333,original,pre-2016
2010-04-06,3.8965096666666663,original,pre-2016
2010-04-07,3.9566828666666662,original,pre-2016
2010-04-08,4.033964133333334,original,pre-2016
2010-04-09,4.0209856,original,pre-2016
2010-04-10,4.0493024,original,pre-2016
2010-04-11,4.0761148700000005,original,pre-2016
2010-04-12,3.9926688,original,pre-2016
2010-04-13,4.1342528,original,pre-2016
2010-04-14,4.151655833333334,original,pre-2016
2010-04-15,4.24752,original,pre-2016
2010-04-16,4.296779433333334,original,pre-2016
2010-04-17,4.2192032,original,pre-2016
2010-04-18,4.105936,original,pre-2016
2010-04-19,4.1094756,original,pre-2016
2010-04-20,4.2192032,original,pre-2016
2010-04-21,4.255189133333333,original,pre-2016
2010-04-22,4.2200881,original,pre-2016
2010-04-23,4.1439867,original,pre-2016
2010-04-24,4.423910066666666,original,pre-2016
2010-04-25,4.0493024,original,pre-2016
2010-04-26,4.1342528,original,pre-2016
2010-04-27,4.3607872,original,pre-2016
2010-04-28,4.3988379,original,pre-2016
2010-04-29,4.2262824,original,pre-2016
2010-04-30,4.174663233333334,original,pre-2016
2010-05-01,4.2192032,original,pre-2016
2010-05-02,4.267577733333334,original,pre-2016
2010-05-03,4.5209541,original,pre-2016
2010-05-04,4.434823833333334,original,pre-2016
2010-05-05,4.874324166666666,original,pre-2016
2010-05-06,5.0403904,original,pre-2016
2010-05-07,4.6873153,original,pre-2016
2010-05-08,4.6439552,original,pre-2016
2010-05-09,4.4174208,original,pre-2016
2010-05-10,4.467270166666666,original,pre-2016
2010-05-11,4.6439552,original,pre-2016
2010-05-12,4.6439552,original,pre-2016
2010-05-13,4.6873153,original,pre-2016
2010-05-14,4.773445566666666,original,pre-2016
2010-05-15,4.8586909333333335,original,pre-2016
2010-05-16,5.238608,original,pre-2016
2010-05-17,4.7289056,original,pre-2016
2010-05-18,4.538357133333333,original,pre-2016
2010-05-19,4.4457376,original,pre-2016
2010-05-20,4.4740544,original,pre-2016
2010-05-21,4.669027366666667,original,pre-2016
2010-05-22,4.7855392,original,pre-2016
2010-05-23,4.820345266666666,original,pre-2016
2010-05-24,4.8828781999999995,original,pre-2016
2010-05-25,4.8578060333333335,original,pre-2016
2010-05-26,4.8569211333333335,original,pre-2016
2010-05-27,4.989656133333334,original,pre-2016
2010-05-28,5.0961391,original,pre-2016
2010-05-29,4.8577470400000005,original,pre-2016
2010-05-30,5.62765498623806,rating_curve_long_gap,pre-2016
2010-05-31,5.633876659824647,rating_curve_long_gap,pre-2016
2010-06-01,5.640103675443527,rating_curve_long_gap,pre-2016
2010-06-02,5.646405479514482,interpolated_long_gap,pre-2016
2010-06-03,5.652707283585437,interpolated_long_gap,pre-2016
2010-06-04,5.6590090876563925,interpolated_long_gap,pre-2016
2010-06-05,5.665310891727348,interpolated_long_gap,pre-2016
2010-06-06,5.671612695798303,interpolated_long_gap,pre-2016
2010-06-07,5.677914499869258,interpolated_long_gap,pre-2016
2010-06-08,5.684216303940213,interpolated_long_gap,pre-2016
2010-06-09,5.690518108011168,interpolated_long_gap,pre-2016
2010-06-10,5.696819912082123,interpolated_long_gap,pre-2016
2010-06-11,5.7031217161530785,interpolated_long_gap,pre-2016
2010-06-12,5.709423520224034,interpolated_long_gap,pre-2016
2010-06-13,5.715725324294989,interpolated_long_gap,pre-2016
2010-06-14,5.722027128365944,interpolated_long_gap,pre-2016
2010-06-15,5.7283289324369,interpolated_long_gap,pre-2016
2010-06-16,5.734630736507855,interpolated_long_gap,pre-2016
2010-06-17,5.74093254057881,interpolated_long_gap,pre-2016
2010-06-18,5.747234344649765,interpolated_long_gap,pre-2016
2010-06-19,5.753536148720721,interpolated_long_gap,pre-2016
2010-06-20,5.759837952791676,interpolated_long_gap,pre-2016
2010-06-21,5.76613975686263,interpolated_long_gap,pre-2016
2010-06-22,5.7724415609335855,interpolated_long_gap,pre-2016
2010-06-23,5.778743365004541,interpolated_long_gap,pre-2016
2010-06-24,5.785045169075496,interpolated_long_gap,pre-2016
2010-06-25,5.791346973146451,interpolated_long_gap,pre-2016
2010-06-26,5.797648777217407,interpolated_long_gap,pre-2016
2010-06-27,5.803950581288362,interpolated_long_gap,pre-2016
2010-06-28,5.810252385359317,rating_curve_long_gap,pre-2016
2010-06-29,5.816628977882347,rating_curve_long_gap,pre-2016
2010-06-30,5.823010912437669,rating_curve_long_gap,pre-2016
2010-07-01,7.8437536,original,pre-2016
2010-07-02,8.8914752,original,pre-2016
2010-07-03,7.367972366666667,original,pre-2016
2010-07-04,5.7483104,original,pre-2016
2010-07-05,5.1120673,original,pre-2016
2010-07-06,5.8615775999999995,original,pre-2016
2010-07-07,7.7021695999999995,original,pre-2016
2010-07-08,7.8446385,original,pre-2016
2010-07-09,6.0597952,original,pre-2016
2010-07-10,5.680468066666666,original,pre-2016
2010-07-11,5.6067264,original,pre-2016
2010-07-12,5.2669248,original,pre-2016
2010-07-13,4.7572224,original,pre-2016
2010-07-14,4.530688,original,pre-2016
2010-07-15,4.4740544,original,pre-2016
2010-07-16,4.3607872,original,pre-2016
2010-07-17,4.4174208,original,pre-2016
2010-07-18,4.7171069333333335,original,pre-2016
2010-07-19,4.8704896,original,pre-2016
2010-07-20,4.6059045,original,pre-2016
2010-07-21,4.7572224,original,pre-2016
2010-07-22,4.543666533333334,original,pre-2016
2010-07-23,4.385859366666667,original,pre-2016
2010-07-24,4.0493024,original,pre-2016
2010-07-25,4.1625696,original,pre-2016
2010-07-26,4.3864493,original,pre-2016
2010-07-27,4.7289056,original,pre-2016
2010-07-28,4.641595466666666,original,pre-2016
2010-07-29,4.546911166666666,original,pre-2016
2010-07-30,4.6297968,original,pre-2016
2010-07-31,4.5342276,original,pre-2016
2010-08-01,4.3572476,original,pre-2016
2010-08-02,4.5067957,original,pre-2016
2010-08-03,4.7483734,original,pre-2016
2010-08-04,4.893202033333334,original,pre-2016
2010-08-05,4.822999966666666,original,pre-2016
2010-08-06,4.9837568,original,pre-2016
2010-08-07,4.813856,original,pre-2016
2010-08-08,4.7572224,original,pre-2016
2010-08-09,4.739819366666667,original,pre-2016
2010-08-10,4.9271232,original,pre-2016
2010-08-11,4.7572224,original,pre-2016
2010-08-12,4.7289056,original,pre-2016
2010-08-13,5.0368508,original,pre-2016
2010-08-14,7.592442,original,pre-2016
2010-08-15,6.8857018666666665,original,pre-2016
2010-08-16,6.4845472,original,pre-2016
2010-08-17,6.6261312,original,pre-2016
2010-08-18,7.6145645,original,pre-2016
2010-08-19,7.0792,original,pre-2016
2010-08-20,6.37128,original,pre-2016
2010-08-21,5.8898944,original,pre-2016
2010-08-22,5.642417366666666,original,pre-2016
2010-08-23,6.10581,original,pre-2016
2010-08-24,6.1447456,original,pre-2016
2010-08-25,5.9763196333333335,original,pre-2016
2010-08-26,5.804944,original,pre-2016
2010-08-27,5.996672333333334,original,pre-2016
2010-08-28,6.4279136,original,pre-2016
2010-08-29,7.244086366666666,original,pre-2016
2010-08-30,8.615091433333333,original,pre-2016
2010-08-31,8.551673599999999,original,pre-2016
2010-09-01,7.5889024,original,pre-2016
2010-09-02,6.8420468,original,pre-2016
2010-09-03,6.229696,original,pre-2016
2010-09-04,6.1288174,original,pre-2016
2010-09-05,5.9854636,original,pre-2016
2010-09-06,5.940038733333333,original,pre-2016
2010-09-07,5.8606926999999995,original,pre-2016
2010-09-08,5.380192,original,pre-2016
2010-09-09,5.1253408,original,pre-2016
2010-09-10,5.1819744,original,pre-2016
2010-09-11,5.238608,original,pre-2016
2010-09-12,5.4368256,original,pre-2016
2010-09-13,5.097024,original,pre-2016
2010-09-14,4.777280133333334,original,pre-2016
2010-09-15,5.065757533333334,original,pre-2016
2010-09-16,5.2952416,original,pre-2016
2010-09-17,5.2309388666666665,original,pre-2016
2010-09-18,5.2669248,original,pre-2016
2010-09-19,5.2669248,original,pre-2016
2010-09-20,5.4934592,original,pre-2016
2010-09-21,5.1253408,original,pre-2016
2010-09-22,5.0120736,original,pre-2016
2010-09-23,4.820345266666666,original,pre-2016
2010-09-24,4.7855392,original,pre-2016
2010-09-25,4.828604333333334,original,pre-2016
2010-09-26,4.821230166666666,original,pre-2016
2010-09-27,4.6026598666666665,original,pre-2016
2010-09-28,4.7855392,original,pre-2016
2010-09-29,5.0120736,original,pre-2016
2010-09-30,5.031836366666666,original,pre-2016
2010-10-01,4.8421728,original,pre-2016
2010-10-02,4.795863033333333,original,pre-2016
2010-10-03,4.653099166666666,original,pre-2016
2010-10-04,4.8421728,original,pre-2016
2010-10-05,4.8704896,original,pre-2016
2010-10-06,4.7884888666666665,original,pre-2016
2010-10-07,4.7050133,original,pre-2016
2010-10-08,4.399427833333333,original,pre-2016
2010-10-09,4.1625696,original,pre-2016
2010-10-10,4.24752,original,pre-2016
2010-10-11,4.2192032,original,pre-2016
2010-10-12,4.1342528,original,pre-2016
2010-10-13,4.016266133333334,original,pre-2016
2010-10-14,3.9908989999999998,original,pre-2016
2010-10-15,4.0493024,original,pre-2016
2010-10-16,3.5679168,original,pre-2016
2010-10-17,3.681184,original,pre-2016
2010-10-18,3.8622935333333337,original,pre-2016
2010-10-19,4.0776192,original,pre-2016
2010-10-20,3.9843227957894736,original,pre-2016
2010-10-21,3.681184,original,pre-2016
2010-10-22,4.785295209315265,rating_curve_long_gap,pre-2016
2010-10-23,4.790820850476512,rating_curve_long_gap,pre-2016
2010-10-24,4.796351982397022,rating_curve_long_gap,pre-2016
2010-10-25,4.801888605076794,rating_curve_long_gap,pre-2016
2010-10-26,4.807430718515827,rating_curve_long_gap,pre-2016
2010-10-27,4.812978322714124,rating_curve_long_gap,pre-2016
2010-10-28,4.8185314176716805,rating_curve_long_gap,pre-2016
2010-10-29,4.838010489752321,rating_curve_long_gap,pre-2016
2010-10-30,4.838010489752321,rating_curve_long_gap,pre-2016
2010-10-31,4.8771704193164815,rating_curve_long_gap,pre-2016
2010-11-01,4.40700906754048,rating_curve_long_gap,pre-2016
2010-11-02,4.073458396613406,rating_curve_long_gap,pre-2016
2010-11-03,4.25093635819808,rating_curve_long_gap,pre-2016
2010-11-04,4.49539102451002,rating_curve_long_gap,pre-2016
2010-11-05,4.304269011621936,rating_curve_long_gap,pre-2016
2010-11-06,4.145090796762881,rating_curve_long_gap,pre-2016
2010-11-07,4.103433780123275,rating_curve_long_gap,pre-2016
2010-11-08,4.061147796551682,rating_curve_long_gap,pre-2016
2010-11-09,4.077801872992,rating_curve_long_gap,pre-2016
2010-11-10,4.23215666417512,rating_curve_long_gap,pre-2016
2010-11-11,4.40700906754048,rating_curve_long_gap,pre-2016
2010-11-12,4.479409888184321,rating_curve_long_gap,pre-2016
2010-11-13,4.534416752577281,rating_curve_long_gap,pre-2016
2010-11-14,4.530961088507546,rating_curve_long_gap,pre-2016
2010-11-15,4.571424304510719,rating_curve_long_gap,pre-2016
2010-11-16,4.587117559938187,rating_curve_long_gap,pre-2016
2010-11-17,4.5814934840345005,rating_curve_long_gap,pre-2016
2010-11-18,4.572391637290776,rating_curve_long_gap,pre-2016
2010-11-19,4.534416752577281,rating_curve_long_gap,pre-2016
2010-11-20,2.68726432,original,pre-2016
2010-11-21,2.57399712,original,pre-2016
2010-11-22,2.5688057066666663,original,pre-2016
2010-11-23,2.4904330633333336,original,pre-2016
2010-11-24,2.5009338766666667,original,pre-2016
2010-11-25,2.3422123133333335,original,pre-2016
2010-11-26,2.5379521933333336,original,pre-2016
2010-11-27,2.5024972,original,pre-2016
2010-11-28,2.4766581199999997,original,pre-2016
2010-11-29,2.49851515,original,pre-2016
2010-11-30,2.57966048,original,pre-2016
2010-12-01,2.44090816,original,pre-2016
2010-12-02,2.4748883200000003,original,pre-2016
2010-12-03,2.41825472,original,pre-2016
2010-12-04,2.3794961,original,pre-2016
2010-12-05,2.41825472,original,pre-2016
2010-12-06,2.44090816,original,pre-2016
2010-12-07,2.40329991,original,pre-2016
2010-12-08,2.42674976,original,pre-2016
2010-12-09,2.508308043333334,original,pre-2016
2010-12-10,2.3786112,original,pre-2016
2010-12-11,2.8155238155343367,rating_curve_long_gap,pre-2016
2010-12-12,2.919668820432886,rating_curve_long_gap,pre-2016
2010-12-13,3.0074089213025044,rating_curve_long_gap,pre-2016
2010-12-14,3.475322332146227,rating_curve_long_gap,pre-2016
2010-12-15,3.749996729169227,rating_curve_long_gap,pre-2016
2010-12-16,3.9599339574659207,rating_curve_long_gap,pre-2016
2010-12-17,3.992820245116505,rating_curve_long_gap,pre-2016
2010-12-18,3.9273223513627467,rating_curve_long_gap,pre-2016
2010-12-19,3.7883195526131206,rating_curve_long_gap,pre-2016
2010-12-20,3.715878419793745,rating_curve_long_gap,pre-2016
2010-12-21,3.6666559708556807,rating_curve_long_gap,pre-2016
2010-12-22,3.7381202482720775,rating_curve_long_gap,pre-2016
2010-12-23,3.8110914889713157,rating_curve_long_gap,pre-2016
2010-12-24,3.8855696929533963,rating_curve_long_gap,pre-2016
2010-12-25,3.9675827133496844,interpolated_long_gap,pre-2016
2010-12-26,4.0495957337459725,interpolated_long_gap,pre-2016
2010-12-27,4.13160875414226,interpolated_long_gap,pre-2016
2010-12-28,4.213621774538548,interpolated_long_gap,pre-2016
2010-12-29,4.295634794934836,interpolated_long_gap,pre-2016
2010-12-30,4.377647815331124,interpolated_long_gap,pre-2016
2010-12-31,4.459660835727412,interpolated_long_gap,pre-2016
2011-01-01,4.541673856123699,interpolated_long_gap,pre-2016
2011-01-02,4.623686876519987,rating_curve_long_gap,pre-2016
2011-01-03,4.713234713330484,rating_curve_long_gap,pre-2016
2011-01-04,4.80428951342382,rating_curve_long_gap,pre-2016
2011-01-05,4.8968512768,rating_curve_long_gap,pre-2016
2011-01-06,4.8968512768,rating_curve_long_gap,pre-2016
2011-01-07,4.91659939608448,rating_curve_long_gap,pre-2016
2011-01-08,4.956297420056321,rating_curve_long_gap,pre-2016
2011-01-09,4.996264491231999,rating_curve_long_gap,pre-2016
2011-01-10,5.036500609611521,rating_curve_long_gap,pre-2016
2011-01-11,5.07862005841792,interpolated_long_gap,pre-2016
2011-01-12,5.120739507224321,interpolated_long_gap,pre-2016
2011-01-13,5.16285895603072,interpolated_long_gap,pre-2016
2011-01-14,5.20497840483712,interpolated_long_gap,pre-2016
2011-01-15,5.24709785364352,interpolated_long_gap,pre-2016
2011-01-16,5.28921730244992,interpolated_long_gap,pre-2016
2011-01-17,5.33133675125632,interpolated_long_gap,pre-2016
2011-01-18,5.373456200062719,interpolated_long_gap,pre-2016
2011-01-19,5.41557564886912,interpolated_long_gap,pre-2016
2011-01-20,5.457695097675519,interpolated_long_gap,pre-2016
2011-01-21,5.499814546481919,interpolated_long_gap,pre-2016
2011-01-22,5.5419339952883195,interpolated_long_gap,pre-2016
2011-01-23,5.584053444094719,rating_curve_long_gap,pre-2016
2011-01-24,5.628056223328,rating_curve_long_gap,pre-2016
2011-01-25,5.67232804976512,rating_curve_long_gap,pre-2016
2011-01-26,6.229696,original,pre-2016
2011-01-27,5.841519866666666,original,pre-2016
2011-01-28,5.2952416,original,pre-2016
2011-01-29,5.0687071999999995,original,pre-2016
2011-01-30,4.977267533333333,original,pre-2016
2011-01-31,5.6067264,original,pre-2016
2011-02-01,5.238608,original,pre-2016
2011-02-02,5.4654373666666665,original,pre-2016
2011-02-03,5.293176833333334,original,pre-2016
2011-02-04,5.5500928,original,pre-2016
2011-02-05,5.7155691,original,pre-2016
2011-02-06,5.413523233333334,original,pre-2016
2011-02-07,5.1819744,original,pre-2016
2011-02-08,5.1536576,original,pre-2016
2011-02-09,5.040685366666667,original,pre-2016
2011-02-10,5.5323948,original,pre-2016
2011-02-11,5.2300539666666666,original,pre-2016
2011-02-12,5.0147283,original,pre-2016
2011-02-13,4.977857466666666,original,pre-2016
2011-02-14,4.853971466666667,original,pre-2016
2011-02-15,4.9156195,original,pre-2016
2011-02-16,5.059268266666666,original,pre-2016
2011-02-17,5.097024,original,pre-2016
2011-02-18,4.977857466666666,original,pre-2016
2011-02-19,4.9837568,original,pre-2016
2011-02-20,5.0041095,original,pre-2016
2011-02-21,5.039800466666667,original,pre-2016
2011-02-22,4.767546233333333,original,pre-2016
2011-02-23,4.735689833333334,original,pre-2016
2011-02-24,4.7005888,original,pre-2016
2011-02-25,4.886122833333333,original,pre-2016
2011-02-26,4.9280081,original,pre-2016
2011-02-27,4.825654666666666,original,pre-2016
2011-02-28,4.9837568,original,pre-2016
2011-03-01,5.0872901,original,pre-2016
2011-03-02,4.624870856666667,original,pre-2016
2011-03-03,4.7005888,original,pre-2016
2011-03-04,4.9837568,original,pre-2016
2011-03-05,6.263912133333333,original,pre-2016
2011-03-06,7.6738528,original,pre-2016
2011-03-07,6.3438481,original,pre-2016
2011-03-08,4.2192032,original,pre-2016
2011-03-09,6.7110816,original,pre-2016
2011-03-10,7.3340512,original,pre-2016
2011-03-11,6.0314784,original,pre-2016
2011-03-12,5.3235584,original,pre-2016
2011-03-13,5.086700166666667,original,pre-2016
2011-03-14,4.95544,original,pre-2016
2011-03-15,5.0218074999999995,original,pre-2016
2011-03-16,3.7944512,original,pre-2016
2011-03-17,4.744538833333333,original,pre-2016
2011-03-18,4.6651928,original,pre-2016
2011-03-19,4.592041066666666,original,pre-2016
2011-03-20,4.4174208,original,pre-2016
2011-03-21,4.3607872,original,pre-2016
2011-03-22,4.4457376,original,pre-2016
2011-03-23,4.389104,original,pre-2016
2011-03-24,4.490277566666666,original,pre-2016
2011-03-25,4.0209856,original,pre-2016
2011-03-26,3.3056029433333336,original,pre-2016
2011-03-27,3.6257302666666664,original,pre-2016
2011-03-28,4.0209856,original,pre-2016
2011-03-29,3.8794016,original,pre-2016
2011-03-30,5.4368256,original,pre-2016
2011-03-31,5.2952416,original,pre-2016
2011-04-01,4.7855392,original,pre-2016
2011-04-02,4.2192032,original,pre-2016
2011-04-03,3.4546495999999998,original,pre-2016
2011-04-04,3.7944512,original,pre-2016
2011-04-05,3.798639726666667,original,pre-2016
2011-04-06,3.7361362899999992,original,pre-2016
2011-04-07,3.42181981,original,pre-2016
2011-04-08,3.4433818733333332,original,pre-2016
2011-04-09,3.4263328,original,pre-2016
2011-04-10,3.3130656,original,pre-2016
2011-04-11,3.1546979966666666,original,pre-2016
2011-04-12,3.4176017866666664,original,pre-2016
2011-04-13,3.3939159633333333,original,pre-2016
2011-04-14,3.512911416,original,pre-2016
2011-04-15,3.5396,original,pre-2016
2011-04-16,3.5652915966666665,original,pre-2016
2011-04-17,3.681184,original,pre-2016
2011-04-18,3.4546495999999998,original,pre-2016
2011-04-19,3.1274430766666668,original,pre-2016
2011-04-20,3.9389848666666665,original,pre-2016
2011-04-21,4.523018866666666,original,pre-2016
2011-04-22,4.4740544,original,pre-2016
2011-04-23,4.4174208,original,pre-2016
2011-04-24,4.4135862333333336,original,pre-2016
2011-04-25,4.5023712,original,pre-2016
2011-04-26,4.4129963,original,pre-2016
2011-04-27,4.403557366666666,original,pre-2016
2011-04-28,3.9102846100000006,original,pre-2016
2011-04-29,3.9260063333333335,original,pre-2016
2011-04-30,4.102691366666666,original,pre-2016
2011-05-01,4.03753323,original,pre-2016
2011-05-02,3.9852946333333334,original,pre-2016
2011-05-03,3.8790771366666665,original,pre-2016
2011-05-04,3.8391386499999998,original,pre-2016
2011-05-05,4.0318108766666665,original,pre-2016
2011-05-06,4.105936,original,pre-2016
2011-05-07,4.105936,original,pre-2016
2011-05-08,4.006473239999999,original,pre-2016
2011-05-09,3.9360352,original,pre-2016
2011-05-10,4.130742696666667,original,pre-2016
2011-05-11,3.9926688,original,pre-2016
2011-05-12,4.296779433333334,original,pre-2016
2011-05-13,4.232506196666667,original,pre-2016
2011-05-14,4.0776192,original,pre-2016
2011-05-15,3.9077184,original,pre-2016
2011-05-16,3.7378176,original,pre-2016
2011-05-17,3.77631075,original,pre-2016
2011-05-18,3.809966446666667,original,pre-2016
2011-05-19,3.8051584899999993,original,pre-2016
2011-05-20,3.7095008,original,pre-2016
2011-05-21,3.853533023333333,original,pre-2016
2011-05-22,3.6793257100000005,original,pre-2016
2011-05-23,3.937834496666667,original,pre-2016
2011-05-24,3.748937843333333,original,pre-2016
2011-05-25,3.894208926666667,original,pre-2016
2011-05-26,3.6768774866666667,original,pre-2016
2011-05-27,3.7934778100000006,original,pre-2016
2011-05-28,3.789613746666667,original,pre-2016
2011-05-29,3.6650198266666667,original,pre-2016
2011-05-30,3.6379123899999994,original,pre-2016
2011-05-31,3.5449388966666664,original,pre-2016
2011-06-01,3.4945290933333335,original,pre-2016
2011-06-02,3.5412223166666665,original,pre-2016
2011-06-03,3.5080090699999995,original,pre-2016
2011-06-04,3.6326029899999996,original,pre-2016
2011-06-05,3.4580417166666666,original,pre-2016
2011-06-06,3.5597167266666667,original,pre-2016
2011-06-07,3.64251387,original,pre-2016
2011-06-08,3.5899213133333334,original,pre-2016
2011-06-09,3.3100864366666665,original,pre-2016
2011-06-10,3.3413824,original,pre-2016
2011-06-11,3.398016,original,pre-2016
2011-06-12,3.3297312166666666,original,pre-2016
2011-06-13,3.432940053333333,original,pre-2016
2011-06-14,3.5409863433333335,original,pre-2016
2011-06-15,3.6146985133333334,original,pre-2016
2011-06-16,3.643634743333333,original,pre-2016
2011-06-17,3.5785061033333334,original,pre-2016
2011-06-18,3.822768,original,pre-2016
2011-06-19,3.907511923333333,original,pre-2016
2011-06-20,3.9926688,original,pre-2016
2011-06-21,3.964352,original,pre-2016
2011-06-22,4.070834966666666,original,pre-2016
2011-06-23,5.434760833333334,original,pre-2016
2011-06-24,4.2758367999999995,original,pre-2016
2011-06-25,4.1342528,original,pre-2016
2011-06-26,4.077501213333333,original,pre-2016
2011-06-27,4.165342286666666,original,pre-2016
2011-06-28,3.8651252133333336,original,pre-2016
2011-06-29,4.012219441702127,original,pre-2016
2011-06-30,3.9849996666666665,original,pre-2016
2011-07-01,3.9077184,original,pre-2016
2011-07-02,3.8242133366666664,original,pre-2016
2011-07-03,3.607973273333333,original,pre-2016
2011-07-04,3.2281152,original,pre-2016
2011-07-05,2.6771174666666666,original,pre-2016
2011-07-06,3.2847488,original,pre-2016
2011-07-07,3.8510847999999998,original,pre-2016
2011-07-08,3.5416942633333335,original,pre-2016
2011-07-09,3.47632965,original,pre-2016
2011-07-10,3.1997984,original,pre-2016
2011-07-11,3.0582143999999998,original,pre-2016
2011-07-12,3.227525266666667,original,pre-2016
2011-07-13,3.681184,original,pre-2016
2011-07-14,3.7378176,original,pre-2016
2011-07-15,3.708999356666667,original,pre-2016
2011-07-16,3.3696992,original,pre-2016
2011-07-17,3.218145326666667,original,pre-2016
2011-07-18,3.985353626666667,original,pre-2016
2011-07-19,4.30309172,original,pre-2016
2011-07-20,3.4992780566666664,original,pre-2016
2011-07-21,2.93707159,original,pre-2016
2011-07-22,2.912589356666666,original,pre-2016
2011-07-23,2.973264,original,pre-2016
2011-07-24,3.114848,original,pre-2016
2011-07-25,3.5962336,original,pre-2016
2011-07-26,3.5231703566666663,original,pre-2016
2011-07-27,3.5396,original,pre-2016
2011-07-28,3.5396,original,pre-2016
2011-07-29,3.6073833399999997,original,pre-2016
2011-07-30,3.3130656,original,pre-2016
2011-07-31,3.0471531499999998,original,pre-2016
2011-08-01,3.9926688,original,pre-2016
2011-08-02,4.104756133333334,original,pre-2016
2011-08-03,3.7095008,original,pre-2016
2011-08-04,3.3696992,original,pre-2016
2011-08-05,3.1274725733333333,original,pre-2016
2011-08-06,2.9871274333333333,original,pre-2016
2011-08-07,2.9166304,original,pre-2016
2011-08-08,3.0582143999999998,original,pre-2016
2011-08-09,2.88326967,original,pre-2016
2011-08-10,2.9166304,original,pre-2016
2011-08-11,3.4546495999999998,original,pre-2016
2011-08-12,3.5679168,original,pre-2016
2011-08-13,3.59703001,original,pre-2016
2011-08-14,3.6483837066666664,original,pre-2016
2011-08-15,3.822768,original,pre-2016
2011-08-16,3.9360352,original,pre-2016
2011-08-17,4.6156384,original,pre-2016
2011-08-18,4.663776960000001,original,pre-2016
2011-08-19,4.05841687,original,pre-2016
2011-08-20,3.4263328,original,pre-2016
2011-08-21,2.9061295866666663,original,pre-2016
2011-08-22,3.0582143999999998,original,pre-2016
2011-08-23,3.1431648,original,pre-2016
2011-08-24,3.822768,original,pre-2016
2011-08-25,3.6528671999999998,original,pre-2016
2011-08-26,3.5926350066666664,original,pre-2016
2011-08-27,3.0298976,original,pre-2016
2011-08-28,2.2795024,original,pre-2016
2011-08-29,3.114848,original,pre-2016
2011-08-30,2.5675963433333338,original,pre-2016
2011-08-31,2.1803936,original,pre-2016
2011-09-01,2.1744057766666662,original,pre-2016
2011-09-02,2.00199776,original,pre-2016
2011-09-03,6.71417875,original,pre-2016
2011-09-04,9.7126624,original,pre-2016
2011-09-05,8.2968224,original,pre-2016
2011-09-06,7.3033746666666675,original,pre-2016
2011-09-07,5.097024,original,pre-2016
2011-09-08,3.8089635600000005,original,pre-2016
2011-09-09,3.458472368,original,pre-2016
2011-09-10,5.914898652161683,rating_curve_long_gap,pre-2016
2011-09-11,5.650158505646083,rating_curve_long_gap,pre-2016
2011-09-12,5.394704691525521,rating_curve_long_gap,pre-2016
2011-09-13,5.148537209800001,rating_curve_long_gap,pre-2016
2011-09-14,4.911656060469521,rating_curve_long_gap,pre-2016
2011-09-15,2.5938188799999997,original,pre-2016
2011-09-16,2.4663932799999997,original,pre-2016
2011-09-17,2.1934016300000003,original,pre-2016
2011-09-18,2.44373984,original,pre-2016
2011-09-19,2.25994611,original,pre-2016
2011-09-20,2.5463292466666667,original,pre-2016
2011-09-21,2.0812848,original,pre-2016
2011-09-22,1.65670978,original,pre-2016
2011-09-23,1.6026128933333332,original,pre-2016
2011-09-24,1.7769381933333332,original,pre-2016
2011-09-25,1.7655819766666667,original,pre-2016
2011-09-26,1.9363086833333332,original,pre-2016
2011-09-27,2.25348634,original,pre-2016
2011-09-28,3.02494216,original,pre-2016
2011-09-29,4.259790613333333,original,pre-2016
2011-09-30,2.520478368,original,pre-2016
2011-10-01,4.58304434018602,rating_curve_long_gap,pre-2016
2011-10-02,4.573281744596493,rating_curve_long_gap,pre-2016
2011-10-03,4.5635376880408565,rating_curve_long_gap,pre-2016
2011-10-04,4.553812170519107,rating_curve_long_gap,pre-2016
2011-10-05,4.54410519203125,rating_curve_long_gap,pre-2016
2011-10-06,3.114848,original,pre-2016
2011-10-07,3.2564319999999998,original,pre-2016
2011-10-08,3.0582143999999998,original,pre-2016
2011-10-09,2.973264,original,pre-2016
2011-10-10,2.9409356533333333,original,pre-2016
2011-10-11,2.5997772066666665,original,pre-2016
2011-10-12,2.65611584,original,pre-2016
2011-10-13,2.8757775166666666,original,pre-2016
2011-10-14,2.29905869,original,pre-2016
2011-10-15,1.80731976,original,pre-2016
2011-10-16,2.5911641800000003,original,pre-2016
2011-10-17,1.7797993699999999,original,pre-2016
2011-10-18,1.50362208,original,pre-2016
2011-10-19,1.58857248,original,pre-2016
2011-10-20,1.583499053333333,original,pre-2016
2011-10-21,1.20063232,original,pre-2016
2011-10-22,1.2577673633333335,original,pre-2016
2011-10-23,1.2855827199999998,original,pre-2016
2011-10-24,1.40451328,original,pre-2016
2011-10-25,1.32239456,original,pre-2016
2011-10-26,1.3435289216666668,original,pre-2016
2011-10-27,1.3209197266666666,original,pre-2016
2011-10-28,1.0351766676666665,original,pre-2016
2011-10-29,0.9250184163333335,original,pre-2016
2011-10-30,1.0321178633333332,original,pre-2016
2011-10-31,1.11285024,original,pre-2016
2011-11-01,1.10718688,original,pre-2016
2011-11-02,1.3167312,original,pre-2016
2011-11-03,1.67414231,original,pre-2016
2011-11-04,1.8291472933333333,original,pre-2016
2011-11-05,1.43283008,original,pre-2016
2011-11-06,1.3846915199999998,original,pre-2016
2011-11-07,1.73298816,original,pre-2016
2011-11-08,1.72449312,original,pre-2016
2011-11-09,1.88023552,original,pre-2016
2011-11-10,1.3435436699999999,original,pre-2016
2011-11-11,1.54043392,original,pre-2016
2011-11-12,1.90908326,original,pre-2016
2011-11-13,1.6378024166666665,original,pre-2016
2011-11-14,1.2733121066666666,original,pre-2016
2011-11-15,1.31956288,original,pre-2016
2011-11-16,1.42716672,original,pre-2016
2011-11-17,1.88873056,original,pre-2016
2011-11-18,1.29407776,original,pre-2016
2011-11-19,1.2085079300000001,original,pre-2016
2011-11-20,1.0937069033333333,original,pre-2016
2011-11-21,1.4477258966666668,original,pre-2016
2011-11-22,2.3702341466666668,original,pre-2016
2011-11-23,2.3333043200000003,original,pre-2016
2011-11-24,2.3097659800000003,original,pre-2016
2011-11-25,2.8342167133333334,original,pre-2016
2011-11-26,2.8599968,original,pre-2016
2011-11-27,2.92255923,original,pre-2016
2011-11-28,2.01615616,original,pre-2016
2011-11-29,1.6596889433333333,original,pre-2016
2011-11-30,1.6491586333333335,original,pre-2016
2011-12-01,1.9198790399999999,original,pre-2016
2011-12-02,2.7354028799999996,original,pre-2016
2011-12-03,2.8599968,original,pre-2016
2011-12-04,2.973264,original,pre-2016
2011-12-05,3.0015808,original,pre-2016
2011-12-06,2.8599968,original,pre-2016
2011-12-07,2.6277990399999998,original,pre-2016
2011-12-08,2.63063072,original,pre-2016
2011-12-09,2.9166304,original,pre-2016
2011-12-10,3.3413824,original,pre-2016
2011-12-11,3.4546495999999998,original,pre-2016
2011-12-12,3.6528671999999998,original,pre-2016
2011-12-13,3.8510847999999998,original,pre-2016
2011-12-14,3.4546495999999998,original,pre-2016
2011-12-15,3.3155433199999997,original,pre-2016
2011-12-16,3.0784491133333334,original,pre-2016
2011-12-17,3.1139336033333334,original,pre-2016
2011-12-18,3.063671283333333,original,pre-2016
2011-12-19,3.01618165,original,pre-2016
2011-12-20,3.5112832,original,pre-2016
2011-12-21,3.5396,original,pre-2016
2011-12-22,3.398016,original,pre-2016
2011-12-23,3.2564319999999998,original,pre-2016
2011-12-24,3.1714816,original,pre-2016
2011-12-25,3.3413824,original,pre-2016
2011-12-26,3.2564319999999998,original,pre-2016
2011-12-27,3.114848,original,pre-2016
2011-12-28,3.0582143999999998,original,pre-2016
2011-12-29,3.1997984,original,pre-2016
2011-12-30,3.273009126666667,original,pre-2016
2011-12-31,3.364596276666667,original,pre-2016
2012-01-01,3.398016,original,pre-2016
2012-01-02,3.4263328,original,pre-2016
2012-01-03,3.2847488,original,pre-2016
2012-01-04,3.1714816,original,pre-2016
2012-01-05,3.398016,original,pre-2016
2012-01-06,3.2847488,original,pre-2016
2012-01-07,3.1729859300000003,original,pre-2016
2012-01-08,3.114848,original,pre-2016
2012-01-09,3.0865312,original,pre-2016
2012-01-10,2.8883136,original,pre-2016
2012-01-11,2.9330600433333336,original,pre-2016
2012-01-12,3.0015808,original,pre-2016
2012-01-13,3.114435046666667,original,pre-2016
2012-01-14,3.2847488,original,pre-2016
2012-01-15,3.4074549333333333,original,pre-2016
2012-01-16,3.4342969,original,pre-2016
2012-01-17,3.4546495999999998,original,pre-2016
2012-01-18,3.4263328,original,pre-2016
2012-01-19,3.32651608,original,pre-2016
2012-01-20,3.3757460166666666,original,pre-2016
2012-01-21,3.2847488,original,pre-2016
2012-01-22,3.2847488,original,pre-2016
2012-01-23,3.2564319999999998,original,pre-2016
2012-01-24,3.4263328,original,pre-2016
2012-01-25,3.5112832,original,pre-2016
2012-01-26,3.762565303333333,original,pre-2016
2012-01-27,3.8319119666666666,original,pre-2016
2012-01-28,3.6245504,original,pre-2016
2012-01-29,3.854830876666667,original,pre-2016
2012-01-30,4.0209856,original,pre-2016
2012-01-31,3.9360352,original,pre-2016
2012-02-01,3.8794016,original,pre-2016
2012-02-02,3.6245504,original,pre-2016
2012-02-03,3.421613333333333,original,pre-2016
2012-02-04,3.397367073333333,original,pre-2016
2012-02-05,3.276843693333334,original,pre-2016
2012-02-06,3.1431648,original,pre-2016
2012-02-07,3.1997984,original,pre-2016
2012-02-08,3.4829664,original,pre-2016
2012-02-09,3.6528671999999998,original,pre-2016
2012-02-10,3.822768,original,pre-2016
2012-02-11,3.7661344,original,pre-2016
2012-02-12,3.7378176,original,pre-2016
2012-02-13,3.7944512,original,pre-2016
2012-02-14,4.3607872,original,pre-2016
2012-02-15,4.5873216,original,pre-2016
2012-02-16,4.9271232,original,pre-2016
2012-02-17,4.4457376,original,pre-2016
2012-02-18,5.0403904,original,pre-2016
2012-02-19,8.016309099999999,original,pre-2016
2012-02-20,7.385080433333333,original,pre-2016
2012-02-21,6.0367878,original,pre-2016
2012-02-22,5.387566166666667,original,pre-2016
2012-02-23,4.95544,original,pre-2016
2012-02-24,5.0120736,original,pre-2016
2012-02-25,4.5023712,original,pre-2016
2012-02-26,2.2228688,original,pre-2016
2012-02-27,1.3960182399999999,original,pre-2016
2012-02-28,1.98783936,original,pre-2016
2012-02-29,3.0582143999999998,original,pre-2016
2012-03-01,2.5647646633333334,original,pre-2016
2012-03-02,1.81793856,original,pre-2016
2012-03-03,4.4174208,original,pre-2016
2012-03-04,4.0776192,original,pre-2016
2012-03-05,3.0349120333333333,original,pre-2016
2012-03-06,4.5457313,original,pre-2016
2012-03-07,4.289877213333333,original,pre-2016
2012-03-08,4.73881648,original,pre-2016
2012-03-09,5.92511342,original,pre-2016
2012-03-10,3.7910000899999994,original,pre-2016
2012-03-11,3.636880006666667,original,pre-2016
2012-03-12,5.955082033333333,original,pre-2016
2012-03-13,6.937616,original,pre-2016
2012-03-14,6.3146464,original,pre-2016
2012-03-15,5.850368866666666,original,pre-2016
2012-03-16,5.3235584,original,pre-2016
2012-03-17,5.1819744,original,pre-2016
2012-03-18,5.027411866666666,original,pre-2016
2012-03-19,5.3456809,original,pre-2016
2012-03-20,5.380192,original,pre-2016
2012-03-21,6.4845472,original,pre-2016
2012-03-22,8.748416366666667,original,pre-2016
2012-03-23,7.8570271,original,pre-2016
2012-03-24,5.2102912,original,pre-2016
2012-03-25,5.0403904,original,pre-2016
2012-03-26,7.51993014083752,rating_curve_long_gap,pre-2016
2012-03-27,7.1272298542273465,rating_curve_long_gap,pre-2016
2012-03-28,6.849003140562505,rating_curve_long_gap,pre-2016
2012-03-29,6.776966391316504,rating_curve_long_gap,pre-2016
2012-03-30,6.855385248138628,rating_curve_long_gap,pre-2016
2012-03-31,6.819010543777278,rating_curve_long_gap,pre-2016
2012-04-01,6.590956255605745,rating_curve_long_gap,pre-2016
2012-04-02,6.489869644564838,rating_curve_long_gap,pre-2016
2012-04-03,6.714377173953281,rating_curve_long_gap,pre-2016
2012-04-04,7.5605856,original,pre-2016
2012-04-05,7.1641504,original,pre-2016
2012-04-06,6.952069366666667,original,pre-2016
2012-04-07,6.088112,original,pre-2016
2012-04-08,5.69990637,original,pre-2016
2012-04-09,5.629143866666666,original,pre-2016
2012-04-10,5.3518752,original,pre-2016
2012-04-11,5.1226861,original,pre-2016
2012-04-12,5.214125766666666,original,pre-2016
2012-04-13,5.271644266666667,original,pre-2016
2012-04-14,5.1288804,original,pre-2016
2012-04-15,5.103513266666666,original,pre-2016
2012-04-16,5.322083566666667,original,pre-2016
2012-04-17,7.099257733333333,original,pre-2016
2012-04-18,6.3995968,original,pre-2016
2012-04-19,6.0314784,original,pre-2016
2012-04-20,6.1447456,original,pre-2016
2012-04-21,6.1730624,original,pre-2016
2012-04-22,6.3146464,original,pre-2016
2012-04-23,6.4279136,original,pre-2016
2012-04-24,6.472748533333333,original,pre-2016
2012-04-25,6.3659706,original,pre-2016
2012-04-26,6.3146464,original,pre-2016
2012-04-27,6.1447456,original,pre-2016
2012-04-28,6.3146464,original,pre-2016
2012-04-29,6.246804066666666,original,pre-2016
2012-04-30,6.241494666666666,original,pre-2016
2012-05-01,6.252113466666667,original,pre-2016
2012-05-02,6.1447456,original,pre-2016
2012-05-03,6.3146464,original,pre-2016
2012-05-04,6.3872082,original,pre-2016
2012-05-05,6.37128,original,pre-2016
2012-05-06,6.2580127999999995,original,pre-2016
2012-05-07,6.2326456666666665,original,pre-2016
2012-05-08,6.266271866666666,original,pre-2016
2012-05-09,5.963046133333333,original,pre-2016
2012-05-10,6.1447456,original,pre-2016
2012-05-11,6.310811833333333,original,pre-2016
2012-05-12,6.1645083666666665,original,pre-2016
2012-05-13,5.8332608,original,pre-2016
2012-05-14,5.945348133333334,original,pre-2016
2012-05-15,6.2863296,original,pre-2016
2012-05-16,6.342373266666666,original,pre-2016
2012-05-17,6.6509084,original,pre-2016
2012-05-18,6.5694976,original,pre-2016
2012-05-19,6.5364613333333335,original,pre-2016
2012-05-20,6.4562304,original,pre-2016
2012-05-21,6.37128,original,pre-2016
2012-05-22,6.4279136,original,pre-2016
2012-05-23,6.2580127999999995,original,pre-2016
2012-05-24,6.2013792,original,pre-2016
2012-05-25,6.2013792,original,pre-2016
2012-05-26,6.300782966666667,original,pre-2016
2012-05-27,6.229696,original,pre-2016
2012-05-28,6.229696,original,pre-2016
2012-05-29,6.178076833333334,original,pre-2016
2012-05-30,6.0597952,original,pre-2016
2012-05-31,6.066579433333334,original,pre-2016
2012-06-01,5.8952038,original,pre-2016
2012-06-02,5.66336,original,pre-2016
2012-06-03,5.504667933333334,original,pre-2016
2012-06-04,4.854649889999999,original,pre-2016
2012-06-05,5.25869523,original,pre-2016
2012-06-06,5.345385933333334,original,pre-2016
2012-06-07,4.9837568,original,pre-2016
2012-06-08,4.208525406666666,original,pre-2016
2012-06-09,3.5679168,original,pre-2016
2012-06-10,5.6067264,original,pre-2016
2012-06-11,4.7005888,original,pre-2016
2012-06-12,5.097024,original,pre-2016
2012-06-13,5.062394913333333,original,pre-2016
2012-06-14,5.1819744,original,pre-2016
2012-06-15,5.6801731,original,pre-2016
2012-06-16,5.097024,original,pre-2016
2012-06-17,5.120326366666666,original,pre-2016
2012-06-18,5.445084666666666,original,pre-2016
2012-06-19,5.238608,original,pre-2016
2012-06-20,4.95544,original,pre-2016
2012-06-21,4.644250166666667,original,pre-2016
2012-06-22,4.6749267,original,pre-2016
2012-06-23,4.5873216,original,pre-2016
2012-06-24,4.7005888,original,pre-2016
2012-06-25,4.869899666666666,original,pre-2016
2012-06-26,4.842762733333333,original,pre-2016
2012-06-27,4.8988064,original,pre-2016
2012-06-28,4.8988064,original,pre-2016
2012-06-29,4.737459633333334,original,pre-2016
2012-06-30,4.301793866666666,original,pre-2016
2012-07-01,4.02390577,original,pre-2016
2012-07-02,4.1593249666666665,original,pre-2016
2012-07-03,4.3245063,original,pre-2016
2012-07-04,4.524198733333334,original,pre-2016
2012-07-05,4.621242766666667,original,pre-2016
2012-07-06,4.1908864,original,pre-2016
2012-07-07,4.24752,original,pre-2016
2012-07-08,4.3607872,original,pre-2016
2012-07-09,4.4174208,original,pre-2016
2012-07-10,4.3041536,original,pre-2016
2012-07-11,4.387039233333334,original,pre-2016
2012-07-12,4.7572224,original,pre-2016
2012-07-13,5.6916768,original,pre-2016
2012-07-14,5.048059533333333,original,pre-2016
2012-07-15,4.530688,original,pre-2016
2012-07-16,4.628321966666666,original,pre-2016
2012-07-17,4.8988064,original,pre-2016
2012-07-18,5.0156132,original,pre-2016
2012-07-19,5.4651423999999995,original,pre-2016
2012-07-20,4.810817843333333,original,pre-2016
2012-07-21,4.720558043333333,original,pre-2016
2012-07-22,3.3413824,original,pre-2016
2012-07-23,4.7855392,original,pre-2016
2012-07-24,4.9837568,original,pre-2016
2012-07-25,5.1536576,original,pre-2016
2012-07-26,5.3324074,original,pre-2016
2012-07-27,6.0597952,original,pre-2016
2012-07-28,5.820282266666666,original,pre-2016
2012-07-29,5.834735633333334,original,pre-2016
2012-07-30,5.764828533333334,original,pre-2016
2012-07-31,5.899038366666666,original,pre-2016
2012-08-01,5.8332608,original,pre-2016
2012-08-02,5.4651423999999995,original,pre-2016
2012-08-03,5.5500928,original,pre-2016
2012-08-04,5.4934592,original,pre-2016
2012-08-05,5.6067264,original,pre-2016
2012-08-06,5.6751586666666665,original,pre-2016
2012-08-07,5.733857033333334,original,pre-2016
2012-08-08,5.6350432,original,pre-2016
2012-08-09,5.8615775999999995,original,pre-2016
2012-08-10,5.6067264,original,pre-2016
2012-08-11,5.3518752,original,pre-2016
2012-08-12,5.1819744,original,pre-2016
2012-08-13,5.2672492633333325,original,pre-2016
2012-08-14,5.40178356,original,pre-2016
2012-08-15,5.182121883333333,original,pre-2016
2012-08-16,5.034697543333333,original,pre-2016
2012-08-17,4.72678184,original,pre-2016
2012-08-18,5.942047611578948,interpolated,pre-2016
2012-08-19,7.157313383157895,interpolated,pre-2016
2012-08-20,8.372579154736844,interpolated,pre-2016
2012-08-21,9.58784492631579,original,pre-2016
2012-08-22,7.709838733333332,original,pre-2016
2012-08-23,6.5810013,original,pre-2016
2012-08-24,6.598109366666666,original,pre-2016
2012-08-25,7.038199633333334,original,pre-2016
2012-08-26,6.783348433333334,original,pre-2016
2012-08-27,6.270991333333334,original,pre-2016
2012-08-28,5.9182112,original,pre-2016
2012-08-29,8.996188366666667,original,pre-2016
2012-08-30,14.8946368,original,pre-2016
2012-08-31,16.0556256,original,pre-2016
2012-09-01,15.26558688,original,pre-2016
2012-09-02,11.787867408806719,rating_curve_long_gap,pre-2016
2012-09-03,10.592360468622132,rating_curve_long_gap,pre-2016
2012-09-04,9.474760705164814,rating_curve_long_gap,pre-2016
2012-09-05,8.435068118434764,rating_curve_long_gap,pre-2016
2012-09-06,7.473282708431986,rating_curve_long_gap,pre-2016
2012-09-07,5.6067264,original,pre-2016
2012-09-08,7.436109666666667,original,pre-2016
2012-09-09,5.66336,original,pre-2016
2012-09-10,5.8898944,original,pre-2016
2012-09-11,7.3906848,original,pre-2016
2012-09-12,7.4756352,original,pre-2016
2012-09-13,8.7498912,original,pre-2016
2012-09-14,8.3817728,original,pre-2016
2012-09-15,7.4756352,original,pre-2016
2012-09-16,7.1358336,original,pre-2016
2012-09-17,10.5338496,original,pre-2016
2012-09-18,11.609888,original,pre-2016
2012-09-19,8.8914752,original,pre-2016
2012-09-20,5.5500928,original,pre-2016
2012-09-21,3.7661344,original,pre-2016
2012-09-22,3.398016,original,pre-2016
2012-09-23,3.8510847999999998,original,pre-2016
2012-09-24,3.398016,original,pre-2016
2012-09-25,3.7944512,original,pre-2016
2012-09-26,2.23419552,original,pre-2016
2012-09-27,2.54001696,original,pre-2016
2012-09-28,4.2192032,original,pre-2016
2012-09-29,4.530688,original,pre-2016
2012-09-30,7.033775133333333,original,pre-2016
2012-10-01,7.2774176,original,pre-2016
2012-10-02,5.8332608,original,pre-2016
2012-10-03,5.7199936,original,pre-2016
2012-10-04,5.804944,original,pre-2016
2012-10-05,5.946528,original,pre-2016
2012-10-06,6.088112,original,pre-2016
2012-10-07,6.2863296,original,pre-2016
2012-10-08,6.2013792,original,pre-2016
2012-10-09,5.9182112,original,pre-2016
2012-10-10,6.1447456,original,pre-2016
2012-10-11,5.909657166666666,original,pre-2016
2012-10-12,5.8898944,original,pre-2016
2012-10-13,5.9182112,original,pre-2016
2012-10-14,5.6067264,original,pre-2016
2012-10-15,6.519353266666666,original,pre-2016
2012-10-16,6.8526656,original,pre-2016
2012-10-17,6.7393984,original,pre-2016
2012-10-18,7.0508831999999995,original,pre-2016
2012-10-19,6.937616,original,pre-2016
2012-10-20,6.8526656,original,pre-2016
2012-10-21,6.796032,original,pre-2016
2012-10-22,6.9942496,original,pre-2016
2012-10-23,7.13300192,original,pre-2016
2012-10-24,7.18114048,interpolated,pre-2016
2012-10-25,7.22927904,interpolated,pre-2016
2012-10-26,7.2774176,original,pre-2016
2012-10-27,7.380655933333332,original,pre-2016
2012-10-28,7.3906848,original,pre-2016
2012-10-29,7.531088933333333,original,pre-2016
2012-10-30,7.6172192,original,pre-2016
2012-10-31,7.5464272,original,pre-2016
2012-11-01,7.5331537,original,pre-2016
2012-11-02,7.296590433333333,original,pre-2016
2012-11-03,7.1924672,original,pre-2016
2012-11-04,7.2603095333333325,original,pre-2016
2012-11-05,7.4190016,original,pre-2016
2012-11-06,7.6098450333333325,original,pre-2016
2012-11-07,8.0136544,original,pre-2016
2012-11-08,8.210692133333332,original,pre-2016
2012-11-09,8.072352766666667,original,pre-2016
2012-11-10,7.949646633333333,original,pre-2016
2012-11-11,7.688306166666667,original,pre-2016
2012-11-12,7.6402266,original,pre-2016
2012-11-13,7.3771163333333325,original,pre-2016
2012-11-14,7.4835993,original,pre-2016
2012-11-15,7.4473184,original,pre-2016
2012-11-16,7.4900885666666674,original,pre-2016
2012-11-17,7.434339866666667,original,pre-2016
2012-11-18,7.498937566666667,original,pre-2016
2012-11-19,7.1358336,original,pre-2016
2012-11-20,6.893665966666666,original,pre-2016
2012-11-21,6.7756793,original,pre-2016
2012-11-22,6.6579876,original,pre-2016
2012-11-23,6.6827648,original,pre-2016
2012-11-24,6.749722233333333,original,pre-2016
2012-11-25,6.603713733333334,original,pre-2016
2012-11-26,6.6765704999999995,original,pre-2016
2012-11-27,6.3494524666666665,original,pre-2016
2012-11-28,5.7739725,original,pre-2016
2012-11-29,5.702590566666666,original,pre-2016
2012-11-30,6.2341204999999995,original,pre-2016
2012-12-01,6.6544479999999995,original,pre-2016
2012-12-02,6.5447204,original,pre-2016
2012-12-03,6.540885833333333,original,pre-2016
2012-12-04,6.5960446,original,pre-2016
2012-12-05,7.9570208,original,pre-2016
2012-12-06,6.597519433333334,original,pre-2016
2012-12-07,5.6430073,original,pre-2016
2012-12-08,5.6323885,original,pre-2016
2012-12-09,5.7483104,original,pre-2016
2012-12-10,6.095486166666666,original,pre-2016
2012-12-11,5.877800766666667,original,pre-2016
2012-12-12,5.016793066666667,original,pre-2016
2012-12-13,4.796452966666666,original,pre-2016
2012-12-14,5.616755266666666,original,pre-2016
2012-12-15,5.7288426,original,pre-2016
2012-12-16,5.642417366666666,original,pre-2016
2012-12-17,5.2102912,original,pre-2016
2012-12-18,4.908835266666666,original,pre-2016
2012-12-19,3.8317939799999996,original,pre-2016
2012-12-20,2.1408090733333336,original,pre-2016
2012-12-21,1.59706752,original,pre-2016
2012-12-22,1.6402211433333334,original,pre-2016
2012-12-23,1.9138322233333336,original,pre-2016
2012-12-24,1.9548325899999999,original,pre-2016
2012-12-25,2.4295519433333337,original,pre-2016
2012-12-26,4.291470033333334,original,pre-2016
2012-12-27,4.263153233333334,original,pre-2016
2012-12-28,4.514464833333333,original,pre-2016
2012-12-29,4.870194633333334,original,pre-2016
2012-12-30,4.649854533333333,original,pre-2016
2012-12-31,4.446032566666666,original,pre-2016
2013-01-01,4.420665433333333,original,pre-2016
2013-01-02,4.967533633333334,original,pre-2016
2013-01-03,4.981397066666666,original,pre-2016
2013-01-04,4.796187496666667,original,pre-2016
2013-01-05,3.6127222366666665,original,pre-2016
2013-01-06,2.8967496466666667,original,pre-2016
2013-01-07,1.6815459733333333,original,pre-2016
2013-01-08,3.001462813333333,original,pre-2016
2013-01-09,18.6041376,original,pre-2016
2013-01-10,17.235492266666665,original,pre-2016
2013-01-11,18.5758208,original,pre-2016
2013-01-12,16.1122592,original,pre-2016
2013-01-13,12.191857233333332,original,pre-2016
2013-01-14,10.607886233333332,original,pre-2016
2013-01-15,8.070288,original,pre-2016
2013-01-16,5.8898944,original,pre-2016
2013-01-17,6.229696,original,pre-2016
2013-01-18,5.6067264,original,pre-2016
2013-01-19,3.5913961466666664,original,pre-2016
2013-01-20,4.9271232,original,pre-2016
2013-01-21,4.6439552,original,pre-2016
2013-01-22,4.336599933333334,original,pre-2016
2013-01-23,5.557172,original,pre-2016
2013-01-24,5.924995433333334,original,pre-2016
2013-01-25,5.8117282333333335,original,pre-2016
2013-01-26,5.8571531,original,pre-2016
2013-01-27,5.805238966666666,original,pre-2016
2013-01-28,5.926765233333334,original,pre-2016
2013-01-29,6.0031616,original,pre-2016
2013-01-30,6.446791466666666,original,pre-2016
2013-01-31,6.5128639999999995,original,pre-2016
2013-02-01,6.37128,original,pre-2016
2013-02-02,6.229696,original,pre-2016
2013-02-03,6.2013792,original,pre-2016
2013-02-04,6.1447456,original,pre-2016
2013-02-05,6.1164287999999996,original,pre-2016
2013-02-06,5.992837766666666,original,pre-2016
2013-02-07,9.304133566666668,original,pre-2016
2013-02-08,9.344543999999999,original,pre-2016
2013-02-09,7.7588032,original,pre-2016
2013-02-10,6.6827648,original,pre-2016
2013-02-11,6.254178233333334,original,pre-2016
2013-02-12,6.4845472,original,pre-2016
2013-02-13,6.376884366666666,original,pre-2016
2013-02-14,6.260077566666666,original,pre-2016
2013-02-15,6.37128,original,pre-2016
2013-02-16,6.386913233333334,original,pre-2016
2013-02-17,6.2580127999999995,original,pre-2016
2013-02-18,6.3146464,original,pre-2016
2013-02-19,6.6261312,original,pre-2016
2013-02-20,6.2863296,original,pre-2016
2013-02-21,6.0031616,original,pre-2016
2013-02-22,5.8332608,original,pre-2016
2013-02-23,7.696565233333333,original,pre-2016
2013-02-24,8.003625533333333,original,pre-2016
2013-02-25,10.675728566666667,original,pre-2016
2013-02-26,10.8356005,original,pre-2016
2013-02-27,7.362368,original,pre-2016
2013-02-28,6.5128639999999995,original,pre-2016
2013-03-01,6.0314784,original,pre-2016
2013-03-02,6.002571666666666,original,pre-2016
2013-03-03,5.8898944,original,pre-2016
2013-03-04,5.8332608,original,pre-2016
2013-03-05,5.804944,original,pre-2016
2013-03-06,5.9748448,original,pre-2016
2013-03-07,5.946528,original,pre-2016
2013-03-08,5.8898944,original,pre-2016
2013-03-09,5.8898944,original,pre-2016
2013-03-10,5.8562682,original,pre-2016
2013-03-11,6.189580533333333,original,pre-2016
2013-03-12,6.206983566666667,original,pre-2016
2013-03-13,6.1164287999999996,original,pre-2016
2013-03-14,6.0633348,original,pre-2016
2013-03-15,5.960981366666666,original,pre-2016
2013-03-16,5.937679,original,pre-2016
2013-03-17,5.967470633333334,original,pre-2016
2013-03-18,5.946528,original,pre-2016
2013-03-19,6.088112,original,pre-2016
2013-03-20,6.1447456,original,pre-2016
2013-03-21,6.1730624,original,pre-2016
2013-03-22,6.1730624,original,pre-2016
2013-03-23,6.2580127999999995,original,pre-2016
2013-03-24,6.4279136,original,pre-2016
2013-03-25,6.37128,original,pre-2016
2013-03-26,6.3429632,original,pre-2016
2013-03-27,6.3146464,original,pre-2016
2013-03-28,6.3146464,original,pre-2016
2013-03-29,6.3429632,original,pre-2016
2013-03-30,6.318480966666666,original,pre-2016
2013-03-31,6.354171933333333,original,pre-2016
2013-04-01,6.5818862,original,pre-2016
2013-04-02,6.3995968,original,pre-2016
2013-04-03,8.9481088,original,pre-2016
2013-04-04,7.9003872,original,pre-2016
2013-04-05,7.0508831999999995,original,pre-2016
2013-04-06,6.6261312,original,pre-2016
2013-04-07,6.6394047,original,pre-2016
2013-04-08,6.5279073,original,pre-2016
2013-04-09,6.4562304,original,pre-2016
2013-04-10,6.3995968,original,pre-2016
2013-04-11,6.6818799,original,pre-2016
2013-04-12,7.0225664,original,pre-2016
2013-04-13,6.5978144,original,pre-2016
2013-04-14,11.422584166666667,original,pre-2016
2013-04-15,12.617199166666667,original,pre-2016
2013-04-16,9.7976128,original,pre-2016
2013-04-17,8.1039142,original,pre-2016
2013-04-18,7.185093033333334,original,pre-2016
2013-04-19,7.367087466666667,original,pre-2016
2013-04-20,6.9659328,original,pre-2016
2013-04-21,6.8526656,original,pre-2016
2013-04-22,6.9092991999999995,original,pre-2016
2013-04-23,6.975371733333334,original,pre-2016
2013-04-24,7.3464398,original,pre-2016
2013-04-25,7.530499,original,pre-2016
2013-04-26,7.2491008,original,pre-2016
2013-04-27,7.0977829,original,pre-2016
2013-04-28,7.9570208,original,pre-2016
2013-04-29,8.8065248,original,pre-2016
2013-04-30,7.78712,original,pre-2016
2013-05-01,8.353456,original,pre-2016
2013-05-02,9.1180096,original,pre-2016
2013-05-03,8.353456,original,pre-2016
2013-05-04,7.5889024,original,pre-2016
2013-05-05,7.8154368,original,pre-2016
2013-05-06,7.78712,original,pre-2016
2013-05-07,7.928704,original,pre-2016
2013-05-08,7.965574833333332,original,pre-2016
2013-05-09,8.035186966666666,original,pre-2016
2013-05-10,12.176518966666666,original,pre-2016
2013-05-11,18.592338933333334,original,pre-2016
2013-05-12,13.417443733333332,original,pre-2016
2013-05-13,9.7126624,original,pre-2016
2013-05-14,8.1552384,original,pre-2016
2013-05-15,8.1835552,original,pre-2016
2013-05-16,8.1552384,original,pre-2016
2013-05-17,8.1269216,original,pre-2016
2013-05-18,7.9853376,original,pre-2016
2013-05-19,7.745234733333333,original,pre-2016
2013-05-20,7.2809572,original,pre-2016
2013-05-21,6.772434666666666,original,pre-2016
2013-05-22,7.0367248,original,pre-2016
2013-05-23,8.3056714,original,pre-2016
2013-05-24,8.3428372,original,pre-2016
2013-05-25,7.862926433333333,original,pre-2016
2013-05-26,7.6596944,original,pre-2016
2013-05-27,7.607780266666667,original,pre-2016
2013-05-28,7.7234072,original,pre-2016
2013-05-29,7.7260618999999995,original,pre-2016
2013-05-30,7.523124833333332,original,pre-2016
2013-05-31,7.281547133333333,original,pre-2016
2013-06-01,7.1358336,original,pre-2016
2013-06-02,7.1641504,original,pre-2016
2013-06-03,7.3145834,original,pre-2016
2013-06-04,7.5296141,original,pre-2016
2013-06-05,7.8720704,original,pre-2016
2013-06-06,7.911300966666667,original,pre-2016
2013-06-07,7.6567447333333325,original,pre-2016
2013-06-08,7.391864666666667,original,pre-2016
2013-06-09,7.903336866666667,original,pre-2016
2013-06-10,8.014244333333332,original,pre-2016
2013-06-11,7.750249166666667,original,pre-2016
2013-06-12,7.744349833333333,original,pre-2016
2013-06-13,7.645536,original,pre-2016
2013-06-14,7.597161466666667,original,pre-2016
2013-06-15,7.7588032,original,pre-2016
2013-06-16,8.8914752,original,pre-2016
2013-06-17,8.6074223,original,pre-2016
2013-06-18,8.0189638,original,pre-2016
2013-06-19,7.6788672333333325,original,pre-2016
2013-06-20,7.5526215,original,pre-2016
2013-06-21,7.5605856,original,pre-2016
2013-06-22,7.4190016,original,pre-2016
2013-06-23,7.362368,original,pre-2016
2013-06-24,7.4190016,original,pre-2016
2013-06-25,7.3906848,original,pre-2016
2013-06-26,7.508966433333333,original,pre-2016
2013-06-27,7.515160733333333,original,pre-2016
2013-06-28,7.419591533333333,original,pre-2016
2013-06-29,7.4756352,original,pre-2016
2013-06-30,7.4473184,original,pre-2016
2013-07-01,6.036188360600321,rating_curve_long_gap,pre-2016
2013-07-02,5.986630576130078,rating_curve_long_gap,pre-2016
2013-07-03,5.796168289796075,rating_curve_long_gap,pre-2016
2013-07-04,5.806757812299519,rating_curve_long_gap,pre-2016
2013-07-05,5.739240252928001,rating_curve_long_gap,pre-2016
2013-07-06,7.397391410526316,original,pre-2016
2013-07-07,9.8852179,original,pre-2016
2013-07-08,10.2223648,original,pre-2016
2013-07-09,8.9764256,original,pre-2016
2013-07-10,8.2127569,original,pre-2016
2013-07-11,8.1552384,original,pre-2016
2013-07-12,9.6144385,original,pre-2016
2013-07-13,8.618336066666668,original,pre-2016
2013-07-14,8.038136633333332,original,pre-2016
2013-07-15,8.407729866666667,original,pre-2016
2013-07-16,8.6587465,original,pre-2016
2013-07-17,8.295642533333332,original,pre-2016
2013-07-18,8.157893099999999,original,pre-2016
2013-07-19,8.4384064,original,pre-2016
2013-07-20,8.0419712,original,pre-2016
2013-07-21,10.3073152,original,pre-2016
2013-07-22,12.374441599999999,original,pre-2016
2013-07-23,10.2223648,original,pre-2016
2013-07-24,8.9781954,original,pre-2016
2013-07-25,8.2685056,original,pre-2016
2013-07-26,7.9124808333333325,original,pre-2016
2013-07-27,7.9003872,original,pre-2016
2013-07-28,8.7498912,original,pre-2016
2013-07-29,8.077072233333332,original,pre-2016
2013-07-30,7.529024166666667,original,pre-2016
2013-07-31,7.062976833333334,original,pre-2016
2013-08-01,7.072710733333333,original,pre-2016
2013-08-02,7.645536,original,pre-2016
2013-08-03,7.708658866666667,original,pre-2016
2013-08-04,7.8941929,original,pre-2016
2013-08-05,8.103619233333333,original,pre-2016
2013-08-06,7.9570208,original,pre-2016
2013-08-07,8.181490433333332,original,pre-2016
2013-08-08,8.295642533333332,original,pre-2016
2013-08-09,8.3817728,original,pre-2016
2013-08-10,8.204202866666668,original,pre-2016
2013-08-11,7.6738528,original,pre-2016
2013-08-12,7.988287266666667,original,pre-2016
2013-08-13,8.235469333333333,original,pre-2016
2013-08-14,8.575565899999999,original,pre-2016
2013-08-15,8.9764256,original,pre-2016
2013-08-16,8.561702466666667,original,pre-2016
2013-08-17,7.7588032,original,pre-2016
2013-08-18,7.9853376,original,pre-2016
2013-08-19,8.320419733333333,original,pre-2016
2013-08-20,8.826582533333333,original,pre-2016
2013-08-21,9.2595936,original,pre-2016
2013-08-22,8.557572933333333,original,pre-2016
2013-08-23,8.0986048,original,pre-2016
2013-08-24,8.4667232,original,pre-2016
2013-08-25,8.397406033333333,original,pre-2016
2013-08-26,8.1269216,original,pre-2016
2013-08-27,8.554033333333333,original,pre-2016
2013-08-28,8.7498912,original,pre-2016
2013-08-29,8.720984466666668,original,pre-2016
2013-08-30,8.6649408,original,pre-2016
2013-08-31,8.5799904,original,pre-2016
2013-09-01,8.547839033333332,original,pre-2016
2013-09-02,8.439586266666668,original,pre-2016
2013-09-03,8.3738087,original,pre-2016
2013-09-04,8.570846433333333,original,pre-2016
2013-09-05,8.4384064,original,pre-2016
2013-09-06,8.448435266666667,original,pre-2016
2013-09-07,8.4667232,original,pre-2016
2013-09-08,8.8914752,original,pre-2016
2013-09-09,8.685588466666667,original,pre-2016
2013-09-10,8.118919026086957,original,pre-2016
2013-09-11,7.9543661,original,pre-2016
2013-09-12,7.9756037,original,pre-2016
2013-09-13,7.884459,original,pre-2016
2013-09-14,7.7747314,original,pre-2016
2013-09-15,7.7021695999999995,original,pre-2016
2013-09-16,7.683291733333332,original,pre-2016
2013-09-17,7.684766566666667,original,pre-2016
2013-09-18,7.220784,original,pre-2016
2013-09-19,6.6261312,original,pre-2016
2013-09-20,6.4562304,original,pre-2016
2013-09-21,7.2774176,original,pre-2016
2013-09-22,7.3340512,original,pre-2016
2013-09-23,6.8809824,original,pre-2016
2013-09-24,6.4562304,original,pre-2016
2013-09-25,6.1730624,original,pre-2016
2013-09-26,6.1730624,original,pre-2016
2013-09-27,6.088112,original,pre-2016
2013-09-28,6.088112,original,pre-2016
2013-09-29,5.8898944,original,pre-2016
2013-09-30,6.4562304,original,pre-2016
2013-10-01,6.1730624,original,pre-2016
2013-10-02,5.971895133333334,original,pre-2016
2013-10-03,5.8825202333333335,original,pre-2016
2013-10-04,5.7279577,original,pre-2016
2013-10-05,5.6607053,original,pre-2016
2013-10-06,5.6961013,original,pre-2016
2013-10-07,5.7093748,original,pre-2016
2013-10-08,5.6745687333333334,original,pre-2016
2013-10-09,5.776922166666666,original,pre-2016
2013-10-10,6.031773366666666,original,pre-2016
2013-10-11,6.151529833333334,original,pre-2016
2013-10-12,5.8615775999999995,original,pre-2016
2013-10-13,5.6872523,original,pre-2016
2013-10-14,5.379897033333333,original,pre-2016
2013-10-15,5.5577619333333335,original,pre-2016
2013-10-16,5.4669122,original,pre-2016
2013-10-17,5.237133166666666,original,pre-2016
2013-10-18,5.218845233333334,original,pre-2016
2013-10-19,5.8456494,original,pre-2016
2013-10-20,5.945348133333334,original,pre-2016
2013-10-21,5.552157566666667,original,pre-2016
2013-10-22,5.4085088,original,pre-2016
2013-10-23,5.4934592,original,pre-2016
2013-10-24,5.1536576,original,pre-2016
2013-10-25,5.2102912,original,pre-2016
2013-10-26,5.2527664,original,pre-2016
2013-10-27,5.562776366666666,original,pre-2016
2013-10-28,5.4085088,original,pre-2016
2013-10-29,4.991451582608695,original,pre-2016
2013-10-30,4.8474822,original,pre-2016
2013-10-31,4.558414866666666,original,pre-2016
2013-11-01,4.7289056,original,pre-2016
2013-11-02,4.6315666,original,pre-2016
2013-11-03,4.4457376,original,pre-2016
2013-11-04,4.411816433333334,original,pre-2016
2013-11-05,4.527443366666667,original,pre-2016
2013-11-06,4.688790133333334,original,pre-2016
2013-11-07,4.734509966666666,original,pre-2016
2013-11-08,4.6722719999999995,original,pre-2016
2013-11-09,4.7005888,original,pre-2016
2013-11-10,4.6439552,original,pre-2016
2013-11-11,4.5873216,original,pre-2016
2013-11-12,4.5873216,original,pre-2016
2013-11-13,4.8421728,original,pre-2016
2013-11-14,4.7005888,original,pre-2016
2013-11-15,4.6705022,original,pre-2016
2013-11-16,4.549565866666667,original,pre-2016
2013-11-17,4.388514066666667,original,pre-2016
2013-11-18,4.590566233333334,original,pre-2016
2013-11-19,4.6940995333333335,original,pre-2016
2013-11-20,4.7289056,original,pre-2016
2013-11-21,4.6439552,original,pre-2016
2013-11-22,4.6156384,original,pre-2016
2013-11-23,4.5590048,original,pre-2016
2013-11-24,4.7289056,original,pre-2016
2013-11-25,4.7855392,original,pre-2016
2013-11-26,5.1536576,original,pre-2016
2013-11-27,4.8421728,original,pre-2016
2013-11-28,4.5023712,original,pre-2016
2013-11-29,4.5590048,original,pre-2016
2013-11-30,4.6439552,original,pre-2016
2013-12-01,4.7855392,original,pre-2016
2013-12-02,4.7855392,original,pre-2016
2013-12-03,4.860165766666666,original,pre-2016
2013-12-04,5.1536576,original,pre-2016
2013-12-05,4.8988064,original,pre-2016
2013-12-06,4.779639866666666,original,pre-2016
2013-12-07,5.219435166666666,original,pre-2016
2013-12-08,5.0341961,original,pre-2016
2013-12-09,5.8332608,original,pre-2016
2013-12-10,5.4368256,original,pre-2016
2013-12-11,5.2102912,original,pre-2016
2013-12-12,5.097024,original,pre-2016
2013-12-13,4.9837568,original,pre-2016
2013-12-14,4.9837568,original,pre-2016
2013-12-15,5.155722366666667,original,pre-2016
2013-12-16,5.024167233333333,original,pre-2016
2013-12-17,4.95544,original,pre-2016
2013-12-18,4.95544,original,pre-2016
2013-12-19,5.097024,original,pre-2016
2013-12-20,5.0687071999999995,original,pre-2016
2013-12-21,4.9752027666666665,original,pre-2016
2013-12-22,5.3235584,original,pre-2016
2013-12-23,5.703475466666666,original,pre-2016
2013-12-24,5.572510266666666,original,pre-2016
2013-12-25,5.409688666666666,original,pre-2016
2013-12-26,5.458653133333334,original,pre-2016
2013-12-27,5.4651423999999995,original,pre-2016
2013-12-28,6.2863296,original,pre-2016
2013-12-29,6.368035366666667,original,pre-2016
2013-12-30,5.9748448,original,pre-2016
2013-12-31,5.7766272,original,pre-2016
2014-01-01,5.8898944,original,pre-2016
2014-01-02,6.1447456,original,pre-2016
2014-01-03,6.0314784,original,pre-2016
2014-01-04,6.0031616,original,pre-2016
2014-01-05,5.8898944,original,pre-2016
2014-01-06,6.1164287999999996,original,pre-2016
2014-01-07,6.0031616,original,pre-2016
2014-01-08,5.946528,original,pre-2016
2014-01-09,5.880750433333334,original,pre-2016
2014-01-10,5.858332966666667,original,pre-2016
2014-01-11,5.8332608,original,pre-2016
2014-01-12,5.816742666666666,original,pre-2016
2014-01-13,6.290164166666666,original,pre-2016
2014-01-14,6.6276060333333335,original,pre-2016
2014-01-15,6.167458033333333,original,pre-2016
2014-01-16,5.682532833333333,original,pre-2016
2014-01-17,5.334472166666666,original,pre-2016
2014-01-18,4.837453333333333,original,pre-2016
2014-01-19,5.012368566666666,original,pre-2016
2014-01-20,5.097024,original,pre-2016
2014-01-21,5.388746033333334,original,pre-2016
2014-01-22,5.7199936,original,pre-2016
2014-01-23,5.7881309,original,pre-2016
2014-01-24,5.8341457,original,pre-2016
2014-01-25,5.553042466666667,original,pre-2016
2014-01-26,5.4483293,original,pre-2016
2014-01-27,6.0597952,original,pre-2016
2014-01-28,6.0597952,original,pre-2016
2014-01-29,5.941513566666666,original,pre-2016
2014-01-30,5.828541333333334,original,pre-2016
2014-01-31,6.2580127999999995,original,pre-2016
2014-02-01,5.9182112,original,pre-2016
2014-02-02,6.0314784,original,pre-2016
2014-02-03,6.1730624,original,pre-2016
2014-02-04,6.4562304,original,pre-2016
2014-02-05,8.070288,original,pre-2016
2014-02-06,7.3030797,original,pre-2016
2014-02-07,6.539116033333333,original,pre-2016
2014-02-08,6.2580127999999995,original,pre-2016
2014-02-09,5.9173263,original,pre-2016
2014-02-10,5.822642,original,pre-2016
2014-02-11,6.411690433333334,original,pre-2016
2014-02-12,10.0807808,original,pre-2016
2014-02-13,8.596213566666668,original,pre-2016
2014-02-14,6.9526593,original,pre-2016
2014-02-15,6.796032,original,pre-2016
2014-02-16,6.4845472,original,pre-2016
2014-02-17,6.4845472,original,pre-2016
2014-02-18,6.689254066666666,original,pre-2016
2014-02-19,6.4845472,original,pre-2016
2014-02-20,6.4845472,original,pre-2016
2014-02-21,8.930115833333332,original,pre-2016
2014-02-22,7.9570208,original,pre-2016
2014-02-23,7.0792,original,pre-2016
2014-02-24,6.9092991999999995,original,pre-2016
2014-02-25,7.179783633333334,original,pre-2016
2014-02-26,10.335632,original,pre-2016
2014-02-27,9.520049166666666,original,pre-2016
2014-02-28,7.5605856,original,pre-2016
2014-03-01,7.428145566666667,original,pre-2016
2014-03-02,6.9092991999999995,original,pre-2016
2014-03-03,7.3906848,original,pre-2016
2014-03-04,7.193057133333333,original,pre-2016
2014-03-05,8.428967466666666,original,pre-2016
2014-03-06,7.5605856,original,pre-2016
2014-03-07,7.1924672,original,pre-2016
2014-03-08,7.362368,original,pre-2016
2014-03-09,7.456757333333333,original,pre-2016
2014-03-10,7.4190016,original,pre-2016
2014-03-11,7.2491008,original,pre-2016
2014-03-12,7.3057343999999995,original,pre-2016
2014-03-13,7.5605856,original,pre-2016
2014-03-14,7.5605856,original,pre-2016
2014-03-15,7.7021695999999995,original,pre-2016
2014-03-16,7.9853376,original,pre-2016
2014-03-17,7.9853376,original,pre-2016
2014-03-18,7.5322688,original,pre-2016
2014-03-19,7.4756352,original,pre-2016
2014-03-20,7.5322688,original,pre-2016
2014-03-21,7.6172192,original,pre-2016
2014-03-22,7.4756352,original,pre-2016
2014-03-23,7.5322688,original,pre-2016
2014-03-24,7.928704,original,pre-2016
2014-03-25,7.5729742,original,pre-2016
2014-03-26,7.52165,original,pre-2016
2014-03-27,7.413397233333333,original,pre-2016
2014-03-28,7.6446511,original,pre-2016
2014-03-29,10.070751933333332,original,pre-2016
2014-03-30,9.060196133333333,original,pre-2016
2014-03-31,7.635507133333332,original,pre-2016
2014-04-01,7.4057281,original,pre-2016
2014-04-02,7.066516433333334,original,pre-2016
2014-04-03,7.201906133333334,original,pre-2016
2014-04-04,6.8270035,original,pre-2016
2014-04-05,6.7889528,original,pre-2016
2014-04-06,7.013127466666666,original,pre-2016
2014-04-07,7.1862729,original,pre-2016
2014-04-08,7.5889024,original,pre-2016
2014-04-09,7.426670733333332,original,pre-2016
2014-04-10,7.227273266666666,original,pre-2016
2014-04-11,7.4614768,original,pre-2016
2014-04-12,7.503952,original,pre-2016
2014-04-13,7.322252533333333,original,pre-2016
2014-04-14,8.4667232,original,pre-2016
2014-04-15,12.521040033333332,original,pre-2016
2014-04-16,9.344543999999999,original,pre-2016
2014-04-17,8.5233568,original,pre-2016
2014-04-18,8.211577033333333,original,pre-2016
2014-04-19,8.154648466666668,original,pre-2016
2014-04-20,8.22957,original,pre-2016
2014-04-21,8.259361633333333,original,pre-2016
2014-04-22,8.0764823,original,pre-2016
2014-04-23,7.7304864,original,pre-2016
2014-04-24,7.4756352,original,pre-2016
2014-04-25,7.503952,original,pre-2016
2014-04-26,7.4190016,original,pre-2016
2014-04-27,7.1868628333333335,original,pre-2016
2014-04-28,7.1358336,original,pre-2016
2014-04-29,7.131999033333334,original,pre-2016
2014-04-30,6.6261312,original,pre-2016
2014-05-01,6.4845472,original,pre-2016
2014-05-02,6.4305683,original,pre-2016
2014-05-03,6.216717466666666,original,pre-2016
2014-05-04,6.1164287999999996,original,pre-2016
2014-05-05,6.1164287999999996,original,pre-2016
2014-05-06,6.3146464,original,pre-2016
2014-05-07,6.6544479999999995,original,pre-2016
2014-05-08,6.7393984,original,pre-2016
2014-05-09,6.6827648,original,pre-2016
2014-05-10,9.6843456,original,pre-2016
2014-05-11,8.636624,original,pre-2016
2014-05-12,8.1552384,original,pre-2016
2014-05-13,7.1358336,original,pre-2016
2014-05-14,8.211872,original,pre-2016
2014-05-15,7.4756352,original,pre-2016
2014-05-16,7.173589333333333,original,pre-2016
2014-05-17,7.147042333333333,original,pre-2016
2014-05-18,7.220784,original,pre-2016
2014-05-19,7.362368,original,pre-2016
2014-05-20,7.5322688,original,pre-2016
2014-05-21,7.482124466666667,original,pre-2016
2014-05-22,7.4853691,original,pre-2016
2014-05-23,7.5620604333333326,original,pre-2016
2014-05-24,7.5101463,original,pre-2016
2014-05-25,7.5234198,original,pre-2016
2014-05-26,7.510441266666667,original,pre-2016
2014-05-27,7.5113261666666675,original,pre-2016
2014-05-28,7.577575680000001,original,pre-2016
2014-05-29,10.483044864308408,rating_curve_long_gap,pre-2016
2014-05-30,9.839426508633037,rating_curve_long_gap,pre-2016
2014-05-31,7.669567965551622,rating_curve_long_gap,pre-2016
2014-06-01,6.37676852389888,rating_curve_long_gap,pre-2016
2014-06-02,11.5886504,original,pre-2016
2014-06-03,9.5427616,original,pre-2016
2014-06-04,8.890885266666666,original,pre-2016
2014-06-05,8.636624,original,pre-2016
2014-06-06,8.693257599999999,original,pre-2016
2014-06-07,8.2968224,original,pre-2016
2014-06-08,7.928704,original,pre-2016
2014-06-09,7.948466766666667,original,pre-2016
2014-06-10,7.8154368,original,pre-2016
2014-06-11,8.436341633333333,original,pre-2016
2014-06-12,8.3251392,original,pre-2016
2014-06-13,8.8348416,original,pre-2016
2014-06-14,8.643998166666668,original,pre-2016
2014-06-15,10.173400333333333,original,pre-2016
2014-06-16,9.8542464,original,pre-2016
2014-06-17,9.4613508,original,pre-2016
2014-06-18,9.010641733333333,original,pre-2016
2014-06-19,8.5233568,original,pre-2016
2014-06-20,8.4667232,original,pre-2016
2014-06-21,8.3251392,original,pre-2016
2014-06-22,8.1835552,original,pre-2016
2014-06-23,8.1092236,original,pre-2016
2014-06-24,8.058194366666667,original,pre-2016
2014-06-25,7.9823879333333325,original,pre-2016
2014-06-26,12.0426041,original,pre-2016
2014-06-27,10.8267515,original,pre-2016
2014-06-28,9.7356698,original,pre-2016
2014-06-29,8.8065248,original,pre-2016
2014-06-30,8.514802766666667,original,pre-2016
2014-07-01,8.227800199999999,original,pre-2016
2014-07-02,8.365844599999999,original,pre-2016
2014-07-03,8.376168433333333,original,pre-2016
2014-07-04,8.325434166666668,original,pre-2016
2014-07-05,8.1835552,original,pre-2016
2014-07-06,8.1269216,original,pre-2016
2014-07-07,8.0986048,original,pre-2016
2014-07-08,8.2685056,original,pre-2016
2014-07-09,8.3817728,original,pre-2016
2014-07-10,8.353456,original,pre-2016
2014-07-11,8.4384064,original,pre-2016
2014-07-12,8.5799904,original,pre-2016
2014-07-13,8.4667232,original,pre-2016
2014-07-14,8.4667232,original,pre-2016
2014-07-15,8.2968224,original,pre-2016
2014-07-16,8.2968224,original,pre-2016
2014-07-17,8.070288,original,pre-2016
2014-07-18,6.200791821568,rating_curve_long_gap,pre-2016
2014-07-19,6.507536094303147,rating_curve_long_gap,pre-2016
2014-07-20,6.202523785535327,rating_curve_long_gap,pre-2016
2014-07-21,5.943608999668482,rating_curve_long_gap,pre-2016
2014-07-22,5.518553738752001,rating_curve_long_gap,pre-2016
2014-07-23,7.5322688,original,pre-2016
2014-07-24,7.5605856,original,pre-2016
2014-07-25,7.2774176,original,pre-2016
2014-07-26,7.6319675333333326,original,pre-2016
2014-07-27,8.070288,original,pre-2016
2014-07-28,8.196533733333332,original,pre-2016
2014-07-29,8.180310566666668,original,pre-2016
2014-07-30,8.212166966666667,original,pre-2016
2014-07-31,8.3251392,original,pre-2016
2014-08-01,8.4384064,original,pre-2016
2014-08-02,8.2968224,original,pre-2016
2014-08-03,8.141374966666667,original,pre-2016
2014-08-04,8.642228366666668,original,pre-2016
2014-08-05,8.636624,original,pre-2016
2014-08-06,8.4525648,interpolated,pre-2016
2014-08-07,8.2685056,interpolated,pre-2016
2014-08-08,8.0844464,interpolated,pre-2016
2014-08-09,7.9003872,original,pre-2016
2014-08-10,8.048460466666667,original,pre-2016
2014-08-11,8.787056999999999,original,pre-2016
2014-08-12,8.682933766666666,original,pre-2016
2014-08-13,8.551673599999999,original,pre-2016
2014-08-14,8.5171625,original,pre-2016
2014-08-15,8.5799904,original,pre-2016
2014-08-16,8.6083072,original,pre-2016
2014-08-17,8.5233568,original,pre-2016
2014-08-18,8.6437032,original,pre-2016
2014-08-19,8.8065248,original,pre-2016
2014-08-20,8.838971133333333,original,pre-2016
2014-08-21,8.902094,original,pre-2016
2014-08-22,9.112995166666668,original,pre-2016
2014-08-23,9.0047424,original,pre-2016
2014-08-24,8.919792,original,pre-2016
2014-08-25,8.790950559999999,original,pre-2016
2014-08-26,6.053909823363289,rating_curve_long_gap,pre-2016
2014-08-27,6.129843910347522,rating_curve_long_gap,pre-2016
2014-08-28,6.135978589796929,rating_curve_long_gap,pre-2016
2014-08-29,6.10632913020928,rating_curve_long_gap,pre-2016
2014-08-30,6.129353333047625,rating_curve_long_gap,pre-2016
2014-08-31,6.296080504936627,rating_curve_long_gap,pre-2016
2014-09-01,6.170910105872286,rating_curve_long_gap,pre-2016
2014-09-02,6.082881611872001,rating_curve_long_gap,pre-2016
2014-09-03,6.094841211947386,rating_curve_long_gap,pre-2016
2014-09-04,5.966652947200001,rating_curve_long_gap,pre-2016
2014-09-05,5.956562943800547,rating_curve_long_gap,pre-2016
2014-09-06,5.958243716983159,rating_curve_long_gap,pre-2016
2014-09-07,6.036188360600321,rating_curve_long_gap,pre-2016
2014-09-08,5.966652947200001,rating_curve_long_gap,pre-2016
2014-09-09,5.997482840043521,rating_curve_long_gap,pre-2016
2014-09-10,6.036188360600321,rating_curve_long_gap,pre-2016
2014-09-11,6.036188360600321,rating_curve_long_gap,pre-2016
2014-09-12,6.107307569814498,rating_curve_long_gap,pre-2016
2014-09-13,6.126655679731837,rating_curve_long_gap,pre-2016
2014-09-14,6.01294262766592,rating_curve_long_gap,pre-2016
2014-09-15,6.026736669454685,rating_curve_long_gap,pre-2016
2014-09-16,6.163025369790127,rating_curve_long_gap,pre-2016
2014-09-17,6.815566045408,rating_curve_long_gap,pre-2016
2014-09-18,6.421327885448001,rating_curve_long_gap,pre-2016
2014-09-19,6.153425952286721,rating_curve_long_gap,pre-2016
2014-09-20,6.018263833921507,rating_curve_long_gap,pre-2016
2014-09-21,5.943608999668482,rating_curve_long_gap,pre-2016
2014-09-22,5.948164442191278,rating_curve_long_gap,pre-2016
2014-09-23,5.9772372354725825,rating_curve_long_gap,pre-2016
2014-09-24,5.945526759602321,rating_curve_long_gap,pre-2016
2014-09-25,5.920632313937921,rating_curve_long_gap,pre-2016
2014-09-26,5.943608999668482,rating_curve_long_gap,pre-2016
2014-09-27,5.966652947200001,rating_curve_long_gap,pre-2016
2014-09-28,5.945526759602321,rating_curve_long_gap,pre-2016
2014-09-29,5.967133744680744,rating_curve_long_gap,pre-2016
2014-09-30,5.997724169326384,rating_curve_long_gap,pre-2016
2014-10-01,6.059501355335682,rating_curve_long_gap,pre-2016
2014-10-02,6.10632913020928,rating_curve_long_gap,pre-2016
2014-10-03,6.256890128194506,rating_curve_long_gap,pre-2016
2014-10-04,6.27234508899712,rating_curve_long_gap,pre-2016
2014-10-05,6.183244967664288,rating_curve_long_gap,pre-2016
2014-10-06,6.129843910347522,rating_curve_long_gap,pre-2016
2014-10-07,6.045408378209906,rating_curve_long_gap,pre-2016
2014-10-08,6.036188360600321,rating_curve_long_gap,pre-2016
2014-10-09,6.038856229257937,rating_curve_long_gap,pre-2016
2014-10-10,6.059501355335682,rating_curve_long_gap,pre-2016
2014-10-11,6.0911782487985064,rating_curve_long_gap,pre-2016
2014-10-12,6.238729120947728,rating_curve_long_gap,pre-2016
2014-10-13,6.226064371420945,rating_curve_long_gap,pre-2016
2014-10-14,6.27234508899712,rating_curve_long_gap,pre-2016
2014-10-15,6.011492002659505,rating_curve_long_gap,pre-2016
2014-10-16,5.852105827552002,rating_curve_long_gap,pre-2016
2014-10-17,5.9029670254503035,rating_curve_long_gap,pre-2016
2014-10-18,5.940014458761787,rating_curve_long_gap,pre-2016
2014-10-19,5.966652947200001,rating_curve_long_gap,pre-2016
2014-10-20,5.989764156532481,rating_curve_long_gap,pre-2016
2014-10-21,6.00366316779643,rating_curve_long_gap,pre-2016
2014-10-22,5.968262468197993,rating_curve_long_gap,pre-2016
2014-10-23,5.933019275917534,rating_curve_long_gap,pre-2016
2014-10-24,5.897722890008319,rating_curve_long_gap,pre-2016
2014-10-25,5.896055042243406,rating_curve_long_gap,pre-2016
2014-10-26,5.900344516177775,rating_curve_long_gap,pre-2016
2014-10-27,5.78418469737472,rating_curve_long_gap,pre-2016
2014-10-28,5.893673022940906,rating_curve_long_gap,pre-2016
2014-10-29,5.904261576253415,rating_curve_long_gap,pre-2016
2014-10-30,5.870605310610745,rating_curve_long_gap,pre-2016
2014-10-31,8.180574484210526,original,pre-2016
2014-11-01,8.188274666666667,original,pre-2016
2014-11-02,7.9003872,original,pre-2016
2014-11-03,7.462656666666667,original,pre-2016
2014-11-04,7.1417329333333335,original,pre-2016
2014-11-05,7.355878733333332,original,pre-2016
2014-11-06,8.207152533333332,original,pre-2016
2014-11-07,8.1640874,original,pre-2016
2014-11-08,8.123676966666666,original,pre-2016
2014-11-09,8.085921233333332,original,pre-2016
2014-11-10,7.9570208,original,pre-2016
2014-11-11,7.9251644,original,pre-2016
2014-11-12,8.1552384,original,pre-2016
2014-11-13,8.1835552,original,pre-2016
2014-11-14,8.115122933333332,original,pre-2016
2014-11-15,7.946107033333333,original,pre-2016
2014-11-16,7.813667,original,pre-2016
2014-11-17,8.8021003,original,pre-2016
2014-11-18,8.543414533333333,original,pre-2016
2014-11-19,8.178540766666668,original,pre-2016
2014-11-20,8.042266166666668,original,pre-2016
2014-11-21,7.928704,original,pre-2016
2014-11-22,7.9003872,original,pre-2016
2014-11-23,7.984747666666667,original,pre-2016
2014-11-24,7.9086462666666675,original,pre-2016
2014-11-25,7.854962333333333,original,pre-2016
2014-11-26,7.7853502,original,pre-2016
2014-11-27,7.8517177,original,pre-2016
2014-11-28,7.8154368,original,pre-2016
2014-11-29,7.7304864,original,pre-2016
2014-11-30,7.8154368,original,pre-2016
2014-12-01,7.798033766666667,original,pre-2016
2014-12-02,7.8959627,original,pre-2016
2014-12-03,7.8720704,original,pre-2016
2014-12-04,7.928704,original,pre-2016
2014-12-05,7.945222133333333,original,pre-2016
2014-12-06,7.78712,original,pre-2016
2014-12-07,7.7588032,original,pre-2016
2014-12-08,7.741695133333333,original,pre-2016
2014-12-09,7.7304864,original,pre-2016
2014-12-10,7.4729805,original,pre-2016
2014-12-11,7.3614831,original,pre-2016
2014-12-12,7.4092677,original,pre-2016
2014-12-13,7.5322688,original,pre-2016
2014-12-14,7.362368,original,pre-2016
2014-12-15,7.362368,original,pre-2016
2014-12-16,7.516635566666667,original,pre-2016
2014-12-17,7.503952,original,pre-2016
2014-12-18,7.6172192,original,pre-2016
2014-12-19,7.960855366666667,original,pre-2016
2014-12-20,9.4011776,original,pre-2016
2014-12-21,8.5233568,original,pre-2016
2014-12-22,8.3251392,original,pre-2016
2014-12-23,10.0807808,original,pre-2016
2014-12-24,13.6955973,original,pre-2016
2014-12-25,9.3728608,original,pre-2016
2014-12-26,8.620400833333333,original,pre-2016
2014-12-27,9.2781765,original,pre-2016
2014-12-28,10.5904832,original,pre-2016
2014-12-29,9.5710784,original,pre-2016
2014-12-30,9.0047424,original,pre-2016
2014-12-31,8.636624,original,pre-2016
2015-01-01,8.5799904,original,pre-2016
2015-01-02,8.6649408,original,pre-2016
2015-01-03,8.551673599999999,original,pre-2016
2015-01-04,9.061376,original,pre-2016
2015-01-05,8.7215744,original,pre-2016
2015-01-06,8.49504,original,pre-2016
2015-01-07,8.5233568,original,pre-2016
2015-01-08,8.3251392,original,pre-2016
2015-01-09,8.475742625185186,original,pre-2016
2015-01-10,8.353456,original,pre-2016
2015-01-11,8.385607366666667,original,pre-2016
2015-01-12,8.486191,original,pre-2016
2015-01-13,8.6339693,original,pre-2016
2015-01-14,8.551673599999999,original,pre-2016
2015-01-15,9.1180096,original,pre-2016
2015-01-16,8.9233316,original,pre-2016
2015-01-17,8.4985796,original,pre-2016
2015-01-18,8.387672133333332,original,pre-2016
2015-01-19,8.4100896,original,pre-2016
2015-01-20,8.5799904,original,pre-2016
2015-01-21,8.504183966666668,original,pre-2016
2015-01-22,9.4011776,original,pre-2016
2015-01-23,16.3724198,original,pre-2016
2015-01-24,8.1835552,original,pre-2016
2015-01-25,7.1924672,original,pre-2016
2015-01-26,8.345786866666668,original,pre-2016
2015-01-27,8.300951933333332,original,pre-2016
2015-01-28,8.341362366666667,original,pre-2016
2015-01-29,8.6649408,original,pre-2016
2015-01-30,8.6675955,original,pre-2016
2015-01-31,8.2808942,original,pre-2016
2015-02-01,8.463478566666668,original,pre-2016
2015-02-02,8.4056651,original,pre-2016
2015-02-03,8.0986048,original,pre-2016
2015-02-04,10.3922656,original,pre-2016
2015-02-05,11.263597133333333,original,pre-2016
2015-02-06,9.2879104,original,pre-2016
2015-02-07,8.7215744,original,pre-2016
2015-02-08,8.6083072,original,pre-2016
2015-02-09,8.731603266666667,original,pre-2016
2015-02-10,8.693257599999999,original,pre-2016
2015-02-11,8.636624,original,pre-2016
2015-02-12,8.269685466666667,original,pre-2016
2015-02-13,7.5889024,original,pre-2016
2015-02-14,7.8437536,original,pre-2016
2015-02-15,8.311570733333333,original,pre-2016
2015-02-16,8.6083072,original,pre-2016
2015-02-17,8.6083072,original,pre-2016
2015-02-18,8.353456,original,pre-2016
2015-02-19,8.372628833333332,original,pre-2016
2015-02-20,8.1835552,original,pre-2016
2015-02-21,8.2401888,original,pre-2016
2015-02-22,8.5791055,original,pre-2016
2015-02-23,8.778208,original,pre-2016
2015-02-24,8.6649408,original,pre-2016
2015-02-25,8.778208,original,pre-2016
2015-02-26,8.7215744,original,pre-2016
2015-02-27,8.634559233333333,original,pre-2016
2015-02-28,8.507133633333332,original,pre-2016
2015-03-01,8.624825333333332,original,pre-2016
2015-03-02,12.317808,original,pre-2016
2015-03-03,10.0807808,original,pre-2016
2015-03-04,9.2595936,original,pre-2016
2015-03-05,9.1463264,original,pre-2016
2015-03-06,8.860208733333332,original,pre-2016
2015-03-07,8.792956333333333,original,pre-2016
2015-03-08,8.8304171,original,pre-2016
2015-03-09,8.902978899999999,original,pre-2016
2015-03-10,8.9481088,original,pre-2016
2015-03-11,9.061376,original,pre-2016
2015-03-12,8.887640633333334,original,pre-2016
2015-03-13,10.476036133333333,original,pre-2016
2015-03-14,10.618210066666666,original,pre-2016
2015-03-15,9.437753466666667,original,pre-2016
2015-03-16,9.134527733333332,original,pre-2016
2015-03-17,8.9649219,original,pre-2016
2015-03-18,8.7737835,original,pre-2016
2015-03-19,8.761099933333332,original,pre-2016
2015-03-20,8.6906029,original,pre-2016
2015-03-21,8.693257599999999,original,pre-2016
2015-03-22,8.715970033333333,original,pre-2016
2015-03-23,8.718329766666667,original,pre-2016
2015-03-24,8.8065248,original,pre-2016
2015-03-25,8.922741666666667,original,pre-2016
2015-03-26,9.090282733333332,original,pre-2016
2015-03-27,9.066390433333332,original,pre-2016
2015-03-28,8.651825650526314,original,pre-2016
2015-03-29,8.9764256,original,pre-2016
2015-03-30,8.9481088,original,pre-2016
2015-03-31,8.975835666666667,original,pre-2016
2015-04-01,8.9764256,original,pre-2016
2015-04-02,8.919792,original,pre-2016
2015-04-03,8.915957433333332,original,pre-2016
2015-04-04,9.049577333333332,original,pre-2016
2015-04-05,8.9764256,original,pre-2016
2015-04-06,9.0534119,original,pre-2016
2015-04-07,9.022735366666668,original,pre-2016
2015-04-08,8.983799766666667,original,pre-2016
2015-04-09,8.895309766666667,original,pre-2016
2015-04-10,9.097361933333334,original,pre-2016
2015-04-11,9.468135033333333,original,pre-2016
2015-04-12,13.395911166666666,original,pre-2016
2015-04-13,13.2522624,original,pre-2016
2015-04-14,17.386515199999998,original,pre-2016
2015-04-15,15.857408,original,pre-2016
2015-04-16,12.672062966666667,original,pre-2016
2015-04-17,11.730529366666667,original,pre-2016
2015-04-18,13.2805792,original,pre-2016
2015-04-19,11.5532544,original,pre-2016
2015-04-20,9.219478133333332,original,pre-2016
2015-04-21,8.881446333333333,original,pre-2016
2015-04-22,9.070225,original,pre-2016
2015-04-23,9.2728671,original,pre-2016
2015-04-24,9.4250699,original,pre-2016
2015-04-25,11.6948384,original,pre-2016
2015-04-26,11.8647392,original,pre-2016
2015-04-27,14.441568,original,pre-2016
2015-04-28,13.1106784,original,pre-2016
2015-04-29,10.5055328,original,pre-2016
2015-04-30,9.5710784,original,pre-2016
2015-05-01,9.0622609,original,pre-2016
2015-05-02,8.963608522105263,original,pre-2016
2015-05-03,8.833366766666668,original,pre-2016
2015-05-04,8.735437833333332,original,pre-2016
2015-05-05,8.735142866666667,original,pre-2016
2015-05-06,8.8348416,original,pre-2016
2015-05-07,8.739862333333333,original,pre-2016
2015-05-08,8.765229466666668,original,pre-2016
2015-05-09,8.746646566666668,original,pre-2016
2015-05-10,8.546659166666666,original,pre-2016
2015-05-11,8.6649408,original,pre-2016
2015-05-12,8.574975966666667,original,pre-2016
2015-05-13,8.971116199999999,original,pre-2016
2015-05-14,8.654027033333334,original,pre-2016
2015-05-15,8.9826199,original,pre-2016
2015-05-16,10.788700799999999,original,pre-2016
2015-05-17,9.2879104,original,pre-2016
2015-05-18,9.0047424,original,pre-2016
2015-05-19,9.5427616,original,pre-2016
2015-05-20,9.8825632,original,pre-2016
2015-05-21,9.5427616,original,pre-2016
2015-05-22,8.8065248,original,pre-2016
2015-05-23,8.685588466666667,original,pre-2016
2015-05-24,8.697092166666668,original,pre-2016
2015-05-25,9.3728608,original,pre-2016
2015-05-26,10.289912166666667,original,pre-2016
2015-05-27,10.706110133333333,original,pre-2016
2015-05-28,10.6188,original,pre-2016
2015-05-29,9.4374585,original,pre-2016
2015-05-30,9.1401321,original,pre-2016
2015-05-31,11.723155199999999,original,pre-2016
2015-06-01,13.308895999999999,original,pre-2016
2015-06-02,10.9267452,original,pre-2016
2015-06-03,9.182017366666667,original,pre-2016
2015-06-04,10.9586016,original,pre-2016
2015-06-05,13.4610988,original,pre-2016
2015-06-06,9.8825632,original,pre-2016
2015-06-07,9.0896928,original,pre-2016
2015-06-08,8.913892666666667,original,pre-2016
2015-06-09,10.5621664,original,pre-2016
2015-06-10,10.9860335,original,pre-2016
2015-06-11,10.990752966666667,original,pre-2016
2015-06-12,11.002551633333333,original,pre-2016
2015-06-13,10.930284799999999,original,pre-2016
2015-06-14,9.20296,original,pre-2016
2015-06-15,8.856374166666667,original,pre-2016
2015-06-16,8.6074223,original,pre-2016
2015-06-17,8.474982266666666,original,pre-2016
2015-06-18,8.376758366666667,original,pre-2016
2015-06-19,8.400945633333333,original,pre-2016
2015-06-20,8.299182133333332,original,pre-2016
2015-06-21,8.353456,original,pre-2016
2015-06-22,8.3950463,original,pre-2016
2015-06-23,8.4384064,original,pre-2016
2015-06-24,8.506248733333333,original,pre-2016
2015-06-25,8.559342733333333,original,pre-2016
2015-06-26,8.9481088,original,pre-2016
2015-06-27,8.544299433333332,original,pre-2016
2015-06-28,9.628891866666667,original,pre-2016
2015-06-29,10.1489181,original,pre-2016
2015-06-30,8.801510366666667,original,pre-2016
2015-07-01,8.392096633333333,original,pre-2016
2015-07-02,8.974065866666667,original,pre-2016
2015-07-03,8.5799904,original,pre-2016
2015-07-04,8.6649408,original,pre-2016
2015-07-05,8.724819033333333,original,pre-2016
2015-07-06,8.492975233333333,original,pre-2016
2015-07-07,8.429852366666667,original,pre-2016
2015-07-08,8.4384064,original,pre-2016
2015-07-09,9.0073971,original,pre-2016
2015-07-10,8.789121766666668,original,pre-2016
2015-07-11,8.767294233333333,original,pre-2016
2015-07-12,8.6534371,original,pre-2016
2015-07-13,8.656386766666667,original,pre-2016
2015-07-14,8.593853833333332,original,pre-2016
2015-07-15,8.566421933333332,original,pre-2016
2015-07-16,8.674379733333332,original,pre-2016
2015-07-17,8.632789433333333,original,pre-2016
2015-07-18,8.8259926,original,pre-2016
2015-07-19,8.754610666666666,original,pre-2016
2015-07-20,9.344543999999999,original,pre-2016
2015-07-21,9.2312768,original,pre-2016
2015-07-22,9.080548833333333,original,pre-2016
2015-07-23,8.7498912,original,pre-2016
2015-07-24,8.683228733333333,original,pre-2016
2015-07-25,8.693257599999999,original,pre-2016
2015-07-26,8.6251203,original,pre-2016
2015-07-27,8.5233568,original,pre-2016
2015-07-28,8.49504,original,pre-2016
2015-07-29,8.22957,original,pre-2016
2015-07-30,8.4454856,original,pre-2016
2015-07-31,8.693257599999999,original,pre-2016
2015-08-01,8.765229466666668,original,pre-2016
2015-08-02,8.7215744,original,pre-2016
2015-08-03,8.636624,original,pre-2016
2015-08-04,8.673494833333333,original,pre-2016
2015-08-05,8.4100896,original,pre-2016
2015-08-06,8.2401888,original,pre-2016
2015-08-07,8.1623176,original,pre-2016
2015-08-08,8.1552384,original,pre-2016
2015-08-09,8.193879033333333,original,pre-2016
2015-08-10,8.2401888,original,pre-2016
2015-08-11,8.441651033333333,original,pre-2016
2015-08-12,8.323664366666668,original,pre-2016
2015-08-13,8.3251392,original,pre-2016
2015-08-14,8.353456,original,pre-2016
2015-08-15,8.2968224,original,pre-2016
2015-08-16,8.285613666666666,original,pre-2016
2015-08-17,8.5799904,original,pre-2016
2015-08-18,8.3817728,original,pre-2016
2015-08-19,8.8631584,original,pre-2016
2015-08-20,8.4667232,original,pre-2016
2015-08-21,8.778208,original,pre-2016
2015-08-22,8.4667232,original,pre-2016
2015-08-23,8.4384064,original,pre-2016
2015-08-24,8.4100896,original,pre-2016
2015-08-25,8.2968224,original,pre-2016
2015-08-26,8.2968224,original,pre-2016
2015-08-27,8.484126233333333,original,pre-2016
2015-08-28,8.447845333333333,original,pre-2016
2015-08-29,8.441651033333333,original,pre-2016
2015-08-30,8.692667666666667,original,pre-2016
2015-08-31,9.1374774,original,pre-2016
2015-09-01,9.070225,original,pre-2016
2015-09-02,8.582280729411764,original,pre-2016
2015-09-03,8.618336066666668,original,pre-2016
2015-09-04,8.8056399,original,pre-2016
2015-09-05,9.1604848,original,pre-2016
2015-09-06,9.059901166666666,original,pre-2016
2015-09-07,8.916547366666666,original,pre-2016
2015-09-08,9.0330592,original,pre-2016
2015-09-09,9.100606566666666,original,pre-2016
2015-09-10,9.128038466666666,original,pre-2016
2015-09-11,9.926513233333333,original,pre-2016
2015-09-12,9.9391968,original,pre-2016
2015-09-13,9.0047424,original,pre-2016
2015-09-14,8.557038888421053,original,pre-2016
2015-09-15,8.224850533333333,original,pre-2016
2015-09-16,8.3817728,original,pre-2016
2015-09-17,8.2401888,original,pre-2016
2015-09-18,8.147569266666666,original,pre-2016
2015-09-19,8.0986048,original,pre-2016
2015-09-20,8.0136544,original,pre-2016
2015-09-21,8.131936033333332,original,pre-2016
2015-09-22,8.147864233333333,original,pre-2016
2015-09-23,8.0136544,original,pre-2016
2015-09-24,8.061144033333333,original,pre-2016
2015-09-25,8.079431966666666,original,pre-2016
2015-09-26,7.9841577333333325,original,pre-2016
2015-09-27,8.2401888,original,pre-2016
2015-09-28,8.2968224,original,pre-2016
2015-09-29,8.256706933333332,original,pre-2016
2015-09-30,8.4384064,original,pre-2016
2015-10-01,8.493565166666666,original,pre-2016
2015-10-02,7.7481843999999995,original,pre-2016
2015-10-03,7.6853565,original,pre-2016
2015-10-04,7.869710666666667,original,pre-2016
2015-10-05,7.8437536,original,pre-2016
2015-10-06,7.998906066666667,original,pre-2016
2015-10-07,7.665593733333333,original,pre-2016
2015-10-08,7.295410566666667,original,pre-2016
2015-10-09,7.111351366666666,original,pre-2016
2015-10-10,7.006933166666666,original,pre-2016
2015-10-11,6.796032,original,pre-2016
2015-10-12,6.796032,original,pre-2016
2015-10-13,6.8526656,original,pre-2016
2015-10-14,6.9508895,original,pre-2016
2015-10-15,6.9092991999999995,original,pre-2016
2015-10-16,6.911658933333333,original,pre-2016
2015-10-17,6.7110816,original,pre-2016
2015-10-18,6.688664133333334,original,pre-2016
2015-10-19,6.8809824,original,pre-2016
2015-10-20,6.9092991999999995,original,pre-2016
2015-10-21,6.8809824,original,pre-2016
2015-10-22,6.937616,original,pre-2016
2015-10-23,6.9942496,original,pre-2016
2015-10-24,7.216949433333333,original,pre-2016
2015-10-25,15.5176064,original,pre-2016
2015-10-26,23.6480676,original,pre-2016
2015-10-27,15.7237881,original,pre-2016
2015-10-28,10.5338496,original,pre-2016
2015-10-29,9.266082866666666,original,pre-2016
2015-10-30,8.310390866666667,original,pre-2016
2015-10-31,8.0419712,original,pre-2016
2015-11-01,13.020713566666666,original,pre-2016
2015-11-02,15.6308736,original,pre-2016
2015-11-03,11.8364224,original,pre-2016
2015-11-04,9.20296,original,pre-2016
2015-11-05,8.211872,original,pre-2016
2015-11-06,8.476162133333332,original,pre-2016
2015-11-07,11.1568192,original,pre-2016
2015-11-08,15.4609728,original,pre-2016
2015-11-09,12.0275608,original,pre-2016
2015-11-10,8.9764256,original,pre-2016
2015-11-11,8.246088133333332,original,pre-2016
2015-11-12,8.022208433333333,original,pre-2016
2015-11-13,8.7083009,original,pre-2016
2015-11-14,8.784992233333332,original,pre-2016
2015-11-15,8.636624,original,pre-2016
2015-11-16,8.624530366666667,original,pre-2016
2015-11-17,8.510378266666667,original,pre-2016
2015-11-18,15.6591904,original,pre-2016
2015-11-19,12.8558272,original,pre-2016
2015-11-20,10.4621727,original,pre-2016
2015-11-21,9.5710784,original,pre-2016
2015-11-22,9.6569137,original,pre-2016
2015-11-23,9.0047424,original,pre-2016
2015-11-24,8.9481088,original,pre-2016
2015-11-25,8.949288666666668,original,pre-2016
2015-11-26,8.9764256,original,pre-2016
2015-11-27,8.988050391578946,original,pre-2016
2015-11-28,9.0330592,original,pre-2016
2015-11-29,9.0711099,original,pre-2016
2015-11-30,9.138657266666668,original,pre-2016
2015-12-01,9.171693533333332,original,pre-2016
2015-12-02,9.223902633333333,original,pre-2016
2015-12-03,9.1746432,original,pre-2016
2015-12-04,9.2312768,original,pre-2016
2015-12-05,9.3162272,original,pre-2016
2015-12-06,9.486127999999999,original,pre-2016
2015-12-07,9.5144448,original,pre-2016
2015-12-08,9.486127999999999,original,pre-2016
2015-12-09,9.517689433333333,original,pre-2016
2015-12-10,9.6560288,original,pre-2016
2015-12-11,9.627122066666667,original,pre-2016
2015-12-12,9.573438133333333,original,pre-2016
2015-12-13,9.595265666666666,original,pre-2016
2015-12-14,10.3338622,original,pre-2016
2015-12-15,10.092529259574468,original,pre-2016
2015-12-16,10.5055328,original,pre-2016
2015-12-17,11.5249376,original,pre-2016
2015-12-18,10.4205824,original,pre-2016
2015-12-19,10.079011,original,pre-2016
2015-12-20,9.8825632,original,pre-2016
2015-12-21,11.185136,original,pre-2016
2015-12-22,15.7388314,original,pre-2016
2015-12-23,16.100165566666664,original,pre-2016
2015-12-24,14.555130166666665,original,pre-2016
2015-12-25,11.1895605,original,pre-2016
2015-12-26,10.335632,original,pre-2016
2015-12-27,10.2223648,original,pre-2016
2015-12-28,11.096646,original,pre-2016
2015-12-29,10.886629733333333,original,pre-2016
2015-12-30,11.8647392,original,pre-2016
2015-12-31,12.582983033333333,original,pre-2016
2016-01-01,13.0540448,original,post-2016
2016-01-02,11.6948384,original,post-2016
2016-01-03,11.0152352,original,post-2016
2016-01-04,10.787225966666668,original,post-2016
2016-01-05,10.6913618,original,post-2016
2016-01-06,10.507007633333332,original,post-2016
2016-01-07,10.7320672,original,post-2016
2016-01-08,10.7037504,original,post-2016
2016-01-09,12.366182533333333,original,post-2016
2016-01-10,11.5532544,original,post-2016
2016-01-11,10.6188,original,post-2016
2016-01-12,10.432676033333333,original,post-2016
2016-01-13,10.3294377,original,post-2016
2016-01-14,10.3382867,original,post-2016
2016-01-15,15.117336633333334,original,post-2016
2016-01-16,13.108613633333333,original,post-2016
2016-01-17,11.6948384,original,post-2016
2016-01-18,11.044141933333332,original,post-2016
2016-01-19,10.477216,original,post-2016
2016-01-20,10.512022066666667,original,post-2016
2016-01-21,10.8453344,original,post-2016
2016-01-22,11.5532544,original,post-2016
2016-01-23,10.829111233333332,original,post-2016
2016-01-24,10.477216,original,post-2016
2016-01-25,10.335632,original,post-2016
2016-01-26,11.468304,original,post-2016
2016-01-27,12.4027584,original,post-2016
2016-01-28,11.0718688,original,post-2016
2016-01-29,10.5055328,original,post-2016
2016-01-30,10.3639488,original,post-2016
2016-01-31,10.266314833333333,original,post-2016
2016-02-01,10.4205824,original,post-2016
2016-02-02,10.2223648,original,post-2016
2016-02-03,14.5265184,original,post-2016
2016-02-04,12.459392,original,post-2016
2016-02-05,11.043552,original,post-2016
2016-02-06,10.6188,original,post-2016
2016-02-07,10.407013933333333,original,post-2016
2016-02-08,10.337991733333332,original,post-2016
2016-02-09,10.0241472,original,post-2016
2016-02-10,10.0241472,original,post-2016
2016-02-11,9.9675136,original,post-2016
2016-02-12,10.0241472,original,post-2016
2016-02-13,10.115059031578948,original,post-2016
2016-02-14,9.972233066666668,original,post-2016
2016-02-15,10.1090976,original,post-2016
2016-02-16,10.292861833333333,original,post-2016
2016-02-17,10.2506816,original,post-2016
2016-02-18,10.105493643636363,original,post-2016
2016-02-19,5.76199057720026,rating_curve_long_gap,post-2016
2016-02-20,5.812769932609752,rating_curve_long_gap,post-2016
2016-02-21,5.863890396476421,rating_curve_long_gap,post-2016
2016-02-22,5.915351968800259,rating_curve_long_gap,post-2016
2016-02-23,11.377813356521738,original,post-2016
2016-02-24,17.839584,original,post-2016
2016-02-25,13.0540448,original,post-2016
2016-02-26,11.3550368,original,post-2016
2016-02-27,10.477216,original,post-2016
2016-02-28,10.181069466666667,original,post-2016
2016-02-29,10.1728104,original,post-2016
2016-03-01,10.137414399999999,original,post-2016
2016-03-02,10.277780473118279,original,post-2016
2016-03-03,10.141248966666668,original,post-2016
2016-03-04,10.278998399999999,original,post-2016
2016-03-05,10.2506816,original,post-2016
2016-03-06,10.194048,original,post-2016
2016-03-07,10.1338748,original,post-2016
2016-03-08,10.154522466666666,original,post-2016
2016-03-09,10.1506879,original,post-2016
2016-03-10,10.632368466666668,original,post-2016
2016-03-11,24.768056033333334,original,post-2016
2016-03-12,20.564486066666664,original,post-2016
2016-03-13,16.9201729,original,post-2016
2016-03-14,13.7469215,original,post-2016
2016-03-15,11.3488425,original,post-2016
2016-03-16,10.4488992,original,post-2016
2016-03-17,10.3073152,original,post-2016
2016-03-18,10.7037504,original,post-2016
2016-03-19,13.1956288,original,post-2016
2016-03-20,11.5249376,original,post-2016
2016-03-21,10.9417885,original,post-2016
2016-03-22,10.2506816,original,post-2016
2016-03-23,10.2506816,original,post-2016
2016-03-24,10.4205824,original,post-2016
2016-03-25,10.532374766666667,original,post-2016
2016-03-26,10.443884766666667,original,post-2016
2016-03-27,12.802143266666667,original,post-2016
2016-03-28,14.1584,original,post-2016
2016-03-29,12.211914966666667,original,post-2016
2016-03-30,10.760384,original,post-2016
2016-03-31,10.5338496,original,post-2016
2016-04-01,12.4310752,original,post-2016
2016-04-02,13.407414866666667,original,post-2016
2016-04-03,11.0718688,original,post-2016
2016-04-04,10.7037504,original,post-2016
2016-04-05,10.5621664,original,post-2016
2016-04-06,10.406129033333333,original,post-2016
2016-04-07,10.4400502,original,post-2016
2016-04-08,10.3639488,original,post-2016
2016-04-09,10.2816531,original,post-2016
2016-04-10,10.2506816,original,post-2016
2016-04-11,10.3639488,original,post-2016
2016-04-12,11.1568192,original,post-2016
2016-04-13,18.0156791,original,post-2016
2016-04-14,19.9067104,original,post-2016
2016-04-15,15.3193888,original,post-2016
2016-04-16,12.5443424,original,post-2016
2016-04-17,11.3833536,original,post-2016
2016-04-18,10.880140466666667,original,post-2016
2016-04-19,10.563641233333332,original,post-2016
2016-04-20,10.335632,original,post-2016
2016-04-21,10.3524451,original,post-2016
2016-04-22,10.4205824,original,post-2016
2016-04-23,10.278998399999999,original,post-2016
2016-04-24,10.1781198,original,post-2016
2016-04-25,10.255106099999999,original,post-2016
2016-04-26,10.231213799999999,original,post-2016
2016-04-27,10.311444733333333,original,post-2016
2016-04-28,10.431496166666667,original,post-2016
2016-04-29,10.306135333333332,original,post-2016
2016-04-30,11.609888,original,post-2016
2016-05-01,14.630346666666666,original,post-2016
2016-05-02,18.730088366666667,original,post-2016
2016-05-03,14.441568,original,post-2016
2016-05-04,11.786868,original,post-2016
2016-05-05,10.651246333333333,original,post-2016
2016-05-06,10.1329899,original,post-2016
2016-05-07,9.91088,original,post-2016
2016-05-08,9.8542464,original,post-2016
2016-05-09,9.91088,original,post-2016
2016-05-10,9.991700866666667,original,post-2016
2016-05-11,10.109687533333332,original,post-2016
2016-05-12,10.1657312,original,post-2016
2016-05-13,10.2223648,original,post-2016
2016-05-14,10.211746,original,post-2016
2016-05-15,10.1798896,original,post-2016
2016-05-16,10.1843141,original,post-2016
2016-05-17,11.182186333333332,original,post-2016
2016-05-18,12.374441599999999,original,post-2016
2016-05-19,13.5071136,original,post-2016
2016-05-20,15.57424,original,post-2016
2016-05-21,13.2522624,original,post-2016
2016-05-22,13.094160266666668,original,post-2016
2016-05-23,13.1009445,original,post-2016
2016-05-24,13.061124,original,post-2016
2016-05-25,12.9690944,original,post-2016
2016-05-26,13.0540448,original,post-2016
2016-05-27,12.9522813,original,post-2016
2016-05-28,12.9974112,original,post-2016
2016-05-29,12.9407776,original,post-2016
2016-05-30,12.884144,original,post-2016
2016-05-31,12.897712466666666,original,post-2016
2016-06-01,12.7991936,original,post-2016
2016-06-02,12.746689533333333,original,post-2016
2016-06-03,13.0823616,original,post-2016
2016-06-04,14.819420299999999,original,post-2016
2016-06-05,21.4641344,original,post-2016
2016-06-06,15.715824,original,post-2016
2016-06-07,13.9884992,original,post-2016
2016-06-08,13.2805792,original,post-2016
2016-06-09,13.0540448,original,post-2016
2016-06-10,12.9124608,original,post-2016
2016-06-11,12.954641033333333,original,post-2016
2016-06-12,13.391486666666667,original,post-2016
2016-06-13,13.1389952,original,post-2016
2016-06-14,12.998886033333333,original,post-2016
2016-06-15,12.8275104,original,post-2016
2016-06-16,12.74256,original,post-2016
2016-06-17,12.672062966666667,original,post-2016
2016-06-18,12.5443424,original,post-2016
2016-06-19,12.502457133333333,original,post-2016
2016-06-20,13.7619648,original,post-2016
2016-06-21,12.6576096,original,post-2016
2016-06-22,12.1470223,original,post-2016
2016-06-23,12.2045408,original,post-2016
2016-06-24,12.157936066666666,original,post-2016
2016-06-25,12.0629568,original,post-2016
2016-06-26,12.0328702,original,post-2016
2016-06-27,11.937890933333332,original,post-2016
2016-06-28,13.3858823,original,post-2016
2016-06-29,12.610119966666668,original,post-2016
2016-06-30,12.1195904,original,post-2016
2016-07-01,12.03464,original,post-2016
2016-07-02,11.891581166666667,original,post-2016
2016-07-03,11.751472,original,post-2016
2016-07-04,11.6665216,original,post-2016
2016-07-05,11.723155199999999,original,post-2016
2016-07-06,11.723155199999999,original,post-2016
2016-07-07,11.8647392,original,post-2016
2016-07-08,11.892466066666668,original,post-2016
2016-07-09,11.879487533333332,original,post-2016
2016-07-10,11.8815523,original,post-2016
2016-07-11,11.8364224,original,post-2016
2016-07-12,12.0912736,original,post-2016
2016-07-13,11.979186266666668,original,post-2016
2016-07-14,12.0912736,original,post-2016
2016-07-15,13.1106784,original,post-2016
2016-07-16,12.6292928,original,post-2016
2016-07-17,12.8275104,original,post-2016
2016-07-18,12.600976,original,post-2016
2016-07-19,12.4310752,original,post-2016
2016-07-20,12.317808,original,post-2016
2016-07-21,12.1479072,original,post-2016
2016-07-22,12.4310752,original,post-2016
2016-07-23,12.8275104,original,post-2016
2016-07-24,13.6203808,original,post-2016
2016-07-25,13.1106784,original,post-2016
2016-07-26,16.565328,original,post-2016
2016-07-27,19.4536416,original,post-2016
2016-07-28,16.0273088,original,post-2016
2016-07-29,14.03380608,original,post-2016
2016-07-30,12.4806296,original,post-2016
2016-07-31,11.9877403,original,post-2016
2016-08-01,12.4310752,original,post-2016
2016-08-02,12.002645693506492,original,post-2016
2016-08-03,12.1310941,original,post-2016
2016-08-04,13.1797006,original,post-2016
2016-08-05,12.03464,original,post-2016
2016-08-06,11.8364224,original,post-2016
2016-08-07,12.563220266666667,original,post-2016
2016-08-08,12.50572858181818,original,post-2016
2016-08-09,12.116736768992249,original,post-2016
2016-08-10,12.0629568,original,post-2016
2016-08-11,12.806223295104894,original,post-2016
2016-08-12,28.599968,original,post-2016
2016-08-13,36.49622566666667,original,post-2016
2016-08-14,37.00061866666667,original,post-2016
2016-08-15,13.163617316203414,rating_curve_long_gap,post-2016
2016-08-16,12.09967147870821,rating_curve_long_gap,post-2016
2016-08-17,11.08903397706447,rating_curve_long_gap,post-2016
2016-08-18,10.185013147123662,interpolated,post-2016
2016-08-19,9.280992317182852,interpolated,post-2016
2016-08-20,8.376971487242043,rating_curve_long_gap,post-2016
2016-08-21,7.57956732900416,rating_curve_long_gap,post-2016
2016-08-22,6.835471506617742,rating_curve_long_gap,post-2016
2016-08-23,12.821217777777777,original,post-2016
2016-08-24,12.539622933333332,original,post-2016
2016-08-25,12.320757666666667,original,post-2016
2016-08-26,12.582393099999999,original,post-2016
2016-08-27,12.534018566666667,original,post-2016
2016-08-28,13.121002233333332,original,post-2016
2016-08-29,12.956115866666668,original,post-2016
2016-08-30,13.327183933333332,original,post-2016
2016-08-31,12.6018609,original,post-2016
2016-09-01,12.4523128,original,post-2016
2016-09-02,12.412787266666667,original,post-2016
2016-09-03,12.6354871,original,post-2016
2016-09-04,13.540149866666667,original,post-2016
2016-09-05,12.885913799999999,original,post-2016
2016-09-06,13.414494066666666,original,post-2016
2016-09-07,13.1301462,original,post-2016
2016-09-08,12.521629966666667,original,post-2016
2016-09-09,12.360873133333333,original,post-2016
2016-09-10,12.590062233333333,original,post-2016
2016-09-11,12.892698033333332,original,post-2016
2016-09-12,14.342754166666667,original,post-2016
2016-09-13,13.070267966666668,original,post-2016
2016-09-14,12.507471566666666,original,post-2016
2016-09-15,12.232857599999999,original,post-2016
2016-09-16,13.4221632,original,post-2016
2016-09-17,14.983421766666666,original,post-2016
2016-09-18,13.327376437894737,original,post-2016
2016-09-19,12.5443424,original,post-2016
2016-09-20,12.03464,original,post-2016
2016-09-21,11.9780064,original,post-2016
2016-09-22,11.893056,original,post-2016
2016-09-23,12.0063232,original,post-2016
2016-09-24,12.0063232,original,post-2016
2016-09-25,11.8364224,original,post-2016
2016-09-26,11.7842133,original,post-2016
2016-09-27,11.973876866666666,original,post-2016
2016-09-28,11.8081056,original,post-2016
2016-09-29,11.817249566666668,original,post-2016
2016-09-30,11.6833347,original,post-2016
2016-10-01,11.581571199999999,original,post-2016
2016-10-02,11.632305466666667,original,post-2016
2016-10-03,11.6957233,original,post-2016
2016-10-04,11.688939066666666,original,post-2016
2016-10-05,11.32672,original,post-2016
2016-10-06,10.9869184,original,post-2016
2016-10-07,10.7320672,original,post-2016
2016-10-08,10.5904832,original,post-2016
2016-10-09,10.422647166666668,original,post-2016
2016-10-10,10.3073152,original,post-2016
2016-10-11,10.283127933333333,original,post-2016
2016-10-12,10.3825317,original,post-2016
2016-10-13,9.9675136,original,post-2016
2016-10-14,8.9277561,original,post-2016
2016-10-15,8.2711603,original,post-2016
2016-10-16,7.785055233333333,original,post-2016
2016-10-17,7.6747377,original,post-2016
2016-10-18,7.800900842666667,original,post-2016
2016-10-19,7.934308366666667,original,post-2016
2016-10-20,7.973538933333333,original,post-2016
2016-10-21,9.0215555,original,post-2016
2016-10-22,10.395215266666668,original,post-2016
2016-10-23,10.932644533333333,original,post-2016
2016-10-24,11.209913199999999,original,post-2016
2016-10-25,11.353856933333333,original,post-2016
2016-10-26,11.32672,original,post-2016
2016-10-27,11.4116704,original,post-2016
2016-10-28,11.462404666666668,original,post-2016
2016-10-29,11.32672,original,post-2016
2016-10-30,11.3603462,original,post-2016
2016-10-31,11.2984032,original,post-2016
2016-11-01,11.147675233333333,original,post-2016
2016-11-02,11.185136,original,post-2016
2016-11-03,11.229675966666667,original,post-2016
2016-11-04,11.1568192,original,post-2016
2016-11-05,11.1001856,original,post-2016
2016-11-06,11.043552,original,post-2016
2016-11-07,11.1355816,original,post-2016
2016-11-08,11.490721466666667,original,post-2016
2016-11-09,11.2700864,original,post-2016
2016-11-10,11.016710033333332,original,post-2016
2016-11-11,10.859787766666667,original,post-2016
2016-11-12,10.8170176,original,post-2016
2016-11-13,10.830881033333332,original,post-2016
2016-11-14,10.788700799999999,original,post-2016
2016-11-15,10.7320672,original,post-2016
2016-11-16,10.805808866666666,original,post-2016
2016-11-17,10.7037504,original,post-2016
2016-11-18,10.760384,original,post-2016
2016-11-19,10.8347156,original,post-2016
2016-11-20,10.6754336,original,post-2016
2016-11-21,10.7037504,original,post-2016
2016-11-22,10.634433233333333,original,post-2016
2016-11-23,10.678383266666668,original,post-2016
2016-11-24,10.731477266666667,original,post-2016
2016-11-25,10.6754336,original,post-2016
2016-11-26,10.604051666666667,original,post-2016
2016-11-27,10.5692456,original,post-2016
2016-11-28,10.441525033333333,original,post-2016
2016-11-29,10.451848866666667,original,post-2016
2016-11-30,10.794305166666668,original,post-2016
2016-12-01,10.8736512,original,post-2016
2016-12-02,10.7373766,original,post-2016
2016-12-03,10.740326266666667,original,post-2016
2016-12-04,10.929989833333332,original,post-2016
2016-12-05,12.4992125,original,post-2016
2016-12-06,14.3849344,original,post-2016
2016-12-07,12.729581466666668,original,post-2016
2016-12-08,11.6151974,original,post-2016
2016-12-09,11.0718688,original,post-2016
2016-12-10,11.022314399999999,original,post-2016
2016-12-11,10.9869184,original,post-2016
2016-12-12,10.9586016,original,post-2016
2016-12-13,11.0152352,original,post-2016
2016-12-14,11.2417696,original,post-2016
2016-12-15,11.285424666666668,original,post-2016
2016-12-16,11.068329199999999,original,post-2016
2016-12-17,10.996062366666667,original,post-2016
2016-12-18,11.893056,original,post-2016
2016-12-19,12.1479072,original,post-2016
2016-12-20,11.4267137,original,post-2016
2016-12-21,11.3833536,original,post-2016
2016-12-22,11.5152037,original,post-2016
2016-12-23,11.5249376,original,post-2016
2016-12-24,11.5098943,original,post-2016
2016-12-25,11.5249376,original,post-2016
2016-12-26,11.532311766666668,original,post-2016
2016-12-27,11.59219,original,post-2016
2016-12-28,11.6382048,original,post-2016
2016-12-29,11.647643733333332,original,post-2016
2016-12-30,11.736723666666666,original,post-2016
2016-12-31,11.702212566666667,original,post-2016
2017-01-01,14.576367766666666,original,post-2016
2017-01-02,18.4908704,original,post-2016
2017-01-03,16.1122592,original,post-2016
2017-01-04,14.016816,original,post-2016
2017-01-05,12.8558272,original,post-2016
2017-01-06,15.2061216,original,post-2016
2017-01-07,15.611995733333334,original,post-2016
2017-01-08,12.9690944,original,post-2016
2017-01-09,12.374441599999999,original,post-2016
2017-01-10,12.200706233333333,original,post-2016
2017-01-11,12.1479072,original,post-2016
2017-01-12,12.106906833333333,original,post-2016
2017-01-13,12.265893866666667,original,post-2016
2017-01-14,12.209555233333333,original,post-2016
2017-01-15,12.0912736,original,post-2016
2017-01-16,12.005733266666667,original,post-2016
2017-01-17,12.0063232,original,post-2016
2017-01-18,12.013697366666667,original,post-2016
2017-01-19,12.318397933333333,original,post-2016
2017-01-20,13.3372128,original,post-2016
2017-01-21,13.592064,original,post-2016
2017-01-22,12.9690944,original,post-2016
2017-01-23,12.382700666666667,original,post-2016
2017-01-24,12.1452525,original,post-2016
2017-01-25,12.1479072,original,post-2016
2017-01-26,12.2894912,original,post-2016
2017-01-27,12.232857599999999,original,post-2016
2017-01-28,12.2045408,original,post-2016
2017-01-29,12.232857599999999,original,post-2016
2017-01-30,12.232857599999999,original,post-2016
2017-01-31,12.3461248,original,post-2016
2017-02-01,12.4027584,original,post-2016
2017-02-02,12.5372632,original,post-2016
2017-02-03,12.696250233333332,original,post-2016
2017-02-04,12.561745433333332,original,post-2016
2017-02-05,12.4877088,original,post-2016
2017-02-06,12.4983276,original,post-2016
2017-02-07,12.4310752,original,post-2016
2017-02-08,12.027265833333333,original,post-2016
2017-02-09,12.2638291,original,post-2016
2017-02-10,12.311023766666667,original,post-2016
2017-02-11,12.317808,original,post-2016
2017-02-12,12.329901633333332,original,post-2016
2017-02-13,12.2894912,original,post-2016
2017-02-14,12.0912736,original,post-2016
2017-02-15,12.0629568,original,post-2016
2017-02-16,11.890696266666668,original,post-2016
2017-02-17,11.893056,original,post-2016
2017-02-18,12.2611744,original,post-2016
2017-02-19,11.9496896,original,post-2016
2017-02-20,11.9780064,original,post-2016
2017-02-21,12.9974112,original,post-2016
2017-02-22,12.6576096,original,post-2016
2017-02-23,12.1195904,original,post-2016
2017-02-24,11.9496896,original,post-2016
2017-02-25,11.9780064,original,post-2016
2017-02-26,11.753536766666667,original,post-2016
2017-02-27,11.893056,original,post-2016
2017-02-28,11.873293233333333,original,post-2016
2017-03-01,11.751472,original,post-2016
2017-03-02,11.7797888,original,post-2016
2017-03-03,11.6382048,original,post-2016
2017-03-04,11.6382048,original,post-2016
2017-03-05,11.587175566666668,original,post-2016
2017-03-06,11.581571199999999,original,post-2016
2017-03-07,12.6859264,original,post-2016
2017-03-08,13.670230166666666,original,post-2016
2017-03-09,12.2302029,original,post-2016
2017-03-10,11.9213728,original,post-2016
2017-03-11,11.883912033333333,original,post-2016
2017-03-12,13.0823616,original,post-2016
2017-03-13,13.032402674285713,original,post-2016
2017-03-14,12.853252945454546,original,post-2016
2017-03-15,12.633520655555555,original,post-2016
2017-03-16,12.5726592,original,post-2016
2017-03-17,12.7142432,original,post-2016
2017-03-18,12.8275104,original,post-2016
2017-03-19,12.9407776,original,post-2016
2017-03-20,12.884144,original,post-2016
2017-03-21,12.906856433333333,original,post-2016
2017-03-22,12.969684333333333,original,post-2016
2017-03-23,12.823380866666668,original,post-2016
2017-03-24,12.7319412,original,post-2016
2017-03-25,12.5726592,original,post-2016
2017-03-26,11.6382048,original,post-2016
2017-03-27,11.8081056,original,post-2016
2017-03-28,12.232857599999999,original,post-2016
2017-03-29,12.2611744,original,post-2016
2017-03-30,13.0425411,original,post-2016
2017-03-31,13.1389952,original,post-2016
2017-04-01,12.681206933333332,original,post-2016
2017-04-02,12.467946033333332,original,post-2016
2017-04-03,14.0566365,original,post-2016
2017-04-04,13.724798999999999,original,post-2016
2017-04-05,12.959655466666668,original,post-2016
2017-04-06,11.958243633333332,original,post-2016
2017-04-07,10.668649366666667,original,post-2016
2017-04-08,10.1949329,original,post-2016
2017-04-09,10.001434766666668,original,post-2016
2017-04-10,10.015593166666667,original,post-2016
2017-04-11,10.107607242105264,original,post-2016
2017-04-12,10.9364791,original,post-2016
2017-04-13,12.298045233333333,original,post-2016
2017-04-14,12.912755766666667,original,post-2016
2017-04-15,13.167311999999999,original,post-2016
2017-04-16,13.6203808,original,post-2016
2017-04-17,13.683503666666667,original,post-2016
2017-04-18,13.0823616,original,post-2016
2017-04-19,12.7142432,original,post-2016
2017-04-20,12.74256,original,post-2016
2017-04-21,12.7708768,original,post-2016
2017-04-22,12.600976,original,post-2016
2017-04-23,12.655544833333332,original,post-2016
2017-04-24,12.500392366666667,original,post-2016
2017-04-25,12.232857599999999,original,post-2016
2017-04-26,12.1195904,original,post-2016
2017-04-27,12.2894912,original,post-2016
2017-04-28,12.057352433333334,original,post-2016
2017-04-29,11.929041933333332,original,post-2016
2017-04-30,12.574429,original,post-2016
2017-05-01,12.833114766666666,original,post-2016
2017-05-02,12.232857599999999,original,post-2016
2017-05-03,20.5013632,original,post-2016
2017-05-04,31.204523666666667,original,post-2016
2017-05-05,22.060262033333334,original,post-2016
2017-05-06,17.531933766666665,original,post-2016
2017-05-07,14.672821866666665,original,post-2016
2017-05-08,12.993281666666666,original,post-2016
2017-05-09,12.4027584,original,post-2016
2017-05-10,12.196281733333333,original,post-2016
2017-05-11,12.182713266666667,original,post-2016
2017-05-12,13.703856366666667,original,post-2016
2017-05-13,15.780126733333335,original,post-2016
2017-05-14,13.025727999999999,original,post-2016
2017-05-15,12.0594172,original,post-2016
2017-05-16,11.660622266666667,original,post-2016
2017-05-17,12.295390533333332,original,post-2016
2017-05-18,12.183598166666666,original,post-2016
2017-05-19,12.2045408,original,post-2016
2017-05-20,12.1479072,original,post-2016
2017-05-21,12.5469971,original,post-2016
2017-05-22,14.335085033333332,original,post-2016
2017-05-23,13.469652833333333,original,post-2016
2017-05-24,12.884144,original,post-2016
2017-05-25,12.8558272,original,post-2016
2017-05-26,12.74256,original,post-2016
2017-05-27,12.7142432,original,post-2016
2017-05-28,12.656134766666668,original,post-2016
2017-05-29,14.5265184,original,post-2016
2017-05-30,17.0467136,original,post-2016
2017-05-31,16.423744,original,post-2016
2017-06-01,15.6591904,original,post-2016
2017-06-02,15.1778048,original,post-2016
2017-06-03,14.9512704,original,post-2016
2017-06-04,14.86632,original,post-2016
2017-06-05,16.463859466666666,original,post-2016
2017-06-06,22.950471433333334,original,post-2016
2017-06-07,18.122752,original,post-2016
2017-06-08,15.432656,original,post-2016
2017-06-09,14.125363733333332,original,post-2016
2017-06-10,13.250175898947369,original,post-2016
2017-06-11,12.966144733333334,original,post-2016
2017-06-12,14.692289666666666,original,post-2016
2017-06-13,14.3548478,original,post-2016
2017-06-14,13.396827115789474,original,post-2016
2017-06-15,12.885323866666667,original,post-2016
2017-06-16,12.4877088,original,post-2016
2017-06-17,12.3186929,original,post-2016
2017-06-18,12.2045408,original,post-2016
2017-06-19,12.2045408,original,post-2016
2017-06-20,12.03464,original,post-2016
2017-06-21,12.709523733333333,original,post-2016
2017-06-22,12.6859264,original,post-2016
2017-06-23,13.7053312,original,post-2016
2017-06-24,12.782970433333332,original,post-2016
2017-06-25,14.776945099999999,original,post-2016
2017-06-26,12.712178433333333,original,post-2016
2017-06-27,12.374441599999999,original,post-2016
2017-06-28,12.3470097,original,post-2016
2017-06-29,13.869332666666667,original,post-2016
2017-06-30,15.486339933333333,original,post-2016
2017-07-01,13.1956288,original,post-2016
2017-07-02,12.600976,original,post-2016
2017-07-03,12.317808,original,post-2016
2017-07-04,12.6576096,original,post-2016
2017-07-05,13.0823616,original,post-2016
2017-07-06,13.0823616,original,post-2016
2017-07-07,13.236924133333332,original,post-2016
2017-07-08,13.249902666666667,original,post-2016
2017-07-09,13.137520366666667,original,post-2016
2017-07-10,13.2239456,original,post-2016
2017-07-11,13.5637472,original,post-2016
2017-07-12,13.45048,original,post-2016
2017-07-13,13.6486976,original,post-2016
2017-07-14,13.4221632,original,post-2016
2017-07-15,12.9124608,original,post-2016
2017-07-16,12.9850226,original,post-2016
2017-07-17,12.907446366666667,original,post-2016
2017-07-18,13.6947124,original,post-2016
2017-07-19,14.344523966666667,original,post-2016
2017-07-20,15.139164166666665,original,post-2016
2017-07-21,14.183767133333333,original,post-2016
2017-07-22,14.123593933333332,original,post-2016
2017-07-23,16.8201792,original,post-2016
2017-07-24,16.303987533333334,original,post-2016
2017-07-25,13.5354304,original,post-2016
2017-07-26,12.7708768,original,post-2016
2017-07-27,12.467946033333332,original,post-2016
2017-07-28,12.234332433333332,original,post-2016
2017-07-29,12.0063232,original,post-2016
2017-07-30,12.1337488,original,post-2016
2017-07-31,11.9434953,original,post-2016
2017-08-01,11.934056366666667,original,post-2016
2017-08-02,11.8647392,original,post-2016
2017-08-03,16.9051296,original,post-2016
2017-08-04,16.3954272,original,post-2016
2017-08-05,13.9884992,original,post-2016
2017-08-06,13.308895999999999,original,post-2016
2017-08-07,12.7142432,original,post-2016
2017-08-08,13.7132953,original,post-2016
2017-08-09,14.1300832,original,post-2016
2017-08-10,16.097805833333336,original,post-2016
2017-08-11,14.609109066666665,original,post-2016
2017-08-12,15.6025568,original,post-2016
2017-08-13,18.413294166666667,original,post-2016
2017-08-14,14.724736,original,post-2016
2017-08-15,13.592064,original,post-2016
2017-08-16,13.581740166666666,original,post-2016
2017-08-17,12.5443424,original,post-2016
2017-08-18,12.227253233333332,original,post-2016
2017-08-19,12.070036,original,post-2016
2017-08-20,13.513602866666668,original,post-2016
2017-08-21,12.559680666666667,original,post-2016
2017-08-22,12.895942666666667,original,post-2016
2017-08-23,12.1479072,original,post-2016
2017-08-24,12.0912736,original,post-2016
2017-08-25,12.03464,original,post-2016
2017-08-26,12.0629568,original,post-2016
2017-08-27,12.590652166666667,original,post-2016
2017-08-28,13.6486976,original,post-2016
2017-08-29,25.7399712,original,post-2016
2017-08-30,24.5223488,original,post-2016
2017-08-31,18.0094848,original,post-2016
2017-09-01,15.589578266666665,original,post-2016
2017-09-02,13.6513523,original,post-2016
2017-09-03,12.509536333333333,original,post-2016
2017-09-04,12.1080867,original,post-2016
2017-09-05,12.03464,original,post-2016
2017-09-06,12.0063232,original,post-2016
2017-09-07,12.017236966666667,original,post-2016
2017-09-08,11.894530833333333,original,post-2016
2017-09-09,11.8647392,original,post-2016
2017-09-10,11.929041933333332,original,post-2016
2017-09-11,12.026085966666667,original,post-2016
2017-09-12,11.9735819,original,post-2016
2017-09-13,11.9213728,original,post-2016
2017-09-14,11.999833933333333,original,post-2016
2017-09-15,11.959128533333333,original,post-2016
2017-09-16,12.1965767,original,post-2016
2017-09-17,12.247016,original,post-2016
2017-09-18,12.065021566666667,original,post-2016
2017-09-19,11.9718121,original,post-2016
2017-09-20,11.948509733333333,original,post-2016
2017-09-21,12.3425852,original,post-2016
2017-09-22,12.374441599999999,original,post-2016
2017-09-23,12.1744542,original,post-2016
2017-09-24,12.0063232,original,post-2016
2017-09-25,12.0372947,original,post-2016
2017-09-26,11.893645933333332,original,post-2016
2017-09-27,11.688349133333332,original,post-2016
2017-09-28,11.7797888,original,post-2016
2017-09-29,11.775954233333332,original,post-2016
2017-09-30,11.733774,original,post-2016
2017-10-01,11.7054572,original,post-2016
2017-10-02,11.8647392,original,post-2016
2017-10-03,11.9629631,original,post-2016
2017-10-04,11.4399872,original,post-2016
2017-10-05,11.0718688,original,post-2016
2017-10-06,10.933234466666667,original,post-2016
2017-10-07,11.1001856,original,post-2016
2017-10-08,11.1010705,original,post-2016
2017-10-09,11.133221866666666,original,post-2016
2017-10-10,11.142955766666667,original,post-2016
2017-10-11,11.199589366666666,original,post-2016
2017-10-12,11.839667033333333,original,post-2016
2017-10-13,10.9586016,original,post-2016
2017-10-14,10.879550533333333,original,post-2016
2017-10-15,10.901968,original,post-2016
2017-10-16,10.930284799999999,original,post-2016
2017-10-17,10.750060166666668,original,post-2016
2017-10-18,10.5887134,original,post-2016
2017-10-19,10.5338496,original,post-2016
2017-10-20,10.5055328,original,post-2016
2017-10-21,10.5780946,original,post-2016
2017-10-22,11.2417696,original,post-2016
2017-10-23,11.428188533333334,original,post-2016
2017-10-24,11.450016066666667,original,post-2016
2017-10-25,11.368381498850574,original,post-2016
2017-10-26,11.1904454,original,post-2016
2017-10-27,11.4399872,original,post-2016
2017-10-28,11.943790266666667,original,post-2016
2017-10-29,11.614607466666667,original,post-2016
2017-10-30,11.467714066666668,original,post-2016
2017-10-31,11.272151166666667,original,post-2016
2017-11-01,11.3550368,original,post-2016
2017-11-02,11.723155199999999,original,post-2016
2017-11-03,11.7895227,original,post-2016
2017-11-04,11.6125427,original,post-2016
2017-11-05,11.4116704,original,post-2016
2017-11-06,11.553549366666667,original,post-2016
2017-11-07,11.537031233333332,original,post-2016
2017-11-08,11.6665216,original,post-2016
2017-11-09,11.609888,original,post-2016
2017-11-10,11.6382048,original,post-2016
2017-11-11,11.6665216,original,post-2016
2017-11-12,11.6665216,original,post-2016
2017-11-13,11.7797888,original,post-2016
2017-11-14,11.766220333333333,original,post-2016
2017-11-15,11.665341733333333,original,post-2016
2017-11-16,11.7196156,original,post-2016
2017-11-17,11.6948384,original,post-2016
2017-11-18,11.665341733333333,original,post-2016
2017-11-19,11.8072207,original,post-2016
2017-11-20,11.752651866666668,original,post-2016
2017-11-21,11.921077833333333,original,post-2016
2017-11-22,12.0780001,original,post-2016
2017-11-23,11.8647392,original,post-2016
2017-11-24,11.8364224,original,post-2016
2017-11-25,11.7797888,original,post-2016
2017-11-26,11.723155199999999,original,post-2016
2017-11-27,11.6382048,original,post-2016
2017-11-28,11.601039,original,post-2016
2017-11-29,11.609888,original,post-2016
2017-11-30,11.609888,original,post-2016
2017-12-01,11.570362466666667,original,post-2016
2017-12-02,11.5249376,original,post-2016
2017-12-03,11.5249376,original,post-2016
2017-12-04,11.5364413,original,post-2016
2017-12-05,11.562693333333332,original,post-2016
2017-12-06,12.459392,original,post-2016
2017-12-07,12.812762066666666,original,post-2016
2017-12-08,13.1956288,original,post-2016
2017-12-09,12.9690944,original,post-2016
2017-12-10,12.426060766666668,original,post-2016
2017-12-11,11.757961266666667,original,post-2016
2017-12-12,11.468304,original,post-2016
2017-12-13,11.217582333333333,original,post-2016
2017-12-14,11.0152352,original,post-2016
2017-12-15,10.8736512,original,post-2016
2017-12-16,11.0152352,original,post-2016
2017-12-17,15.2344384,original,post-2016
2017-12-18,17.638711699999998,original,post-2016
2017-12-19,16.0556256,original,post-2016
2017-12-20,13.1106784,original,post-2016
2017-12-21,11.9496896,original,post-2016
2017-12-22,11.3550368,original,post-2016
2017-12-23,11.198704466666667,original,post-2016
2017-12-24,11.0904517,original,post-2016
2017-12-25,11.043552,original,post-2016
2017-12-26,11.2134528,original,post-2016
2017-12-27,11.3196408,original,post-2016
2017-12-28,11.4116704,original,post-2016
2017-12-29,11.32672,original,post-2016
2017-12-30,11.043552,original,post-2016
2017-12-31,11.3550368,original,post-2016
2018-01-01,11.585405766666668,original,post-2016
2018-01-02,11.653248099999999,original,post-2016
2018-01-03,11.837012333333332,original,post-2016
2018-01-04,11.883912033333333,original,post-2016
2018-01-05,11.9355312,original,post-2016
2018-01-06,11.9213728,original,post-2016
2018-01-07,11.862379466666667,original,post-2016
2018-01-08,19.255424,original,post-2016
2018-01-09,16.3104768,original,post-2016
2018-01-10,14.327120933333333,original,post-2016
2018-01-11,12.8275104,original,post-2016
2018-01-12,12.969684333333333,original,post-2016
2018-01-13,12.541392733333332,original,post-2016
2018-01-14,11.871523433333333,original,post-2016
2018-01-15,11.5258225,original,post-2016
2018-01-16,11.546470166666667,original,post-2016
2018-01-17,11.559153733333332,original,post-2016
2018-01-18,10.814657866666668,original,post-2016
2018-01-19,10.7037504,original,post-2016
2018-01-20,11.043552,original,post-2016
2018-01-21,11.248553833333332,original,post-2016
2018-01-22,11.3815838,original,post-2016
2018-01-23,11.5320168,original,post-2016
2018-01-24,11.609888,original,post-2016
2018-01-25,11.6665216,original,post-2016
2018-01-26,11.770349866666667,original,post-2016
2018-01-27,18.547504,original,post-2016
2018-01-28,19.7368096,original,post-2016
2018-01-29,15.529995,original,post-2016
2018-01-30,12.4877088,original,post-2016
2018-01-31,12.148202166666668,original,post-2016
2018-02-01,12.0912736,original,post-2016
2018-02-02,12.176224,original,post-2016
2018-02-03,12.103072266666667,original,post-2016
2018-02-04,12.0912736,original,post-2016
2018-02-05,12.1479072,original,post-2016
2018-02-06,12.181828366666666,original,post-2016
2018-02-07,12.224303566666666,original,post-2016
2018-02-08,13.5637472,original,post-2016
2018-02-09,13.005080333333332,original,post-2016
2018-02-10,12.576493766666667,original,post-2016
2018-02-11,15.1778048,original,post-2016
2018-02-12,15.809033466666666,original,post-2016
2018-02-13,13.7566554,original,post-2016
2018-02-14,12.7991936,original,post-2016
2018-02-15,12.580033366666667,original,post-2016
2018-02-16,12.459392,original,post-2016
2018-02-17,12.375621466666667,original,post-2016
2018-02-18,12.589767266666668,original,post-2016
2018-02-19,12.555256166666666,original,post-2016
2018-02-20,12.6912358,original,post-2016
2018-02-21,12.7991936,original,post-2016
2018-02-22,12.9673246,original,post-2016
2018-02-23,13.2522624,original,post-2016
2018-02-24,13.202118066666667,original,post-2016
2018-02-25,12.9221947,original,post-2016
2018-02-26,13.901779,original,post-2016
2018-02-27,14.348063566666667,original,post-2016
2018-02-28,12.7142432,original,post-2016
2018-03-01,12.313088533333332,original,post-2016
2018-03-02,12.372081866666667,original,post-2016
2018-03-03,12.2611744,original,post-2016
2018-03-04,12.2753328,original,post-2016
2018-03-05,12.2894912,original,post-2016
2018-03-06,12.733121066666667,original,post-2016
2018-03-07,13.025727999999999,original,post-2016
2018-03-08,12.578263566666667,original,post-2016
2018-03-09,12.516025599999999,original,post-2016
2018-03-10,12.6416814,original,post-2016
2018-03-11,13.3372128,original,post-2016
2018-03-12,13.5637472,original,post-2016
2018-03-13,13.300341966666666,original,post-2016
2018-03-14,13.308895999999999,original,post-2016
2018-03-15,13.1956288,original,post-2016
2018-03-16,13.308895999999999,original,post-2016
2018-03-17,13.429832333333332,original,post-2016
2018-03-18,13.403285333333333,original,post-2016
2018-03-19,13.566106933333332,original,post-2016
2018-03-20,13.6486976,original,post-2016
2018-03-21,13.4221632,original,post-2016
2018-03-22,13.4513649,original,post-2016
2018-03-23,13.3372128,original,post-2016
2018-03-24,13.45048,original,post-2016
2018-03-25,13.4628686,original,post-2016
2018-03-26,13.3655296,original,post-2016
2018-03-27,13.2522624,original,post-2016
2018-03-28,13.2239456,original,post-2016
2018-03-29,13.990563966666667,original,post-2016
2018-03-30,14.441568,original,post-2016
2018-03-31,13.1389952,original,post-2016
2018-04-01,12.6576096,original,post-2016
2018-04-02,12.459392,original,post-2016
2018-04-03,12.2045408,original,post-2016
2018-04-04,12.9407776,original,post-2016
2018-04-05,12.459392,original,post-2016
2018-04-06,12.2178143,original,post-2016
2018-04-07,12.819546299999999,original,post-2016
2018-04-08,13.9318656,original,post-2016
2018-04-09,13.160822733333333,original,post-2016
2018-04-10,12.6292928,original,post-2016
2018-04-11,12.317808,original,post-2016
2018-04-12,12.317808,original,post-2016
2018-04-13,12.2045408,original,post-2016
2018-04-14,16.239979766666664,original,post-2016
2018-04-15,22.2738179,original,post-2016
2018-04-16,16.0556256,original,post-2016
2018-04-17,14.053686833333332,original,post-2016
2018-04-18,13.038244846376811,original,post-2016
2018-04-19,12.7708768,original,post-2016
2018-04-20,12.600976,original,post-2016
2018-04-21,12.4310752,original,post-2016
2018-04-22,12.6859264,original,post-2016
2018-04-23,12.6292928,original,post-2016
2018-04-24,12.575608866666666,original,post-2016
2018-04-25,12.571184366666667,original,post-2016
2018-04-26,12.5443424,original,post-2016
2018-04-27,12.4310752,original,post-2016
2018-04-28,12.4027584,original,post-2016
2018-04-29,12.459392,original,post-2016
2018-04-30,12.414852033333332,original,post-2016
2018-05-01,12.275627766666666,original,post-2016
2018-05-02,12.289786166666667,original,post-2016
2018-05-03,12.3381607,original,post-2016
2018-05-04,12.331376466666667,original,post-2016
2018-05-05,12.2894912,original,post-2016
2018-05-06,12.2611744,original,post-2016
2018-05-07,12.2425915,original,post-2016
2018-05-08,12.220469,original,post-2016
2018-05-09,12.045848733333333,original,post-2016
2018-05-10,12.0213665,original,post-2016
2018-05-11,11.966207733333333,original,post-2016
2018-05-12,12.2045408,original,post-2016
2018-05-13,12.3461248,original,post-2016
2018-05-14,12.338750633333333,original,post-2016
2018-05-15,12.2540952,original,post-2016
2018-05-16,12.375916433333332,original,post-2016
2018-05-17,12.5443424,original,post-2016
2018-05-18,12.516025599999999,original,post-2016
2018-05-19,12.444938633333333,original,post-2016
2018-05-20,12.388894966666667,original,post-2016
2018-05-21,12.6292928,original,post-2016
2018-05-22,12.9859075,original,post-2016
2018-05-23,13.3628749,original,post-2016
2018-05-24,13.389716866666667,original,post-2016
2018-05-25,13.875232,original,post-2016
2018-05-26,14.147191266666667,original,post-2016
2018-05-27,13.5354304,original,post-2016
2018-05-28,13.45048,original,post-2016
2018-05-29,13.1389952,original,post-2016
2018-05-30,13.025727999999999,original,post-2016
2018-05-31,13.0575844,original,post-2016
2018-06-01,12.9974112,original,post-2016
2018-06-02,12.9124608,original,post-2016
2018-06-03,12.9407776,original,post-2016
2018-06-04,13.2239456,original,post-2016
2018-06-05,13.2805792,original,post-2016
2018-06-06,13.500624333333333,original,post-2016
2018-06-07,13.150793866666667,original,post-2016
2018-06-08,12.976468566666666,original,post-2016
2018-06-09,12.9089212,original,post-2016
2018-06-10,12.9434323,original,post-2016
2018-06-11,13.1009445,original,post-2016
2018-06-12,13.1956288,original,post-2016
2018-06-13,13.818303433333332,original,post-2016
2018-06-14,13.4407461,original,post-2016
2018-06-15,13.1956288,original,post-2016
2018-06-16,13.295032566666666,original,post-2016
2018-06-17,12.8558272,original,post-2016
2018-06-18,14.2150336,original,post-2016
2018-06-19,13.9318656,original,post-2016
2018-06-20,13.3584504,original,post-2016
2018-06-21,12.672357933333332,original,post-2016
2018-06-22,12.374736566666668,original,post-2016
2018-06-23,12.232857599999999,original,post-2016
2018-06-24,12.141417933333333,original,post-2016
2018-06-25,12.2063106,original,post-2016
2018-06-26,12.432255066666666,original,post-2016
2018-06-27,12.463521533333333,original,post-2016
2018-06-28,12.576788733333332,original,post-2016
2018-06-29,12.432845,original,post-2016
2018-06-30,12.467651066666667,original,post-2016
2018-07-01,12.459392,original,post-2016
2018-07-02,12.361463066666667,original,post-2016
2018-07-03,12.8275104,original,post-2016
2018-07-04,12.634897166666667,original,post-2016
2018-07-05,12.6425663,original,post-2016
2018-07-06,12.634012266666668,original,post-2016
2018-07-07,12.9407776,original,post-2016
2018-07-08,12.884144,original,post-2016
2018-07-09,13.7053312,original,post-2016
2018-07-10,13.662856,original,post-2016
2018-07-11,13.404760166666668,original,post-2016
2018-07-12,14.0734496,original,post-2016
2018-07-13,13.359040333333333,original,post-2016
2018-07-14,13.027202833333332,original,post-2016
2018-07-15,12.8275104,original,post-2016
2018-07-16,12.721027433333333,original,post-2016
2018-07-17,12.644926033333332,original,post-2016
2018-07-18,12.795919981502891,original,post-2016
2018-07-19,12.790934533333333,original,post-2016
2018-07-20,12.5443424,original,post-2016
2018-07-21,12.374441599999999,original,post-2016
2018-07-22,12.2611744,original,post-2016
2018-07-23,12.212799866666668,original,post-2016
2018-07-24,12.267073733333334,original,post-2016
2018-07-25,12.2248935,original,post-2016
2018-07-26,11.9780064,original,post-2016
2018-07-27,11.954409066666667,original,post-2016
2018-07-28,12.095108166666668,original,post-2016
2018-07-29,12.418391633333332,original,post-2016
2018-07-30,12.2894912,original,post-2016
2018-07-31,12.1479072,original,post-2016
2018-08-01,12.433434933333332,original,post-2016
2018-08-02,12.241411633333332,original,post-2016
2018-08-03,12.2611744,original,post-2016
2018-08-04,12.5443424,original,post-2016
2018-08-05,12.675602566666667,original,post-2016
2018-08-06,12.176224,original,post-2016
2018-08-07,12.0629568,original,post-2016
2018-08-08,12.148202166666668,original,post-2016
2018-08-09,12.609530033333332,original,post-2016
2018-08-10,12.4877088,original,post-2016
2018-08-11,12.1195904,original,post-2016
2018-08-12,12.0063232,original,post-2016
2018-08-13,11.8647392,original,post-2016
2018-08-14,11.841141866666668,original,post-2016
2018-08-15,12.012812466666666,original,post-2016
2018-08-16,12.639321666666667,original,post-2016
2018-08-17,12.2894912,original,post-2016
2018-08-18,12.5726592,original,post-2016
2018-08-19,12.7142432,original,post-2016
2018-08-20,12.681206933333332,original,post-2016
2018-08-21,12.3461248,original,post-2016
2018-08-22,12.249965666666666,original,post-2016
2018-08-23,12.144662566666668,original,post-2016
2018-08-24,12.0629568,original,post-2016
2018-08-25,12.4027584,original,post-2016
2018-08-26,12.622508566666667,original,post-2016
2018-08-27,12.2611744,original,post-2016
2018-08-28,12.707458966666668,original,post-2016
2018-08-29,12.8558272,original,post-2016
2018-08-30,13.45048,original,post-2016
2018-08-31,12.9974112,original,post-2016
2018-09-01,12.6292928,original,post-2016
2018-09-02,15.897523466666666,original,post-2016
2018-09-03,15.57424,original,post-2016
2018-09-04,14.1867168,original,post-2016
2018-09-05,12.516025599999999,original,post-2016
2018-09-06,12.4408091,original,post-2016
2018-09-07,12.375916433333332,original,post-2016
2018-09-08,16.423154066666665,original,post-2016
2018-09-09,13.6770144,original,post-2016
2018-09-10,12.6859264,original,post-2016
2018-09-11,13.646337866666666,original,post-2016
2018-09-12,13.814468866666667,original,post-2016
2018-09-13,13.8389511,original,post-2016
2018-09-14,13.6203808,original,post-2016
2018-09-15,13.1389952,original,post-2016
2018-09-16,13.4221632,original,post-2016
2018-09-17,12.6576096,original,post-2016
2018-09-18,12.404233233333333,original,post-2016
2018-09-19,12.416621833333332,original,post-2016
2018-09-20,12.5788535,original,post-2016
2018-09-21,12.686221366666667,original,post-2016
2018-09-22,14.010916666666667,original,post-2016
2018-09-23,14.6344762,original,post-2016
2018-09-24,13.875232,original,post-2016
2018-09-25,13.733648,original,post-2016
2018-09-26,16.8768128,original,post-2016
2018-09-27,13.9035488,original,post-2016
2018-09-28,14.286958272,original,post-2016
2018-09-29,22.5401728,original,post-2016
2018-09-30,7.25742812913256,rating_curve_long_gap,post-2016
2018-10-01,6.917450360634616,rating_curve_long_gap,post-2016
2018-10-02,6.58885279431418,rating_curve_long_gap,post-2016
2018-10-03,6.271635430171244,rating_curve_long_gap,post-2016
2018-10-04,12.423146496000001,original,post-2016
2018-10-05,11.4966208,original,post-2016
2018-10-06,11.197819566666666,original,post-2016
2018-10-07,11.715486066666667,original,post-2016
2018-10-08,11.260057533333333,original,post-2016
2018-10-09,11.2417696,original,post-2016
2018-10-10,11.32672,original,post-2016
2018-10-11,11.185136,original,post-2016
2018-10-12,11.380108966666667,original,post-2016
2018-10-13,11.884501966666667,original,post-2016
2018-10-14,12.1479072,original,post-2016
2018-10-15,13.308895999999999,original,post-2016
2018-10-16,19.538592,original,post-2016
2018-10-17,15.8007744,original,post-2016
2018-10-18,13.2522624,original,post-2016
2018-10-19,12.516025599999999,original,post-2016
2018-10-20,12.473845366666668,original,post-2016
2018-10-21,12.516025599999999,original,post-2016
2018-10-22,12.5443424,original,post-2016
2018-10-23,12.8558272,original,post-2016
2018-10-24,12.5726592,original,post-2016
2018-10-25,13.4221632,original,post-2016
2018-10-26,13.025727999999999,original,post-2016
2018-10-27,12.413672166666666,original,post-2016
2018-10-28,12.0797699,original,post-2016
2018-10-29,11.9496896,original,post-2016
2018-10-30,11.9496896,original,post-2016
2018-10-31,12.0912736,original,post-2016
2018-11-01,19.019450666666664,original,post-2016
2018-11-02,17.273248,original,post-2016
2018-11-03,14.2690125,original,post-2016
2018-11-04,13.7902816,original,post-2016
2018-11-05,15.353604933333335,original,post-2016
2018-11-06,13.551653566666667,original,post-2016
2018-11-07,15.145358466666666,original,post-2016
2018-11-08,19.880458366666666,original,post-2016
2018-11-09,16.1122592,original,post-2016
2018-11-10,14.3849344,original,post-2016
2018-11-11,12.9124608,original,post-2016
2018-11-12,16.6502784,original,post-2016
2018-11-13,18.5333456,original,post-2016
2018-11-14,14.0451328,original,post-2016
2018-11-15,12.600976,original,post-2016
2018-11-16,12.1992314,original,post-2016
2018-11-17,12.021661466666668,original,post-2016
2018-11-18,11.984790633333333,original,post-2016
2018-11-19,12.0063232,original,post-2016
2018-11-20,12.509536333333333,original,post-2016
2018-11-21,12.4169168,original,post-2016
2018-11-22,12.147612233333332,original,post-2016
2018-11-23,12.0912736,original,post-2016
2018-11-24,12.459392,original,post-2016
2018-11-25,13.3372128,original,post-2016
2018-11-26,12.516025599999999,original,post-2016
2018-11-27,11.893056,original,post-2016
2018-11-28,11.6948384,original,post-2016
2018-11-29,11.5249376,original,post-2016
2018-11-30,11.443526799999999,original,post-2016
2018-12-01,13.875232,original,post-2016
2018-12-02,12.9124608,original,post-2016
2018-12-03,12.584457866666668,original,post-2016
2018-12-04,12.1779938,original,post-2016
2018-12-05,12.172979366666667,original,post-2016
2018-12-06,12.504226933333333,original,post-2016
2018-12-07,12.5443424,original,post-2016
2018-12-08,14.433898866666667,original,post-2016
2018-12-09,18.1652272,original,post-2016
2018-12-10,13.9035488,original,post-2016
2018-12-11,12.4877088,original,post-2016
2018-12-12,11.9496896,original,post-2016
2018-12-13,13.080886766666667,original,post-2016
2018-12-14,17.0706059,original,post-2016
2018-12-15,13.875232,original,post-2016
2018-12-16,12.7991936,original,post-2016
2018-12-17,12.4027584,original,post-2016
2018-12-18,12.317808,original,post-2016
2018-12-19,12.600976,original,post-2016
2018-12-20,13.733648,original,post-2016
2018-12-21,13.7805477,original,post-2016
2018-12-22,12.7142432,original,post-2016
2018-12-23,12.5000974,original,post-2016
2018-12-24,12.176224,original,post-2016
2018-12-25,12.2045408,original,post-2016
2018-12-26,12.1479072,original,post-2016
2018-12-27,12.144072633333332,original,post-2016
2018-12-28,18.8023552,original,post-2016
2018-12-29,14.299984,original,post-2016
2018-12-30,12.9407776,original,post-2016
2018-12-31,12.3461248,original,post-2016
2019-01-01,12.3461248,original,post-2016
2019-01-02,12.0629568,original,post-2016
2019-01-03,12.9974112,original,post-2016
2019-01-04,16.423744,original,post-2016
2019-01-05,14.299984,original,post-2016
2019-01-06,13.025727999999999,original,post-2016
2019-01-07,12.6204438,original,post-2016
2019-01-08,12.4992125,original,post-2016
2019-01-09,12.552011533333333,original,post-2016
2019-01-10,12.4877088,original,post-2016
2019-01-11,12.317808,original,post-2016
2019-01-12,12.298045233333333,original,post-2016
2019-01-13,12.792704333333333,original,post-2016
2019-01-14,13.082656566666667,original,post-2016
2019-01-15,13.034577,original,post-2016
2019-01-16,13.0540448,original,post-2016
2019-01-17,13.0823616,original,post-2016
2019-01-18,12.9974112,original,post-2016
2019-01-19,13.2841188,original,post-2016
2019-01-20,13.592064,original,post-2016
2019-01-21,13.2239456,original,post-2016
2019-01-22,13.179405633333333,original,post-2016
2019-01-23,15.857408,original,post-2016
2019-01-24,16.414600033333333,original,post-2016
2019-01-25,13.960182399999999,original,post-2016
2019-01-26,13.3655296,original,post-2016
2019-01-27,13.2805792,original,post-2016
2019-01-28,13.073217633333332,original,post-2016
2019-01-29,13.1841251,original,post-2016
2019-01-30,13.017173966666666,original,post-2016
2019-01-31,12.8867987,original,post-2016
2019-02-01,12.993717704347826,original,post-2016
2019-02-02,12.974938330898551,interpolated,post-2016
2019-02-03,12.956158957449276,interpolated,post-2016
2019-02-04,12.937379584,original,post-2016
2019-02-05,13.329248699999999,original,post-2016
2019-02-06,14.441568,original,post-2016
2019-02-07,13.854289366666666,original,post-2016
2019-02-08,13.167311999999999,original,post-2016
2019-02-09,12.8275104,original,post-2016
2019-02-10,12.8275104,original,post-2016
2019-02-11,12.8744101,original,post-2016
2019-02-12,13.6734748,original,post-2016
2019-02-13,14.667512466666665,original,post-2016
2019-02-14,13.560502566666667,original,post-2016
2019-02-15,13.070562933333333,original,post-2016
2019-02-16,12.886208766666668,original,post-2016
2019-02-17,12.756423433333334,original,post-2016
2019-02-18,12.880899366666666,original,post-2016
2019-02-19,12.748459333333333,original,post-2016
2019-02-20,13.688223133333333,original,post-2016
2019-02-21,15.693111566666666,original,post-2016
2019-02-22,14.201465133333333,original,post-2016
2019-02-23,13.1646573,original,post-2016
2019-02-24,13.485876,original,post-2016
2019-02-25,12.7991936,original,post-2016
2019-02-26,13.257276833333332,original,post-2016
2019-02-27,17.9528512,original,post-2016
2019-02-28,15.0928544,original,post-2016
2019-03-01,14.6397856,original,post-2016
2019-03-02,13.9495636,original,post-2016
2019-03-03,13.1726214,original,post-2016
2019-03-04,14.6964192,original,post-2016
2019-03-05,14.2150336,original,post-2016
2019-03-06,14.2433504,original,post-2016
2019-03-07,14.261343366666667,original,post-2016
2019-03-08,14.389653866666666,original,post-2016
2019-03-09,14.299984,original,post-2016
2019-03-10,13.885260866666666,original,post-2016
2019-03-11,12.8558272,original,post-2016
2019-03-12,12.9974112,original,post-2016
2019-03-13,12.9292739,original,post-2016
2019-03-14,13.2239456,original,post-2016
2019-03-15,13.6486976,original,post-2016
2019-03-16,14.2716672,original,post-2016
2019-03-17,13.818598399999999,original,post-2016
2019-03-18,13.3938464,original,post-2016
2019-03-19,13.326888966666667,original,post-2016
2019-03-20,13.264356033333332,original,post-2016
2019-03-21,13.7053312,original,post-2016
2019-03-22,13.970211266666666,original,post-2016
2019-03-23,14.114155,original,post-2016
2019-03-24,14.1300832,original,post-2016
2019-03-25,14.0805288,original,post-2016
2019-03-26,14.178457733333333,original,post-2016
2019-03-27,14.039528433333333,original,post-2016
2019-03-28,13.9318656,original,post-2016
2019-03-29,13.302406733333333,original,post-2016
2019-03-30,12.891518166666668,original,post-2016
2019-03-31,12.999770933333332,original,post-2016
2019-04-01,12.980008166666668,original,post-2016
2019-04-02,12.6859264,original,post-2016
2019-04-03,12.600976,original,post-2016
2019-04-04,20.1615616,original,post-2016
2019-04-05,21.375939366666664,original,post-2016
2019-04-06,15.545923199999999,original,post-2016
2019-04-07,13.9982331,original,post-2016
2019-04-08,13.9884992,original,post-2016
2019-04-09,14.101766399999999,original,post-2016
2019-04-10,13.7902816,original,post-2016
2019-04-11,13.5071136,original,post-2016
2019-04-12,13.5354304,original,post-2016
2019-04-13,13.2690755,original,post-2016
2019-04-14,13.6486976,original,post-2016
2019-04-15,13.358745366666668,original,post-2016
2019-04-16,13.2159815,original,post-2016
2019-04-17,13.2239456,original,post-2016
2019-04-18,12.7708768,original,post-2016
2019-04-19,13.025727999999999,original,post-2016
2019-04-20,13.092685433333333,original,post-2016
2019-04-21,13.120707266666667,original,post-2016
2019-04-22,13.203002966666666,original,post-2016
2019-04-23,13.3372128,original,post-2016
2019-04-24,13.0133394,original,post-2016
2019-04-25,13.894994766666667,original,post-2016
2019-04-26,14.480208633333332,original,post-2016
2019-04-27,13.451954833333332,original,post-2016
2019-04-28,12.9363531,original,post-2016
2019-04-29,12.64836938105263,original,post-2016
2019-04-30,12.494788,original,post-2016
2019-05-01,12.47709,original,post-2016
2019-05-02,12.503637,original,post-2016
2019-05-03,12.490953433333333,original,post-2016
2019-05-04,15.0061342,original,post-2016
2019-05-05,14.763376633333333,original,post-2016
2019-05-06,13.356090666666667,original,post-2016
2019-05-07,12.959360499999999,original,post-2016
2019-05-08,12.6576096,original,post-2016
2019-05-09,12.3461248,original,post-2016
2019-05-10,13.7053312,original,post-2016
2019-05-11,13.2363342,original,post-2016
2019-05-12,14.9238385,original,post-2016
2019-05-13,15.3760224,original,post-2016
2019-05-14,13.4787968,original,post-2016
2019-05-15,12.932223566666668,original,post-2016
2019-05-16,12.4310752,original,post-2016
2019-05-17,12.232857599999999,original,post-2016
2019-05-18,12.176224,original,post-2016
2019-05-19,15.8857248,original,post-2016
2019-05-20,16.0273088,original,post-2016
2019-05-21,13.875232,original,post-2016
2019-05-22,13.313820660869565,original,post-2016
2019-05-23,13.0540448,original,post-2016
2019-05-24,12.920719866666667,original,post-2016
2019-05-25,12.6859264,original,post-2016
2019-05-26,12.6478757,original,post-2016
2019-05-27,12.488003766666667,original,post-2016
2019-05-28,12.269176973913044,original,post-2016
2019-05-29,12.459981933333333,original,post-2016
2019-05-30,12.857302033333333,original,post-2016
2019-05-31,12.672062966666667,original,post-2016
2019-06-01,12.38979986440678,original,post-2016
2019-06-02,12.2045408,original,post-2016
2019-06-03,12.600976,original,post-2016
2019-06-04,12.9124608,original,post-2016
2019-06-05,13.0540448,original,post-2016
2019-06-06,15.4892896,original,post-2016
2019-06-07,16.454125566666665,original,post-2016
2019-06-08,16.558543766666666,original,post-2016
2019-06-09,6.082881611872001,rating_curve_long_gap,post-2016
2019-06-10,5.989764156532481,rating_curve_long_gap,post-2016
2019-06-11,6.01294262766592,rating_curve_long_gap,post-2016
2019-06-12,6.01294262766592,rating_curve_long_gap,post-2016
2019-06-13,13.056109566666667,original,post-2016
2019-06-14,13.0859012,original,post-2016
2019-06-15,13.001835699999999,original,post-2016
2019-06-16,12.903906766666667,original,post-2016
2019-06-17,13.1956288,original,post-2016
2019-06-18,12.9690944,original,post-2016
2019-06-19,12.2611744,original,post-2016
2019-06-20,12.2894912,original,post-2016
2019-06-21,12.397691183157894,original,post-2016
2019-06-22,12.4027584,original,post-2016
2019-06-23,12.317808,original,post-2016
2019-06-24,12.4877088,original,post-2016
2019-06-25,12.3461248,original,post-2016
2019-06-26,12.9124608,original,post-2016
2019-06-27,13.308895999999999,original,post-2016
2019-06-28,12.911575899999999,original,post-2016
2019-06-29,12.4877088,original,post-2016
2019-06-30,12.5443424,original,post-2016
2019-07-01,12.74256,original,post-2016
2019-07-02,12.8558272,original,post-2016
2019-07-03,12.9407776,original,post-2016
2019-07-04,12.8558272,original,post-2016
2019-07-05,12.884144,original,post-2016
2019-07-06,12.913050733333332,original,post-2016
2019-07-07,12.8558272,original,post-2016
2019-07-08,12.885913799999999,original,post-2016
2019-07-09,12.808337566666667,original,post-2016
2019-07-10,12.620744332075471,original,post-2016
2019-07-11,11.803831366037736,interpolated,post-2016
2019-07-12,10.9869184,original,post-2016
2019-07-13,11.4966208,original,post-2016
2019-07-14,12.0629568,original,post-2016
2019-07-15,13.6203808,original,post-2016
2019-07-16,12.0063232,original,post-2016
2019-07-17,12.4877088,original,post-2016
2019-07-18,12.5443424,original,post-2016
2019-07-19,12.7991936,original,post-2016
2019-07-20,12.7142432,original,post-2016
2019-07-21,12.7142432,original,post-2016
2019-07-22,13.307421166666668,original,post-2016
2019-07-23,13.5637472,original,post-2016
2019-07-24,12.6292928,original,post-2016
2019-07-25,12.4027584,original,post-2016
2019-07-26,12.507766533333333,original,post-2016
2019-07-27,12.905676566666667,original,post-2016
2019-07-28,14.255149066666666,original,post-2016
2019-07-29,14.1973356,interpolated,post-2016
2019-07-30,14.139522133333333,interpolated,post-2016
2019-07-31,14.081708666666668,original,post-2016
2019-08-01,13.546344166666668,original,post-2016
2019-08-02,13.0142243,original,post-2016
2019-08-03,13.286478533333332,original,post-2016
2019-08-04,12.7142432,original,post-2016
2019-08-05,12.4027584,original,post-2016
2019-08-06,12.401283566666667,original,post-2016
2019-08-07,12.2726781,original,post-2016
2019-08-08,12.303354633333333,original,post-2016
2019-08-09,12.2045408,original,post-2016
2019-08-10,12.140533033333332,original,post-2016
2019-08-11,12.0691511,original,post-2016
2019-08-12,12.386166525,interpolated,post-2016
2019-08-13,12.70318195,interpolated,post-2016
2019-08-14,13.020197374999999,interpolated,post-2016
2019-08-15,13.3372128,original,post-2016
2019-08-16,13.167311999999999,original,post-2016
2019-08-17,13.9318656,original,post-2016
2019-08-18,14.1584,original,post-2016
2019-08-19,14.817355533333334,original,post-2016
2019-08-20,14.6964192,original,post-2016
2019-08-21,14.3283008,original,post-2016
2019-08-22,14.2389259,original,post-2016
2019-08-23,13.308601033333332,original,post-2016
2019-08-24,13.313025533333333,original,post-2016
2019-08-25,16.0556256,original,post-2016
2019-08-26,17.0688361,original,post-2016
2019-08-27,14.2937897,original,post-2016
2019-08-28,13.3372128,original,post-2016
2019-08-29,14.299984,original,post-2016
2019-08-30,13.3655296,original,post-2016
2019-08-31,12.9974112,original,post-2016
2019-09-01,12.874115133333333,original,post-2016
2019-09-02,12.8275104,original,post-2016
2019-09-03,12.7708768,original,post-2016
2019-09-04,12.769696933333332,original,post-2016
2019-09-05,12.729876433333333,original,post-2016
2019-09-06,12.725156966666667,original,post-2016
2019-09-07,12.6859264,original,post-2016
2019-09-08,12.6292928,original,post-2016
2019-09-09,12.594191766666667,original,post-2016
2019-09-10,12.600976,original,post-2016
2019-09-11,12.6576096,original,post-2016
2019-09-12,12.637846833333333,original,post-2016
2019-09-13,12.5726592,original,post-2016
2019-09-14,12.487118866666666,original,post-2016
2019-09-15,12.5726592,original,post-2016
2019-09-16,12.544637366666667,original,post-2016
2019-09-17,12.442283933333332,original,post-2016
2019-09-18,12.453787633333333,original,post-2016
2019-09-19,12.2611744,original,post-2016
2019-09-20,12.167375,original,post-2016
2019-09-21,12.290081133333333,original,post-2016
2019-09-22,12.373261733333333,original,post-2016
2019-09-23,12.3602832,original,post-2016
2019-09-24,12.233447533333333,original,post-2016
2019-09-25,12.2045408,original,post-2016
2019-09-26,12.160590766666667,original,post-2016
2019-09-27,12.1691448,original,post-2016
2019-09-28,12.2045408,original,post-2016
2019-09-29,12.232857599999999,original,post-2016
2019-09-30,12.2045408,original,post-2016
2019-10-01,12.1195904,original,post-2016
2019-10-02,11.7948321,original,post-2016
2019-10-03,11.4116704,original,post-2016
2019-10-04,11.337633766666666,original,post-2016
2019-10-05,11.320230733333332,original,post-2016
2019-10-06,11.152099733333333,original,post-2016
2019-10-07,11.114049033333332,original,post-2016
2019-10-08,11.087797,original,post-2016
2019-10-09,11.1001856,original,post-2016
2019-10-10,11.299583066666667,original,post-2016
2019-10-11,11.2984032,original,post-2016
2019-10-12,11.264777,original,post-2016
2019-10-13,11.328784766666667,original,post-2016
2019-10-14,11.581571199999999,original,post-2016
2019-10-15,11.626996066666667,original,post-2016
2019-10-16,11.8797825,original,post-2016
2019-10-17,12.1195904,original,post-2016
2019-10-18,12.2709083,original,post-2016
2019-10-19,12.4310752,original,post-2016
2019-10-20,12.346720943157894,original,post-2016
2019-10-21,12.3461248,original,post-2016
2019-10-22,12.3629379,original,post-2016
2019-10-23,12.1479072,original,post-2016
2019-10-24,12.2045408,original,post-2016
2019-10-25,14.9229536,original,post-2016
2019-10-26,19.807306633333333,original,post-2016
2019-10-27,16.148245133333333,original,post-2016
2019-10-28,13.7301084,original,post-2016
2019-10-29,13.546639133333333,original,post-2016
2019-10-30,21.865879,original,post-2016
2019-10-31,19.8288392,original,post-2016
2019-11-01,15.432656,original,post-2016
2019-11-02,13.3938464,original,post-2016
2019-11-03,12.865856066666668,original,post-2016
2019-11-04,12.434909766666667,original,post-2016
2019-11-05,12.370607033333332,original,post-2016
2019-11-06,12.166195133333332,original,post-2016
2019-11-07,11.971517133333332,original,post-2016
2019-11-08,12.0364098,original,post-2016
2019-11-09,11.838487166666667,original,post-2016
2019-11-10,11.7921774,original,post-2016
2019-11-11,11.819904266666667,original,post-2016
2019-11-12,11.953229199999999,original,post-2016
2019-11-13,11.751472,original,post-2016
2019-11-14,11.874768066666666,original,post-2016
2019-11-15,11.9780064,original,post-2016
2019-11-16,11.8364224,original,post-2016
2019-11-17,11.7797888,original,post-2016
2019-11-18,11.8089905,original,post-2016
2019-11-19,11.8081056,original,post-2016
2019-11-20,11.735838766666667,original,post-2016
2019-11-21,11.622866533333333,original,post-2016
2019-11-22,11.487771799999999,original,post-2016
2019-11-23,11.4116704,original,post-2016
2019-11-24,11.321115633333333,original,post-2016
2019-11-25,11.1568192,original,post-2016
2019-11-26,11.723155199999999,original,post-2016
2019-11-27,12.028150733333332,original,post-2016
2019-11-28,12.048798399999999,original,post-2016
2019-11-29,12.0311004,original,post-2016
2019-11-30,11.958833566666668,original,post-2016
2019-12-01,11.9594235,original,post-2016
2019-12-02,11.864444233333332,original,post-2016
2019-12-03,11.765335433333332,original,post-2016
2019-12-04,11.8992503,original,post-2016
2019-12-05,12.033460133333332,original,post-2016
2019-12-06,12.232857599999999,original,post-2016
2019-12-07,11.751472,original,post-2016
2019-12-08,11.5249376,original,post-2016
2019-12-09,11.4125553,original,post-2016
2019-12-10,11.6948384,original,post-2016
2019-12-11,11.893056,original,post-2016
2019-12-12,11.7797888,original,post-2016
2019-12-13,11.893056,original,post-2016
2019-12-14,11.9293369,original,post-2016
2019-12-15,11.8081056,original,post-2016
2019-12-16,11.8081056,original,post-2016
2019-12-17,12.8558272,original,post-2016
2019-12-18,11.893056,original,post-2016
2019-12-19,11.468304,original,post-2016
2019-12-20,11.619326933333333,original,post-2016
2019-12-21,12.7991936,original,post-2016
2019-12-22,12.858776866666666,original,post-2016
2019-12-23,12.4452336,original,post-2016
2019-12-24,12.264124066666668,original,post-2016
2019-12-25,12.1195904,original,post-2016
2019-12-26,12.147317266666667,original,post-2016
2019-12-27,12.176224,original,post-2016
2019-12-28,12.2045408,original,post-2016
2019-12-29,12.1195904,original,post-2016
2019-12-30,12.0912736,original,post-2016
2019-12-31,12.0063232,original,post-2016
2020-01-01,11.983610766666667,original,post-2016
2020-01-02,12.6195589,original,post-2016
2020-01-03,14.816470633333335,original,post-2016
2020-01-04,16.5272773,original,post-2016
2020-01-05,12.7991936,original,post-2016
2020-01-06,12.431665133333333,original,post-2016
2020-01-07,12.5443424,original,post-2016
2020-01-08,12.457327233333332,original,post-2016
2020-01-09,12.488888666666668,original,post-2016
2020-01-10,12.629587766666667,original,post-2016
2020-01-11,13.3655296,original,post-2016
2020-01-12,13.689108033333333,original,post-2016
2020-01-13,15.7441408,original,post-2016
2020-01-14,14.968378466666666,original,post-2016
2020-01-15,12.7991936,original,post-2016
2020-01-16,12.2894912,original,post-2016
2020-01-17,12.262354266666668,original,post-2016
2020-01-18,12.03464,original,post-2016
2020-01-19,12.2611744,original,post-2016
2020-01-20,12.1195904,original,post-2016
2020-01-21,12.2045408,original,post-2016
2020-01-22,12.1479072,original,post-2016
2020-01-23,12.600976,original,post-2016
2020-01-24,12.6859264,original,post-2016
2020-01-25,12.528709166666667,original,post-2016
2020-01-26,13.198873433333333,original,post-2016
2020-01-27,14.9229536,original,post-2016
2020-01-28,13.3938464,original,post-2016
2020-01-29,13.4221632,original,post-2016
2020-01-30,13.4389763,original,post-2016
2020-01-31,13.1018294,original,post-2016
2020-02-01,12.600976,original,post-2016
2020-02-02,12.384470466666667,original,post-2016
2020-02-03,12.2894912,original,post-2016
2020-02-04,12.330491566666668,original,post-2016
2020-02-05,12.3231174,original,post-2016
2020-02-06,12.7708768,original,post-2016
2020-02-07,12.2611744,original,post-2016
2020-02-08,12.1195904,original,post-2016
2020-02-09,12.1213602,original,post-2016
2020-02-10,12.252620366666667,original,post-2016
2020-02-11,12.4027584,original,post-2016
2020-02-12,12.1195904,original,post-2016
2020-02-13,12.582688066666668,original,post-2016
2020-02-14,12.7708768,original,post-2016
2020-02-15,12.3461248,original,post-2016
2020-02-16,15.5078725,original,post-2016
2020-02-17,16.2255264,original,post-2016
2020-02-18,14.158989933333332,original,post-2016
2020-02-19,12.5726592,original,post-2016
2020-02-20,16.0556256,original,post-2016
2020-02-21,16.3104768,original,post-2016
2020-02-22,13.9884992,original,post-2016
2020-02-23,12.954936,original,post-2016
2020-02-24,12.6115948,original,post-2016
2020-02-25,12.5487669,original,post-2016
2020-02-26,12.4744353,original,post-2016
2020-02-27,12.4071829,original,post-2016
2020-02-28,12.459392,original,post-2016
2020-02-29,12.4877088,original,post-2016
2020-03-01,12.541392733333332,original,post-2016
2020-03-02,12.5443424,original,post-2016
2020-03-03,12.564105166666668,original,post-2016
2020-03-04,12.008093,original,post-2016
2020-03-05,11.9762366,original,post-2016
2020-03-06,12.334326133333333,original,post-2016
2020-03-07,12.6576096,original,post-2016
2020-03-08,12.6576096,original,post-2016
2020-03-09,12.6576096,original,post-2016
2020-03-10,12.600976,original,post-2016
2020-03-11,12.454672533333333,original,post-2016
2020-03-12,12.256749899999999,original,post-2016
2020-03-13,12.233447533333333,original,post-2016
2020-03-14,12.330786533333333,original,post-2016
2020-03-15,12.317808,original,post-2016
2020-03-16,12.142302833333332,original,post-2016
2020-03-17,11.972991966666667,original,post-2016
2020-03-18,12.2452462,original,post-2016
2020-03-19,12.0036685,original,post-2016
2020-03-20,11.988920166666666,original,post-2016
2020-03-21,12.436089633333333,original,post-2016
2020-03-22,12.4310752,original,post-2016
2020-03-23,12.3461248,original,post-2016
2020-03-24,12.3461248,original,post-2016
2020-03-25,12.4877088,original,post-2016
2020-03-26,12.468240999999999,original,post-2016
2020-03-27,12.449363133333332,original,post-2016
2020-03-28,12.4213413,original,post-2016
2020-03-29,12.633422333333332,original,post-2016
2020-03-30,12.623393466666666,original,post-2016
2020-03-31,12.7142432,original,post-2016
2020-04-01,12.459392,original,post-2016
2020-04-02,12.303354633333333,original,post-2016
2020-04-03,12.4027584,original,post-2016
2020-04-04,12.4523128,original,post-2016
2020-04-05,12.6576096,original,post-2016
2020-04-06,12.4310752,original,post-2016
2020-04-07,12.3461248,original,post-2016
2020-04-08,12.298045233333333,original,post-2016
2020-04-09,12.374441599999999,original,post-2016
2020-04-10,12.459392,original,post-2016
2020-04-11,12.3461248,original,post-2016
2020-04-12,12.201591133333332,original,post-2016
2020-04-13,12.5726592,original,post-2016
2020-04-14,12.5726592,original,post-2016
2020-04-15,12.661739133333333,original,post-2016
2020-04-16,12.423406066666667,original,post-2016
2020-04-17,12.112806166666667,original,post-2016
2020-04-18,11.9496896,original,post-2016
2020-04-19,11.6665216,original,post-2016
2020-04-20,11.8364224,original,post-2016
2020-04-21,12.317808,original,post-2016
2020-04-22,12.2788724,original,post-2016
2020-04-23,12.266778766666667,original,post-2016
2020-04-24,12.374441599999999,original,post-2016
2020-04-25,12.374441599999999,original,post-2016
2020-04-26,12.418096666666667,original,post-2016
2020-04-27,12.242296533333333,original,post-2016
2020-04-28,12.157051166666667,original,post-2016
2020-04-29,15.272194133333334,original,post-2016
2020-04-30,15.5910531,original,post-2016
2020-05-01,13.317155066666666,original,post-2016
2020-05-02,12.5443424,original,post-2016
2020-05-03,12.401283566666667,original,post-2016
2020-05-04,11.7797888,original,post-2016
2020-05-05,12.2549801,original,post-2016
2020-05-06,13.1389952,original,post-2016
2020-05-07,13.1106784,original,post-2016
2020-05-08,13.9035488,original,post-2016
2020-05-09,14.753052799999999,original,post-2016
2020-05-10,13.6929426,original,post-2016
2020-05-11,13.366709466666666,original,post-2016
2020-05-12,13.160822733333333,original,post-2016
2020-05-13,13.189434499999999,original,post-2016
2020-05-14,13.1620026,original,post-2016
2020-05-15,22.0384345,original,post-2016
2020-05-16,15.7724576,original,post-2016
2020-05-17,13.936880033333333,original,post-2016
2020-05-18,12.74256,original,post-2016
2020-05-19,12.4310752,original,post-2016
2020-05-20,12.5328387,original,post-2016
2020-05-21,12.6133646,original,post-2016
2020-05-22,12.291850933333333,original,post-2016
2020-05-23,12.2222388,original,post-2016
2020-05-24,13.4221632,original,post-2016
2020-05-25,12.9522813,original,post-2016
2020-05-26,13.093570333333332,original,post-2016
2020-05-27,13.6858634,original,post-2016
2020-05-28,13.1389952,original,post-2016
2020-05-29,12.74256,original,post-2016
2020-05-30,12.521924933333333,original,post-2016
2020-05-31,12.516025599999999,original,post-2016
2020-06-01,12.459392,original,post-2016
2020-06-02,12.486233966666667,original,post-2016
2020-06-03,12.598026333333333,original,post-2016
2020-06-04,12.722207299999999,original,post-2016
2020-06-05,12.804797966666667,original,post-2016
2020-06-06,12.401283566666667,original,post-2016
2020-06-07,12.868805733333332,original,post-2016
2020-06-08,17.5280992,original,post-2016
2020-06-09,16.632441045669292,original,post-2016
2020-06-10,13.6203808,original,post-2016
2020-06-11,12.7708768,original,post-2016
2020-06-12,12.3461248,original,post-2016
2020-06-13,12.139648133333333,original,post-2016
2020-06-14,12.2611744,original,post-2016
2020-06-15,12.6859264,original,post-2016
2020-06-16,12.604220633333332,original,post-2016
2020-06-17,12.2894912,original,post-2016
2020-06-18,12.232857599999999,original,post-2016
2020-06-19,12.1195904,original,post-2016
2020-06-20,11.9213728,original,post-2016
2020-06-21,11.771234766666668,original,post-2016
2020-06-22,14.118874466666666,original,post-2016
2020-06-23,13.3903068,original,post-2016
2020-06-24,16.956158833333333,original,post-2016
2020-06-25,18.8156287,original,post-2016
2020-06-26,15.969200366666666,original,post-2016
2020-06-27,13.158463,original,post-2016
2020-06-28,12.3461248,original,post-2016
2020-06-29,12.311318733333332,original,post-2016
2020-06-30,12.294505633333333,original,post-2016
2020-07-01,12.167375,original,post-2016
2020-07-02,12.0850793,original,post-2016
2020-07-03,15.210841066666665,original,post-2016
2020-07-04,17.8953327,original,post-2016
2020-07-05,15.1733803,original,post-2016
2020-07-06,13.4221632,original,post-2016
2020-07-07,13.592064,original,post-2016
2020-07-08,13.3655296,original,post-2016
2020-07-09,12.5726592,original,post-2016
2020-07-10,12.232857599999999,original,post-2016
2020-07-11,12.1337488,original,post-2016
2020-07-12,11.9780064,original,post-2016
2020-07-13,11.972094101098902,original,post-2016
2020-07-14,12.379949711419016,interpolated,post-2016
2020-07-15,12.78780532173913,original,post-2016
2020-07-16,13.357860466666667,original,post-2016
2020-07-17,15.668629333333334,original,post-2016
2020-07-18,13.9318656,original,post-2016
2020-07-19,13.1389952,original,post-2016
2020-07-20,12.8558272,original,post-2016
2020-07-21,12.534903466666668,original,post-2016
2020-07-22,12.445528566666667,original,post-2016
2020-07-23,12.6576096,original,post-2016
2020-07-24,12.442873866666668,original,post-2016
2020-07-25,12.371196966666668,original,post-2016
2020-07-26,12.405708066666667,original,post-2016
2020-07-27,16.1662381,original,post-2016
2020-07-28,14.990500966666666,original,post-2016
2020-07-29,16.0556256,original,post-2016
2020-07-30,13.500329366666667,original,post-2016
2020-07-31,12.3461248,original,post-2016
2020-08-01,12.131979,original,post-2016
2020-08-02,12.0629568,original,post-2016
2020-08-03,11.9780064,original,post-2016
2020-08-04,11.860019733333333,original,post-2016
2020-08-05,11.959718466666667,original,post-2016
2020-08-06,11.906624466666667,original,post-2016
2020-08-07,11.859134833333332,original,post-2016
2020-08-08,11.9054446,original,post-2016
2020-08-09,12.1364035,original,post-2016
2020-08-10,12.3098439,original,post-2016
2020-08-11,12.086554133333333,original,post-2016
2020-08-12,12.374441599999999,original,post-2016
2020-08-13,12.600976,original,post-2016
2020-08-14,12.665278733333333,original,post-2016
2020-08-15,12.320167733333333,original,post-2016
2020-08-16,12.188612599999999,original,post-2016
2020-08-17,12.1479072,original,post-2016
2020-08-18,12.143187733333333,original,post-2016
2020-08-19,12.0912736,original,post-2016
2020-08-20,12.123424966666667,original,post-2016
2020-08-21,11.9780064,original,post-2016
2020-08-22,12.03464,original,post-2016
2020-08-23,12.011927566666667,original,post-2016
2020-08-24,12.0204816,original,post-2016
2020-08-25,11.4621097,original,post-2016
2020-08-26,11.534966466666667,original,post-2016
2020-08-27,11.217582333333333,original,post-2016
2020-08-28,10.550367733333333,original,post-2016
2020-08-29,10.626469133333332,original,post-2016
2020-08-30,11.553549366666667,original,post-2016
2020-08-31,11.840846899999999,original,post-2016
2020-09-01,11.751472,original,post-2016
2020-09-02,11.6382048,original,post-2016
2020-09-03,11.893056,original,post-2016
2020-09-04,11.9213728,original,post-2016
2020-09-05,12.0063232,original,post-2016
2020-09-06,12.116935699999999,original,post-2016
2020-09-07,12.0426041,original,post-2016
2020-09-08,11.919013066666666,original,post-2016
2020-09-09,12.0629568,original,post-2016
2020-09-10,12.163540433333333,original,post-2016
2020-09-11,12.176224,original,post-2016
2020-09-12,12.4027584,original,post-2016
2020-09-13,12.03464,original,post-2016
2020-09-14,11.700442766666667,original,post-2016
2020-09-15,11.7417381,original,post-2016
2020-09-16,11.9496896,original,post-2016
2020-09-17,12.1195904,original,post-2016
2020-09-18,12.232857599999999,original,post-2016
2020-09-19,12.5726592,original,post-2016
2020-09-20,12.6655737,original,post-2016
2020-09-21,12.332261366666668,original,post-2016
2020-09-22,11.3939724,original,post-2016
2020-09-23,10.9754147,original,post-2016
2020-09-24,11.911343933333333,original,post-2016
2020-09-25,11.968862433333333,original,post-2016
2020-09-26,12.254685133333332,original,post-2016
2020-09-27,12.317808,original,post-2016
2020-09-28,12.374441599999999,original,post-2016
2020-09-29,12.4027584,original,post-2016
2020-09-30,11.935826166666667,original,post-2016
2020-10-01,11.468304,original,post-2016
2020-10-02,11.0718688,original,post-2016
2020-10-03,10.8453344,original,post-2016
2020-10-04,10.788700799999999,original,post-2016
2020-10-05,10.798139733333333,original,post-2016
2020-10-06,10.745930633333332,original,post-2016
2020-10-07,10.8621475,original,post-2016
2020-10-08,10.7320672,original,post-2016
2020-10-09,10.7037504,original,post-2016
2020-10-10,11.318460933333332,original,post-2016
2020-10-11,11.598679266666666,original,post-2016
2020-10-12,11.109329566666666,original,post-2016
2020-10-13,11.043552,original,post-2016
2020-10-14,11.0037315,original,post-2016
2020-10-15,11.106084933333333,original,post-2016
2020-10-16,11.2355753,original,post-2016
2020-10-17,11.157114166666666,original,post-2016
2020-10-18,11.465944266666668,original,post-2016
2020-10-19,11.6665216,original,post-2016
2020-10-20,11.723155199999999,original,post-2016
2020-10-21,11.7293495,original,post-2016
2020-10-22,11.5780316,original,post-2016
2020-10-23,11.544110433333332,original,post-2016
2020-10-24,12.498622566666667,original,post-2016
2020-10-25,11.9213728,original,post-2016
2020-10-26,11.6966082,original,post-2016
2020-10-27,11.6665216,original,post-2016
2020-10-28,13.308895999999999,original,post-2016
2020-10-29,13.4221632,original,post-2016
2020-10-30,12.374441599999999,original,post-2016
2020-10-31,11.8081056,original,post-2016
2020-11-01,11.651773266666668,original,post-2016
2020-11-02,11.468304,original,post-2016
2020-11-03,11.4966208,original,post-2016
2020-11-04,11.532606733333333,original,post-2016
2020-11-05,11.751472,original,post-2016
2020-11-06,11.9780064,original,post-2016
2020-11-07,11.9780064,original,post-2016
2020-11-08,12.03464,original,post-2016
2020-11-09,12.104252133333333,original,post-2016
2020-11-10,12.2045408,original,post-2016
2020-11-11,12.232857599999999,original,post-2016
2020-11-12,12.117525633333333,original,post-2016
2020-11-13,11.966797666666666,original,post-2016
2020-11-14,11.8700486,original,post-2016
2020-11-15,11.8505808,original,post-2016
2020-11-16,11.7797888,original,post-2016
2020-11-17,11.6948384,original,post-2016
2020-11-18,11.6665216,original,post-2016
2020-11-19,11.5532544,original,post-2016
2020-11-20,11.6665216,original,post-2016
2020-11-21,11.739673333333332,original,post-2016
2020-11-22,11.706637066666667,original,post-2016
2020-11-23,11.723155199999999,original,post-2016
2020-11-24,11.6948384,original,post-2016
2020-11-25,11.9213728,original,post-2016
2020-11-26,11.8364224,original,post-2016
2020-11-27,11.386303266666667,original,post-2016
2020-11-28,12.348484533333332,original,post-2016
2020-11-29,14.5265184,original,post-2016
2020-11-30,13.1389952,original,post-2016
2020-12-01,11.9213728,original,post-2016
2020-12-02,11.6948384,original,post-2016
2020-12-03,12.0912736,original,post-2016
2020-12-04,12.488888666666668,original,post-2016
2020-12-05,11.8081056,original,post-2016
2020-12-06,11.7797888,original,post-2016
2020-12-07,11.8081056,original,post-2016
2020-12-08,11.6948384,original,post-2016
2020-12-09,11.769759933333333,original,post-2016
2020-12-10,11.8081056,original,post-2016
2020-12-11,11.8364224,original,post-2016
2020-12-12,12.923669533333333,original,post-2016
2020-12-13,12.2045408,original,post-2016
2020-12-14,11.9213728,original,post-2016
2020-12-15,11.581571199999999,original,post-2016
2020-12-16,12.014582266666666,original,post-2016
2020-12-17,12.538443066666668,original,post-2016
2020-12-18,11.8081056,original,post-2016
2020-12-19,12.3461248,original,post-2016
2020-12-20,15.8007744,original,post-2016
2020-12-21,13.6203808,original,post-2016
2020-12-22,11.723155199999999,original,post-2016
2020-12-23,11.3833536,original,post-2016
2020-12-24,14.101766399999999,original,post-2016
2020-12-25,13.45048,original,post-2016
2020-12-26,12.375916433333332,original,post-2016
2020-12-27,11.893056,original,post-2016
2020-12-28,12.001308766666668,original,post-2016
2020-12-29,11.8921711,original,post-2016
2020-12-30,11.815184799999999,original,post-2016
2020-12-31,11.7886378,original,post-2016
2021-01-01,11.5249376,original,post-2016
2021-01-02,11.581571199999999,original,post-2016
2021-01-03,11.388368033333332,original,post-2016
2021-01-04,11.347957599999999,original,post-2016
2021-01-05,12.287426433333332,original,post-2016
2021-01-06,13.055224666666668,original,post-2016
2021-01-07,14.152500666666667,original,post-2016
2021-01-08,13.439271266666667,original,post-2016
2021-01-09,12.7142432,original,post-2016
2021-01-10,12.648170666666667,original,post-2016
2021-01-11,14.3513082,original,post-2016
2021-01-12,14.3893589,original,post-2016
2021-01-13,13.3115507,original,post-2016
2021-01-14,12.6576096,original,post-2016
2021-01-15,12.4027584,original,post-2016
2021-01-16,12.2045408,original,post-2016
2021-01-17,12.186252866666667,original,post-2016
2021-01-18,12.280052266666667,original,post-2016
2021-01-19,12.115460866666668,original,post-2016
2021-01-20,13.013044433333333,original,post-2016
2021-01-21,13.4522498,original,post-2016
2021-01-22,13.4221632,original,post-2016
2021-01-23,14.601144966666665,original,post-2016
2021-01-24,14.0451328,original,post-2016
2021-01-25,13.3655296,original,post-2016
2021-01-26,13.5265814,original,post-2016
2021-01-27,13.464343433333333,original,post-2016
2021-01-28,12.854352366666667,original,post-2016
2021-01-29,12.1195904,original,post-2016
2021-01-30,11.9496896,original,post-2016
2021-01-31,12.121065233333333,original,post-2016
2021-02-01,12.257929766666667,original,post-2016
2021-02-02,12.270613333333333,original,post-2016
2021-02-03,12.2045408,original,post-2016
2021-02-04,12.195101866666667,original,post-2016
2021-02-05,13.436026633333332,original,post-2016
2021-02-06,14.3566176,original,post-2016
2021-02-07,14.358977333333332,original,post-2016
2021-02-08,14.1300832,original,post-2016
2021-02-09,14.3805099,original,post-2016
2021-02-10,13.7318782,original,post-2016
2021-02-11,16.4626796,original,post-2016
2021-02-12,22.441358966666666,original,post-2016
2021-02-13,16.7918624,original,post-2016
2021-02-14,15.288122333333334,original,post-2016
2021-02-15,15.321748533333334,original,post-2016
2021-02-16,14.753052799999999,original,post-2016
2021-02-17,13.025727999999999,original,post-2016
2021-02-18,16.898935299999998,original,post-2016
2021-02-19,14.583152,original,post-2016
2021-02-20,12.143187733333333,original,post-2016
2021-02-21,10.4205824,original,post-2016
2021-02-22,10.254516166666667,original,post-2016
2021-02-23,10.194048,original,post-2016
2021-02-24,9.8542464,original,post-2016
2021-02-25,9.7931883,original,post-2016
2021-02-26,9.093822333333332,original,post-2016
2021-02-27,9.5427616,original,post-2016
2021-02-28,9.5144448,original,post-2016
2021-03-01,9.7976128,original,post-2016
2021-03-02,11.054465766666667,original,post-2016
2021-03-03,11.185136,original,post-2016
2021-03-04,10.3922656,original,post-2016
2021-03-05,10.099658666666667,original,post-2016
2021-03-06,10.4205824,original,post-2016
2021-03-07,10.6037567,original,post-2016
2021-03-08,12.5292991,original,post-2016
2021-03-09,13.305356399999999,original,post-2016
2021-03-10,13.5637472,original,post-2016
2021-03-11,13.297687266666667,original,post-2016
2021-03-12,12.804797966666667,original,post-2016
2021-03-13,12.600976,original,post-2016
2021-03-14,12.4310752,original,post-2016
2021-03-15,12.7991936,original,post-2016
2021-03-16,13.0540448,original,post-2016
2021-03-17,13.9884992,original,post-2016
2021-03-18,16.7635456,original,post-2016
2021-03-19,14.6681024,original,post-2016
2021-03-20,12.6292928,original,post-2016
2021-03-21,11.609888,original,post-2016
2021-03-22,11.3550368,original,post-2016
2021-03-23,14.747153466666665,original,post-2016
2021-03-24,25.7399712,original,post-2016
2021-03-25,14.1300832,original,post-2016
2021-03-26,7.5322688,original,post-2016
2021-03-27,8.8065248,original,post-2016
2021-03-28,7.3340512,original,post-2016
2021-03-29,9.627712,original,post-2016
2021-03-30,11.183071233333333,original,post-2016
2021-03-31,13.1956288,original,post-2016
2021-04-01,13.612121733333332,original,post-2016
2021-04-02,13.3938464,original,post-2016
2021-04-03,13.441925966666666,original,post-2016
2021-04-04,13.6770144,original,post-2016
2021-04-05,12.7991936,original,post-2016
2021-04-06,10.477216,original,post-2016
2021-04-07,10.612900666666667,original,post-2016
2021-04-08,12.6124797,original,post-2016
2021-04-09,11.6382048,original,post-2016
2021-04-10,14.583152,original,post-2016
2021-04-11,13.051095133333332,original,post-2016
2021-04-12,13.2239456,original,post-2016
2021-04-13,15.342101233333334,original,post-2016
2021-04-14,21.1243328,original,post-2016
2021-04-15,21.2942336,original,post-2016
2021-04-16,16.706912,original,post-2016
2021-04-17,14.376675333333333,original,post-2016
2021-04-18,13.433371933333333,original,post-2016
2021-04-19,12.0063232,original,post-2016
2021-04-20,12.3461248,original,post-2016
2021-04-21,13.0213035,original,post-2016
2021-04-22,13.3372128,original,post-2016
2021-04-23,12.4310752,original,post-2016
2021-04-24,12.2611744,original,post-2016
2021-04-25,12.74256,original,post-2016
2021-04-26,12.2611744,original,post-2016
2021-04-27,13.1389952,original,post-2016
2021-04-28,13.1389952,original,post-2016
2021-04-29,12.955859373913043,original,post-2016
2021-04-30,13.2805792,original,post-2016
2021-05-01,13.047437546666666,original,post-2016
2021-05-02,13.736759736263735,original,post-2016
2021-05-03,5.517788562174246,rating_curve_long_gap,post-2016
2021-05-04,5.514874913867054,rating_curve_long_gap,post-2016
2021-05-05,5.511962475334952,rating_curve_long_gap,post-2016
2021-05-06,5.509052456353034,interpolated,post-2016
2021-05-07,5.506142437371116,interpolated,post-2016
2021-05-08,5.503232418389198,rating_curve_long_gap,post-2016
2021-05-09,5.500324818957463,rating_curve_long_gap,post-2016
2021-05-10,5.497418429300819,rating_curve_long_gap,post-2016
2021-05-11,19.08135896470588,original,post-2016
2021-05-12,28.3168,original,post-2016
2021-05-13,21.764410466666664,original,post-2016
2021-05-14,16.680954933333336,original,post-2016
2021-05-15,13.9964633,original,post-2016
2021-05-16,12.686221366666667,original,post-2016
2021-05-17,12.7991936,original,post-2016
2021-05-18,27.508827306666667,original,post-2016
2021-05-19,25.602221766666666,original,post-2016
2021-05-20,21.1703476,original,post-2016
2021-05-21,25.626704,original,post-2016
2021-05-22,17.9174552,original,post-2016
2021-05-23,11.735248833333333,original,post-2016
2021-05-24,10.8453344,original,post-2016
2021-05-25,10.811413233333333,original,post-2016
2021-05-26,10.941493533333333,original,post-2016
2021-05-27,11.010220766666666,original,post-2016
2021-05-28,11.688349133333332,original,post-2016
2021-05-29,11.7797888,original,post-2016
2021-05-30,11.851170733333333,original,post-2016
2021-05-31,11.6382048,original,post-2016
2021-06-01,11.669534025531915,original,post-2016
2021-06-02,12.516025599999999,original,post-2016
2021-06-03,11.9496896,original,post-2016
2021-06-04,12.2894912,original,post-2016
2021-06-05,12.0364098,original,post-2016
2021-06-06,11.873883166666667,original,post-2016
2021-06-07,13.2805792,original,post-2016
2021-06-08,12.459392,original,post-2016
2021-06-09,11.832292866666666,original,post-2016
2021-06-10,11.400756633333332,original,post-2016
2021-06-11,11.3550368,original,post-2016
2021-06-12,11.3550368,original,post-2016
2021-06-13,11.46708607311828,original,post-2016
2021-06-14,11.9213728,original,post-2016
2021-06-15,12.191562266666667,original,post-2016
2021-06-16,12.2611744,original,post-2016
2021-06-17,12.2337425,original,post-2016
2021-06-18,11.9780064,original,post-2016
2021-06-19,11.5249376,original,post-2016
2021-06-20,11.4116704,original,post-2016
2021-06-21,12.1479072,original,post-2016
2021-06-22,12.8558272,original,post-2016
2021-06-23,12.996821266666666,original,post-2016
2021-06-24,12.7142432,original,post-2016
2021-06-25,12.694480433333332,original,post-2016
2021-06-26,12.6859264,original,post-2016
2021-06-27,13.010094766666667,original,post-2016
2021-06-28,13.439271266666667,original,post-2016
2021-06-29,13.2805792,original,post-2016
2021-06-30,13.2239456,original,post-2016
2021-07-01,12.680027066666668,original,post-2016
2021-07-02,12.120180333333332,original,post-2016
2021-07-03,13.244003333333332,original,post-2016
2021-07-04,15.749155233333335,original,post-2016
2021-07-05,15.2061216,original,post-2016
2021-07-06,14.441568,original,post-2016
2021-07-07,14.6397856,original,post-2016
2021-07-08,13.5071136,original,post-2016
2021-07-09,12.5726592,original,post-2016
2021-07-10,12.224598533333333,original,post-2016
2021-07-11,12.176224,original,post-2016
2021-07-12,12.1744542,original,post-2016
2021-07-13,12.759963033333333,original,post-2016
2021-07-14,13.831812906666666,original,post-2016
2021-07-15,13.0708579,original,post-2016
2021-07-16,13.1106784,original,post-2016
2021-07-17,12.793589233333332,original,post-2016
2021-07-18,13.344586966666666,original,post-2016
2021-07-19,14.753052799999999,original,post-2016
2021-07-20,12.9974112,original,post-2016
2021-07-21,12.317808,original,post-2016
2021-07-22,12.101597433333332,original,post-2016
2021-07-23,12.1479072,original,post-2016
2021-07-24,12.072793162105263,original,post-2016
2021-07-25,12.080064866666667,original,post-2016
2021-07-26,13.018943766666666,original,post-2016
2021-07-27,12.532248766666667,original,post-2016
2021-07-28,12.689760966666666,original,post-2016
2021-07-29,12.4310752,original,post-2016
2021-07-30,12.452238282105263,original,post-2016
2021-07-31,12.348331303896105,original,post-2016
2021-08-01,12.2894912,original,post-2016
2021-08-02,13.112743166666666,original,post-2016
2021-08-03,13.0089149,original,post-2016
2021-08-04,12.8098124,original,post-2016
2021-08-05,11.882732166666667,original,post-2016
2021-08-06,11.9780064,original,post-2016
2021-08-07,12.060529645714286,original,post-2016
2021-08-08,12.184152703999999,original,post-2016
2021-08-09,12.58823344,original,post-2016
2021-08-10,13.0823616,original,post-2016
2021-08-11,13.2239456,original,post-2016
2021-08-12,14.724736,original,post-2016
2021-08-13,16.848496,original,post-2016
2021-08-14,16.0273088,original,post-2016
2021-08-15,13.9035488,original,post-2016
2021-08-16,12.600976,original,post-2016
2021-08-17,12.03464,original,post-2016
2021-08-18,11.758846166666666,original,post-2016
2021-08-19,11.5532544,original,post-2016
2021-08-20,10.9515224,original,post-2016
2021-08-21,9.9958304,original,post-2016
2021-08-22,9.9799022,original,post-2016
2021-08-23,9.781475268817204,original,post-2016
2021-08-24,9.627712,original,post-2016
2021-08-25,9.769296,original,post-2016
2021-08-26,9.857972294736843,original,post-2016
2021-08-27,9.6560288,original,post-2016
2021-08-28,10.6754336,original,post-2016
2021-08-29,12.600976,original,post-2016
2021-08-30,16.7918624,original,post-2016
2021-08-31,14.86632,original,post-2016
2021-09-01,14.1610547,original,post-2016
2021-09-02,11.2700864,original,post-2016
2021-09-03,10.398754866666668,original,post-2016
2021-09-04,9.5710784,original,post-2016
2021-09-05,9.1463264,original,post-2016
2021-09-06,9.089987766666667,original,post-2016
2021-09-07,8.9135977,original,post-2016
2021-09-08,11.0152352,original,post-2016
2021-09-09,11.054760733333332,original,post-2016
2021-09-10,10.3073152,original,post-2016
2021-09-11,9.9391968,original,post-2016
2021-09-12,9.773130566666667,original,post-2016
2021-09-13,9.5993952,original,post-2016
2021-09-14,11.475088233333333,original,post-2016
2021-09-15,22.019261666666665,original,post-2016
2021-09-16,18.2926528,original,post-2016
2021-09-17,15.643557166666666,original,post-2016
2021-09-18,12.6576096,original,post-2016
2021-09-19,11.473908366666667,original,post-2016
2021-09-20,10.915831433333333,original,post-2016
2021-09-21,10.1090976,original,post-2016
2021-09-22,9.9391968,original,post-2016
2021-09-23,9.627712,original,post-2016
2021-09-24,9.20296,original,post-2016
2021-09-25,9.061376,original,post-2016
2021-09-26,8.551673599999999,original,post-2016
2021-09-27,8.49504,original,post-2016
2021-09-28,9.0047424,original,post-2016
2021-09-29,10.547418066666667,original,post-2016
2021-09-30,17.211894933333333,original,post-2016
2021-10-01,13.8831961,original,post-2016
2021-10-02,12.3461248,original,post-2016
2021-10-03,12.0063232,original,post-2016
2021-10-04,11.119358433333332,original,post-2016
2021-10-05,9.9675136,original,post-2016
2021-10-06,9.5993952,original,post-2016
2021-10-07,9.0896928,original,post-2016
2021-10-08,8.4667232,original,post-2016
2021-10-09,8.1552384,original,post-2016
2021-10-10,8.0419712,original,post-2016
2021-10-11,7.9003872,original,post-2016
2021-10-12,7.9012721,original,post-2016
2021-10-13,8.0667484,original,post-2016
2021-10-14,8.2003683,original,post-2016
2021-10-15,8.225440466666667,original,post-2016
2021-10-16,8.466133266666667,original,post-2016
2021-10-17,8.6083072,original,post-2016
2021-10-18,8.5799904,original,post-2016
2021-10-19,8.4384064,original,post-2016
2021-10-20,8.2685056,original,post-2016
2021-10-21,8.3817728,original,post-2016
2021-10-22,8.4100896,original,post-2016
2021-10-23,8.316880133333333,original,post-2016
2021-10-24,8.1224971,original,post-2016
2021-10-25,8.2401888,original,post-2016
2021-10-26,8.2968224,original,post-2016
2021-10-27,8.2233757,original,post-2016
2021-10-28,9.891117233333333,original,post-2016
2021-10-29,9.290860066666667,original,post-2016
2021-10-30,9.0675703,original,post-2016
2021-10-31,8.730718366666666,original,post-2016
2021-11-01,8.353456,original,post-2016
2021-11-02,8.298002266666668,original,post-2016
2021-11-03,8.161727666666668,original,post-2016
2021-11-04,8.281918821052631,original,post-2016
2021-11-05,8.4968098,original,post-2016
2021-11-06,8.463478566666668,original,post-2016
2021-11-07,8.4667232,original,post-2016
2021-11-08,8.551673599999999,original,post-2016
2021-11-09,8.664645833333333,original,post-2016
2021-11-10,8.6649408,original,post-2016
2021-11-11,8.7879419,original,post-2016
2021-11-12,8.879676533333333,original,post-2016
2021-11-13,9.035123966666667,original,post-2016
2021-11-14,9.061376,original,post-2016
2021-11-15,8.898232618181819,original,post-2016
2021-11-16,8.882331233333332,original,post-2016
2021-11-17,8.9056336,original,post-2016
2021-11-18,9.602049899999999,original,post-2016
2021-11-19,10.998422099999999,original,post-2016
2021-11-20,9.9657438,original,post-2016
2021-11-21,9.061376,original,post-2016
2021-11-22,8.8286473,original,post-2016
2021-11-23,8.6083072,original,post-2016
2021-11-24,8.5799904,original,post-2016
2021-11-25,8.642228366666668,original,post-2016
2021-11-26,8.9481088,original,post-2016
2021-11-27,8.8914752,original,post-2016
2021-11-28,8.8914752,original,post-2016
2021-11-29,8.9764256,original,post-2016
2021-11-30,9.073744257471265,original,post-2016
2021-12-01,8.827605084444444,original,post-2016
2021-12-02,8.8065248,original,post-2016
2021-12-03,8.919792,original,post-2016
2021-12-04,8.919792,original,post-2016
2021-12-05,8.778208,original,post-2016
2021-12-06,8.7357328,original,post-2016
2021-12-07,9.961614266666666,original,post-2016
2021-12-08,11.3983969,original,post-2016
2021-12-09,11.973876866666666,original,post-2016
2021-12-10,11.723155199999999,original,post-2016
2021-12-11,11.6665216,original,post-2016
2021-12-12,11.4966208,original,post-2016
2021-12-13,11.3833536,original,post-2016
2021-12-14,11.3214106,original,post-2016
2021-12-15,11.3550368,original,post-2016
2021-12-16,10.167221557894736,original,post-2016
2021-12-17,9.599690166666667,original,post-2016
2021-12-18,9.494682033333333,original,post-2016
2021-12-19,9.615028433333332,original,post-2016
2021-12-20,9.5144448,original,post-2016
2021-12-21,9.6560288,original,post-2016
2021-12-22,9.5144448,original,post-2016
2021-12-23,9.4578112,original,post-2016
2021-12-24,9.5144448,original,post-2016
2021-12-25,9.5427616,original,post-2016
2021-12-26,9.576134971428571,original,post-2016
2021-12-27,9.1746432,original,post-2016
2021-12-28,9.219186480898877,original,post-2016
2021-12-29,9.177921987368421,original,post-2016
2021-12-30,9.5993952,original,post-2016
2021-12-31,9.7126624,original,post-2016
2022-01-01,9.5427616,original,post-2016
2022-01-02,9.7666413,original,post-2016
2022-01-03,10.061018033333333,original,post-2016
2022-01-04,9.8878726,original,post-2016
2022-01-05,9.721398434042554,original,post-2016
2022-01-06,9.873850338461539,original,post-2016
2022-01-07,9.769296,original,post-2016
2022-01-08,9.7409792,original,post-2016
2022-01-09,9.8604407,original,post-2016
2022-01-10,10.137414399999999,original,post-2016
2022-01-11,10.133284866666667,original,post-2016
2022-01-12,10.2887323,original,post-2016
2022-01-13,10.210271166666667,original,post-2016
2022-01-14,10.3763374,original,post-2016
2022-01-15,10.575734866666666,original,post-2016
2022-01-16,10.9125868,original,post-2016
2022-01-17,10.79578,original,post-2016
2022-01-18,10.753009833333333,original,post-2016
2022-01-19,9.861620566666668,original,post-2016
2022-01-20,10.7037504,original,post-2016
2022-01-21,10.4205824,original,post-2016
2022-01-22,10.158946966666667,original,post-2016
2022-01-23,10.139970777777778,interpolated,post-2016
2022-01-24,10.12099458888889,interpolated,post-2016
2022-01-25,10.1020184,original,post-2016
2022-01-26,10.580454333333332,original,post-2016
2022-01-27,10.5055328,original,post-2016
2022-01-28,10.896068666666666,original,post-2016
2022-01-29,10.8037441,original,post-2016
2022-01-30,10.642102366666666,original,post-2016
2022-01-31,10.4497841,original,post-2016
2022-02-01,10.6754336,original,post-2016
2022-02-02,11.1285024,original,post-2016
2022-02-03,16.7918624,original,post-2016
2022-02-04,20.388096,original,post-2016
2022-02-05,15.857408,original,post-2016
2022-02-06,13.543984433333332,original,post-2016
2022-02-07,11.32672,original,post-2016
2022-02-08,10.5904832,original,post-2016
2022-02-09,10.3073152,original,post-2016
2022-02-10,10.052464,original,post-2016
2022-02-11,9.9675136,original,post-2016
2022-02-12,9.9958304,original,post-2016
2022-02-13,10.137414399999999,original,post-2016
2022-02-14,10.043676027586207,original,post-2016
2022-02-15,10.162781533333332,original,post-2016
2022-02-16,9.870764533333332,original,post-2016
2022-02-17,10.0241472,original,post-2016
2022-02-18,10.6188,original,post-2016
2022-02-19,10.7037504,original,post-2016
2022-02-20,10.5904832,original,post-2016
2022-02-21,10.554792233333332,original,post-2016
2022-02-22,10.3922656,original,post-2016
2022-02-23,10.478690833333333,original,post-2016
2022-02-24,10.4736764,original,post-2016
2022-02-25,10.604346633333332,original,post-2016
2022-02-26,10.7320672,original,post-2016
2022-02-27,11.1285024,original,post-2016
2022-02-28,11.185136,original,post-2016
2022-03-01,11.043552,original,post-2016
2022-03-02,11.0187748,original,post-2016
2022-03-03,10.901968,original,post-2016
2022-03-04,10.788700799999999,original,post-2016
2022-03-05,10.8453344,original,post-2016
2022-03-06,10.760384,original,post-2016
2022-03-07,10.881025366666668,original,post-2016
2022-03-08,10.9586016,original,post-2016
2022-03-09,11.0816027,original,post-2016
2022-03-10,10.9869184,original,post-2016
2022-03-11,11.068919133333333,original,post-2016
2022-03-12,12.4009886,original,post-2016
2022-03-13,11.4727285,original,post-2016
2022-03-14,11.186610833333333,original,post-2016
2022-03-15,12.014877233333333,original,post-2016
2022-03-16,12.600976,original,post-2016
2022-03-17,12.4877088,original,post-2016
2022-03-18,12.4027584,original,post-2016
2022-03-19,12.6859264,original,post-2016
2022-03-20,12.600976,original,post-2016
2022-03-21,12.459392,original,post-2016
2022-03-22,12.2133898,original,post-2016
2022-03-23,13.2522624,original,post-2016
2022-03-24,13.0540448,original,post-2016
2022-03-25,12.9690944,original,post-2016
2022-03-26,12.8275104,original,post-2016
2022-03-27,12.747574433333332,original,post-2016
2022-03-28,12.6576096,original,post-2016
2022-03-29,12.5443424,original,post-2016
2022-03-30,12.122835033333333,original,post-2016
2022-03-31,14.6397856,original,post-2016
2022-04-01,13.7053312,original,post-2016
2022-04-02,13.0540448,original,post-2016
2022-04-03,12.516025599999999,original,post-2016
2022-04-04,12.216339466666668,original,post-2016
2022-04-05,12.03464,original,post-2016
2022-04-06,12.1195904,original,post-2016
2022-04-07,12.4027584,original,post-2016
2022-04-08,12.653480066666667,original,post-2016
2022-04-09,12.898007433333333,original,post-2016
2022-04-10,13.025727999999999,original,post-2016
2022-04-11,13.0628938,original,post-2016
2022-04-12,13.185515657142858,original,post-2016
2022-04-13,13.3372128,original,post-2016
2022-04-14,18.037801599999998,original,post-2016
2022-04-15,16.149130033333336,original,post-2016
2022-04-16,13.774058433333332,original,post-2016
2022-04-17,12.9124608,original,post-2016
2022-04-18,12.6292928,original,post-2016
2022-04-19,12.362347966666666,original,post-2016
2022-04-20,12.03464,original,post-2016
2022-04-21,12.0912736,original,post-2016
2022-04-22,12.037884633333332,original,post-2016
2022-04-23,11.946739933333333,original,post-2016
2022-04-24,11.928452,original,post-2016
2022-04-25,12.1479072,original,post-2016
2022-04-26,12.360873133333333,original,post-2016
2022-04-27,12.459392,original,post-2016
2022-04-28,12.367952333333333,original,post-2016
2022-04-29,12.299815033333333,original,post-2016
2022-04-30,12.176224,original,post-2016
2022-05-01,12.5726592,original,post-2016
2022-05-02,13.308895999999999,original,post-2016
2022-05-03,12.8275104,original,post-2016
2022-05-04,12.516025599999999,original,post-2016
2022-05-05,12.3169231,original,post-2016
2022-05-06,13.636014033333332,original,post-2016
2022-05-07,13.482631366666666,original,post-2016
2022-05-08,12.6372569,original,post-2016
2022-05-09,12.0912736,original,post-2016
2022-05-10,11.8974805,original,post-2016
2022-05-11,11.8364224,original,post-2016
2022-05-12,12.03464,original,post-2016
2022-05-13,12.7991936,original,post-2016
2022-05-14,14.583152,original,post-2016
2022-05-15,12.6576096,original,post-2016
2022-05-16,11.9780064,original,post-2016
2022-05-17,12.05209105116279,interpolated,post-2016
2022-05-18,12.12617570232558,original,post-2016
2022-05-19,12.0160571,original,post-2016
2022-05-20,11.9912799,original,post-2016
2022-05-21,12.600976,original,post-2016
2022-05-22,13.636014033333332,original,post-2016
2022-05-23,14.321516566666666,original,post-2016
2022-05-24,18.2360192,original,post-2016
2022-05-25,15.437375466666666,original,post-2016
2022-05-26,17.5935818,original,post-2016
2022-05-27,14.756130713043477,original,post-2016
2022-05-28,12.750819066666667,original,post-2016
2022-05-29,11.723155199999999,original,post-2016
2022-05-30,11.581571199999999,original,post-2016
2022-05-31,11.6081182,original,post-2016
2022-06-01,11.85766,original,post-2016
2022-06-02,11.919013066666666,original,post-2016
2022-06-03,12.868510766666667,original,post-2016
2022-06-04,14.771930666666666,original,post-2016
2022-06-05,12.615429366666667,original,post-2016
2022-06-06,11.9780064,original,post-2016
2022-06-07,11.747047499999999,original,post-2016
2022-06-08,11.580096366666668,original,post-2016
2022-06-09,11.6382048,original,post-2016
2022-06-10,11.729939433333332,original,post-2016
2022-06-11,12.0664964,original,post-2016
2022-06-12,12.995936366666667,original,post-2016
2022-06-13,12.627228033333333,original,post-2016
2022-06-14,12.069741033333333,original,post-2016
2022-06-15,11.957948666666667,original,post-2016
2022-06-16,12.0417192,original,post-2016
2022-06-17,12.583867933333332,original,post-2016
2022-06-18,12.74256,original,post-2016
2022-06-19,12.8699856,original,post-2016
2022-06-20,12.8717554,original,post-2016
2022-06-21,12.728991533333332,original,post-2016
2022-06-22,12.9690944,original,post-2016
2022-06-23,12.988857166666667,original,post-2016
2022-06-24,13.082066633333332,original,post-2016
2022-06-25,13.6203808,original,post-2016
2022-06-26,13.584984799999999,original,post-2016
2022-06-27,13.600913,original,post-2016
2022-06-28,13.492660233333332,original,post-2016
2022-06-29,13.258110434782608,original,post-2016
2022-06-30,13.1389952,original,post-2016
2022-07-01,13.1956288,original,post-2016
2022-07-02,13.215686533333333,original,post-2016
2022-07-03,13.182945233333333,original,post-2016
2022-07-04,13.1389952,original,post-2016
2022-07-05,13.270255366666667,original,post-2016
2022-07-06,13.025727999999999,original,post-2016
2022-07-07,12.8691007,original,post-2016
2022-07-08,12.719257633333333,original,post-2016
2022-07-09,12.5700045,original,post-2016
2022-07-10,12.232857599999999,original,post-2016
2022-07-11,12.267958633333333,original,post-2016
2022-07-12,12.5443424,original,post-2016
2022-07-13,12.330786533333333,original,post-2016
2022-07-14,12.581803166666667,original,post-2016
2022-07-15,13.450774966666668,original,post-2016
2022-07-16,14.865730066666666,original,post-2016
2022-07-17,13.314795333333333,original,post-2016
2022-07-18,13.4787968,original,post-2016
2022-07-19,12.8558272,original,post-2016
2022-07-20,12.317808,original,post-2016
2022-07-21,11.943200333333333,original,post-2016
2022-07-22,11.348547533333333,original,post-2016
2022-07-23,10.947687833333333,original,post-2016
2022-07-24,10.194048,original,post-2016
2022-07-25,10.16512223655914,original,post-2016
2022-07-26,9.8480521,original,post-2016
2022-07-27,10.4276616,original,post-2016
2022-07-28,10.335632,original,post-2016
2022-07-29,10.079305966666666,original,post-2016
2022-07-30,10.191688266666667,original,post-2016
2022-07-31,11.178351766666667,original,post-2016
2022-08-01,10.477216,original,post-2016
2022-08-02,10.853003533333332,original,post-2016
2022-08-03,11.0550557,original,post-2016
2022-08-04,13.9318656,original,post-2016
2022-08-05,14.7813696,original,post-2016
2022-08-06,14.4132512,original,post-2016
2022-08-07,11.9496896,original,post-2016
2022-08-08,10.788700799999999,original,post-2016
2022-08-09,10.278998399999999,original,post-2016
2022-08-10,10.041255266666667,original,post-2016
2022-08-11,9.7666413,original,post-2016
2022-08-12,9.611193866666667,original,post-2016
2022-08-13,12.5443424,original,post-2016
2022-08-14,12.258814666666668,original,post-2016
2022-08-15,10.5506627,original,post-2016
2022-08-16,10.053053933333333,original,post-2016
2022-08-17,9.5993952,original,post-2016
2022-08-18,9.4578112,original,post-2016
2022-08-19,9.344543999999999,original,post-2016
2022-08-20,10.335632,original,post-2016
2022-08-21,10.8170176,original,post-2016
2022-08-22,10.052464,original,post-2016
2022-08-23,10.020902566666667,original,post-2016
2022-08-24,13.970506233333333,original,post-2016
2022-08-25,12.03464,original,post-2016
2022-08-26,11.3550368,original,post-2016
2022-08-27,11.256517933333333,original,post-2016
2022-08-28,10.633548333333332,original,post-2016
2022-08-29,10.6471168,original,post-2016
2022-08-30,10.454503566666666,original,post-2016
2022-08-31,9.906750466666667,original,post-2016
2022-09-01,9.628301933333333,original,post-2016
2022-09-02,9.401767533333333,original,post-2016
2022-09-03,10.8993133,original,post-2016
2022-09-04,10.350380333333332,original,post-2016
2022-09-05,9.8259296,original,post-2016
2022-09-06,9.548365966666667,original,post-2016
2022-09-07,9.406192033333333,original,post-2016
2022-09-08,11.0152352,original,post-2016
2022-09-09,10.6789732,original,post-2016
2022-09-10,14.3159122,original,post-2016
2022-09-11,13.3938464,original,post-2016
2022-09-12,12.600976,original,post-2016
2022-09-13,12.2045408,original,post-2016
2022-09-14,11.990100033333333,original,post-2016
2022-09-15,11.8364224,original,post-2016
2022-09-16,11.877717733333332,original,post-2016
2022-09-17,11.926092266666666,original,post-2016
2022-09-18,11.829933133333332,original,post-2016
2022-09-19,11.9780064,original,post-2016
2022-09-20,11.993639633333332,original,post-2016
2022-09-21,12.0063232,original,post-2016
2022-09-22,11.9780064,original,post-2016
2022-09-23,12.0063232,original,post-2016
2022-09-24,11.9496896,original,post-2016
2022-09-25,11.893056,original,post-2016
2022-09-26,11.723155199999999,original,post-2016
2022-09-27,11.6948384,original,post-2016
2022-09-28,11.2984032,original,post-2016
2022-09-29,11.043552,original,post-2016
2022-09-30,2.88052362007552,rating_curve_long_gap,post-2016
2022-10-01,2.7990266256945278,rating_curve_long_gap,post-2016
2022-10-02,2.770243134512345,rating_curve_long_gap,post-2016
2022-10-03,2.773305788200177,rating_curve_long_gap,post-2016
2022-10-04,10.223151377777777,original,post-2016
2022-10-05,10.15887555368421,original,post-2016
2022-10-06,10.137414399999999,original,post-2016
2022-10-07,10.2506816,original,post-2016
2022-10-08,10.278998399999999,original,post-2016
2022-10-09,10.2657249,original,post-2016
2022-10-10,10.1657312,original,post-2016
2022-10-11,10.2259044,original,post-2016
2022-10-12,10.3559847,original,post-2016
2022-10-13,10.5621664,original,post-2016
2022-10-14,10.4488992,original,post-2016
2022-10-15,10.4205824,original,post-2016
2022-10-16,10.5453533,original,post-2016
2022-10-17,10.8736512,original,post-2016
2022-10-18,11.1568192,original,post-2016
2022-10-19,11.2134528,original,post-2016
2022-10-20,11.0532859,original,post-2016
2022-10-21,10.930284799999999,original,post-2016
2022-10-22,10.788700799999999,original,post-2016
2022-10-23,10.6754336,original,post-2016
2022-10-24,10.7320672,original,post-2016
2022-10-25,10.798139733333333,original,post-2016
2022-10-26,10.9869184,original,post-2016
2022-10-27,11.0152352,original,post-2016
2022-10-28,10.8453344,original,post-2016
2022-10-29,10.995472433333333,original,post-2016
2022-10-30,11.1001856,original,post-2016
2022-10-31,11.0718688,original,post-2016
2022-11-01,11.016415066666667,original,post-2016
2022-11-02,11.0152352,original,post-2016
2022-11-03,10.989868066666666,original,post-2016
2022-11-04,10.8736512,original,post-2016
2022-11-05,11.005796266666668,original,post-2016
2022-11-06,11.3550368,original,post-2016
2022-11-07,11.3833536,original,post-2016
2022-11-08,11.32672,original,post-2016
2022-11-09,11.2134528,original,post-2016
2022-11-10,11.2134528,original,post-2016
2022-11-11,11.222891733333332,original,post-2016
2022-11-12,11.4399872,original,post-2016
2022-11-13,11.3833536,original,post-2016
2022-11-14,11.4399872,original,post-2016
2022-11-15,14.07735536551724,original,post-2016
2022-11-16,13.21720883256705,interpolated,post-2016
2022-11-17,12.357062299616858,interpolated,post-2016
2022-11-18,11.496915766666667,original,post-2016
2022-11-19,11.32672,original,post-2016
2022-11-20,11.599564166666667,original,post-2016
2022-11-21,11.5249376,original,post-2016
2022-11-22,11.32672,original,post-2016
2022-11-23,11.2984032,original,post-2016
2022-11-24,11.271561233333333,original,post-2016
2022-11-25,13.866972933333333,original,post-2016
2022-11-26,15.023537233333334,original,post-2016
2022-11-27,18.264336,original,post-2016
2022-11-28,15.887789566666665,original,post-2016
2022-11-29,13.2239456,original,post-2016
2022-11-30,12.9407776,original,post-2016
2022-12-01,12.806862733333332,original,post-2016
2022-12-02,11.739378366666667,original,post-2016
2022-12-03,11.4789228,original,post-2016
2022-12-04,11.573312133333333,original,post-2016
2022-12-05,11.4966208,original,post-2016
2022-12-06,11.3143314,original,post-2016
2022-12-07,11.347662633333332,original,post-2016
2022-12-08,11.3550368,original,post-2016
2022-12-09,11.4116704,original,post-2016
2022-12-10,11.3550368,original,post-2016
2022-12-11,12.172979366666667,original,post-2016
2022-12-12,13.733648,original,post-2016
2022-12-13,12.7142432,original,post-2016
2022-12-14,12.492428266666668,original,post-2016
2022-12-15,14.583152,original,post-2016
2022-12-16,12.2045408,original,post-2016
2022-12-17,11.8081056,original,post-2016
2022-12-18,12.176224,original,post-2016
2022-12-19,12.225483433333332,original,post-2016
2022-12-20,17.280917133333332,original,post-2016
2022-12-21,17.386515199999998,original,post-2016
2022-12-22,4.165096906384026,rating_curve_long_gap,post-2016
2022-12-23,3.850765626714881,rating_curve_long_gap,post-2016
2022-12-24,3.54929714435968,rating_curve_long_gap,post-2016
2022-12-25,3.3408520053452806,rating_curve_long_gap,post-2016
2022-12-26,3.277318614658156,rating_curve_long_gap,post-2016
2022-12-27,3.2823605754551197,rating_curve_long_gap,post-2016
2022-12-28,3.367065878223977,rating_curve_long_gap,post-2016
2022-12-29,3.51706558705,rating_curve_long_gap,post-2016
2022-12-30,4.813672159307921,rating_curve_long_gap,post-2016
2022-12-31,7.498110249910935,rating_curve_long_gap,post-2016
2023-01-01,5.283567311169282,rating_curve_long_gap,post-2016
2023-01-02,4.23071534199808,rating_curve_long_gap,post-2016
2023-01-03,3.9788863413644804,rating_curve_long_gap,post-2016
2023-01-04,14.808709958620689,original,post-2016
2023-01-05,14.124478833333333,original,post-2016
2023-01-06,13.503574,original,post-2016
2023-01-07,13.103304233333333,original,post-2016
2023-01-08,13.246953,original,post-2016
2023-01-09,16.3387936,original,post-2016
2023-01-10,15.1778048,original,post-2016
2023-01-11,14.1867168,original,post-2016
2023-01-12,13.818598399999999,original,post-2016
2023-01-13,13.897944433333333,original,post-2016
2023-01-14,13.7893967,original,post-2016
2023-01-15,13.405940033333332,original,post-2016
2023-01-16,13.4221632,original,post-2016
2023-01-17,13.5637472,original,post-2016
2023-01-18,13.45048,original,post-2016
2023-01-19,14.101766399999999,original,post-2016
2023-01-20,14.1584,original,post-2016
2023-01-21,13.875232,original,post-2016
2023-01-22,13.7902816,original,post-2016
2023-01-23,13.6486976,original,post-2016
2023-01-24,13.45048,original,post-2016
2023-01-25,15.0928544,original,post-2016
2023-01-26,13.852814533333333,original,post-2016
2023-01-27,13.5637472,original,post-2016
2023-01-28,13.4787968,original,post-2016
2023-01-29,13.4787968,original,post-2016
2023-01-30,13.1009445,original,post-2016
2023-01-31,13.351076233333332,original,post-2016
2023-02-01,13.668755333333333,original,post-2016
2023-02-02,13.712705366666667,original,post-2016
2023-02-03,13.5256965,original,post-2016
2023-02-04,13.061124,original,post-2016
2023-02-05,12.883554066666667,original,post-2016
2023-02-06,12.7142432,original,post-2016
2023-02-07,12.7142432,original,post-2016
2023-02-08,12.6859264,original,post-2016
2023-02-09,16.1122592,original,post-2016
2023-02-10,14.611468799999999,original,post-2016
2023-02-11,13.3655296,original,post-2016
2023-02-12,12.869395666666668,original,post-2016
2023-02-13,12.203360933333332,original,post-2016
2023-02-14,11.756486433333333,original,post-2016
2023-02-15,11.550304733333332,original,post-2016
2023-02-16,11.504879866666666,original,post-2016
2023-02-17,13.025727999999999,original,post-2016
2023-02-18,12.7142432,original,post-2016
2023-02-19,12.328426799999999,original,post-2016
2023-02-20,11.8647392,original,post-2016
2023-02-21,11.609888,original,post-2016
2023-02-22,11.2417696,original,post-2016
2023-02-23,11.3833536,original,post-2016
2023-02-24,11.813709966666668,original,post-2016
2023-02-25,12.374441599999999,original,post-2016
2023-02-26,12.636961933333332,original,post-2016
2023-02-27,12.679142166666667,original,post-2016
2023-02-28,12.334031166666668,original,post-2016
2023-03-01,11.988035266666667,original,post-2016
2023-03-02,11.8081056,original,post-2016
2023-03-03,11.793652233333333,original,post-2016
2023-03-04,12.1195904,original,post-2016
2023-03-05,12.232857599999999,original,post-2016
2023-03-06,12.135290803960395,original,post-2016
2023-03-07,12.0912736,original,post-2016
2023-03-08,12.150266933333333,original,post-2016
2023-03-09,12.1045471,original,post-2016
2023-03-10,12.245836133333333,original,post-2016
2023-03-11,12.395384233333333,original,post-2016
2023-03-12,12.516025599999999,original,post-2016
2023-03-13,12.7708768,original,post-2016
2023-03-14,12.905971533333332,original,post-2016
2023-03-15,12.645810933333333,original,post-2016
2023-03-16,12.2443613,original,post-2016
2023-03-17,13.1106784,original,post-2016
2023-03-18,13.167311999999999,original,post-2016
2023-03-19,12.7142432,original,post-2016
2023-03-20,12.360283200000001,interpolated,post-2016
2023-03-21,12.0063232,original,post-2016
2023-03-22,12.30497695,interpolated,post-2016
2023-03-23,12.6036307,original,post-2016
2023-03-24,12.352614066666668,original,post-2016
2023-03-25,11.931106699999999,original,post-2016
2023-03-26,11.815184799999999,original,post-2016
2023-03-27,11.751472,original,post-2016
2023-03-28,12.030510466666668,original,post-2016
2023-03-29,12.232857599999999,original,post-2016
2023-03-30,12.102187366666668,original,post-2016
2023-03-31,11.8647392,original,post-2016
2023-04-01,12.1195904,original,post-2016
2023-04-02,12.232857599999999,original,post-2016
2023-04-03,12.026970866666668,original,post-2016
2023-04-04,12.081834666666667,original,post-2016
2023-04-05,12.039359466666667,original,post-2016
2023-04-06,12.5726592,original,post-2016
2023-04-07,13.7902816,original,post-2016
2023-04-08,14.6397856,original,post-2016
2023-04-09,13.974045833333333,original,post-2016
2023-04-10,12.74256,original,post-2016
2023-04-11,12.3461248,original,post-2016
2023-04-12,12.317808,original,post-2016
2023-04-13,12.2611744,original,post-2016
2023-04-14,12.176224,original,post-2016
2023-04-15,13.960182399999999,original,post-2016
2023-04-16,16.9617632,original,post-2016
2023-04-17,14.5548352,original,post-2016
2023-04-18,12.7708768,original,post-2016
2023-04-19,11.7797888,original,post-2016
2023-04-20,11.893056,original,post-2016
2023-04-21,12.6576096,original,post-2016
2023-04-22,12.9690944,original,post-2016
2023-04-23,12.4027584,original,post-2016
2023-04-24,12.196871666666667,original,post-2016
2023-04-25,11.946444966666666,original,post-2016
2023-04-26,11.6665216,original,post-2016
2023-04-27,12.2894912,original,post-2016
2023-04-28,12.600681033333332,original,post-2016
2023-04-29,12.5443424,original,post-2016
2023-04-30,12.374441599999999,original,post-2016
2023-05-01,12.337570766666667,original,post-2016
2023-05-02,12.74256,original,post-2016
2023-05-03,12.890043333333333,original,post-2016
2023-05-04,12.0629568,original,post-2016
2023-05-05,12.1479072,original,post-2016
2023-05-06,14.636835933333334,original,post-2016
2023-05-07,21.223736566666666,original,post-2016
2023-05-08,16.3210956,original,post-2016
2023-05-09,14.734764866666666,original,post-2016
2023-05-10,16.6219616,original,post-2016
2023-05-11,14.462510633333332,original,post-2016
2023-05-12,12.040244366666666,original,post-2016
2023-05-13,10.9515224,original,post-2016
2023-05-14,10.471611633333332,original,post-2016
2023-05-15,10.372207866666667,original,post-2016
2023-05-16,10.8170176,original,post-2016
2023-05-17,10.3922656,original,post-2016
2023-05-18,10.0807808,original,post-2016
2023-05-19,10.019427733333332,original,post-2016
2023-05-20,10.033291166666666,original,post-2016
2023-05-21,10.361884033333332,original,post-2016
2023-05-22,10.5338496,original,post-2016
2023-05-23,10.2223648,original,post-2016
2023-05-24,10.0807808,original,post-2016
2023-05-25,9.9391968,original,post-2016
2023-05-26,9.926218266666668,original,post-2016
2023-05-27,9.883743066666668,original,post-2016
2023-05-28,9.8825632,original,post-2016
2023-05-29,9.5993952,original,post-2016
2023-05-30,9.7737205,original,post-2016
2023-05-31,9.91088,original,post-2016
2023-06-01,9.5197542,original,post-2016
2023-06-02,8.4021255,original,post-2016
2023-06-03,9.2702124,original,post-2016
2023-06-04,9.097066966666667,original,post-2016
2023-06-05,8.4198235,original,post-2016
2023-06-06,9.0658005,original,post-2016
2023-06-07,9.7976128,original,post-2016
2023-06-08,9.7976128,original,post-2016
2023-06-09,9.262543266666666,original,post-2016
2023-06-10,9.3303856,original,post-2016
2023-06-11,9.082908566666667,original,post-2016
2023-06-12,9.20296,original,post-2016
2023-06-13,9.0896928,original,post-2016
2023-06-14,8.8631584,original,post-2016
2023-06-15,8.8631584,original,post-2016
2023-06-16,8.866992966666666,original,post-2016
2023-06-17,8.920086966666666,original,post-2016
2023-06-18,8.919792,original,post-2016
2023-06-19,8.857259066666668,original,post-2016
2023-06-20,9.9675136,original,post-2016
2023-06-21,12.7142432,original,post-2016
2023-06-22,10.5621664,original,post-2016
2023-06-23,9.6843456,original,post-2016
2023-06-24,9.4011776,original,post-2016
2023-06-25,8.9764256,original,post-2016
2023-06-26,8.9481088,original,post-2016
2023-06-27,9.081970036363638,original,post-2016
2023-06-28,2.5964592056238134,rating_curve_long_gap,post-2016
2023-06-29,2.610901747016447,rating_curve_long_gap,post-2016
2023-06-30,2.6255192852597062,rating_curve_long_gap,post-2016
2023-07-01,2.640311820353592,rating_curve_long_gap,post-2016
2023-07-02,2.6552793522981033,rating_curve_long_gap,post-2016
2023-07-03,2.6704218810932403,rating_curve_long_gap,post-2016
2023-07-04,4.8617371345454545,original,post-2016
2023-07-05,4.906475533333333,original,post-2016
2023-07-06,5.5500928,original,post-2016
2023-07-07,5.919686033333334,original,post-2016
2023-07-08,5.1253408,original,post-2016
2023-07-09,4.8988064,original,post-2016
2023-07-10,5.6916768,original,post-2016
2023-07-11,7.3340512,original,post-2016
2023-07-12,7.5582258666666675,original,post-2016
2023-07-13,8.1269216,original,post-2016
2023-07-14,8.128101466666667,original,post-2016
2023-07-15,8.1835552,original,post-2016
2023-07-16,8.162022633333333,original,post-2016
2023-07-17,8.3764634,original,post-2016
2023-07-18,8.4384064,original,post-2016
2023-07-19,8.4100896,original,post-2016
2023-07-20,8.339887533333332,original,post-2016
2023-07-21,8.3817728,original,post-2016
2023-07-22,8.3968161,original,post-2016
2023-07-23,8.8914752,original,post-2016
2023-07-24,8.859323833333333,original,post-2016
2023-07-25,10.1090976,original,post-2016
2023-07-26,9.1746432,original,post-2016
2023-07-27,9.003798506666666,original,post-2016
2023-07-28,2.7348323874804077,rating_curve_long_gap,post-2016
2023-07-29,2.738212691659876,rating_curve_long_gap,post-2016
2023-07-30,2.7416008346726257,rating_curve_long_gap,post-2016
2023-07-31,2.745020333018502,interpolated_long_gap,post-2016
2023-08-01,2.748439831364378,interpolated_long_gap,post-2016
2023-08-02,2.7518593297102543,interpolated_long_gap,post-2016
2023-08-03,2.7552788280561304,interpolated_long_gap,post-2016
2023-08-04,2.7586983264020066,interpolated_long_gap,post-2016
2023-08-05,2.762117824747883,interpolated_long_gap,post-2016
2023-08-06,2.765537323093759,rating_curve_long_gap,post-2016
2023-08-07,2.768988176772762,rating_curve_long_gap,post-2016
2023-08-08,2.772446869285046,rating_curve_long_gap,post-2016
2023-08-09,7.366310845569619,original,post-2016
2023-08-10,7.0792,original,post-2016
2023-08-11,7.695385366666667,original,post-2016
2023-08-12,8.1835552,original,post-2016
2023-08-13,8.216886433333332,original,post-2016
2023-08-14,8.198893466666668,original,post-2016
2023-08-15,8.2685056,original,post-2016
2023-08-16,8.2525774,original,post-2016
2023-08-17,8.3251392,original,post-2016
2023-08-18,8.3251392,original,post-2016
2023-08-19,8.3817728,original,post-2016
2023-08-20,8.4100896,original,post-2016
2023-08-21,8.3251392,original,post-2016
2023-08-22,8.211282066666667,original,post-2016
2023-08-23,8.277649566666668,original,post-2016
2023-08-24,8.4100896,original,post-2016
2023-08-25,8.2968224,original,post-2016
2023-08-26,8.3569956,original,post-2016
2023-08-27,8.5233568,original,post-2016
2023-08-28,9.0896928,original,post-2016
2023-08-29,8.6649408,original,post-2016
2023-08-30,8.482061466666668,original,post-2016
2023-08-31,8.070877933333332,original,post-2016
2023-09-01,7.929293933333333,original,post-2016
2023-09-02,8.146979333333332,original,post-2016
2023-09-03,8.520997066666666,original,post-2016
2023-09-04,8.3410674,original,post-2016
2023-09-05,8.214231733333333,original,post-2016
2023-09-06,7.975013766666667,original,post-2016
2023-09-07,8.385647730526316,original,post-2016
2023-09-08,9.3879041,original,post-2016
2023-09-09,10.509367366666668,original,post-2016
2023-09-10,10.6471168,original,post-2016
2023-09-11,11.3833536,original,post-2016
2023-09-12,12.055287666666667,original,post-2016
2023-09-13,11.2984032,original,post-2016
2023-09-14,11.316585566315789,original,post-2016
2023-09-15,11.408625582795699,original,post-2016
2023-09-16,11.2488488,original,post-2016
2023-09-17,10.930284799999999,original,post-2016
2023-09-18,10.7798518,original,post-2016
2023-09-19,10.5621664,original,post-2016
2023-09-20,10.459223033333332,original,post-2016
2023-09-21,10.492554266666668,original,post-2016
2023-09-22,10.627943966666667,original,post-2016
2023-09-23,10.7037504,original,post-2016
2023-09-24,10.728822566666667,original,post-2016
2023-09-25,11.195459833333333,original,post-2016
2023-09-26,11.295158566666666,original,post-2016
2023-09-27,11.0152352,original,post-2016
2023-09-28,10.788700799999999,original,post-2016
2023-09-29,10.760384,original,post-2016
2023-09-30,10.8453344,original,post-2016
2023-10-01,10.905212633333333,original,post-2016
2023-10-02,10.901968,original,post-2016
2023-10-03,10.788700799999999,original,post-2016
2023-10-04,10.2223648,original,post-2016
2023-10-05,9.8542464,original,post-2016
2023-10-06,9.8825632,original,post-2016
2023-10-07,9.8542464,original,post-2016
2023-10-08,9.9675136,original,post-2016
2023-10-09,9.8427427,original,post-2016
2023-10-10,9.578747533333333,original,post-2016
2023-10-11,9.4870129,original,post-2016
2023-10-12,9.7409792,original,post-2016
2023-10-13,9.5993952,original,post-2016
2023-10-14,9.4294944,original,post-2016
2023-10-15,9.549545833333333,original,post-2016
2023-10-16,9.7170869,original,post-2016
2023-10-17,9.5710784,original,post-2016
2023-10-18,9.352213133333333,original,post-2016
2023-10-19,9.112405233333332,original,post-2016
2023-10-20,9.040728333333332,original,post-2016
2023-10-21,8.954598066666668,original,post-2016
2023-10-22,9.077599166666667,original,post-2016
2023-10-23,8.955188,original,post-2016
2023-10-24,8.919792,original,post-2016
2023-10-25,8.8631584,original,post-2016
2023-10-26,9.061376,original,post-2016
2023-10-27,9.20296,original,post-2016
2023-10-28,9.20296,original,post-2016
2023-10-29,9.307673166666667,original,post-2016
2023-10-30,9.3162272,original,post-2016
2023-10-31,9.4294944,original,post-2016
2023-11-01,9.604114666666668,original,post-2016
2023-11-02,9.782183774358973,interpolated,post-2016
2023-11-03,9.96025288205128,original,post-2016
2023-11-04,9.8825632,original,post-2016
2023-11-05,9.91088,original,post-2016
2023-11-06,9.8462823,original,post-2016
2023-11-07,9.8745991,original,post-2016
2023-11-08,10.053053933333333,original,post-2016
2023-11-09,9.958074666666667,original,post-2016
2023-11-10,10.0400754,original,post-2016
2023-11-11,10.202897,original,post-2016
2023-11-12,10.205256733333332,original,post-2016
2023-11-13,10.196112766666667,original,post-2016
2023-11-14,10.3639488,original,post-2016
2023-11-15,10.3639488,original,post-2016
2023-11-16,10.465122366666668,original,post-2016
2023-11-17,10.477216,original,post-2016
2023-11-18,10.3922656,original,post-2016
2023-11-19,10.335632,original,post-2016
2023-11-20,10.137414399999999,original,post-2016
2023-11-21,10.664519833333333,original,post-2016
2023-11-22,10.897838466666666,original,post-2016
2023-11-23,10.4205824,original,post-2016
2023-11-24,10.2223648,original,post-2016
2023-11-25,10.0807808,original,post-2016
2023-11-26,10.4205824,original,post-2016
2023-11-27,10.1090976,original,post-2016
2023-11-28,10.086680133333333,original,post-2016
2023-11-29,10.011168666666666,original,post-2016
2023-11-30,9.9577797,original,post-2016
2023-12-01,10.758024266666666,original,post-2016
2023-12-02,21.416644766666664,original,post-2016
2023-12-03,21.078318,original,post-2016
2023-12-04,15.1778048,original,post-2016
2023-12-05,13.6203808,original,post-2016
2023-12-06,12.4877088,original,post-2016
2023-12-07,11.6665216,original,post-2016
2023-12-08,11.0718688,original,post-2016
2023-12-09,10.7594991,original,post-2016
2023-12-10,11.662520313043478,original,post-2016
2023-12-11,11.4966208,original,post-2016
2023-12-12,11.066854366666668,original,post-2016
2023-12-13,10.751535,original,post-2016
2023-12-14,10.6249943,original,post-2016
2023-12-15,10.4913744,original,post-2016
2023-12-16,10.930284799999999,original,post-2016
2023-12-17,12.1195904,original,post-2016
2023-12-18,11.6382048,original,post-2016
2023-12-19,11.292798833333332,original,post-2016
2023-12-20,10.8453344,original,post-2016
2023-12-21,10.6471168,original,post-2016
2023-12-22,10.5488929,original,post-2016
2023-12-23,10.774689883333334,interpolated,post-2016
2023-12-24,11.000486866666668,original,post-2016
2023-12-25,15.503742966666666,original,post-2016
2023-12-26,13.818598399999999,original,post-2016
2023-12-27,12.630767633333333,original,post-2016
2023-12-28,11.908394266666667,original,post-2016
2023-12-29,11.378145912643678,original,post-2016
2023-12-30,10.930284799999999,original,post-2016
2023-12-31,10.609951,original,post-2016
2024-01-01,10.4488992,original,post-2016
2024-01-02,10.385776333333332,original,post-2016
2024-01-03,10.7037504,original,post-2016
2024-01-04,10.6754336,original,post-2016
2024-01-05,11.0718688,original,post-2016
2024-01-06,12.7142432,original,post-2016
2024-01-07,11.9780064,original,post-2016
2024-01-08,13.733648,original,post-2016
2024-01-09,22.1154208,original,post-2016
2024-01-10,18.534820433333334,original,post-2016
2024-01-11,15.5176064,original,post-2016
2024-01-12,13.9318656,original,post-2016
2024-01-13,12.850222833333333,original,post-2016
2024-01-14,11.9496896,original,post-2016
2024-01-15,11.676550466666667,original,post-2016
2024-01-16,11.468304,original,post-2016
2024-01-17,11.355980693333333,interpolated,post-2016
2024-01-18,11.243657386666667,interpolated,post-2016
2024-01-19,11.13133408,original,post-2016
2024-01-20,11.2700864,original,post-2016
2024-01-21,11.4116704,original,post-2016
2024-01-22,11.5532544,original,post-2016
2024-01-23,11.8647392,original,post-2016
2024-01-24,19.1421568,original,post-2016
2024-01-25,26.3797539,original,post-2016
2024-01-26,22.810657233333334,original,post-2016
2024-01-27,22.511855999999998,original,post-2016
2024-01-28,18.2926528,original,post-2016
2024-01-29,15.834105633333333,original,post-2016
2024-01-30,14.598785233333334,original,post-2016
2024-01-31,13.783939816666667,interpolated,post-2016
2024-02-01,12.9690944,original,post-2016
2024-02-02,12.806862733333332,original,post-2016
2024-02-03,13.45048,original,post-2016
2024-02-04,15.1211712,original,post-2016
2024-02-05,13.9318656,original,post-2016
2024-02-06,13.050800166666667,original,post-2016
2024-02-07,11.815774733333333,original,post-2016
2024-02-08,11.2665468,original,post-2016
2024-02-09,11.1028403,original,post-2016
2024-02-10,11.051221133333332,original,post-2016
2024-02-11,11.030868433333332,original,post-2016
2024-02-12,12.3461248,original,post-2016
2024-02-13,11.8364224,original,post-2016
2024-02-14,11.558268833333333,original,post-2016
2024-02-15,11.329669666666668,original,post-2016
2024-02-16,10.752124933333333,original,post-2016
2024-02-17,11.6382048,original,post-2016
2024-02-18,11.8081056,original,post-2016
2024-02-19,11.500750333333333,original,post-2016
2024-02-20,11.028213733333333,original,post-2016
2024-02-21,10.8975435,original,post-2016
2024-02-22,11.2984032,original,post-2016
2024-02-23,11.4966208,original,post-2016
2024-02-24,11.5249376,original,post-2016
2024-02-25,11.3550368,original,post-2016
2024-02-26,11.2417696,original,post-2016
2024-02-27,11.060660066666667,original,post-2016
2024-02-28,11.0293936,original,post-2016
2024-02-29,11.3550368,original,post-2016
2024-03-01,14.9229536,original,post-2016
2024-03-02,13.875232,original,post-2016
2024-03-03,13.4221632,original,post-2016
2024-03-04,13.026022966666668,original,post-2016
2024-03-05,12.292440866666666,original,post-2016
2024-03-06,12.6576096,original,post-2016
2024-03-07,12.516025599999999,original,post-2016
2024-03-08,12.280347233333332,original,post-2016
2024-03-09,12.372671799999999,original,post-2016
2024-03-10,12.317808,original,post-2016
2024-03-11,12.226368333333333,original,post-2016
2024-03-12,12.094813199999999,original,post-2016
2024-03-13,11.928452,original,post-2016
2024-03-14,11.865046991304347,original,post-2016
2024-03-15,11.9496896,original,post-2016
2024-03-16,12.1479072,original,post-2016
2024-03-17,16.9617632,original,post-2016
2024-03-18,17.714223166666667,original,post-2016
2024-03-19,14.993450633333333,original,post-2016
2024-03-20,13.653417066666668,original,post-2016
2024-03-21,12.968504466666667,original,post-2016
2024-03-22,14.3681213,original,post-2016
2024-03-23,15.729392466666665,original,post-2016
2024-03-24,13.9035488,original,post-2016
2024-03-25,13.0540448,original,post-2016
2024-03-26,13.1956288,original,post-2016
2024-03-27,13.463715026086955,original,post-2016
2024-03-28,13.644568066666666,original,post-2016
2024-03-29,13.125131766666668,original,post-2016
2024-03-30,12.802438233333332,original,post-2016
2024-03-31,12.635192133333332,original,post-2016
2024-04-01,12.600976,original,post-2016
2024-04-02,12.5726592,original,post-2016
2024-04-03,12.6859264,original,post-2016
2024-04-04,12.543752466666668,original,post-2016
2024-04-05,12.420456399999999,original,post-2016
2024-04-06,12.1479072,original,post-2016
2024-04-07,11.728169633333332,original,post-2016
2024-04-08,11.581571199999999,original,post-2016
2024-04-09,11.737608566666667,original,post-2016
2024-04-10,20.5863136,original,post-2016
2024-04-11,22.65344,original,post-2016
2024-04-12,17.556416,original,post-2016
2024-04-13,14.2433504,original,post-2016
2024-04-14,12.317808,original,post-2016
2024-04-15,11.432613033333332,original,post-2016
2024-04-16,10.6595054,original,post-2016
2024-04-17,9.977837433333333,original,post-2016
2024-04-18,10.788700799999999,original,post-2016
2024-04-19,11.3833536,original,post-2016
2024-04-20,11.0152352,original,post-2016
2024-04-21,10.994292566666667,original,post-2016
2024-04-22,10.893708933333333,original,post-2016
2024-04-23,10.174875166666666,original,post-2016
2024-04-24,10.3037756,original,post-2016
2024-04-25,10.584583866666668,original,post-2016
2024-04-26,11.9213728,original,post-2016
2024-04-27,12.2894912,original,post-2016
2024-04-28,12.680322033333333,original,post-2016
2024-04-29,13.592064,original,post-2016
2024-04-30,13.5354304,original,post-2016
2024-05-01,13.5354304,original,post-2016
2024-05-02,13.5637472,original,post-2016
2024-05-03,14.0451328,original,post-2016
2024-05-04,14.1867168,original,post-2016
2024-05-05,13.807389666666667,original,post-2016
2024-05-06,13.5071136,original,post-2016
2024-05-07,13.410069566666667,original,post-2016
2024-05-08,13.237219099999999,original,post-2016
2024-05-09,13.1664271,original,post-2016
2024-05-10,13.3655296,original,post-2016
2024-05-11,13.3938464,original,post-2016
2024-05-12,13.250787566666666,original,post-2016
2024-05-13,13.3372128,original,post-2016
2024-05-14,14.1584,original,post-2016
2024-05-15,13.4053501,original,post-2016
2024-05-16,12.516025599999999,original,post-2016
2024-05-17,16.114748589010986,original,post-2016
2024-05-18,15.661845099999999,original,post-2016
2024-05-19,13.9628371,original,post-2016
2024-05-20,11.8364224,original,post-2016
2024-05-21,11.147380266666667,original,post-2016
2024-05-22,10.5904832,original,post-2016
2024-05-23,10.5338496,original,post-2016
2024-05-24,10.4940291,original,post-2016
2024-05-25,10.5338496,original,post-2016
2024-05-26,10.5055328,original,post-2016
2024-05-27,10.461877733333333,original,post-2016
2024-05-28,10.8170176,original,post-2016
2024-05-29,11.088386933333332,original,post-2016
2024-05-30,10.668059433333333,original,post-2016
2024-05-31,12.3461248,original,post-2016
2024-06-01,14.8813633,original,post-2016
2024-06-02,13.7053312,original,post-2016
2024-06-03,12.8558272,original,post-2016
2024-06-04,11.4116704,original,post-2016
2024-06-05,11.121128233333332,original,post-2016
2024-06-06,11.043552,original,post-2016
2024-06-07,10.8170176,original,post-2016
2024-06-08,10.5338496,original,post-2016
2024-06-09,10.3922656,original,post-2016
2024-06-10,10.3515602,original,post-2016
2024-06-11,10.5055328,original,post-2016
2024-06-12,10.395215266666668,original,post-2016
2024-06-13,10.4055391,original,post-2016
2024-06-14,10.2586457,original,post-2016
2024-06-15,10.1984725,original,post-2016
2024-06-16,10.0241472,original,post-2016
2024-06-17,10.113817066666668,original,post-2016
2024-06-18,10.8170176,original,post-2016
2024-06-19,10.6710091,original,post-2016
2024-06-20,10.6188,original,post-2016
2024-06-21,11.1285024,original,post-2016
2024-06-22,11.2417696,original,post-2016
2024-06-23,11.424353966666667,original,post-2016
2024-06-24,11.5532544,original,post-2016
2024-06-25,12.0629568,original,post-2016
2024-06-26,12.3461248,original,post-2016
2024-06-27,19.1704736,original,post-2016
2024-06-28,16.4803776,original,post-2016
2024-06-29,14.1867168,original,post-2016
2024-06-30,12.8558272,original,post-2016
2024-07-01,12.2045408,original,post-2016
2024-07-02,11.5824561,original,post-2016
2024-07-03,11.1559343,original,post-2016
2024-07-04,11.723155199999999,original,post-2016
2024-07-05,11.723155199999999,original,post-2016
2024-07-06,12.516025599999999,original,post-2016
2024-07-07,12.061187,original,post-2016
2024-07-08,12.2045408,original,post-2016
2024-07-09,12.368837233333332,original,post-2016
2024-07-10,12.374441599999999,original,post-2016
2024-07-11,12.1195904,original,post-2016
2024-07-12,12.539917899999999,original,post-2016
2024-07-13,12.543162533333332,original,post-2016
2024-07-14,12.131389066666667,original,post-2016
2024-07-15,11.8647392,original,post-2016
2024-07-16,11.941430533333333,original,post-2016
2024-07-17,12.036704766666666,original,post-2016
2024-07-18,12.131979,original,post-2016
2024-07-19,13.138700233333333,original,post-2016
2024-07-20,13.025727999999999,original,post-2016
2024-07-21,15.2344384,original,post-2016
2024-07-22,15.663909866666666,original,post-2016
2024-07-23,13.960182399999999,original,post-2016
2024-07-24,13.733058066666667,original,post-2016
2024-07-25,13.365234633333333,original,post-2016
2024-07-26,13.9035488,original,post-2016
2024-07-27,15.7724576,original,post-2016
2024-07-28,15.9954524,original,post-2016
2024-07-29,13.7451517,original,post-2016
2024-07-30,12.6859264,original,post-2016
2024-07-31,12.4877088,original,post-2016
2024-08-01,12.317808,original,post-2016
2024-08-02,12.1479072,original,post-2016
2024-08-03,12.03464,original,post-2016
2024-08-04,11.893056,original,post-2016
2024-08-05,11.8364224,original,post-2016
2024-08-06,12.4195715,original,post-2016
2024-08-07,12.257929766666667,original,post-2016
2024-08-08,11.7797888,original,post-2016
2024-08-09,11.4116704,original,post-2016
2024-08-10,11.355626733333333,original,post-2016
2024-08-11,10.549482833333332,original,post-2016
2024-08-12,9.670187199999999,original,post-2016
2024-08-13,8.6649408,original,post-2016
2024-08-14,8.8914752,original,post-2016
2024-08-15,9.4011776,original,post-2016
2024-08-16,11.014940233333332,original,post-2016
2024-08-17,10.1206013,original,post-2016
2024-08-18,10.275753766666668,original,post-2016
2024-08-19,10.1577671,original,post-2016
2024-08-20,9.474503208421053,original,post-2016
2024-08-21,8.693257599999999,original,post-2016
2024-08-22,8.636034066666667,original,post-2016
2024-08-23,8.636624,original,post-2016
2024-08-24,8.7215744,original,post-2016
2024-08-25,8.636624,original,post-2016
2024-08-26,8.8012154,original,post-2016
2024-08-27,10.4135032,original,post-2016
2024-08-28,10.1657312,original,post-2016
2024-08-29,10.1356446,original,post-2016
2024-08-30,10.230033933333333,original,post-2016
2024-08-31,10.395510233333333,original,post-2016
2024-09-01,10.6471168,original,post-2016
2024-09-02,10.6444621,original,post-2016
2024-09-03,10.663045,original,post-2016
2024-09-04,10.488719699999999,original,post-2016
2024-09-05,11.018479833333332,original,post-2016
2024-09-06,17.2449312,original,post-2016
2024-09-07,23.717679733333334,original,post-2016
2024-09-08,17.5847328,original,post-2016
2024-09-09,14.2150336,original,post-2016
2024-09-10,12.6859264,original,post-2016
2024-09-11,22.4835392,original,post-2016
2024-09-12,38.50789833333333,original,post-2016
2024-09-13,22.795023999999998,original,post-2016
2024-09-14,17.0467136,original,post-2016
2024-09-15,15.8290912,original,post-2016
2024-09-16,14.101766399999999,original,post-2016
2024-09-17,12.516025599999999,original,post-2016
2024-09-18,11.961488266666667,original,post-2016
2024-09-19,11.271874829473683,original,post-2016
2024-09-20,10.835010566666668,original,post-2016
2024-09-21,10.5338496,original,post-2016
2024-09-22,10.5338496,original,post-2016
2024-09-23,10.573914859574469,original,post-2016
2024-09-24,10.491964333333332,original,post-2016
2024-09-25,10.278998399999999,original,post-2016
2024-09-26,10.310264866666667,original,post-2016
2024-09-27,9.7409792,original,post-2016
2024-09-28,9.426544733333333,original,post-2016
2024-09-29,9.225377466666668,original,post-2016
2024-09-30,9.1746432,original,post-2016
2024-10-01,8.3817728,original,post-2016
2024-10-02,7.813077066666667,original,post-2016
2024-10-03,7.4756352,original,post-2016
2024-10-04,7.5322688,original,post-2016
2024-10-05,7.973243966666667,original,post-2016
2024-10-06,7.783285433333333,original,post-2016
2024-10-07,7.631672566666667,original,post-2016
2024-10-08,7.4930382333333325,original,post-2016
2024-10-09,7.4190016,original,post-2016
2024-10-10,7.483009366666667,original,post-2016
2024-10-11,7.4756352,original,post-2016
2024-10-12,7.6021759,original,post-2016
2024-10-13,7.7393354,original,post-2016
2024-10-14,7.879444566666667,original,post-2016
2024-10-15,7.949351666666667,original,post-2016
2024-10-16,7.879444566666667,original,post-2016
2024-10-17,7.928402757446809,original,post-2016
2024-10-18,7.963510066666667,original,post-2016
2024-10-19,8.070288,original,post-2016
2024-10-20,8.14629625263158,original,post-2016
2024-10-21,7.952200919148936,original,post-2016
2024-10-22,7.936963066666667,original,post-2016
2024-10-23,7.868825766666667,original,post-2016
2024-10-24,7.9207399,original,post-2016
2024-10-25,7.9003872,original,post-2016
2024-10-26,7.8720704,original,post-2016
2024-10-27,7.834811452631579,original,post-2016
2024-10-28,7.6738528,original,post-2016
2024-10-29,7.568844666666667,original,post-2016
2024-10-30,7.5629453333333325,original,post-2016
2024-10-31,7.8664660333333325,original,post-2016
2024-11-01,7.969999333333333,original,post-2016
2024-11-02,12.884144,original,post-2016
2024-11-03,10.6188,original,post-2016
2024-11-04,9.584056933333333,original,post-2016
2024-11-05,9.056656533333333,original,post-2016
2024-11-06,8.765229466666668,original,post-2016
2024-11-07,8.4074349,original,post-2016
2024-11-08,8.285023733333333,original,post-2016
2024-11-09,8.421003366666667,original,post-2016
2024-11-10,8.946618442105263,original,post-2016
2024-11-11,8.8348416,original,post-2016
2024-11-12,8.8348416,original,post-2016
2024-11-13,8.692189041509433,original,post-2016
2024-11-14,8.868275893975904,original,post-2016
2024-11-15,8.957986753488372,original,post-2016
2024-11-16,8.7215744,original,post-2016
2024-11-17,8.49504,original,post-2016
2024-11-18,8.452243018181818,original,post-2016
2024-11-19,13.4787968,original,post-2016
2024-11-20,12.6576096,original,post-2016
2024-11-21,11.139949617021276,original,post-2016
2024-11-22,10.194048,original,post-2016
2024-11-23,9.5993952,original,post-2016
2024-11-24,9.1746432,original,post-2016
2024-11-25,8.960792366666666,original,post-2016
2024-11-26,8.946633966666667,original,post-2016
2024-11-27,8.899734266666668,original,post-2016
2024-11-28,8.9481088,original,post-2016
2024-11-29,8.809474466666668,original,post-2016
2024-11-30,8.807120943157894,original,post-2016
2024-12-01,8.766999266666668,original,post-2016
2024-12-02,8.5799904,original,post-2016
2024-12-03,8.7215744,original,post-2016
2024-12-04,8.663760933333332,original,post-2016
2024-12-05,9.543941466666666,original,post-2016
2024-12-06,9.7126624,original,post-2016
2024-12-07,9.2312768,original,post-2016
2024-12-08,9.051539637894736,original,post-2016
2024-12-09,9.778734933333332,original,post-2016
2024-12-10,17.7546336,original,post-2016
2024-12-11,16.689214,original,post-2016
2024-12-12,12.6859264,original,post-2016
2024-12-13,10.8170176,original,post-2016
2024-12-14,9.969578366666667,original,post-2016
2024-12-15,9.0330592,original,post-2016
2024-12-16,8.693257599999999,original,post-2016
2024-12-17,6.7110816,original,post-2016
2024-12-18,4.0209856,original,post-2016
2024-12-19,6.5978144,original,post-2016
2024-12-20,8.0313524,original,post-2016
2024-12-21,8.265705037362638,original,post-2016
2024-12-22,8.375283533333333,original,post-2016
2024-12-23,8.39637830736842,original,post-2016
2024-12-24,8.478347991578946,original,post-2016
2024-12-25,9.230981833333333,original,post-2016
2024-12-26,9.9958304,original,post-2016
2024-12-27,9.855504924444444,original,post-2016
2024-12-28,9.445717566666668,original,post-2016
2024-12-29,13.477616933333332,original,post-2016
2024-12-30,14.203813735849057,original,post-2016
2024-12-31,4.608700903648002,rating_curve_long_gap,post-2016
2025-01-01,3.9788863413644804,rating_curve_long_gap,post-2016
2025-01-02,3.663234239026945,rating_curve_long_gap,post-2016
2025-01-03,3.40865217332608,rating_curve_long_gap,post-2016
2025-01-04,3.4019391422885863,rating_curve_long_gap,post-2016
2025-01-05,3.4501394157260807,rating_curve_long_gap,post-2016
2025-01-06,3.5928022407884805,rating_curve_long_gap,post-2016
2025-01-07,3.5427038397180204,rating_curve_long_gap,post-2016
2025-01-08,3.3408520053452806,rating_curve_long_gap,post-2016
2025-01-09,3.483706352525905,rating_curve_long_gap,post-2016
2025-01-10,3.858811430746907,rating_curve_long_gap,post-2016
2025-01-11,4.579361819506087,rating_curve_long_gap,post-2016
2025-01-12,4.38907701688192,rating_curve_long_gap,post-2016
2025-01-13,23.295680755555555,original,post-2016
2025-01-14,18.162867466666665,original,post-2016
2025-01-15,14.0451328,original,post-2016
2025-01-16,12.155576333333332,original,post-2016
2025-01-17,9.229801966666667,original,post-2016
2025-01-18,8.546954133333333,original,post-2016
2025-01-19,7.788299866666667,original,post-2016
2025-01-20,7.6181041,original,post-2016
2025-01-21,8.9498786,original,post-2016
2025-01-22,9.376906057142858,original,post-2016
2025-01-23,3.8194080660620813,rating_curve_long_gap,post-2016
2025-01-24,4.04456098191232,rating_curve_long_gap,post-2016
2025-01-25,4.086676709050236,rating_curve_long_gap,post-2016
2025-01-26,4.04456098191232,rating_curve_long_gap,post-2016
2025-01-27,4.0228928627359455,rating_curve_long_gap,post-2016
2025-01-28,4.074500414937036,rating_curve_long_gap,post-2016
2025-01-29,4.0926038125706565,rating_curve_long_gap,post-2016
2025-01-30,3.7421912459468802,rating_curve_long_gap,post-2016
2025-01-31,7.1641504,original,post-2016
2025-02-01,6.5694976,original,post-2016
2025-02-02,5.7483104,original,post-2016
2025-02-03,5.802879233333334,original,post-2016
2025-02-04,6.5411808,original,post-2016
2025-02-05,6.5694976,original,post-2016
2025-02-06,6.6314406,original,post-2016
2025-02-07,6.51416592183908,original,post-2016
2025-02-08,6.3995968,original,post-2016
2025-02-09,6.3429632,original,post-2016
2025-02-10,6.272015613186813,original,post-2016
2025-02-11,6.3309134978723405,original,post-2016
2025-02-12,6.395423797894737,original,post-2016
2025-02-13,6.390559523404255,original,post-2016
2025-02-14,6.3429632,original,post-2016
2025-02-15,6.37128,original,post-2016
2025-02-16,6.9092991999999995,original,post-2016
2025-02-17,6.6261312,original,post-2016
2025-02-18,6.735440137634409,original,post-2016
2025-02-19,18.40592,original,post-2016
2025-02-20,16.443670637037037,original,post-2016
2025-02-21,12.684059358241758,original,post-2016
2025-02-22,10.653016133333333,original,post-2016
2025-02-23,12.9407776,original,post-2016
2025-02-24,18.6607712,original,post-2016
2025-02-25,16.372295166197183,original,post-2016
2025-02-26,12.03464,original,post-2016
2025-02-27,10.051848417391303,original,post-2016
2025-02-28,7.8720704,original,post-2016
2025-03-01,7.4748996987012974,original,post-2016
2025-03-02,7.362368,original,post-2016
2025-03-03,7.301117530434782,original,post-2016
2025-03-04,7.4048432,original,post-2016
2025-03-05,8.112291253333334,original,post-2016
2025-03-06,8.070288,original,post-2016
2025-03-07,8.298887166666667,original,post-2016
2025-03-08,7.9570208,original,post-2016
2025-03-09,7.9570208,original,post-2016
2025-03-10,7.7021695999999995,original,post-2016
2025-03-11,7.503952,original,post-2016
2025-03-12,7.2924609,original,post-2016
2025-03-13,6.7110816,original,post-2016
2025-03-14,6.5978144,original,post-2016
2025-03-15,8.2614264,original,post-2016
2025-03-16,9.532732733333333,original,post-2016
2025-03-17,8.099194733333333,original,post-2016
2025-03-18,6.817859533333333,original,post-2016
2025-03-19,6.5978144,original,post-2016
2025-03-20,6.5128639999999995,original,post-2016
2025-03-21,6.620231866666666,original,post-2016
2025-03-22,6.8526656,original,post-2016
2025-03-23,6.7677152,original,post-2016
2025-03-24,7.384785466666667,original,post-2016
2025-03-25,7.3906848,original,post-2016
2025-03-26,7.2491008,original,post-2016
2025-03-27,7.1376034,original,post-2016
2025-03-28,6.921097866666666,original,post-2016
2025-03-29,7.6773924,original,post-2016
2025-03-30,8.8259926,original,post-2016
2025-03-31,12.2894912,original,post-2016
2025-04-01,12.862611433333333,original,post-2016
2025-04-02,9.3728608,original,post-2016
2025-04-03,8.778208,original,post-2016
2025-04-04,9.146916333333333,original,post-2016
2025-04-05,9.0330592,original,post-2016
2025-04-06,9.2480899,original,post-2016
2025-04-07,9.353982933333333,original,post-2016
2025-04-08,8.116892733333332,original,post-2016
2025-04-09,7.196596733333333,original,post-2016
2025-04-10,7.283906866666667,original,post-2016
2025-04-11,7.6331473999999995,original,post-2016
2025-04-12,7.78712,original,post-2016
2025-04-13,7.759393133333333,original,post-2016
2025-04-14,7.732846133333332,original,post-2016
2025-04-15,7.7366807,original,post-2016
2025-04-16,7.7304864,original,post-2016
2025-04-17,7.5154556999999995,original,post-2016
2025-04-18,5.66336,original,post-2016
2025-04-19,5.4934592,original,post-2016
2025-04-20,5.7483104,original,post-2016
2025-04-21,6.1164287999999996,original,post-2016
2025-04-22,5.7483104,original,post-2016
2025-04-23,6.5694976,original,post-2016
2025-04-24,7.3340512,original,post-2016
2025-04-25,9.090282733333332,original,post-2016
2025-04-26,9.919434033333333,original,post-2016
2025-04-27,10.1657312,original,post-2016
2025-04-28,10.300530966666667,original,post-2016
2025-04-29,10.872471333333333,original,post-2016
2025-04-30,10.651246333333333,original,post-2016
2025-05-01,10.8170176,original,post-2016
2025-05-02,10.9586016,original,post-2016
2025-05-03,10.949162666666668,original,post-2016
2025-05-04,10.9586016,original,post-2016
2025-05-05,10.6471168,original,post-2016
2025-05-06,10.335632,original,post-2016
2025-05-07,15.1778048,original,post-2016
2025-05-08,16.546155166666665,original,post-2016
2025-05-09,13.733648,original,post-2016
2025-05-10,15.546218166666666,original,post-2016
2025-05-11,12.9407776,original,post-2016
2025-05-12,11.650888366666667,original,post-2016
2025-05-13,10.4488992,original,post-2016
2025-05-14,9.8825632,original,post-2016
2025-05-15,9.648654633333333,original,post-2016
2025-05-16,9.486127999999999,original,post-2016
2025-05-17,9.4914374,original,post-2016
2025-05-18,9.4294944,original,post-2016
2025-05-19,9.1746432,original,post-2016
2025-05-20,9.1463264,original,post-2016
2025-05-21,9.344543999999999,original,post-2016
2025-05-22,9.20296,original,post-2016
2025-05-23,9.7126624,original,post-2016
2025-05-24,9.9958304,original,post-2016
2025-05-25,9.8250447,original,post-2016
2025-05-26,9.624762333333333,original,post-2016
2025-05-27,9.599985133333332,original,post-2016
2025-05-28,10.2223648,original,post-2016
2025-05-29,13.5398549,original,post-2016
2025-05-30,12.7708768,original,post-2016
2025-05-31,11.8027962,original,post-2016
2025-06-01,10.3639488,original,post-2016
2025-06-02,9.9542401,original,post-2016
2025-06-03,9.373450733333332,original,post-2016
2025-06-04,9.4578112,original,post-2016
2025-06-05,9.5993952,original,post-2016
2025-06-06,9.562524366666667,original,post-2016
2025-06-07,9.4321491,original,post-2016
2025-06-08,9.3100329,original,post-2016
2025-06-09,9.234521433333333,original,post-2016
2025-06-10,9.176118033333333,original,post-2016
2025-06-11,9.3728608,original,post-2016
2025-06-12,9.295579533333333,original,post-2016
2025-06-13,9.1746432,original,post-2016
2025-06-14,9.1932261,original,post-2016
2025-06-15,9.344543999999999,original,post-2016
2025-06-16,9.460700669387755,original,post-2016
2025-06-17,9.349970784693877,interpolated,post-2016
2025-06-18,9.2392409,original,post-2016
2025-06-19,8.8348416,original,post-2016
2025-06-20,9.5710784,original,post-2016
2025-06-21,9.4294944,original,post-2016
2025-06-22,9.2879104,original,post-2016
2025-06-23,9.0896928,original,post-2016
2025-06-24,9.0330592,original,post-2016
2025-06-25,9.20296,original,post-2016
2025-06-26,9.4578112,original,post-2016
2025-06-27,9.5144448,original,post-2016
2025-06-28,9.070064109090909,original,post-2016
2025-06-29,9.5073656,original,post-2016
2025-06-30,9.627712,original,post-2016
2025-07-01,9.627712,original,post-2016
2025-07-02,9.7409792,original,post-2016
2025-07-03,10.3073152,original,post-2016
2025-07-04,10.8736512,original,post-2016
2025-07-05,10.760384,original,post-2016
2025-07-06,10.7037504,original,post-2016
2025-07-07,10.863622333333332,original,post-2016
2025-07-08,10.9586016,original,post-2016
2025-07-09,10.786931,original,post-2016
2025-07-10,10.871586433333333,original,post-2016
2025-07-11,11.3833536,original,post-2016
2025-07-12,11.1001856,original,post-2016
2025-07-13,10.894980737662337,original,post-2016
2025-07-14,13.296576353246753,interpolated,post-2016
2025-07-15,15.698171968831168,interpolated,post-2016
2025-07-16,18.099767584415584,interpolated,post-2016
2025-07-17,20.5013632,original,post-2016
2025-07-18,21.0676992,original,post-2016
2025-07-19,14.6397856,original,post-2016
2025-07-20,12.03464,original,post-2016
2025-07-21,11.062429866666667,original,post-2016
2025-07-22,10.444769666666668,original,post-2016
2025-07-23,10.123256,original,post-2016
2025-07-24,9.822095033333333,original,post-2016
2025-07-25,9.925628333333332,original,post-2016
2025-07-26,10.3073152,original,post-2016
2025-07-27,10.278998399999999,original,post-2016
2025-07-28,10.137414399999999,original,post-2016
2025-07-29,10.039780433333332,original,post-2016
2025-07-30,9.9657438,original,post-2016
2025-07-31,11.738788433333333,original,post-2016
2025-08-01,12.597141433333332,original,post-2016
2025-08-02,11.355331766666668,original,post-2016
2025-08-03,10.6957863,original,post-2016
2025-08-04,10.0852053,original,post-2016
2025-08-05,9.8436276,original,post-2016
2025-08-06,10.496093866666667,original,post-2016
2025-08-07,10.7320672,original,post-2016
2025-08-08,10.760384,original,post-2016
2025-08-09,9.9675136,original,post-2016
2025-08-10,9.7126624,original,post-2016
2025-08-11,9.4356887,original,post-2016
2025-08-12,9.472795506666666,interpolated,post-2016
2025-08-13,9.509902313333333,interpolated,post-2016
2025-08-14,9.547009119999998,original,post-2016
2025-08-15,10.9586016,original,post-2016
2025-08-16,10.6754336,original,post-2016
2025-08-17,9.8825632,original,post-2016
2025-08-18,9.3162272,original,post-2016
2025-08-19,9.1463264,original,post-2016
2025-08-20,9.0330592,original,post-2016
2025-08-21,9.769296,original,post-2016
2025-08-22,11.4966208,original,post-2016
2025-08-23,10.8453344,original,post-2016
2025-08-24,9.9675136,original,post-2016
2025-08-25,9.1180096,original,post-2016
2025-08-26,8.8065248,original,post-2016
2025-08-27,8.919792,original,post-2016
2025-08-28,9.4011776,original,post-2016
2025-08-29,9.5427616,original,post-2016
2025-08-30,9.91088,original,post-2016
2025-08-31,10.335632,original,post-2016
2025-09-01,9.3162272,original,post-2016
