hour of year,Date Time,"ICM Tide Gage 1 - NOAA 8735180 Dauphin Island, Mobile Bay, AL (adjusted by x amplify)","ICM Tide Gage 2 - NOAA 8760922 Pilots Station East, Southwest Pass, LA","ICM Tide Gage 3 - NOAA 8761724 Grand Isle, LA","ICM Tide Gage 4 - USGS 073813498 Caillou Bay, LA-zwRev","ICM Tide Gage 5 - NOAA 8768094 Calcasieu Pass, LA","ICM Tide Gage 6 - NOAA 8770570 Sabine Pass, Texas"
0,20100101 00:00:00,0.03,-0.04,0.02,0.26,0.160527144,0.14597
1,20100101 01:00:00,-0.14,-0.14,-0.18,0.28,0.11614289,0.10612
2,20100101 02:00:00,-0.29,-0.22,-0.36,0.3,0.083259547,0.08629
3,20100101 03:00:00,-0.42,-0.28,-0.51,0.29,0.071700124,0.07652
4,20100101 04:00:00,-0.53,-0.32,-0.61,0.25,0.081148154,0.07684
5,20100101 05:00:00,-0.62,-0.33,-0.68,0.19,0.108789498,0.09727
6,20100101 06:00:00,-0.68,-0.32,-0.72,0.09,0.140849524,0.11775
7,20100101 07:00:00,-0.69,-0.29,-0.72,-0.04,0.149218461,0.12825
8,20100101 08:00:00,-0.67,-0.25,-0.68,-0.19,0.112721723,0.11886
9,20100101 09:00:00,-0.61,-0.18,-0.59,-0.36,0.034069776,0.08964
10,20100101 10:00:00,-0.53,-0.12,-0.48,-0.52,-0.076414281,0.02066
11,20100101 11:00:00,-0.42,-0.05,-0.36,-0.66,-0.218449567,-0.08832
12,20100101 12:00:00,-0.29,0.02,-0.22,-0.76,-0.387753248,-0.22751
13,20100101 13:00:00,-0.14,0.09,-0.1,-0.79,-0.555038912,-0.37661
14,20100101 14:00:00,0.02,0.15,0.03,-0.76,-0.6745459,-0.49572
15,20100101 15:00:00,0.19,0.23,0.15,-0.69,-0.710444889,-0.56491
16,20100101 16:00:00,0.36,0.29,0.26,-0.58,-0.652091196,-0.56395
17,20100101 17:00:00,0.5,0.34,0.37,-0.44,-0.511195852,-0.4931
18,20100101 18:00:00,0.6,0.36,0.45,-0.3,-0.319107558,-0.36239
19,20100101 19:00:00,0.65,0.37,0.5,-0.16,-0.125430712,-0.21186
20,20100101 20:00:00,0.66,0.35,0.52,-0.02,0.02419263,-0.07149
21,20100101 21:00:00,0.61,0.31,0.51,0.08,0.118074707,0.04887
22,20100101 22:00:00,0.51,0.25,0.45,0.15,0.172850782,0.13918
23,20100101 23:00:00,0.36,0.17,0.34,0.18,0.199999404,0.17935
24,20100102 00:00:00,0.19,0.07,0.18,0.2,0.195866946,0.17946
25,20100102 01:00:00,0.02,-0.04,0,0.23,0.163106004,0.13938
26,20100102 02:00:00,-0.14,-0.13,-0.19,0.25,0.120251347,0.10912
27,20100102 03:00:00,-0.29,-0.21,-0.36,0.26,0.089062489,0.08894
28,20100102 04:00:00,-0.42,-0.26,-0.49,0.25,0.080899101,0.08897
29,20100102 05:00:00,-0.53,-0.3,-0.59,0.22,0.097448802,0.08896
30,20100102 06:00:00,-0.62,-0.31,-0.66,0.16,0.131934268,0.11889
31,20100102 07:00:00,-0.68,-0.31,-0.7,0.06,0.163776671,0.1387
32,20100102 08:00:00,-0.7,-0.28,-0.7,-0.05,0.163680921,0.14855
33,20100102 09:00:00,-0.67,-0.23,-0.65,-0.19,0.116470395,0.12829
34,20100102 10:00:00,-0.6,-0.18,-0.57,-0.34,0.029573292,0.08801
35,20100102 11:00:00,-0.52,-0.11,-0.46,-0.49,-0.086588105,0.01777
36,20100102 12:00:00,-0.41,-0.05,-0.35,-0.61,-0.231300178,-0.09256
37,20100102 13:00:00,-0.29,0.01,-0.23,-0.69,-0.397414084,-0.23292
38,20100102 14:00:00,-0.14,0.08,-0.11,-0.72,-0.554589762,-0.38323
39,20100102 15:00:00,0.02,0.14,0,-0.68,-0.659979733,-0.4936
40,20100102 16:00:00,0.19,0.21,0.11,-0.61,-0.681654257,-0.544
41,20100102 17:00:00,0.34,0.27,0.23,-0.51,-0.612428317,-0.5344
42,20100102 18:00:00,0.47,0.31,0.33,-0.4,-0.467954751,-0.46494
43,20100102 19:00:00,0.55,0.33,0.4,-0.27,-0.283831183,-0.33545
44,20100102 20:00:00,0.59,0.33,0.44,-0.14,-0.109022748,-0.19603
45,20100102 21:00:00,0.59,0.32,0.45,-0.03,0.01921269,-0.06651
46,20100102 22:00:00,0.54,0.28,0.44,0.05,0.098306212,0.04309
47,20100102 23:00:00,0.44,0.22,0.38,0.1,0.146118847,0.12267
48,20100103 00:00:00,0.3,0.15,0.28,0.12,0.169656247,0.15227
49,20100103 01:00:00,0.15,0.06,0.13,0.14,0.162416227,0.14193
50,20100103 02:00:00,-0.01,-0.03,-0.03,0.16,0.126146646,0.11155
51,20100103 03:00:00,-0.15,-0.12,-0.2,0.18,0.080352147,0.08119
52,20100103 04:00:00,-0.29,-0.18,-0.34,0.19,0.048839318,0.06073
53,20100103 05:00:00,-0.4,-0.23,-0.45,0.18,0.044826695,0.05023
54,20100103 06:00:00,-0.51,-0.25,-0.54,0.15,0.067836536,0.05979
55,20100103 07:00:00,-0.59,-0.27,-0.6,0.09,0.105977204,0.08937
56,20100103 08:00:00,-0.64,-0.27,-0.63,0.02,0.135797821,0.10902
57,20100103 09:00:00,-0.64,-0.24,-0.63,-0.07,0.131523774,0.11868
58,20100103 10:00:00,-0.61,-0.2,-0.58,-0.18,0.083878995,0.10843
59,20100103 11:00:00,-0.54,-0.15,-0.5,-0.31,0.001886079,0.06814
60,20100103 12:00:00,-0.46,-0.09,-0.41,-0.43,-0.105917747,-0.00213
61,20100103 13:00:00,-0.36,-0.04,-0.31,-0.53,-0.23894881,-0.11235
62,20100103 14:00:00,-0.25,0.01,-0.21,-0.59,-0.389158916,-0.24264
63,20100103 15:00:00,-0.11,0.07,-0.11,-0.6,-0.527966085,-0.37298
64,20100103 16:00:00,0.03,0.12,-0.02,-0.57,-0.615572979,-0.4633
65,20100103 17:00:00,0.17,0.18,0.08,-0.5,-0.623602439,-0.51354
66,20100103 18:00:00,0.3,0.23,0.17,-0.42,-0.548603478,-0.49367
67,20100103 19:00:00,0.39,0.26,0.25,-0.33,-0.410310818,-0.41375
68,20100103 20:00:00,0.45,0.27,0.3,-0.22,-0.245453912,-0.30372
69,20100103 21:00:00,0.47,0.27,0.33,-0.12,-0.096999466,-0.17381
70,20100103 22:00:00,0.46,0.26,0.34,-0.04,0.008378753,-0.06391
71,20100103 23:00:00,0.42,0.23,0.32,0.02,0.074281427,0.02594
72,20100104 00:00:00,0.32,0.18,0.27,0.04,0.115786687,0.09574
73,20100104 01:00:00,0.2,0.11,0.18,0.05,0.133853894,0.11556
74,20100104 02:00:00,0.07,0.04,0.06,0.05,0.11900481,0.09534
75,20100104 03:00:00,-0.06,-0.03,-0.07,0.06,0.074333626,0.06509
76,20100104 04:00:00,-0.18,-0.09,-0.2,0.07,0.022442726,0.03489
77,20100104 05:00:00,-0.28,-0.14,-0.31,0.07,-0.010142947,0.0147
78,20100104 06:00:00,-0.38,-0.17,-0.39,0.06,-0.011092278,0.00464
79,20100104 07:00:00,-0.46,-0.19,-0.45,0.04,0.015185935,0.01461
80,20100104 08:00:00,-0.52,-0.21,-0.5,0.01,0.05376903,0.04457
81,20100104 09:00:00,-0.54,-0.2,-0.53,-0.04,0.083326294,0.0646
82,20100104 10:00:00,-0.53,-0.18,-0.51,-0.1,0.082952802,0.07458
83,20100104 11:00:00,-0.48,-0.14,-0.47,-0.18,0.046001265,0.06465
84,20100104 12:00:00,-0.42,-0.1,-0.4,-0.26,-0.019369685,0.03466
85,20100104 13:00:00,-0.35,-0.06,-0.32,-0.35,-0.106675614,-0.02525
86,20100104 14:00:00,-0.27,-0.02,-0.25,-0.43,-0.21621555,-0.11508
87,20100104 15:00:00,-0.18,0.02,-0.17,-0.46,-0.341492055,-0.22499
88,20100104 16:00:00,-0.07,0.06,-0.1,-0.46,-0.456694356,-0.32476
89,20100104 17:00:00,0.04,0.1,-0.03,-0.43,-0.525287992,-0.40441
90,20100104 18:00:00,0.14,0.14,0.04,-0.38,-0.522751068,-0.43393
91,20100104 19:00:00,0.22,0.17,0.1,-0.31,-0.450391782,-0.4135
92,20100104 20:00:00,0.27,0.18,0.14,-0.24,-0.329873768,-0.34312
93,20100104 21:00:00,0.3,0.19,0.17,-0.16,-0.1932829,-0.2428
94,20100104 22:00:00,0.31,0.18,0.18,-0.09,-0.07375465,-0.15245
95,20100104 23:00:00,0.29,0.17,0.18,-0.05,0.010658567,-0.05213
96,20100105 00:00:00,0.25,0.15,0.17,-0.02,0.064598132,0.02809
97,20100105 01:00:00,0.17,0.11,0.12,-0.03,0.097322265,0.07833
98,20100105 02:00:00,0.07,0.07,0.05,-0.04,0.104295599,0.08869
99,20100105 03:00:00,-0.03,0.02,-0.03,-0.06,0.075805141,0.06907
100,20100105 04:00:00,-0.11,-0.03,-0.12,-0.07,0.018521565,0.02947
101,20100105 05:00:00,-0.2,-0.06,-0.2,-0.07,-0.041477935,-0.00018
102,20100105 06:00:00,-0.26,-0.09,-0.27,-0.07,-0.077434136,-0.03985
103,20100105 07:00:00,-0.32,-0.11,-0.32,-0.07,-0.079733895,-0.04931
104,20100105 08:00:00,-0.37,-0.12,-0.35,-0.08,-0.054942869,-0.04872
105,20100105 09:00:00,-0.39,-0.13,-0.38,-0.09,-0.016280281,-0.02817
106,20100105 10:00:00,-0.39,-0.12,-0.38,-0.11,0.018488429,0.00223
107,20100105 11:00:00,-0.36,-0.1,-0.36,-0.13,0.03128305,0.02263
108,20100105 12:00:00,-0.31,-0.08,-0.32,-0.17,0.015157699,0.02305
109,20100105 13:00:00,-0.26,-0.05,-0.27,-0.22,-0.024125655,0.01347
110,20100105 14:00:00,-0.21,-0.02,-0.21,-0.27,-0.082158636,-0.02618
111,20100105 15:00:00,-0.16,0,-0.16,-0.3,-0.16115404,-0.08582
112,20100105 16:00:00,-0.09,0.02,-0.11,-0.32,-0.257380629,-0.16562
113,20100105 17:00:00,-0.03,0.04,-0.08,-0.31,-0.347928478,-0.24545
114,20100105 18:00:00,0.02,0.06,-0.05,-0.28,-0.399853955,-0.30518
115,20100105 19:00:00,0.07,0.08,-0.02,-0.24,-0.393687477,-0.32488
116,20100105 20:00:00,0.1,0.09,0,-0.2,-0.33407594,-0.31469
117,20100105 21:00:00,0.12,0.09,0.02,-0.15,-0.239790447,-0.25453
118,20100105 22:00:00,0.12,0.09,0.02,-0.1,-0.134322723,-0.18435
119,20100105 23:00:00,0.11,0.08,0.01,-0.07,-0.041551501,-0.10434
120,20100106 00:00:00,0.09,0.08,0,-0.06,0.024483599,-0.02425
121,20100106 01:00:00,0.06,0.07,-0.01,-0.07,0.065163227,0.03583
122,20100106 02:00:00,0,0.05,-0.04,-0.1,0.083853156,0.06604
123,20100106 03:00:00,-0.06,0.02,-0.08,-0.14,0.073373027,0.06615
124,20100106 04:00:00,-0.11,0,-0.12,-0.18,0.026671715,0.03623
125,20100106 05:00:00,-0.16,-0.02,-0.16,-0.21,-0.045916258,-0.0037
126,20100106 06:00:00,-0.2,-0.03,-0.19,-0.22,-0.116826886,-0.05373
127,20100106 07:00:00,-0.22,-0.04,-0.22,-0.22,-0.160639058,-0.10372
128,20100106 08:00:00,-0.24,-0.05,-0.23,-0.22,-0.169238444,-0.12353
129,20100106 09:00:00,-0.24,-0.05,-0.24,-0.21,-0.147867418,-0.12327
130,20100106 10:00:00,-0.23,-0.05,-0.23,-0.19,-0.106070973,-0.10295
131,20100106 11:00:00,-0.2,-0.04,-0.22,-0.17,-0.059427672,-0.07274
132,20100106 12:00:00,-0.17,-0.02,-0.2,-0.16,-0.026754754,-0.04258
133,20100106 13:00:00,-0.13,0,-0.16,-0.15,-0.016790829,-0.02231
134,20100106 14:00:00,-0.09,0.01,-0.13,-0.16,-0.025763821,-0.01208
135,20100106 15:00:00,-0.07,0.02,-0.1,-0.17,-0.051316193,-0.0219
136,20100106 16:00:00,-0.04,0.03,-0.07,-0.18,-0.098208315,-0.0617
137,20100106 17:00:00,-0.03,0.03,-0.06,-0.18,-0.165321547,-0.11146
138,20100106 18:00:00,-0.02,0.03,-0.06,-0.16,-0.233058316,-0.16112
139,20100106 19:00:00,-0.02,0.02,-0.07,-0.13,-0.273095465,-0.21071
140,20100106 20:00:00,-0.02,0.02,-0.09,-0.11,-0.270565186,-0.23035
141,20100106 21:00:00,-0.03,0.01,-0.1,-0.09,-0.230052108,-0.22013
142,20100106 22:00:00,-0.05,0,-0.12,-0.07,-0.163461493,-0.17994
143,20100106 23:00:00,-0.07,-0.01,-0.14,-0.06,-0.084932734,-0.1298
144,20100107 00:00:00,-0.09,-0.01,-0.16,-0.06,-0.013259786,-0.06962
145,20100107 01:00:00,-0.1,-0.01,-0.17,-0.08,0.03703855,-0.00942
146,20100107 02:00:00,-0.12,-0.01,-0.18,-0.12,0.062943878,0.04068
147,20100107 03:00:00,-0.14,-0.01,-0.18,-0.18,0.064481524,0.05096
148,20100107 04:00:00,-0.16,-0.01,-0.19,-0.25,0.035346922,0.0412
149,20100107 05:00:00,-0.18,-0.01,-0.19,-0.31,-0.028721607,0.0015
150,20100107 06:00:00,-0.19,-0.01,-0.18,-0.34,-0.115718675,-0.05817
151,20100107 07:00:00,-0.18,-0.01,-0.17,-0.36,-0.198448757,-0.11785
152,20100107 08:00:00,-0.16,0,-0.16,-0.37,-0.251562304,-0.17746
153,20100107 09:00:00,-0.13,0.01,-0.14,-0.35,-0.265894167,-0.20704
154,20100107 10:00:00,-0.1,0.02,-0.12,-0.32,-0.24365029,-0.21656
155,20100107 11:00:00,-0.06,0.03,-0.09,-0.27,-0.192373916,-0.18612
156,20100107 12:00:00,-0.02,0.04,-0.07,-0.22,-0.128222802,-0.14562
157,20100107 13:00:00,0.02,0.05,-0.04,-0.17,-0.072178114,-0.10513
158,20100107 14:00:00,0.05,0.06,-0.02,-0.13,-0.03491485,-0.05462
159,20100107 15:00:00,0.06,0.06,0,-0.09,-0.014181907,-0.02418
160,20100107 16:00:00,0.07,0.06,0.02,-0.08,-0.009161688,-0.00377
161,20100107 17:00:00,0.04,0.05,0.01,-0.07,-0.026827988,-0.01325
162,20100107 18:00:00,0,0.03,-0.02,-0.05,-0.068752399,-0.04258
163,20100107 19:00:00,-0.04,0,-0.06,-0.03,-0.119184858,-0.07165
164,20100107 20:00:00,-0.08,-0.03,-0.12,-0.01,-0.154212904,-0.1108
165,20100107 21:00:00,-0.12,-0.05,-0.17,0,-0.160969869,-0.12973
166,20100107 22:00:00,-0.16,-0.06,-0.21,0,-0.140023706,-0.12866
167,20100107 23:00:00,-0.2,-0.08,-0.25,-0.01,-0.095315857,-0.10759
168,20100108 00:00:00,-0.24,-0.1,-0.29,-0.02,-0.03615583,-0.06669
169,20100108 01:00:00,-0.25,-0.1,-0.32,-0.05,0.019482239,-0.02588
170,20100108 02:00:00,-0.26,-0.09,-0.33,-0.1,0.05505709,0.01477
171,20100108 03:00:00,-0.25,-0.08,-0.32,-0.17,0.065782951,0.04542
172,20100108 04:00:00,-0.25,-0.06,-0.3,-0.26,0.051206145,0.04632
173,20100108 05:00:00,-0.24,-0.04,-0.27,-0.35,0.005953236,0.02723
174,20100108 06:00:00,-0.22,-0.02,-0.23,-0.42,-0.073272326,-0.02186
175,20100108 07:00:00,-0.19,0,-0.18,-0.47,-0.174180285,-0.09083
176,20100108 08:00:00,-0.15,0.02,-0.14,-0.49,-0.267940705,-0.16973
177,20100108 09:00:00,-0.09,0.04,-0.1,-0.49,-0.327599441,-0.23857
178,20100108 10:00:00,-0.02,0.07,-0.05,-0.45,-0.34157369,-0.27736
179,20100108 11:00:00,0.04,0.09,0,-0.4,-0.311138431,-0.27605
180,20100108 12:00:00,0.1,0.1,0.04,-0.33,-0.244508363,-0.24504
181,20100108 13:00:00,0.14,0.11,0.07,-0.25,-0.160215358,-0.18416
182,20100108 14:00:00,0.17,0.11,0.09,-0.17,-0.082025675,-0.12334
183,20100108 15:00:00,0.19,0.11,0.1,-0.09,-0.021518434,-0.06271
184,20100108 16:00:00,0.19,0.11,0.12,-0.03,0.023268568,-0.00209
185,20100108 17:00:00,0.15,0.08,0.1,0,0.0523498,0.03854
186,20100108 18:00:00,0.08,0.05,0.06,0.02,0.05682272,0.04911
187,20100108 19:00:00,0,0.01,0,0.05,0.031513037,0.03955
188,20100108 20:00:00,-0.07,-0.03,-0.08,0.08,-0.011383293,0.00997
189,20100108 21:00:00,-0.15,-0.07,-0.17,0.09,-0.049334185,-0.01956
190,20100108 22:00:00,-0.21,-0.1,-0.24,0.08,-0.068389053,-0.0393
191,20100108 23:00:00,-0.28,-0.13,-0.3,0.06,-0.064521555,-0.04912
192,20100109 00:00:00,-0.33,-0.15,-0.36,0.04,-0.036914003,-0.03886
193,20100109 01:00:00,-0.37,-0.17,-0.41,0,0.007305966,-0.00858
194,20100109 02:00:00,-0.38,-0.16,-0.44,-0.06,0.049023063,0.01165
195,20100109 03:00:00,-0.37,-0.15,-0.44,-0.13,0.070777215,0.04187
196,20100109 04:00:00,-0.34,-0.12,-0.41,-0.22,0.067141419,0.05204
197,20100109 05:00:00,-0.31,-0.09,-0.37,-0.33,0.037745017,0.0522
198,20100109 06:00:00,-0.28,-0.05,-0.31,-0.44,-0.022982007,0.01237
199,20100109 07:00:00,-0.24,-0.02,-0.24,-0.52,-0.118440622,-0.04746
200,20100109 08:00:00,-0.18,0.01,-0.17,-0.57,-0.234060234,-0.13729
201,20100109 09:00:00,-0.1,0.04,-0.11,-0.58,-0.337295686,-0.22709
202,20100109 10:00:00,-0.02,0.08,-0.05,-0.57,-0.398367647,-0.29673
203,20100109 11:00:00,0.07,0.11,0.03,-0.52,-0.406465533,-0.33637
204,20100109 12:00:00,0.15,0.14,0.09,-0.45,-0.363760829,-0.32608
205,20100109 13:00:00,0.21,0.15,0.14,-0.36,-0.280356393,-0.28588
206,20100109 14:00:00,0.26,0.16,0.17,-0.25,-0.178318112,-0.21568
207,20100109 15:00:00,0.29,0.16,0.19,-0.14,-0.083832428,-0.13557
208,20100109 16:00:00,0.3,0.15,0.2,-0.05,-0.008428711,-0.06552
209,20100109 17:00:00,0.26,0.13,0.19,0.02,0.051516335,0.01446
210,20100109 18:00:00,0.18,0.1,0.15,0.06,0.095644177,0.07441
211,20100109 19:00:00,0.09,0.05,0.08,0.09,0.112276774,0.09441
212,20100109 20:00:00,-0.01,-0.01,-0.01,0.12,0.093454057,0.08446
213,20100109 21:00:00,-0.11,-0.06,-0.12,0.15,0.051289652,0.06457
214,20100109 22:00:00,-0.2,-0.11,-0.22,0.15,0.008984221,0.03473
215,20100109 23:00:00,-0.29,-0.15,-0.31,0.13,-0.017951841,0.00483
216,20100110 00:00:00,-0.36,-0.18,-0.39,0.1,-0.023561912,-0.00506
217,20100110 01:00:00,-0.42,-0.21,-0.45,0.06,-0.005479927,-0.00494
218,20100110 02:00:00,-0.45,-0.21,-0.5,0,0.028953915,0.01512
219,20100110 03:00:00,-0.46,-0.2,-0.53,-0.07,0.060103219,0.0252
220,20100110 04:00:00,-0.43,-0.18,-0.51,-0.16,0.070567541,0.04532
221,20100110 05:00:00,-0.4,-0.14,-0.47,-0.27,0.055382931,0.04543
222,20100110 06:00:00,-0.35,-0.1,-0.4,-0.39,0.013191618,0.03554
223,20100110 07:00:00,-0.31,-0.06,-0.33,-0.51,-0.06238893,-0.00437
224,20100110 08:00:00,-0.24,-0.02,-0.24,-0.59,-0.173132299,-0.0842
225,20100110 09:00:00,-0.16,0.02,-0.16,-0.63,-0.299424434,-0.18401
226,20100110 10:00:00,-0.06,0.06,-0.08,-0.63,-0.404045045,-0.28369
227,20100110 11:00:00,0.04,0.11,0,-0.61,-0.457608648,-0.36333
228,20100110 12:00:00,0.14,0.15,0.09,-0.55,-0.452213369,-0.38298
229,20100110 13:00:00,0.23,0.17,0.16,-0.46,-0.392302195,-0.36259
230,20100110 14:00:00,0.3,0.19,0.21,-0.35,-0.290853643,-0.30222
231,20100110 15:00:00,0.34,0.19,0.24,-0.23,-0.17422168,-0.22194
232,20100110 16:00:00,0.37,0.19,0.26,-0.11,-0.070275181,-0.13183
233,20100110 17:00:00,0.35,0.18,0.26,-0.02,0.012064881,-0.04168
234,20100110 18:00:00,0.29,0.15,0.23,0.05,0.079170131,0.03849
235,20100110 19:00:00,0.19,0.1,0.17,0.1,0.129708227,0.09865
236,20100110 20:00:00,0.08,0.04,0.08,0.14,0.148960802,0.11886
237,20100110 21:00:00,-0.03,-0.03,-0.03,0.17,0.12944141,0.11907
238,20100110 22:00:00,-0.14,-0.09,-0.16,0.18,0.086092942,0.08936
239,20100110 23:00:00,-0.24,-0.15,-0.27,0.18,0.042997576,0.05972
240,20100111 00:00:00,-0.34,-0.19,-0.37,0.15,0.014043254,0.04008
241,20100111 01:00:00,-0.41,-0.22,-0.45,0.12,0.004771365,0.02044
242,20100111 02:00:00,-0.47,-0.24,-0.52,0.07,0.018351922,0.02074
243,20100111 03:00:00,-0.5,-0.24,-0.56,0,0.047367673,0.031
244,20100111 04:00:00,-0.5,-0.22,-0.57,-0.08,0.071523779,0.04127
245,20100111 05:00:00,-0.47,-0.19,-0.54,-0.19,0.073289696,0.05156
246,20100111 06:00:00,-0.43,-0.15,-0.49,-0.32,0.047280678,0.05187
247,20100111 07:00:00,-0.38,-0.1,-0.41,-0.45,-0.008700708,0.0322
248,20100111 08:00:00,-0.32,-0.06,-0.32,-0.55,-0.100373804,-0.02739
249,20100111 09:00:00,-0.24,-0.01,-0.23,-0.63,-0.224610991,-0.1169
250,20100111 10:00:00,-0.14,0.03,-0.14,-0.66,-0.355245784,-0.22635
251,20100111 11:00:00,-0.03,0.08,-0.05,-0.65,-0.452862016,-0.33578
252,20100111 12:00:00,0.08,0.13,0.04,-0.61,-0.491686639,-0.39515
253,20100111 13:00:00,0.19,0.17,0.13,-0.54,-0.467857427,-0.40456
254,20100111 14:00:00,0.29,0.2,0.2,-0.44,-0.388551598,-0.374
255,20100111 15:00:00,0.36,0.21,0.25,-0.32,-0.270951307,-0.29351
256,20100111 16:00:00,0.41,0.22,0.29,-0.2,-0.145775246,-0.2031
257,20100111 17:00:00,0.41,0.21,0.3,-0.08,-0.040081557,-0.11272
258,20100111 18:00:00,0.38,0.19,0.3,0.01,0.042038686,-0.0123
259,20100111 19:00:00,0.3,0.15,0.25,0.07,0.108951223,0.07819
260,20100111 20:00:00,0.19,0.09,0.17,0.12,0.157306849,0.12869
261,20100111 21:00:00,0.07,0.02,0.06,0.16,0.171946816,0.13919
262,20100111 22:00:00,-0.05,-0.05,-0.07,0.19,0.149334853,0.12972
263,20100111 23:00:00,-0.17,-0.12,-0.2,0.2,0.107647513,0.11025
264,20100112 00:00:00,-0.28,-0.17,-0.32,0.19,0.068327971,0.0808
265,20100112 01:00:00,-0.37,-0.22,-0.42,0.16,0.044983859,0.06124
266,20100112 02:00:00,-0.45,-0.24,-0.5,0.13,0.032470399,0.05173
267,20100112 03:00:00,-0.51,-0.26,-0.56,0.07,0.04625853,0.04219
268,20100112 04:00:00,-0.53,-0.25,-0.59,-0.01,0.073716032,0.05264
269,20100112 05:00:00,-0.53,-0.23,-0.59,-0.11,0.092472698,0.06303
270,20100112 06:00:00,-0.49,-0.19,-0.55,-0.23,0.084526723,0.07334
271,20100112 07:00:00,-0.45,-0.15,-0.49,-0.36,0.044779653,0.06341
272,20100112 08:00:00,-0.39,-0.1,-0.4,-0.48,-0.02852532,0.02328
273,20100112 09:00:00,-0.32,-0.05,-0.31,-0.58,-0.137815732,-0.04692
274,20100112 10:00:00,-0.23,0,-0.21,-0.64,-0.272791919,-0.1571
275,20100112 11:00:00,-0.12,0.05,-0.11,-0.66,-0.401739931,-0.26722
276,20100112 12:00:00,0,0.1,-0.02,-0.64,-0.486470267,-0.36738
277,20100112 13:00:00,0.12,0.15,0.07,-0.59,-0.506886753,-0.41753
278,20100112 14:00:00,0.24,0.19,0.16,-0.5,-0.462928832,-0.40765
279,20100112 15:00:00,0.34,0.22,0.23,-0.39,-0.364904888,-0.35779
280,20100112 16:00:00,0.41,0.23,0.28,-0.27,-0.235550079,-0.27797
281,20100112 17:00:00,0.44,0.24,0.32,-0.16,-0.109230597,-0.17803
282,20100112 18:00:00,0.44,0.22,0.33,-0.06,-0.00929076,-0.07797
283,20100112 19:00:00,0.39,0.19,0.31,0.02,0.065950038,0.02206
284,20100112 20:00:00,0.29,0.14,0.25,0.08,0.125314934,0.09203
285,20100112 21:00:00,0.18,0.07,0.15,0.13,0.164111871,0.13209
286,20100112 22:00:00,0.05,0,0.03,0.16,0.170317847,0.14217
287,20100112 23:00:00,-0.08,-0.07,-0.11,0.18,0.145869106,0.12218
288,20100113 00:00:00,-0.19,-0.14,-0.24,0.19,0.108506436,0.10215
289,20100113 01:00:00,-0.3,-0.19,-0.36,0.18,0.074161568,0.08216
290,20100113 02:00:00,-0.4,-0.23,-0.46,0.16,0.050565503,0.07221
291,20100113 03:00:00,-0.48,-0.25,-0.53,0.12,0.045560842,0.0623
292,20100113 04:00:00,-0.53,-0.26,-0.58,0.06,0.063252259,0.06232
293,20100113 05:00:00,-0.55,-0.25,-0.6,-0.03,0.089933173,0.06228
294,20100113 06:00:00,-0.54,-0.22,-0.58,-0.14,0.100521376,0.07219
295,20100113 07:00:00,-0.51,-0.18,-0.54,-0.26,0.078659022,0.07208
296,20100113 08:00:00,-0.46,-0.14,-0.47,-0.39,0.021798757,0.05208
297,20100113 09:00:00,-0.39,-0.09,-0.39,-0.51,-0.069412008,0.00215
298,20100113 10:00:00,-0.31,-0.04,-0.29,-0.59,-0.192145479,-0.0878
299,20100113 11:00:00,-0.21,0.01,-0.19,-0.64,-0.329635964,-0.1977
300,20100113 12:00:00,-0.09,0.06,-0.09,-0.64,-0.447854018,-0.31758
301,20100113 13:00:00,0.03,0.11,0,-0.61,-0.513187424,-0.39746
302,20100113 14:00:00,0.16,0.16,0.1,-0.54,-0.510868625,-0.42724
303,20100113 15:00:00,0.28,0.2,0.18,-0.44,-0.443902167,-0.40706
304,20100113 16:00:00,0.37,0.23,0.25,-0.34,-0.327490656,-0.33688
305,20100113 17:00:00,0.44,0.24,0.3,-0.22,-0.191196092,-0.24684
306,20100113 18:00:00,0.46,0.24,0.33,-0.12,-0.070158294,-0.1368
307,20100113 19:00:00,0.44,0.22,0.33,-0.04,0.019018588,-0.03676
308,20100113 20:00:00,0.37,0.18,0.3,0.03,0.083448333,0.05337
309,20100113 21:00:00,0.27,0.12,0.23,0.08,0.131661515,0.10336
310,20100113 22:00:00,0.15,0.05,0.12,0.12,0.159254213,0.13347
311,20100113 23:00:00,0.02,-0.02,-0.01,0.15,0.159176658,0.13361
312,20100114 00:00:00,-0.11,-0.1,-0.15,0.17,0.136190317,0.1137
313,20100114 01:00:00,-0.23,-0.16,-0.28,0.18,0.104055953,0.10379
314,20100114 02:00:00,-0.33,-0.21,-0.4,0.17,0.074730428,0.08387
315,20100114 03:00:00,-0.43,-0.24,-0.48,0.15,0.057293112,0.07397
316,20100114 04:00:00,-0.5,-0.25,-0.54,0.1,0.061072729,0.0641
317,20100114 05:00:00,-0.55,-0.25,-0.58,0.03,0.085035173,0.07414
318,20100114 06:00:00,-0.56,-0.24,-0.59,-0.06,0.10884809,0.08409
319,20100114 07:00:00,-0.55,-0.21,-0.57,-0.17,0.10754283,0.09409
320,20100114 08:00:00,-0.51,-0.17,-0.52,-0.3,0.069399866,0.0841
321,20100114 09:00:00,-0.45,-0.12,-0.45,-0.42,-0.004790145,0.04414
322,20100114 10:00:00,-0.37,-0.08,-0.36,-0.52,-0.111439887,-0.02581
323,20100114 11:00:00,-0.28,-0.03,-0.26,-0.59,-0.242205531,-0.12587
324,20100114 12:00:00,-0.18,0.02,-0.16,-0.62,-0.375396966,-0.23596
325,20100114 13:00:00,-0.06,0.07,-0.07,-0.6,-0.477717453,-0.34603
326,20100114 14:00:00,0.07,0.13,0.03,-0.55,-0.520721265,-0.4061
327,20100114 15:00:00,0.2,0.18,0.12,-0.47,-0.494185169,-0.42622
328,20100114 16:00:00,0.32,0.22,0.2,-0.37,-0.404922387,-0.38625
329,20100114 17:00:00,0.4,0.24,0.27,-0.27,-0.274935901,-0.30617
330,20100114 18:00:00,0.45,0.25,0.31,-0.17,-0.139473968,-0.20599
331,20100114 19:00:00,0.45,0.23,0.33,-0.09,-0.03049091,-0.0959
332,20100114 20:00:00,0.42,0.21,0.32,-0.02,0.044072136,-0.00597
333,20100114 21:00:00,0.34,0.16,0.27,0.03,0.095182739,0.07406
334,20100114 22:00:00,0.23,0.1,0.19,0.07,0.130884329,0.1142
335,20100114 23:00:00,0.11,0.03,0.07,0.1,0.148382553,0.12419
336,20100115 00:00:00,-0.02,-0.04,-0.06,0.12,0.14376144,0.11427
337,20100115 01:00:00,-0.15,-0.11,-0.2,0.14,0.121394761,0.10443
338,20100115 02:00:00,-0.26,-0.17,-0.32,0.15,0.092219094,0.09464
339,20100115 03:00:00,-0.36,-0.21,-0.42,0.14,0.068243286,0.08485
340,20100115 04:00:00,-0.45,-0.23,-0.49,0.12,0.060781956,0.07515
341,20100115 05:00:00,-0.51,-0.24,-0.54,0.07,0.075879752,0.07539
342,20100115 06:00:00,-0.55,-0.24,-0.57,0,0.103209545,0.08552
343,20100115 07:00:00,-0.57,-0.22,-0.57,-0.1,0.118505845,0.10569
344,20100115 08:00:00,-0.54,-0.19,-0.54,-0.21,0.101939725,0.09573
345,20100115 09:00:00,-0.49,-0.15,-0.48,-0.33,0.048004395,0.0757
346,20100115 10:00:00,-0.42,-0.11,-0.41,-0.44,-0.04004056,0.02561
347,20100115 11:00:00,-0.33,-0.06,-0.32,-0.52,-0.155720862,-0.05435
348,20100115 12:00:00,-0.24,-0.01,-0.22,-0.57,-0.285878379,-0.16431
349,20100115 13:00:00,-0.13,0.03,-0.13,-0.58,-0.406715077,-0.2744
350,20100115 14:00:00,-0.01,0.09,-0.04,-0.54,-0.487856922,-0.36437
351,20100115 15:00:00,0.12,0.14,0.04,-0.48,-0.505424395,-0.40434
352,20100115 16:00:00,0.24,0.18,0.13,-0.39,-0.45339385,-0.40444
353,20100115 17:00:00,0.34,0.22,0.21,-0.3,-0.344981922,-0.3548
354,20100115 18:00:00,0.41,0.24,0.27,-0.21,-0.209919127,-0.2551
355,20100115 19:00:00,0.43,0.23,0.3,-0.13,-0.084800436,-0.15537
356,20100115 20:00:00,0.42,0.22,0.3,-0.06,0.006525017,-0.05561
357,20100115 21:00:00,0.37,0.19,0.28,-0.01,0.064741655,0.02399
358,20100115 22:00:00,0.28,0.14,0.23,0.02,0.102837466,0.08377
359,20100115 23:00:00,0.17,0.07,0.13,0.05,0.127180905,0.11329
360,20100116 00:00:00,0.04,0,0.01,0.07,0.135224042,0.11286
361,20100116 01:00:00,-0.08,-0.07,-0.12,0.09,0.124431264,0.10248
362,20100116 02:00:00,-0.2,-0.13,-0.25,0.1,0.098788476,0.09189
363,20100116 03:00:00,-0.3,-0.17,-0.36,0.11,0.069944146,0.08127
364,20100116 04:00:00,-0.39,-0.2,-0.44,0.1,0.052605634,0.06045
365,20100116 05:00:00,-0.46,-0.22,-0.49,0.07,0.05652475,0.0596
366,20100116 06:00:00,-0.51,-0.22,-0.52,0.02,0.079036786,0.07888
367,20100116 07:00:00,-0.54,-0.21,-0.54,-0.06,0.102320304,0.08819
368,20100116 08:00:00,-0.54,-0.19,-0.53,-0.15,0.104118942,0.09754
369,20100116 09:00:00,-0.51,-0.16,-0.49,-0.25,0.072379145,0.0871
370,20100116 10:00:00,-0.45,-0.13,-0.43,-0.36,0.00680328,0.04652
371,20100116 11:00:00,-0.37,-0.09,-0.36,-0.44,-0.088530991,-0.01409
372,20100116 12:00:00,-0.28,-0.04,-0.27,-0.5,-0.205682157,-0.09474
373,20100116 13:00:00,-0.19,0,-0.19,-0.53,-0.3282608,-0.20532
374,20100116 14:00:00,-0.08,0.05,-0.1,-0.52,-0.431969621,-0.30613
375,20100116 15:00:00,0.04,0.1,-0.02,-0.47,-0.489226,-0.37689
376,20100116 16:00:00,0.16,0.14,0.06,-0.39,-0.480699229,-0.40766
377,20100116 17:00:00,0.26,0.18,0.14,-0.31,-0.406196141,-0.38845
378,20100116 18:00:00,0.34,0.21,0.2,-0.23,-0.286498077,-0.30915
379,20100116 19:00:00,0.38,0.22,0.25,-0.16,-0.156427304,-0.20963
380,20100116 20:00:00,0.39,0.21,0.26,-0.09,-0.049214285,-0.12002
381,20100116 21:00:00,0.36,0.19,0.26,-0.05,0.02204491,-0.03043
382,20100116 22:00:00,0.3,0.15,0.23,-0.02,0.065616368,0.03916
383,20100116 23:00:00,0.21,0.1,0.16,0,0.093244301,0.07894
384,20100117 00:00:00,0.09,0.04,0.06,0.01,0.107750478,0.08872
385,20100117 01:00:00,-0.03,-0.02,-0.06,0.02,0.105907336,0.07831
386,20100117 02:00:00,-0.14,-0.08,-0.18,0.04,0.086558226,0.06798
387,20100117 03:00:00,-0.24,-0.13,-0.29,0.05,0.056950819,0.0578
388,20100117 04:00:00,-0.33,-0.17,-0.37,0.05,0.032125769,0.04756
389,20100117 05:00:00,-0.4,-0.19,-0.43,0.04,0.026338612,0.03747
390,20100117 06:00:00,-0.46,-0.2,-0.47,0.01,0.042192118,0.04764
391,20100117 07:00:00,-0.49,-0.19,-0.49,-0.04,0.067692326,0.05788
392,20100117 08:00:00,-0.51,-0.18,-0.5,-0.12,0.082960837,0.07819
393,20100117 09:00:00,-0.49,-0.16,-0.48,-0.2,0.072914803,0.06853
394,20100117 10:00:00,-0.44,-0.13,-0.43,-0.29,0.032811642,0.05882
395,20100117 11:00:00,-0.37,-0.1,-0.37,-0.37,-0.036243917,0.01908
396,20100117 12:00:00,-0.3,-0.06,-0.3,-0.43,-0.130312794,-0.05056
397,20100117 13:00:00,-0.22,-0.03,-0.23,-0.47,-0.239240794,-0.14013
398,20100117 14:00:00,-0.13,0.01,-0.15,-0.47,-0.34520139,-0.23974
399,20100117 15:00:00,-0.03,0.06,-0.08,-0.44,-0.42501151,-0.31938
400,20100117 16:00:00,0.08,0.1,-0.01,-0.38,-0.454185732,-0.36902
401,20100117 17:00:00,0.18,0.14,0.07,-0.31,-0.418928005,-0.36859
402,20100117 18:00:00,0.26,0.17,0.13,-0.24,-0.326718559,-0.32811
403,20100117 19:00:00,0.31,0.19,0.18,-0.17,-0.205730817,-0.24768
404,20100117 20:00:00,0.32,0.19,0.2,-0.11,-0.090961256,-0.15735
405,20100117 21:00:00,0.31,0.18,0.21,-0.07,-0.006148867,-0.0671
406,20100117 22:00:00,0.27,0.15,0.19,-0.05,0.047146583,0.00322
407,20100117 23:00:00,0.2,0.11,0.15,-0.04,0.080150106,0.05347
408,20100118 00:00:00,0.11,0.06,0.08,-0.04,0.099293094,0.08381
409,20100118 01:00:00,0,0.01,-0.02,-0.04,0.103062433,0.08413
410,20100118 02:00:00,-0.1,-0.05,-0.13,-0.03,0.088977105,0.07445
411,20100118 03:00:00,-0.19,-0.09,-0.23,-0.02,0.060187739,0.05482
412,20100118 04:00:00,-0.27,-0.13,-0.31,-0.02,0.028546599,0.03495
413,20100118 05:00:00,-0.34,-0.15,-0.37,-0.02,0.010452153,0.02498
414,20100118 06:00:00,-0.39,-0.16,-0.41,-0.04,0.014938963,0.02492
415,20100118 07:00:00,-0.43,-0.16,-0.43,-0.07,0.035824475,0.03469
416,20100118 08:00:00,-0.45,-0.16,-0.44,-0.11,0.056755085,0.05437
417,20100118 09:00:00,-0.44,-0.15,-0.43,-0.17,0.061757638,0.05391
418,20100118 10:00:00,-0.4,-0.12,-0.4,-0.24,0.043369084,0.05353
419,20100118 11:00:00,-0.35,-0.1,-0.35,-0.3,0.000738198,0.03327
420,20100118 12:00:00,-0.29,-0.07,-0.3,-0.36,-0.065622306,-0.00689
421,20100118 13:00:00,-0.23,-0.04,-0.24,-0.4,-0.152217115,-0.07696
422,20100118 14:00:00,-0.15,-0.01,-0.18,-0.42,-0.247787189,-0.15703
423,20100118 15:00:00,-0.07,0.03,-0.12,-0.4,-0.334153181,-0.23705
424,20100118 16:00:00,0.01,0.06,-0.06,-0.36,-0.389195599,-0.29716
425,20100118 17:00:00,0.1,0.1,0,-0.3,-0.392437434,-0.32725
426,20100118 18:00:00,0.17,0.12,0.05,-0.23,-0.337874615,-0.31753
427,20100118 19:00:00,0.21,0.14,0.1,-0.17,-0.241195593,-0.25789
428,20100118 20:00:00,0.24,0.15,0.12,-0.12,-0.13302686,-0.17838
429,20100118 21:00:00,0.24,0.14,0.13,-0.08,-0.041999363,-0.09882
430,20100118 22:00:00,0.21,0.13,0.13,-0.07,0.019617196,-0.02916
431,20100118 23:00:00,0.17,0.1,0.1,-0.07,0.057681726,0.02049
432,20100119 00:00:00,0.1,0.06,0.05,-0.08,0.080897067,0.06015
433,20100119 01:00:00,0.01,0.02,-0.01,-0.09,0.088959518,0.06973
434,20100119 02:00:00,-0.08,-0.02,-0.1,-0.1,0.077489633,0.05933
435,20100119 03:00:00,-0.16,-0.06,-0.19,-0.1,0.047884948,0.03889
436,20100119 04:00:00,-0.23,-0.09,-0.26,-0.1,0.009809667,0.01829
437,20100119 05:00:00,-0.29,-0.11,-0.31,-0.1,-0.021261764,-0.0025
438,20100119 06:00:00,-0.33,-0.12,-0.35,-0.11,-0.032028842,-0.01336
439,20100119 07:00:00,-0.36,-0.13,-0.37,-0.12,-0.021232723,-0.01422
440,20100119 08:00:00,-0.38,-0.13,-0.38,-0.14,9.13E-07,-0.00494
441,20100119 09:00:00,-0.37,-0.12,-0.38,-0.18,0.01665239,0.01445
442,20100119 10:00:00,-0.34,-0.1,-0.35,-0.21,0.017821322,0.01391
443,20100119 11:00:00,-0.3,-0.08,-0.31,-0.26,-0.000529256,0.0134
444,20100119 12:00:00,-0.25,-0.06,-0.27,-0.3,-0.038697563,-0.00703
445,20100119 13:00:00,-0.2,-0.04,-0.22,-0.34,-0.096552708,-0.04738
446,20100119 14:00:00,-0.15,-0.02,-0.18,-0.36,-0.170400811,-0.10773
447,20100119 15:00:00,-0.09,0.01,-0.13,-0.35,-0.248536059,-0.17805
448,20100119 16:00:00,-0.03,0.03,-0.09,-0.32,-0.312756064,-0.23839
449,20100119 17:00:00,0.03,0.06,-0.05,-0.27,-0.342709796,-0.27883
450,20100119 18:00:00,0.08,0.08,-0.01,-0.22,-0.324089507,-0.2893
451,20100119 19:00:00,0.12,0.09,0.02,-0.16,-0.259498228,-0.25972
452,20100119 20:00:00,0.14,0.1,0.03,-0.12,-0.170065368,-0.2002
453,20100119 21:00:00,0.14,0.1,0.04,-0.09,-0.082737485,-0.14063
454,20100119 22:00:00,0.13,0.09,0.04,-0.08,-0.016393236,-0.07096
455,20100119 23:00:00,0.1,0.07,0.02,-0.08,0.02604474,-0.01136
456,20100120 00:00:00,0.05,0.05,0,-0.1,0.051945461,0.02827
457,20100120 01:00:00,-0.01,0.02,-0.05,-0.13,0.064480139,0.04789
458,20100120 02:00:00,-0.09,-0.01,-0.11,-0.16,0.058223606,0.04744
459,20100120 03:00:00,-0.15,-0.04,-0.17,-0.18,0.030089081,0.02701
460,20100120 04:00:00,-0.2,-0.07,-0.23,-0.19,-0.012416068,-0.00351
461,20100120 05:00:00,-0.25,-0.08,-0.27,-0.2,-0.054718794,-0.02409
462,20100120 06:00:00,-0.28,-0.09,-0.29,-0.2,-0.081741251,-0.05462
463,20100120 07:00:00,-0.29,-0.09,-0.31,-0.2,-0.085794203,-0.0651
464,20100120 08:00:00,-0.3,-0.09,-0.31,-0.21,-0.070753945,-0.06548
465,20100120 09:00:00,-0.29,-0.08,-0.31,-0.21,-0.04820621,-0.05581
466,20100120 10:00:00,-0.26,-0.07,-0.29,-0.23,-0.030333868,-0.03616
467,20100120 11:00:00,-0.22,-0.05,-0.25,-0.24,-0.025510867,-0.02653
468,20100120 12:00:00,-0.18,-0.04,-0.21,-0.26,-0.036969523,-0.02686
469,20100120 13:00:00,-0.15,-0.02,-0.18,-0.28,-0.065143158,-0.0472
470,20100120 14:00:00,-0.11,-0.01,-0.15,-0.29,-0.110231337,-0.07751
471,20100120 15:00:00,-0.08,0,-0.12,-0.29,-0.168361772,-0.11787
472,20100120 16:00:00,-0.04,0.01,-0.1,-0.28,-0.227314452,-0.16821
473,20100120 17:00:00,-0.01,0.03,-0.08,-0.24,-0.269292792,-0.21862
474,20100120 18:00:00,0.01,0.04,-0.06,-0.19,-0.277601971,-0.23901
475,20100120 19:00:00,0.03,0.04,-0.05,-0.14,-0.245761487,-0.2294
476,20100120 20:00:00,0.04,0.05,-0.05,-0.1,-0.183176573,-0.19988
477,20100120 21:00:00,0.04,0.04,-0.05,-0.08,-0.110277842,-0.15025
478,20100120 22:00:00,0.02,0.04,-0.06,-0.07,-0.046305865,-0.10069
479,20100120 23:00:00,0,0.03,-0.07,-0.08,-0.001447172,-0.0512
480,20100121 00:00:00,-0.03,0.01,-0.09,-0.11,0.02529169,-0.00175
481,20100121 01:00:00,-0.07,0,-0.11,-0.15,0.038879331,0.02779
482,20100121 02:00:00,-0.11,-0.02,-0.15,-0.19,0.037495929,0.02724
483,20100121 03:00:00,-0.16,-0.04,-0.18,-0.24,0.014327618,0.00662
484,20100121 04:00:00,-0.19,-0.05,-0.22,-0.27,-0.029620018,-0.014
485,20100121 05:00:00,-0.22,-0.06,-0.24,-0.29,-0.081953584,-0.05457
486,20100121 06:00:00,-0.23,-0.06,-0.25,-0.3,-0.126658606,-0.08517
487,20100121 07:00:00,-0.24,-0.06,-0.25,-0.3,-0.151321648,-0.11572
488,20100121 08:00:00,-0.23,-0.05,-0.25,-0.29,-0.151631616,-0.12624
489,20100121 09:00:00,-0.21,-0.04,-0.23,-0.28,-0.132344208,-0.12668
490,20100121 10:00:00,-0.17,-0.03,-0.21,-0.27,-0.103475642,-0.10706
491,20100121 11:00:00,-0.14,-0.02,-0.18,-0.26,-0.076706293,-0.0875
492,20100121 12:00:00,-0.1,-0.01,-0.15,-0.25,-0.061328471,-0.06799
493,20100121 13:00:00,-0.07,0,-0.12,-0.24,-0.061136202,-0.05841
494,20100121 14:00:00,-0.05,0.01,-0.09,-0.24,-0.07644542,-0.06883
495,20100121 15:00:00,-0.03,0.01,-0.08,-0.23,-0.107029075,-0.08912
496,20100121 16:00:00,-0.02,0.01,-0.07,-0.22,-0.148769725,-0.11946
497,20100121 17:00:00,-0.02,0.01,-0.07,-0.2,-0.18950137,-0.14982
498,20100121 18:00:00,-0.03,0.01,-0.08,-0.16,-0.213121208,-0.18018
499,20100121 19:00:00,-0.04,0,-0.1,-0.12,-0.207871843,-0.19052
500,20100121 20:00:00,-0.05,0,-0.12,-0.08,-0.173843642,-0.17079
501,20100121 21:00:00,-0.06,-0.01,-0.13,-0.06,-0.122339365,-0.14108
502,20100121 22:00:00,-0.09,-0.02,-0.15,-0.05,-0.068450538,-0.10131
503,20100121 23:00:00,-0.11,-0.03,-0.17,-0.07,-0.024385187,-0.06165
504,20100122 00:00:00,-0.13,-0.03,-0.19,-0.1,0.003859284,-0.03191
505,20100122 01:00:00,-0.15,-0.04,-0.2,-0.15,0.016659519,-0.00209
506,20100122 02:00:00,-0.17,-0.05,-0.22,-0.21,0.016279773,0.00767
507,20100122 03:00:00,-0.19,-0.05,-0.23,-0.27,-0.000924032,-0.00257
508,20100122 04:00:00,-0.21,-0.05,-0.24,-0.33,-0.040223481,-0.03281
509,20100122 05:00:00,-0.21,-0.05,-0.24,-0.37,-0.097350637,-0.06305
510,20100122 06:00:00,-0.21,-0.04,-0.23,-0.39,-0.15796692,-0.10326
511,20100122 07:00:00,-0.19,-0.03,-0.21,-0.4,-0.20586641,-0.15334
512,20100122 08:00:00,-0.17,-0.02,-0.19,-0.39,-0.229284033,-0.18328
513,20100122 09:00:00,-0.13,0,-0.17,-0.37,-0.224247695,-0.20323
514,20100122 10:00:00,-0.09,0.01,-0.14,-0.33,-0.194836781,-0.19322
515,20100122 11:00:00,-0.04,0.02,-0.1,-0.3,-0.15128649,-0.16326
516,20100122 12:00:00,0,0.04,-0.07,-0.26,-0.107636254,-0.13337
517,20100122 13:00:00,0.02,0.04,-0.04,-0.23,-0.075887403,-0.0935
518,20100122 14:00:00,0.04,0.04,-0.02,-0.2,-0.060711475,-0.07365
519,20100122 15:00:00,0.04,0.04,-0.02,-0.18,-0.061765829,-0.06372
520,20100122 16:00:00,0.03,0.03,-0.02,-0.16,-0.078125957,-0.06383
521,20100122 17:00:00,0,0.01,-0.04,-0.14,-0.105161968,-0.08389
522,20100122 18:00:00,-0.04,0,-0.07,-0.12,-0.131371721,-0.10384
523,20100122 19:00:00,-0.08,-0.02,-0.12,-0.08,-0.143581119,-0.12375
524,20100122 20:00:00,-0.11,-0.04,-0.16,-0.05,-0.134576382,-0.12374
525,20100122 21:00:00,-0.15,-0.06,-0.2,-0.03,-0.107040473,-0.11376
526,20100122 22:00:00,-0.18,-0.07,-0.24,-0.02,-0.069737553,-0.09373
527,20100122 23:00:00,-0.22,-0.08,-0.26,-0.04,-0.03215402,-0.06373
528,20100123 00:00:00,-0.24,-0.09,-0.29,-0.07,-0.002896325,-0.03375
529,20100123 01:00:00,-0.25,-0.09,-0.3,-0.13,0.011431494,-0.01386
530,20100123 02:00:00,-0.25,-0.09,-0.31,-0.19,0.010065287,0.00607
531,20100123 03:00:00,-0.25,-0.08,-0.3,-0.27,-0.005279144,-0.00403
532,20100123 04:00:00,-0.24,-0.06,-0.28,-0.36,-0.038134269,-0.02412
533,20100123 05:00:00,-0.23,-0.05,-0.26,-0.43,-0.092451994,-0.06422
534,20100123 06:00:00,-0.2,-0.03,-0.23,-0.48,-0.162997899,-0.11431
535,20100123 07:00:00,-0.17,-0.01,-0.19,-0.5,-0.234334558,-0.16437
536,20100123 08:00:00,-0.12,0.01,-0.15,-0.5,-0.288470906,-0.21438
537,20100123 09:00:00,-0.07,0.03,-0.11,-0.47,-0.310954114,-0.25446
538,20100123 10:00:00,-0.01,0.05,-0.07,-0.43,-0.296700499,-0.26462
539,20100123 11:00:00,0.04,0.07,-0.02,-0.37,-0.250513675,-0.24487
540,20100123 12:00:00,0.09,0.08,0.02,-0.31,-0.185580479,-0.20517
541,20100123 13:00:00,0.13,0.09,0.04,-0.25,-0.120342897,-0.15557
542,20100123 14:00:00,0.14,0.09,0.06,-0.19,-0.070239661,-0.10593
543,20100123 15:00:00,0.14,0.08,0.07,-0.14,-0.040204911,-0.06631
544,20100123 16:00:00,0.12,0.06,0.06,-0.11,-0.028622616,-0.03663
545,20100123 17:00:00,0.06,0.04,0.03,-0.09,-0.033504774,-0.02692
546,20100123 18:00:00,0,0,-0.03,-0.07,-0.050469164,-0.03713
547,20100123 19:00:00,-0.07,-0.03,-0.09,-0.04,-0.069968964,-0.05736
548,20100123 20:00:00,-0.14,-0.07,-0.17,-0.01,-0.081112035,-0.06765
549,20100123 21:00:00,-0.2,-0.1,-0.24,0.01,-0.077396487,-0.07794
550,20100123 22:00:00,-0.26,-0.12,-0.3,0.02,-0.059920805,-0.06821
551,20100123 23:00:00,-0.3,-0.14,-0.35,0.01,-0.034694473,-0.04858
552,20100124 00:00:00,-0.34,-0.15,-0.38,-0.03,-0.008947494,-0.02886
553,20100124 01:00:00,-0.36,-0.15,-0.41,-0.08,0.008780074,-0.00909
554,20100124 02:00:00,-0.36,-0.14,-0.41,-0.16,0.010819447,0.00072
555,20100124 03:00:00,-0.34,-0.12,-0.4,-0.24,-0.003887364,0.00054
556,20100124 04:00:00,-0.31,-0.09,-0.36,-0.35,-0.033449745,-0.01961
557,20100124 05:00:00,-0.27,-0.06,-0.32,-0.45,-0.081229525,-0.04967
558,20100124 06:00:00,-0.23,-0.03,-0.26,-0.53,-0.151457212,-0.09958
559,20100124 07:00:00,-0.18,0,-0.2,-0.58,-0.238338503,-0.15949
560,20100124 08:00:00,-0.11,0.03,-0.14,-0.6,-0.323496131,-0.22932
561,20100124 09:00:00,-0.04,0.06,-0.08,-0.58,-0.38348358,-0.29915
562,20100124 10:00:00,0.04,0.09,-0.02,-0.54,-0.400550907,-0.3391
563,20100124 11:00:00,0.11,0.11,0.04,-0.47,-0.370265853,-0.3391
564,20100124 12:00:00,0.18,0.13,0.09,-0.38,-0.300391376,-0.29915
565,20100124 13:00:00,0.22,0.14,0.13,-0.3,-0.208541221,-0.23921
566,20100124 14:00:00,0.25,0.14,0.15,-0.21,-0.118488919,-0.16931
567,20100124 15:00:00,0.26,0.13,0.16,-0.13,-0.049287524,-0.09937
568,20100124 16:00:00,0.24,0.11,0.16,-0.07,-0.005743381,-0.0394
569,20100124 17:00:00,0.18,0.08,0.12,-0.03,0.016294197,0.00063
570,20100124 18:00:00,0.08,0.04,0.06,-0.01,0.019704517,0.02067
571,20100124 19:00:00,-0.02,-0.01,-0.02,0.01,0.007260139,0.01071
572,20100124 20:00:00,-0.12,-0.06,-0.13,0.04,-0.01316529,-0.0091
573,20100124 21:00:00,-0.21,-0.12,-0.23,0.06,-0.029166698,-0.0189
574,20100124 22:00:00,-0.28,-0.16,-0.33,0.07,-0.032105329,-0.02876
575,20100124 23:00:00,-0.35,-0.18,-0.4,0.06,-0.021818766,-0.02868
576,20100125 00:00:00,-0.41,-0.2,-0.45,0.03,-0.003752443,-0.00856
577,20100125 01:00:00,-0.45,-0.21,-0.5,-0.02,0.015130616,0.00163
578,20100125 02:00:00,-0.46,-0.2,-0.52,-0.09,0.025418303,0.01194
579,20100125 03:00:00,-0.44,-0.18,-0.51,-0.18,0.018478259,0.01224
580,20100125 04:00:00,-0.41,-0.14,-0.46,-0.29,-0.006979175,0.00262
581,20100125 05:00:00,-0.36,-0.1,-0.4,-0.42,-0.04919392,-0.02691
582,20100125 06:00:00,-0.3,-0.06,-0.33,-0.54,-0.112430501,-0.06642
583,20100125 07:00:00,-0.23,-0.02,-0.25,-0.63,-0.201462348,-0.12593
584,20100125 08:00:00,-0.15,0.02,-0.16,-0.68,-0.308036096,-0.2054
585,20100125 09:00:00,-0.06,0.06,-0.08,-0.68,-0.407382786,-0.29488
586,20100125 10:00:00,0.04,0.1,-0.01,-0.65,-0.469701114,-0.36433
587,20100125 11:00:00,0.14,0.14,0.07,-0.58,-0.475981672,-0.40382
588,20100125 12:00:00,0.23,0.17,0.15,-0.49,-0.424500122,-0.39334
589,20100125 13:00:00,0.3,0.19,0.2,-0.39,-0.326911482,-0.33288
590,20100125 14:00:00,0.35,0.19,0.24,-0.27,-0.20584222,-0.25249
591,20100125 15:00:00,0.38,0.19,0.26,-0.17,-0.091325845,-0.15209
592,20100125 16:00:00,0.37,0.18,0.26,-0.07,-0.005824279,-0.07194
593,20100125 17:00:00,0.32,0.15,0.24,0,0.047747477,0.00824
594,20100125 18:00:00,0.23,0.1,0.18,0.03,0.076539188,0.05838
595,20100125 19:00:00,0.11,0.04,0.09,0.06,0.083026304,0.07858
596,20100125 20:00:00,-0.02,-0.03,-0.02,0.08,0.067989734,0.06882
597,20100125 21:00:00,-0.14,-0.1,-0.16,0.11,0.040860396,0.03904
598,20100125 22:00:00,-0.25,-0.16,-0.29,0.12,0.017937988,0.01934
599,20100125 23:00:00,-0.35,-0.21,-0.4,0.12,0.010306323,0.00953
600,20100126 00:00:00,-0.43,-0.24,-0.49,0.1,0.016785293,0.00976
601,20100126 01:00:00,-0.5,-0.26,-0.55,0.06,0.031008038,0.02997
602,20100126 02:00:00,-0.54,-0.26,-0.59,0,0.046338951,0.04017
603,20100126 03:00:00,-0.54,-0.24,-0.61,-0.09,0.052641486,0.04028
604,20100126 04:00:00,-0.52,-0.21,-0.58,-0.2,0.039284519,0.03035
605,20100126 05:00:00,-0.47,-0.16,-0.52,-0.34,0.003430545,0.02041
606,20100126 06:00:00,-0.41,-0.11,-0.43,-0.48,-0.053766789,-0.00966
607,20100126 07:00:00,-0.34,-0.05,-0.34,-0.61,-0.137011371,-0.06975
608,20100126 08:00:00,-0.25,0,-0.24,-0.71,-0.249552324,-0.14975
609,20100126 09:00:00,-0.14,0.05,-0.14,-0.75,-0.377895336,-0.25965
610,20100126 10:00:00,-0.02,0.09,-0.04,-0.75,-0.489511794,-0.35942
611,20100126 11:00:00,0.1,0.14,0.06,-0.7,-0.550114726,-0.43909
612,20100126 12:00:00,0.22,0.19,0.15,-0.62,-0.542284833,-0.45874
613,20100126 13:00:00,0.32,0.22,0.23,-0.5,-0.467768159,-0.43843
614,20100126 14:00:00,0.4,0.24,0.29,-0.38,-0.341652173,-0.35816
615,20100126 15:00:00,0.46,0.25,0.33,-0.25,-0.192565172,-0.25801
616,20100126 16:00:00,0.49,0.24,0.35,-0.12,-0.057896122,-0.13801
617,20100126 17:00:00,0.47,0.22,0.35,-0.02,0.038499399,-0.03792
618,20100126 18:00:00,0.4,0.18,0.32,0.04,0.097634559,0.05226
619,20100126 19:00:00,0.28,0.12,0.24,0.08,0.128906165,0.11236
620,20100126 20:00:00,0.14,0.04,0.13,0.11,0.133123248,0.12241
621,20100126 21:00:00,-0.01,-0.04,-0.02,0.14,0.11080012,0.10256
622,20100126 22:00:00,-0.15,-0.12,-0.18,0.16,0.075790368,0.07272
623,20100126 23:00:00,-0.28,-0.2,-0.33,0.17,0.048598096,0.05286
624,20100127 00:00:00,-0.39,-0.25,-0.46,0.16,0.039295312,0.04301
625,20100127 01:00:00,-0.48,-0.29,-0.56,0.14,0.044402071,0.04313
626,20100127 02:00:00,-0.56,-0.31,-0.63,0.1,0.05811349,0.05301
627,20100127 03:00:00,-0.6,-0.3,-0.67,0.02,0.075068597,0.06293
628,20100127 04:00:00,-0.61,-0.28,-0.67,-0.08,0.082449254,0.06305
629,20100127 05:00:00,-0.58,-0.23,-0.63,-0.21,0.064829925,0.06314
630,20100127 06:00:00,-0.53,-0.17,-0.56,-0.37,0.017736338,0.04318
631,20100127 07:00:00,-0.46,-0.11,-0.46,-0.52,-0.057038244,0.00314
632,20100127 08:00:00,-0.38,-0.06,-0.35,-0.66,-0.162579367,-0.07688
633,20100127 09:00:00,-0.27,0,-0.24,-0.76,-0.298697535,-0.17682
634,20100127 10:00:00,-0.14,0.06,-0.12,-0.8,-0.445642416,-0.3068
635,20100127 11:00:00,0,0.11,-0.01,-0.79,-0.564807044,-0.4169
636,20100127 12:00:00,0.14,0.17,0.1,-0.73,-0.62033803,-0.497
637,20100127 13:00:00,0.27,0.22,0.2,-0.63,-0.597252503,-0.51719
638,20100127 14:00:00,0.39,0.26,0.29,-0.51,-0.499725994,-0.46732
639,20100127 15:00:00,0.49,0.28,0.36,-0.37,-0.346388915,-0.37747
640,20100127 16:00:00,0.56,0.3,0.4,-0.22,-0.173740464,-0.25766
641,20100127 17:00:00,0.58,0.29,0.43,-0.1,-0.025822871,-0.11793
642,20100127 18:00:00,0.55,0.26,0.43,0,0.074605031,0.00185
643,20100127 19:00:00,0.46,0.21,0.38,0.07,0.13394098,0.09156
644,20100127 20:00:00,0.33,0.14,0.29,0.11,0.162828602,0.14131
645,20100127 21:00:00,0.17,0.05,0.15,0.14,0.160770503,0.15109
646,20100127 22:00:00,0.01,-0.05,-0.01,0.17,0.130443353,0.12086
647,20100127 23:00:00,-0.14,-0.14,-0.19,0.19,0.09024469,0.08051
648,20100128 00:00:00,-0.28,-0.22,-0.36,0.2,0.061677945,0.0602
649,20100128 01:00:00,-0.41,-0.28,-0.5,0.2,0.051979563,0.04983
650,20100128 02:00:00,-0.52,-0.31,-0.6,0.18,0.057548528,0.05942
651,20100128 03:00:00,-0.6,-0.33,-0.67,0.13,0.07602305,0.06893
652,20100128 04:00:00,-0.65,-0.32,-0.71,0.04,0.100546829,0.07849
653,20100128 05:00:00,-0.66,-0.29,-0.71,-0.07,0.110814317,0.088
654,20100128 06:00:00,-0.64,-0.24,-0.66,-0.21,0.086504707,0.08743
655,20100128 07:00:00,-0.58,-0.18,-0.58,-0.38,0.024489874,0.05683
656,20100128 08:00:00,-0.51,-0.12,-0.48,-0.54,-0.06991945,0.00625
657,20100128 09:00:00,-0.41,-0.06,-0.37,-0.68,-0.197252242,-0.08436
658,20100128 10:00:00,-0.29,0,-0.24,-0.77,-0.353818193,-0.21493
659,20100128 11:00:00,-0.15,0.06,-0.12,-0.81,-0.514077425,-0.3554
660,20100128 12:00:00,0,0.12,0,-0.79,-0.635445905,-0.47583
661,20100128 13:00:00,0.15,0.18,0.11,-0.73,-0.682733801,-0.54619
662,20100128 14:00:00,0.3,0.24,0.22,-0.62,-0.643037026,-0.55665
663,20100128 15:00:00,0.44,0.29,0.32,-0.49,-0.522770532,-0.50694
664,20100128 16:00:00,0.54,0.31,0.39,-0.35,-0.345928865,-0.39721
665,20100128 17:00:00,0.61,0.33,0.44,-0.21,-0.15800366,-0.2475
666,20100128 18:00:00,0.63,0.32,0.47,-0.09,-0.006759898,-0.10777
667,20100128 19:00:00,0.59,0.29,0.47,0.01,0.09027081,0.02196
668,20100128 20:00:00,0.5,0.23,0.42,0.08,0.145376281,0.11173
669,20100128 21:00:00,0.36,0.15,0.31,0.12,0.169402768,0.15141
670,20100128 22:00:00,0.2,0.06,0.17,0.14,0.160824369,0.14115
671,20100128 23:00:00,0.03,-0.05,-0.01,0.17,0.124911491,0.11093
672,20100129 00:00:00,-0.13,-0.14,-0.19,0.19,0.082378295,0.08076
673,20100129 01:00:00,-0.28,-0.22,-0.37,0.21,0.053555848,0.05065
674,20100129 02:00:00,-0.41,-0.28,-0.51,0.21,0.045075583,0.05052
675,20100129 03:00:00,-0.53,-0.32,-0.61,0.19,0.056955378,0.05041
676,20100129 04:00:00,-0.62,-0.33,-0.68,0.14,0.087968784,0.07023
677,20100129 05:00:00,-0.67,-0.32,-0.72,0.05,0.124600406,0.09006
678,20100129 06:00:00,-0.69,-0.29,-0.72,-0.06,0.137207432,0.10983
679,20100129 07:00:00,-0.67,-0.24,-0.67,-0.21,0.104312097,0.1096
680,20100129 08:00:00,-0.61,-0.19,-0.59,-0.37,0.028480847,0.06943
681,20100129 09:00:00,-0.53,-0.13,-0.49,-0.53,-0.080775454,0.00931
682,20100129 10:00:00,-0.43,-0.07,-0.37,-0.66,-0.222796443,-0.10089
683,20100129 11:00:00,-0.31,-0.01,-0.25,-0.75,-0.391404997,-0.2411
684,20100129 12:00:00,-0.17,0.05,-0.13,-0.78,-0.557056172,-0.38128
685,20100129 13:00:00,-0.01,0.12,-0.02,-0.76,-0.675171502,-0.50148
686,20100129 14:00:00,0.15,0.18,0.09,-0.69,-0.711616624,-0.57167
687,20100129 15:00:00,0.31,0.24,0.21,-0.59,-0.655048457,-0.57193
688,20100129 16:00:00,0.45,0.29,0.31,-0.46,-0.514813404,-0.51222
689,20100129 17:00:00,0.55,0.32,0.38,-0.33,-0.322737741,-0.38258
690,20100129 18:00:00,0.61,0.33,0.44,-0.2,-0.132108216,-0.23299
691,20100129 19:00:00,0.62,0.32,0.46,-0.08,0.010856702,-0.08323
692,20100129 20:00:00,0.58,0.29,0.46,0,0.097308465,0.02679
693,20100129 21:00:00,0.49,0.23,0.41,0.06,0.144812624,0.11684
694,20100129 22:00:00,0.35,0.15,0.31,0.09,0.162714195,0.14689
695,20100129 23:00:00,0.19,0.06,0.16,0.11,0.148167363,0.12693
696,20100130 00:00:00,0.02,-0.04,-0.01,0.13,0.107074571,0.09701
697,20100130 01:00:00,-0.13,-0.13,-0.19,0.16,0.060728405,0.05702
698,20100130 02:00:00,-0.28,-0.21,-0.36,0.18,0.029954151,0.03713
699,20100130 03:00:00,-0.41,-0.26,-0.49,0.19,0.025186458,0.02733
700,20100130 04:00:00,-0.52,-0.29,-0.58,0.17,0.049257054,0.03728
701,20100130 05:00:00,-0.61,-0.3,-0.65,0.13,0.096683338,0.0669
702,20100130 06:00:00,-0.66,-0.3,-0.68,0.05,0.142967381,0.10655
703,20100130 07:00:00,-0.68,-0.27,-0.68,-0.06,0.1536751,0.12633
704,20100130 08:00:00,-0.65,-0.22,-0.63,-0.2,0.112446508,0.11623
705,20100130 09:00:00,-0.59,-0.17,-0.56,-0.34,0.02852564,0.08614
706,20100130 10:00:00,-0.51,-0.12,-0.46,-0.49,-0.087083414,0.00604
707,20100130 11:00:00,-0.42,-0.07,-0.35,-0.61,-0.23426342,-0.10418
708,20100130 12:00:00,-0.3,-0.01,-0.25,-0.69,-0.405455607,-0.25447
709,20100130 13:00:00,-0.17,0.04,-0.14,-0.72,-0.568539613,-0.39478
710,20100130 14:00:00,-0.02,0.1,-0.05,-0.69,-0.678100017,-0.50503
711,20100130 15:00:00,0.14,0.16,0.06,-0.62,-0.700538085,-0.56521
712,20100130 16:00:00,0.29,0.22,0.16,-0.52,-0.627037238,-0.56538
713,20100130 17:00:00,0.41,0.27,0.26,-0.41,-0.473056661,-0.48546
714,20100130 18:00:00,0.5,0.29,0.33,-0.29,-0.278445211,-0.34541
715,20100130 19:00:00,0.54,0.3,0.37,-0.18,-0.099357362,-0.20522
716,20100130 20:00:00,0.55,0.29,0.4,-0.09,0.025211725,-0.06517
717,20100130 21:00:00,0.51,0.26,0.4,-0.02,0.096307979,0.04496
718,20100130 22:00:00,0.42,0.21,0.35,0.01,0.133763576,0.10502
719,20100130 23:00:00,0.29,0.14,0.25,0.03,0.143395004,0.125
720,20100131 00:00:00,0.14,0.05,0.12,0.04,0.119717298,0.10492
721,20100131 01:00:00,-0.01,-0.04,-0.04,0.06,0.069197459,0.06482
722,20100131 02:00:00,-0.15,-0.12,-0.2,0.09,0.015405466,0.02472
723,20100131 03:00:00,-0.27,-0.18,-0.34,0.12,-0.016387396,0.00463
724,20100131 04:00:00,-0.38,-0.22,-0.45,0.13,-0.012263722,-0.00549
725,20100131 05:00:00,-0.48,-0.24,-0.52,0.12,0.028365262,0.01453
726,20100131 06:00:00,-0.56,-0.25,-0.57,0.08,0.09079276,0.05467
727,20100131 07:00:00,-0.6,-0.25,-0.61,0.01,0.142584829,0.09479
728,20100131 08:00:00,-0.61,-0.22,-0.6,-0.08,0.15080933,0.11492
729,20100131 09:00:00,-0.57,-0.19,-0.56,-0.18,0.107202849,0.11495
730,20100131 10:00:00,-0.51,-0.14,-0.49,-0.31,0.025345447,0.07491
731,20100131 11:00:00,-0.45,-0.1,-0.4,-0.43,-0.085400985,0.00486
732,20100131 12:00:00,-0.37,-0.06,-0.32,-0.53,-0.226808285,-0.10514
733,20100131 13:00:00,-0.27,-0.02,-0.23,-0.6,-0.390088233,-0.24526
734,20100131 14:00:00,-0.15,0.02,-0.16,-0.61,-0.541427605,-0.37544
735,20100131 15:00:00,-0.02,0.07,-0.08,-0.57,-0.635200856,-0.48553
736,20100131 16:00:00,0.11,0.13,0,-0.51,-0.640343561,-0.5255
737,20100131 17:00:00,0.23,0.18,0.09,-0.43,-0.553393256,-0.50551
738,20100131 18:00:00,0.32,0.21,0.17,-0.34,-0.397189679,-0.42546
739,20100131 19:00:00,0.38,0.23,0.22,-0.25,-0.216816568,-0.29557
740,20100131 20:00:00,0.42,0.24,0.26,-0.16,-0.063959888,-0.16585
741,20100131 21:00:00,0.42,0.24,0.28,-0.1,0.034563928,-0.04602
742,20100131 22:00:00,0.38,0.21,0.28,-0.06,0.087755688,0.04376
743,20100131 23:00:00,0.3,0.17,0.24,-0.05,0.113258474,0.09349
744,20100201 00:00:00,0.19,0.11,0.16,-0.05,0.110827736,0.10332
745,20100201 01:00:00,0.06,0.04,0.05,-0.05,0.072683917,0.06328
746,20100201 02:00:00,-0.06,-0.03,-0.08,-0.04,0.007820247,0.02324
747,20100201 03:00:00,-0.16,-0.09,-0.2,-0.01,-0.054387962,-0.0267
748,20100201 04:00:00,-0.26,-0.13,-0.3,0.01,-0.083824185,-0.05662
749,20100201 05:00:00,-0.34,-0.15,-0.37,0.02,-0.067367612,-0.05646
750,20100201 06:00:00,-0.41,-0.17,-0.42,0.02,-0.01218007,-0.02628
751,20100201 07:00:00,-0.46,-0.18,-0.47,0,0.05855076,0.02382
752,20100201 08:00:00,-0.49,-0.18,-0.49,-0.04,0.111744554,0.06384
753,20100201 09:00:00,-0.47,-0.16,-0.48,-0.1,0.121423307,0.0939
754,20100201 10:00:00,-0.43,-0.13,-0.43,-0.18,0.085730721,0.09396
755,20100201 11:00:00,-0.39,-0.1,-0.38,-0.27,0.017908094,0.06411
756,20100201 12:00:00,-0.34,-0.07,-0.32,-0.36,-0.076674241,0.00409
757,20100201 13:00:00,-0.29,-0.05,-0.26,-0.44,-0.201590643,-0.09577
758,20100201 14:00:00,-0.22,-0.02,-0.21,-0.47,-0.346988348,-0.21553
759,20100201 15:00:00,-0.13,0.01,-0.16,-0.47,-0.477939612,-0.3352
760,20100201 16:00:00,-0.03,0.04,-0.11,-0.43,-0.550125453,-0.42468
761,20100201 17:00:00,0.06,0.08,-0.05,-0.38,-0.537625102,-0.45414
762,20100201 18:00:00,0.14,0.12,0.01,-0.32,-0.444905983,-0.42369
763,20100201 19:00:00,0.19,0.14,0.06,-0.25,-0.300871374,-0.33347
764,20100201 20:00:00,0.22,0.15,0.09,-0.19,-0.14854296,-0.22329
765,20100201 21:00:00,0.24,0.16,0.11,-0.14,-0.029029627,-0.11327
766,20100201 22:00:00,0.24,0.16,0.12,-0.11,0.042526719,-0.0234
767,20100201 23:00:00,0.21,0.14,0.12,-0.11,0.077922621,0.04639
768,20100202 00:00:00,0.14,0.11,0.09,-0.12,0.088508805,0.07607
769,20100202 01:00:00,0.06,0.07,0.04,-0.15,0.068070765,0.06584
770,20100202 02:00:00,-0.03,0.02,-0.04,-0.17,0.009654741,0.02562
771,20100202 03:00:00,-0.11,-0.02,-0.12,-0.16,-0.071308653,-0.03462
772,20100202 04:00:00,-0.17,-0.05,-0.19,-0.14,-0.139063501,-0.08481
773,20100202 05:00:00,-0.22,-0.07,-0.25,-0.12,-0.162888295,-0.12501
774,20100202 06:00:00,-0.26,-0.08,-0.28,-0.1,-0.136250214,-0.12515
775,20100202 07:00:00,-0.3,-0.09,-0.31,-0.1,-0.073907689,-0.08535
776,20100202 08:00:00,-0.32,-0.1,-0.33,-0.1,-0.001097907,-0.03595
777,20100202 09:00:00,-0.32,-0.1,-0.34,-0.11,0.05383856,0.01325
778,20100202 10:00:00,-0.3,-0.08,-0.32,-0.13,0.071709208,0.04256
779,20100202 11:00:00,-0.26,-0.06,-0.28,-0.17,0.052743305,0.05191
780,20100202 12:00:00,-0.24,-0.05,-0.25,-0.22,0.00682871,0.0413
781,20100202 13:00:00,-0.22,-0.04,-0.21,-0.28,-0.064528573,-0.0093
782,20100202 14:00:00,-0.19,-0.03,-0.19,-0.32,-0.165771892,-0.0898
783,20100202 15:00:00,-0.16,-0.03,-0.17,-0.33,-0.286554837,-0.1903
784,20100202 16:00:00,-0.11,-0.01,-0.16,-0.31,-0.392142198,-0.28073
785,20100202 17:00:00,-0.06,0.01,-0.14,-0.28,-0.442051942,-0.3411
786,20100202 18:00:00,-0.02,0.03,-0.12,-0.24,-0.418568327,-0.36164
787,20100202 19:00:00,0.01,0.04,-0.09,-0.2,-0.333424642,-0.3323
788,20100202 20:00:00,0.03,0.05,-0.08,-0.17,-0.215545704,-0.25307
789,20100202 21:00:00,0.04,0.05,-0.07,-0.14,-0.09949221,-0.16379
790,20100202 22:00:00,0.05,0.06,-0.06,-0.12,-0.014008077,-0.08446
791,20100202 23:00:00,0.05,0.06,-0.05,-0.13,0.032998871,-0.01524
792,20100203 00:00:00,0.03,0.06,-0.05,-0.16,0.050425892,0.03404
793,20100203 01:00:00,-0.02,0.04,-0.06,-0.2,0.042268101,0.0434
794,20100203 02:00:00,-0.07,0.03,-0.09,-0.25,-0.000404029,0.01285
795,20100203 03:00:00,-0.11,0.01,-0.12,-0.28,-0.079648015,-0.04773
796,20100203 04:00:00,-0.14,-0.01,-0.15,-0.29,-0.172668092,-0.10838
797,20100203 05:00:00,-0.15,-0.01,-0.17,-0.28,-0.241292302,-0.16913
798,20100203 06:00:00,-0.16,-0.01,-0.18,-0.26,-0.259647966,-0.20973
799,20100203 07:00:00,-0.16,-0.01,-0.18,-0.24,-0.228666411,-0.21017
800,20100203 08:00:00,-0.16,-0.02,-0.18,-0.22,-0.165565913,-0.17058
801,20100203 09:00:00,-0.16,-0.02,-0.18,-0.2,-0.091534016,-0.12108
802,20100203 10:00:00,-0.14,-0.01,-0.18,-0.18,-0.02906078,-0.07161
803,20100203 11:00:00,-0.11,-0.01,-0.16,-0.16,0.004934906,-0.0321
804,20100203 12:00:00,-0.09,0,-0.13,-0.16,0.009075223,-0.00247
805,20100203 13:00:00,-0.09,0,-0.12,-0.18,-0.010273671,0.00719
806,20100203 14:00:00,-0.1,-0.01,-0.11,-0.2,-0.053944389,-0.02328
807,20100203 15:00:00,-0.11,-0.02,-0.12,-0.21,-0.126858814,-0.07371
808,20100203 16:00:00,-0.1,-0.03,-0.13,-0.19,-0.218205645,-0.14406
809,20100203 17:00:00,-0.1,-0.03,-0.15,-0.17,-0.295621962,-0.21452
810,20100203 18:00:00,-0.1,-0.03,-0.17,-0.14,-0.325858923,-0.26505
811,20100203 19:00:00,-0.11,-0.03,-0.18,-0.12,-0.300057237,-0.26581
812,20100203 20:00:00,-0.12,-0.03,-0.19,-0.1,-0.233304244,-0.23655
813,20100203 21:00:00,-0.13,-0.04,-0.21,-0.09,-0.14793807,-0.18726
814,20100203 22:00:00,-0.14,-0.04,-0.22,-0.1,-0.066708123,-0.12787
815,20100203 23:00:00,-0.13,-0.03,-0.22,-0.12,-0.008952931,-0.06844
816,20100204 00:00:00,-0.13,-0.02,-0.22,-0.15,0.018263184,-0.00903
817,20100204 01:00:00,-0.14,-0.02,-0.2,-0.21,0.018119739,0.01027
818,20100204 02:00:00,-0.15,-0.01,-0.19,-0.28,-0.010480717,-0.00047
819,20100204 03:00:00,-0.16,-0.01,-0.19,-0.35,-0.074116403,-0.04116
820,20100204 04:00:00,-0.16,0,-0.18,-0.39,-0.168311246,-0.11212
821,20100204 05:00:00,-0.15,0.01,-0.16,-0.41,-0.266521473,-0.18308
822,20100204 06:00:00,-0.12,0.02,-0.14,-0.4,-0.333628327,-0.25406
823,20100204 07:00:00,-0.09,0.04,-0.12,-0.39,-0.350505915,-0.29495
824,20100204 08:00:00,-0.06,0.05,-0.09,-0.37,-0.321361466,-0.29567
825,20100204 09:00:00,-0.03,0.05,-0.07,-0.33,-0.260481189,-0.26643
826,20100204 10:00:00,0.01,0.05,-0.05,-0.28,-0.183538072,-0.21711
827,20100204 11:00:00,0.03,0.06,-0.03,-0.23,-0.110622942,-0.15788
828,20100204 12:00:00,0.05,0.06,-0.01,-0.18,-0.059220767,-0.09861
829,20100204 13:00:00,0.05,0.05,0,-0.15,-0.032808033,-0.05946
830,20100204 14:00:00,0.03,0.04,0,-0.13,-0.027169402,-0.0303
831,20100204 15:00:00,0,0.02,-0.03,-0.11,-0.044374473,-0.03123
832,20100204 16:00:00,-0.03,0,-0.05,-0.1,-0.089178704,-0.06202
833,20100204 17:00:00,-0.07,-0.03,-0.1,-0.07,-0.151850818,-0.11284
834,20100204 18:00:00,-0.12,-0.05,-0.15,-0.04,-0.20482742,-0.15369
835,20100204 19:00:00,-0.16,-0.07,-0.2,-0.02,-0.223951943,-0.18453
836,20100204 20:00:00,-0.2,-0.09,-0.25,-0.02,-0.206662351,-0.19546
837,20100204 21:00:00,-0.24,-0.1,-0.29,-0.03,-0.164811803,-0.17614
838,20100204 22:00:00,-0.27,-0.11,-0.32,-0.04,-0.110262725,-0.13689
839,20100204 23:00:00,-0.28,-0.12,-0.35,-0.07,-0.056483648,-0.09763
840,20100205 00:00:00,-0.28,-0.11,-0.36,-0.12,-0.019551495,-0.05846
841,20100205 01:00:00,-0.27,-0.1,-0.35,-0.18,-0.008804932,-0.02915
842,20100205 02:00:00,-0.26,-0.08,-0.33,-0.25,-0.025238911,-0.02989
843,20100205 03:00:00,-0.25,-0.06,-0.3,-0.34,-0.070627465,-0.0506
844,20100205 04:00:00,-0.22,-0.03,-0.26,-0.42,-0.147621507,-0.1013
845,20100205 05:00:00,-0.19,-0.01,-0.21,-0.48,-0.248080574,-0.17221
846,20100205 06:00:00,-0.14,0.02,-0.16,-0.5,-0.346506389,-0.25292
847,20100205 07:00:00,-0.09,0.05,-0.11,-0.51,-0.412735063,-0.32344
848,20100205 08:00:00,-0.02,0.07,-0.06,-0.49,-0.43147555,-0.36392
849,20100205 09:00:00,0.04,0.09,-0.01,-0.46,-0.40587601,-0.37435
850,20100205 10:00:00,0.1,0.11,0.03,-0.41,-0.345194754,-0.3448
851,20100205 11:00:00,0.14,0.11,0.07,-0.34,-0.262636928,-0.28528
852,20100205 12:00:00,0.17,0.11,0.09,-0.26,-0.178460767,-0.22584
853,20100205 13:00:00,0.18,0.1,0.1,-0.19,-0.111263789,-0.15627
854,20100205 14:00:00,0.16,0.09,0.1,-0.13,-0.065799227,-0.10673
855,20100205 15:00:00,0.13,0.07,0.08,-0.08,-0.038650684,-0.05723
856,20100205 16:00:00,0.08,0.04,0.05,-0.04,-0.032234067,-0.03758
857,20100205 17:00:00,0.01,0.01,-0.01,-0.01,-0.0515112,-0.04791
858,20100205 18:00:00,-0.07,-0.03,-0.08,0.02,-0.08953079,-0.06822
859,20100205 19:00:00,-0.14,-0.07,-0.16,0.05,-0.125964113,-0.09851
860,20100205 20:00:00,-0.21,-0.1,-0.24,0.06,-0.143655413,-0.1187
861,20100205 21:00:00,-0.27,-0.13,-0.31,0.04,-0.140648837,-0.12883
862,20100205 22:00:00,-0.32,-0.15,-0.36,0.02,-0.121639913,-0.12908
863,20100205 23:00:00,-0.36,-0.17,-0.41,-0.02,-0.089688161,-0.10935
864,20100206 00:00:00,-0.39,-0.18,-0.45,-0.06,-0.053847172,-0.07957
865,20100206 01:00:00,-0.38,-0.17,-0.46,-0.12,-0.030730042,-0.05987
866,20100206 02:00:00,-0.37,-0.15,-0.45,-0.2,-0.032019664,-0.05019
867,20100206 03:00:00,-0.34,-0.12,-0.41,-0.29,-0.05991058,-0.06039
868,20100206 04:00:00,-0.3,-0.08,-0.36,-0.39,-0.114679845,-0.09055
869,20100206 05:00:00,-0.26,-0.04,-0.3,-0.48,-0.196613959,-0.1407
870,20100206 06:00:00,-0.2,0,-0.22,-0.54,-0.298101712,-0.21076
871,20100206 07:00:00,-0.13,0.03,-0.15,-0.57,-0.396654172,-0.30074
872,20100206 08:00:00,-0.05,0.07,-0.08,-0.58,-0.464446184,-0.3707
873,20100206 09:00:00,0.03,0.1,-0.02,-0.56,-0.486217513,-0.42072
874,20100206 10:00:00,0.12,0.13,0.05,-0.52,-0.462113699,-0.42072
875,20100206 11:00:00,0.18,0.14,0.11,-0.45,-0.398813972,-0.39082
876,20100206 12:00:00,0.23,0.15,0.15,-0.37,-0.309155228,-0.3309
877,20100206 13:00:00,0.26,0.15,0.17,-0.28,-0.215245221,-0.26104
878,20100206 14:00:00,0.26,0.14,0.17,-0.18,-0.136762019,-0.19115
879,20100206 15:00:00,0.24,0.12,0.17,-0.1,-0.07810872,-0.12135
880,20100206 16:00:00,0.2,0.1,0.14,-0.04,-0.035636682,-0.06143
881,20100206 17:00:00,0.12,0.06,0.09,0.01,-0.011471002,-0.03154
882,20100206 18:00:00,0.03,0.01,0.02,0.05,-0.012082809,-0.02155
883,20100206 19:00:00,-0.07,-0.04,-0.07,0.08,-0.034806194,-0.03155
884,20100206 20:00:00,-0.16,-0.09,-0.17,0.1,-0.064977084,-0.05157
885,20100206 21:00:00,-0.24,-0.13,-0.27,0.1,-0.088158234,-0.07159
886,20100206 22:00:00,-0.31,-0.16,-0.35,0.07,-0.099324024,-0.09166
887,20100206 23:00:00,-0.38,-0.19,-0.41,0.04,-0.096315251,-0.09184
888,20100207 00:00:00,-0.43,-0.21,-0.47,0,-0.078000049,-0.08195
889,20100207 01:00:00,-0.45,-0.21,-0.51,-0.06,-0.052977634,-0.07212
890,20100207 02:00:00,-0.45,-0.2,-0.52,-0.13,-0.038811136,-0.06229
891,20100207 03:00:00,-0.42,-0.17,-0.5,-0.21,-0.047583719,-0.06241
892,20100207 04:00:00,-0.38,-0.14,-0.45,-0.31,-0.081305798,-0.07249
893,20100207 05:00:00,-0.34,-0.09,-0.39,-0.42,-0.139690238,-0.10259
894,20100207 06:00:00,-0.28,-0.05,-0.3,-0.51,-0.223713563,-0.16267
895,20100207 07:00:00,-0.21,0,-0.22,-0.58,-0.327017446,-0.23272
896,20100207 08:00:00,-0.12,0.04,-0.14,-0.61,-0.428014528,-0.32272
897,20100207 09:00:00,-0.03,0.08,-0.06,-0.61,-0.498264786,-0.4028
898,20100207 10:00:00,0.07,0.12,0.02,-0.59,-0.520929632,-0.45292
899,20100207 11:00:00,0.17,0.15,0.1,-0.54,-0.494833392,-0.45306
900,20100207 12:00:00,0.24,0.16,0.16,-0.47,-0.426337961,-0.42325
901,20100207 13:00:00,0.29,0.17,0.19,-0.37,-0.329779862,-0.3534
902,20100207 14:00:00,0.32,0.17,0.21,-0.27,-0.22922681,-0.2836
903,20100207 15:00:00,0.32,0.16,0.22,-0.16,-0.144566292,-0.20386
904,20100207 16:00:00,0.3,0.14,0.21,-0.07,-0.079045113,-0.12405
905,20100207 17:00:00,0.24,0.11,0.18,-0.01,-0.027610179,-0.06421
906,20100207 18:00:00,0.14,0.07,0.11,0.04,0.00723307,-0.01436
907,20100207 19:00:00,0.04,0.01,0.03,0.08,0.016365268,-0.00447
908,20100207 20:00:00,-0.06,-0.04,-0.08,0.12,-0.001076694,-0.00461
909,20100207 21:00:00,-0.16,-0.1,-0.19,0.13,-0.032052084,-0.02474
910,20100207 22:00:00,-0.25,-0.15,-0.3,0.11,-0.061436104,-0.04481
911,20100207 23:00:00,-0.34,-0.19,-0.38,0.08,-0.081221081,-0.06491
912,20100208 00:00:00,-0.41,-0.21,-0.45,0.05,-0.086247937,-0.07509
913,20100208 01:00:00,-0.46,-0.23,-0.51,0,-0.074321446,-0.07526
914,20100208 02:00:00,-0.49,-0.23,-0.55,-0.05,-0.054540692,-0.06544
915,20100208 03:00:00,-0.48,-0.21,-0.55,-0.13,-0.044452384,-0.06558
916,20100208 04:00:00,-0.45,-0.18,-0.52,-0.22,-0.056266094,-0.06578
917,20100208 05:00:00,-0.41,-0.14,-0.46,-0.33,-0.0927892,-0.07605
918,20100208 06:00:00,-0.35,-0.09,-0.39,-0.44,-0.15454116,-0.11623
919,20100208 07:00:00,-0.29,-0.04,-0.3,-0.53,-0.243137195,-0.16648
920,20100208 08:00:00,-0.21,0,-0.21,-0.59,-0.351664936,-0.25675
921,20100208 09:00:00,-0.11,0.04,-0.12,-0.62,-0.456019045,-0.34696
922,20100208 10:00:00,-0.01,0.09,-0.04,-0.62,-0.526009558,-0.42731
923,20100208 11:00:00,0.1,0.13,0.04,-0.59,-0.545189668,-0.47769
924,20100208 12:00:00,0.2,0.16,0.12,-0.53,-0.513227608,-0.47805
925,20100208 13:00:00,0.28,0.18,0.18,-0.45,-0.437189688,-0.4384
926,20100208 14:00:00,0.33,0.18,0.22,-0.35,-0.333612446,-0.3687
927,20100208 15:00:00,0.36,0.19,0.24,-0.24,-0.228769529,-0.28893
928,20100208 16:00:00,0.37,0.18,0.25,-0.13,-0.142215312,-0.19926
929,20100208 17:00:00,0.33,0.16,0.24,-0.05,-0.074830227,-0.11951
930,20100208 18:00:00,0.25,0.12,0.19,0.01,-0.020317931,-0.04965
931,20100208 19:00:00,0.15,0.07,0.12,0.06,0.017414065,-0.00997
932,20100208 20:00:00,0.05,0.01,0.02,0.1,0.027236753,-0.00028
933,20100208 21:00:00,-0.06,-0.05,-0.09,0.12,0.008456226,-0.0006
934,20100208 22:00:00,-0.17,-0.11,-0.21,0.13,-0.02476071,-0.02086
935,20100208 23:00:00,-0.27,-0.16,-0.32,0.11,-0.056473234,-0.04111
936,20100209 00:00:00,-0.35,-0.2,-0.4,0.09,-0.078872271,-0.0612
937,20100209 01:00:00,-0.43,-0.22,-0.47,0.06,-0.085837459,-0.07127
938,20100209 02:00:00,-0.48,-0.24,-0.53,0.01,-0.074470054,-0.07138
939,20100209 03:00:00,-0.51,-0.23,-0.56,-0.05,-0.054437345,-0.07143
940,20100209 04:00:00,-0.5,-0.21,-0.55,-0.13,-0.044616946,-0.07149
941,20100209 05:00:00,-0.47,-0.17,-0.51,-0.23,-0.058433211,-0.07151
942,20100209 06:00:00,-0.42,-0.13,-0.45,-0.34,-0.099376069,-0.08153
943,20100209 07:00:00,-0.36,-0.08,-0.37,-0.45,-0.168203661,-0.11156
944,20100209 08:00:00,-0.29,-0.04,-0.29,-0.53,-0.265065211,-0.18142
945,20100209 09:00:00,-0.2,0.01,-0.2,-0.59,-0.379486072,-0.28095
946,20100209 10:00:00,-0.1,0.05,-0.11,-0.61,-0.483675614,-0.37037
947,20100209 11:00:00,0.01,0.09,-0.02,-0.61,-0.547634073,-0.44984
948,20100209 12:00:00,0.12,0.13,0.06,-0.57,-0.557327839,-0.48931
949,20100209 13:00:00,0.23,0.17,0.14,-0.51,-0.513839922,-0.47876
950,20100209 14:00:00,0.31,0.19,0.2,-0.42,-0.425698837,-0.42813
951,20100209 15:00:00,0.37,0.2,0.24,-0.31,-0.313336482,-0.35752
952,20100209 16:00:00,0.39,0.2,0.26,-0.2,-0.205655537,-0.2669
953,20100209 17:00:00,0.39,0.19,0.27,-0.11,-0.120337678,-0.1763
954,20100209 18:00:00,0.34,0.16,0.25,-0.04,-0.05474034,-0.0958
955,20100209 19:00:00,0.26,0.12,0.2,0.02,-0.002332137,-0.02544
956,20100209 20:00:00,0.16,0.07,0.11,0.06,0.031744726,0.00495
957,20100209 21:00:00,0.04,0,0,0.1,0.037275163,0.01535
958,20100209 22:00:00,-0.07,-0.06,-0.11,0.12,0.016257855,-0.00436
959,20100209 23:00:00,-0.18,-0.12,-0.23,0.12,-0.016209299,-0.01404
960,20100210 00:00:00,-0.28,-0.17,-0.34,0.11,-0.046186761,-0.03364
961,20100210 01:00:00,-0.37,-0.2,-0.42,0.09,-0.066502127,-0.05322
962,20100210 02:00:00,-0.45,-0.23,-0.48,0.06,-0.069587205,-0.06277
963,20100210 03:00:00,-0.49,-0.23,-0.53,0.02,-0.052692405,-0.06235
964,20100210 04:00:00,-0.51,-0.22,-0.55,-0.05,-0.028578774,-0.05209
965,20100210 05:00:00,-0.5,-0.19,-0.54,-0.13,-0.018957612,-0.04164
966,20100210 06:00:00,-0.47,-0.16,-0.49,-0.24,-0.03763155,-0.04127
967,20100210 07:00:00,-0.42,-0.12,-0.43,-0.35,-0.087465378,-0.06086
968,20100210 08:00:00,-0.36,-0.07,-0.35,-0.45,-0.167384081,-0.10046
969,20100210 09:00:00,-0.28,-0.03,-0.27,-0.53,-0.274455138,-0.18013
970,20100210 10:00:00,-0.18,0.01,-0.18,-0.58,-0.393716685,-0.28989
971,20100210 11:00:00,-0.08,0.05,-0.09,-0.59,-0.49515325,-0.37962
972,20100210 12:00:00,0.04,0.1,-0.01,-0.58,-0.550556948,-0.44945
973,20100210 13:00:00,0.15,0.14,0.07,-0.53,-0.548148633,-0.4792
974,20100210 14:00:00,0.25,0.17,0.15,-0.45,-0.490048447,-0.46892
975,20100210 15:00:00,0.34,0.19,0.21,-0.36,-0.388509313,-0.40873
976,20100210 16:00:00,0.39,0.21,0.24,-0.26,-0.269860059,-0.32855
977,20100210 17:00:00,0.41,0.21,0.27,-0.17,-0.164567151,-0.23846
978,20100210 18:00:00,0.39,0.19,0.27,-0.09,-0.086030884,-0.13828
979,20100210 19:00:00,0.34,0.16,0.25,-0.03,-0.028000612,-0.05814
980,20100210 20:00:00,0.25,0.12,0.19,0.02,0.016193021,-0.00811
981,20100210 21:00:00,0.14,0.06,0.09,0.06,0.040837487,0.01194
982,20100210 22:00:00,0.03,-0.01,-0.02,0.08,0.038867776,0.01201
983,20100210 23:00:00,-0.09,-0.07,-0.14,0.1,0.01530834,0.00207
984,20100211 00:00:00,-0.2,-0.13,-0.26,0.1,-0.0157809,-0.01783
985,20100211 01:00:00,-0.3,-0.17,-0.35,0.1,-0.043201572,-0.0276
986,20100211 02:00:00,-0.39,-0.2,-0.43,0.09,-0.054170121,-0.04739
987,20100211 03:00:00,-0.45,-0.22,-0.49,0.06,-0.052536931,-0.04727
988,20100211 04:00:00,-0.5,-0.22,-0.52,0.02,-0.026571227,-0.04714
989,20100211 05:00:00,-0.51,-0.2,-0.53,-0.05,0.000317332,-0.02708
990,20100211 06:00:00,-0.5,-0.17,-0.51,-0.14,0.004344536,-0.01702
991,20100211 07:00:00,-0.46,-0.14,-0.46,-0.25,-0.025964524,-0.02692
992,20100211 08:00:00,-0.4,-0.1,-0.4,-0.36,-0.089783637,-0.0468
993,20100211 09:00:00,-0.33,-0.06,-0.33,-0.45,-0.183002462,-0.10668
994,20100211 10:00:00,-0.25,-0.02,-0.24,-0.52,-0.298794283,-0.20659
995,20100211 11:00:00,-0.15,0.02,-0.16,-0.55,-0.418638838,-0.3065
996,20100211 12:00:00,-0.05,0.06,-0.07,-0.56,-0.512047843,-0.39643
997,20100211 13:00:00,0.06,0.1,0,-0.53,-0.553275625,-0.45621
998,20100211 14:00:00,0.18,0.15,0.08,-0.47,-0.53295918,-0.47607
999,20100211 15:00:00,0.28,0.18,0.15,-0.39,-0.455676623,-0.44604
1000,20100211 16:00:00,0.35,0.2,0.21,-0.3,-0.340245411,-0.37597
1001,20100211 17:00:00,0.4,0.21,0.25,-0.21,-0.219130795,-0.28604
1002,20100211 18:00:00,0.41,0.21,0.27,-0.13,-0.121414311,-0.18612
1003,20100211 19:00:00,0.38,0.19,0.26,-0.07,-0.053983456,-0.10635
1004,20100211 20:00:00,0.31,0.16,0.23,-0.02,-0.007270635,-0.03646
1005,20100211 21:00:00,0.22,0.11,0.16,0.01,0.024795462,0.00353
1006,20100211 22:00:00,0.11,0.04,0.06,0.04,0.037889471,0.01343
1007,20100211 23:00:00,-0.01,-0.02,-0.05,0.06,0.028164242,0.00325
1008,20100212 00:00:00,-0.12,-0.08,-0.17,0.07,0.001703303,-0.0069
1009,20100212 01:00:00,-0.22,-0.13,-0.28,0.08,-0.028818115,-0.02709
1010,20100212 02:00:00,-0.32,-0.17,-0.37,0.09,-0.052008415,-0.03729
1011,20100212 03:00:00,-0.4,-0.19,-0.43,0.08,-0.05695768,-0.04756
1012,20100212 04:00:00,-0.45,-0.2,-0.48,0.05,-0.037195529,-0.0478
1013,20100212 05:00:00,-0.49,-0.19,-0.5,0,-0.002748105,-0.02815
1014,20100212 06:00:00,-0.49,-0.18,-0.5,-0.07,0.021078757,-0.0085
1015,20100212 07:00:00,-0.47,-0.15,-0.47,-0.17,0.013162826,-0.00887
1016,20100212 08:00:00,-0.43,-0.12,-0.43,-0.27,-0.032011815,-0.01931
1017,20100212 09:00:00,-0.37,-0.08,-0.36,-0.37,-0.109670122,-0.05974
1018,20100212 10:00:00,-0.29,-0.05,-0.29,-0.45,-0.213558068,-0.13008
1019,20100212 11:00:00,-0.21,-0.01,-0.21,-0.5,-0.333868308,-0.23043
1020,20100212 12:00:00,-0.12,0.03,-0.13,-0.52,-0.449380377,-0.34096
1021,20100212 13:00:00,-0.02,0.07,-0.06,-0.5,-0.530174169,-0.42141
1022,20100212 14:00:00,0.09,0.11,0.01,-0.46,-0.55265018,-0.47189
1023,20100212 15:00:00,0.21,0.15,0.09,-0.39,-0.509855454,-0.47242
1024,20100212 16:00:00,0.29,0.18,0.15,-0.31,-0.412305268,-0.43299
1025,20100212 17:00:00,0.36,0.2,0.2,-0.23,-0.287589847,-0.34351
1026,20100212 18:00:00,0.38,0.21,0.24,-0.16,-0.171727395,-0.24371
1027,20100212 19:00:00,0.38,0.2,0.25,-0.11,-0.087631112,-0.15395
1028,20100212 20:00:00,0.34,0.18,0.24,-0.06,-0.034869281,-0.0743
1029,20100212 21:00:00,0.27,0.14,0.19,-0.03,-0.001792825,-0.02459
1030,20100212 22:00:00,0.17,0.09,0.12,-0.01,0.016674166,-0.00483
1031,20100212 23:00:00,0.06,0.03,0.02,0.01,0.017334157,-0.00518
1032,20100213 00:00:00,-0.05,-0.04,-0.1,0.02,-0.001444301,-0.01549
1033,20100213 01:00:00,-0.16,-0.09,-0.21,0.04,-0.032494031,-0.03581
1034,20100213 02:00:00,-0.25,-0.13,-0.3,0.06,-0.062164911,-0.0561
1035,20100213 03:00:00,-0.33,-0.16,-0.37,0.06,-0.076114889,-0.06634
1036,20100213 04:00:00,-0.39,-0.17,-0.42,0.05,-0.064193141,-0.06653
1037,20100213 05:00:00,-0.43,-0.17,-0.45,0.02,-0.029216104,-0.04662
1038,20100213 06:00:00,-0.46,-0.16,-0.46,-0.03,0.008463468,-0.02667
1039,20100213 07:00:00,-0.46,-0.15,-0.46,-0.11,0.023044166,-0.00674
1040,20100213 08:00:00,-0.43,-0.12,-0.43,-0.2,0.001119283,-0.00689
1041,20100213 09:00:00,-0.38,-0.09,-0.38,-0.29,-0.05593407,-0.02705
1042,20100213 10:00:00,-0.31,-0.07,-0.32,-0.37,-0.141883501,-0.07733
1043,20100213 11:00:00,-0.24,-0.04,-0.25,-0.43,-0.250140884,-0.16756
1044,20100213 12:00:00,-0.17,0,-0.18,-0.47,-0.368352895,-0.26776
1045,20100213 13:00:00,-0.09,0.03,-0.12,-0.47,-0.472789723,-0.35814
1046,20100213 14:00:00,0.01,0.07,-0.05,-0.44,-0.533821104,-0.43855
1047,20100213 15:00:00,0.12,0.11,0.01,-0.38,-0.530905152,-0.46885
1048,20100213 16:00:00,0.21,0.15,0.08,-0.31,-0.462718283,-0.44917
1049,20100213 17:00:00,0.29,0.18,0.14,-0.24,-0.348582709,-0.38951
1050,20100213 18:00:00,0.33,0.19,0.18,-0.18,-0.223472328,-0.28982
1051,20100213 19:00:00,0.34,0.19,0.21,-0.13,-0.122015845,-0.20014
1052,20100213 20:00:00,0.32,0.18,0.21,-0.09,-0.057241974,-0.11053
1053,20100213 21:00:00,0.28,0.16,0.19,-0.07,-0.020757673,-0.05095
1054,20100213 22:00:00,0.2,0.12,0.14,-0.06,-0.001289275,-0.02126
1055,20100213 23:00:00,0.1,0.06,0.06,-0.05,0.00325686,-0.01161
1056,20100214 00:00:00,0,0.01,-0.04,-0.04,-0.010113635,-0.02197
1057,20100214 01:00:00,-0.1,-0.05,-0.14,-0.02,-0.040086562,-0.0423
1058,20100214 02:00:00,-0.19,-0.09,-0.24,0,-0.075910457,-0.06256
1059,20100214 03:00:00,-0.26,-0.12,-0.31,0.02,-0.100117207,-0.09286
1060,20100214 04:00:00,-0.32,-0.14,-0.36,0.02,-0.098214291,-0.09317
1061,20100214 05:00:00,-0.37,-0.14,-0.39,0.01,-0.067963454,-0.08354
1062,20100214 06:00:00,-0.4,-0.14,-0.41,-0.02,-0.024082617,-0.05394
1063,20100214 07:00:00,-0.41,-0.13,-0.41,-0.07,0.008051998,-0.02436
1064,20100214 08:00:00,-0.4,-0.12,-0.4,-0.14,0.009079632,-0.01477
1065,20100214 09:00:00,-0.36,-0.09,-0.37,-0.22,-0.024623467,-0.02522
1066,20100214 10:00:00,-0.31,-0.07,-0.32,-0.3,-0.088443121,-0.05566
1067,20100214 11:00:00,-0.25,-0.05,-0.27,-0.37,-0.177487182,-0.11604
1068,20100214 12:00:00,-0.2,-0.03,-0.21,-0.41,-0.284819055,-0.19637
1069,20100214 13:00:00,-0.13,0,-0.16,-0.42,-0.395021582,-0.29674
1070,20100214 14:00:00,-0.06,0.03,-0.11,-0.4,-0.482010963,-0.37708
1071,20100214 15:00:00,0.03,0.07,-0.05,-0.35,-0.517665402,-0.43737
1072,20100214 16:00:00,0.12,0.11,0,-0.29,-0.486680335,-0.44769
1073,20100214 17:00:00,0.2,0.14,0.06,-0.23,-0.39665722,-0.40804
1074,20100214 18:00:00,0.24,0.16,0.11,-0.18,-0.276367474,-0.32845
1075,20100214 19:00:00,0.27,0.17,0.14,-0.14,-0.163756503,-0.23894
1076,20100214 20:00:00,0.27,0.17,0.15,-0.11,-0.084696573,-0.14946
1077,20100214 21:00:00,0.25,0.15,0.15,-0.1,-0.040445591,-0.07995
1078,20100214 22:00:00,0.2,0.12,0.13,-0.1,-0.018682174,-0.04041
1079,20100214 23:00:00,0.12,0.08,0.07,-0.1,-0.012596431,-0.02091
1080,20100215 00:00:00,0.03,0.04,0,-0.1,-0.023946069,-0.03136
1081,20100215 01:00:00,-0.06,-0.01,-0.09,-0.09,-0.05398607,-0.06185
1082,20100215 02:00:00,-0.14,-0.05,-0.18,-0.08,-0.095766525,-0.08228
1083,20100215 03:00:00,-0.21,-0.08,-0.25,-0.06,-0.132049183,-0.11272
1084,20100215 04:00:00,-0.26,-0.1,-0.3,-0.04,-0.143512887,-0.1332
1085,20100215 05:00:00,-0.3,-0.1,-0.33,-0.03,-0.121684877,-0.1334
1086,20100215 06:00:00,-0.32,-0.11,-0.35,-0.04,-0.076352594,-0.10348
1087,20100215 07:00:00,-0.34,-0.1,-0.35,-0.07,-0.030839962,-0.06351
1088,20100215 08:00:00,-0.34,-0.09,-0.35,-0.12,-0.007909914,-0.04337
1089,20100215 09:00:00,-0.31,-0.08,-0.33,-0.18,-0.016747881,-0.03311
1090,20100215 10:00:00,-0.27,-0.06,-0.29,-0.24,-0.054508273,-0.0428
1091,20100215 11:00:00,-0.23,-0.05,-0.25,-0.3,-0.117871926,-0.08259
1092,20100215 12:00:00,-0.2,-0.03,-0.21,-0.35,-0.204403761,-0.14248
1093,20100215 13:00:00,-0.15,-0.02,-0.18,-0.37,-0.305446376,-0.22249
1094,20100215 14:00:00,-0.1,0,-0.15,-0.36,-0.401660379,-0.31269
1095,20100215 15:00:00,-0.03,0.03,-0.11,-0.32,-0.465469703,-0.38298
1096,20100215 16:00:00,0.04,0.06,-0.07,-0.27,-0.472314644,-0.41329
1097,20100215 17:00:00,0.1,0.09,-0.02,-0.21,-0.415764078,-0.40352
1098,20100215 18:00:00,0.15,0.11,0.02,-0.17,-0.313952316,-0.3437
1099,20100215 19:00:00,0.17,0.13,0.05,-0.13,-0.201232715,-0.26374
1100,20100215 20:00:00,0.19,0.13,0.07,-0.11,-0.11114239,-0.18387
1101,20100215 21:00:00,0.18,0.13,0.08,-0.11,-0.056981882,-0.11393
1102,20100215 22:00:00,0.15,0.11,0.07,-0.12,-0.030733451,-0.06399
1103,20100215 23:00:00,0.1,0.09,0.05,-0.14,-0.021715966,-0.03409
1104,20100216 00:00:00,0.03,0.05,0,-0.16,-0.030168267,-0.03414
1105,20100216 01:00:00,-0.04,0.01,-0.07,-0.16,-0.059914131,-0.06414
1106,20100216 02:00:00,-0.11,-0.02,-0.14,-0.16,-0.106662898,-0.09408
1107,20100216 03:00:00,-0.16,-0.05,-0.2,-0.14,-0.154560903,-0.13398
1108,20100216 04:00:00,-0.2,-0.06,-0.24,-0.12,-0.18204685,-0.16386
1109,20100216 05:00:00,-0.23,-0.06,-0.27,-0.11,-0.174261082,-0.1736
1110,20100216 06:00:00,-0.25,-0.07,-0.28,-0.1,-0.134154633,-0.15309
1111,20100216 07:00:00,-0.26,-0.06,-0.29,-0.11,-0.081131387,-0.11254
1112,20100216 08:00:00,-0.26,-0.06,-0.28,-0.13,-0.039485055,-0.07204
1113,20100216 09:00:00,-0.24,-0.05,-0.27,-0.16,-0.024535879,-0.05164
1114,20100216 10:00:00,-0.21,-0.04,-0.24,-0.2,-0.037718209,-0.05141
1115,20100216 11:00:00,-0.19,-0.03,-0.22,-0.25,-0.074520902,-0.0612
1116,20100216 12:00:00,-0.17,-0.03,-0.19,-0.29,-0.133897234,-0.09095
1117,20100216 13:00:00,-0.15,-0.02,-0.17,-0.31,-0.214125458,-0.16082
1118,20100216 14:00:00,-0.12,-0.02,-0.16,-0.31,-0.303797785,-0.23072
1119,20100216 15:00:00,-0.08,0,-0.14,-0.28,-0.380178093,-0.3007
1120,20100216 16:00:00,-0.03,0.02,-0.12,-0.24,-0.416300902,-0.35057
1121,20100216 17:00:00,0.01,0.04,-0.09,-0.19,-0.395159824,-0.36045
1122,20100216 18:00:00,0.05,0.06,-0.06,-0.15,-0.321902862,-0.33031
1123,20100216 19:00:00,0.07,0.07,-0.04,-0.12,-0.222545379,-0.27017
1124,20100216 20:00:00,0.08,0.08,-0.03,-0.1,-0.130540392,-0.20012
1125,20100216 21:00:00,0.08,0.08,-0.02,-0.11,-0.068600408,-0.13015
1126,20100216 22:00:00,0.08,0.08,-0.01,-0.12,-0.038072137,-0.08019
1127,20100216 23:00:00,0.05,0.07,-0.02,-0.16,-0.027454088,-0.04034
1128,20100217 00:00:00,0,0.05,-0.04,-0.19,-0.03241147,-0.04037
1129,20100217 01:00:00,-0.05,0.02,-0.08,-0.22,-0.058781593,-0.06045
1130,20100217 02:00:00,-0.1,0,-0.12,-0.23,-0.108137094,-0.09063
1131,20100217 03:00:00,-0.14,-0.02,-0.17,-0.23,-0.167362747,-0.14085
1132,20100217 04:00:00,-0.16,-0.03,-0.2,-0.22,-0.213216069,-0.18095
1133,20100217 05:00:00,-0.17,-0.03,-0.21,-0.2,-0.225758599,-0.20089
1134,20100217 06:00:00,-0.18,-0.02,-0.21,-0.18,-0.200022128,-0.20083
1135,20100217 07:00:00,-0.18,-0.02,-0.21,-0.18,-0.149025677,-0.17084
1136,20100217 08:00:00,-0.17,-0.02,-0.21,-0.18,-0.09490776,-0.13089
1137,20100217 09:00:00,-0.15,-0.01,-0.2,-0.18,-0.057237799,-0.09104
1138,20100217 10:00:00,-0.13,-0.01,-0.17,-0.19,-0.044735497,-0.07119
1139,20100217 11:00:00,-0.11,-0.01,-0.15,-0.21,-0.055706248,-0.06125
1140,20100217 12:00:00,-0.1,-0.01,-0.14,-0.24,-0.087151061,-0.07128
1141,20100217 13:00:00,-0.11,-0.02,-0.13,-0.25,-0.140024851,-0.10142
1142,20100217 14:00:00,-0.1,-0.02,-0.14,-0.26,-0.211315568,-0.16146
1143,20100217 15:00:00,-0.09,-0.02,-0.14,-0.24,-0.285955616,-0.23151
1144,20100217 16:00:00,-0.08,-0.01,-0.15,-0.2,-0.339188286,-0.28162
1145,20100217 17:00:00,-0.06,0,-0.14,-0.16,-0.348698867,-0.31179
1146,20100217 18:00:00,-0.04,0.01,-0.13,-0.12,-0.308342108,-0.30192
1147,20100217 19:00:00,-0.03,0.02,-0.12,-0.09,-0.233055005,-0.26211
1148,20100217 20:00:00,-0.03,0.02,-0.12,-0.08,-0.1504842,-0.2023
1149,20100217 21:00:00,-0.03,0.03,-0.12,-0.09,-0.086012748,-0.1424
1150,20100217 22:00:00,-0.03,0.03,-0.11,-0.12,-0.050853625,-0.10274
1151,20100217 23:00:00,-0.03,0.03,-0.11,-0.16,-0.039538339,-0.06293
1152,20100218 00:00:00,-0.05,0.02,-0.11,-0.21,-0.043136162,-0.04301
1153,20100218 01:00:00,-0.09,0.01,-0.12,-0.26,-0.064152421,-0.0631
1154,20100218 02:00:00,-0.11,0,-0.14,-0.29,-0.110075648,-0.09328
1155,20100218 03:00:00,-0.13,0,-0.16,-0.31,-0.175335737,-0.14344
1156,20100218 04:00:00,-0.14,0,-0.17,-0.31,-0.238235472,-0.19358
1157,20100218 05:00:00,-0.13,0,-0.17,-0.3,-0.274300934,-0.23368
1158,20100218 06:00:00,-0.12,0.01,-0.16,-0.28,-0.270681504,-0.25373
1159,20100218 07:00:00,-0.1,0.02,-0.15,-0.26,-0.231742979,-0.23376
1160,20100218 08:00:00,-0.09,0.02,-0.13,-0.24,-0.174293207,-0.20383
1161,20100218 09:00:00,-0.06,0.03,-0.12,-0.23,-0.117874915,-0.15392
1162,20100218 10:00:00,-0.04,0.03,-0.1,-0.21,-0.077877677,-0.12405
1163,20100218 11:00:00,-0.02,0.03,-0.08,-0.2,-0.060926376,-0.0942
1164,20100218 12:00:00,-0.02,0.02,-0.07,-0.2,-0.065290107,-0.07436
1165,20100218 13:00:00,-0.04,0.01,-0.07,-0.21,-0.089079948,-0.07449
1166,20100218 14:00:00,-0.06,-0.01,-0.09,-0.2,-0.133448364,-0.10467
1167,20100218 15:00:00,-0.07,-0.02,-0.11,-0.19,-0.193192157,-0.15487
1168,20100218 16:00:00,-0.09,-0.03,-0.14,-0.16,-0.250102021,-0.20516
1169,20100218 17:00:00,-0.1,-0.03,-0.16,-0.12,-0.280430383,-0.2454
1170,20100218 18:00:00,-0.11,-0.03,-0.18,-0.09,-0.269589611,-0.25567
1171,20100218 19:00:00,-0.12,-0.03,-0.19,-0.06,-0.222090347,-0.23585
1172,20100218 20:00:00,-0.13,-0.03,-0.2,-0.06,-0.157701257,-0.19606
1173,20100218 21:00:00,-0.14,-0.03,-0.21,-0.07,-0.098695227,-0.14635
1174,20100218 22:00:00,-0.14,-0.02,-0.22,-0.1,-0.060598516,-0.10659
1175,20100218 23:00:00,-0.14,-0.02,-0.21,-0.14,-0.047406664,-0.07688
1176,20100219 00:00:00,-0.14,-0.02,-0.2,-0.2,-0.052762446,-0.05718
1177,20100219 01:00:00,-0.14,-0.01,-0.19,-0.26,-0.072244308,-0.0675
1178,20100219 02:00:00,-0.15,-0.01,-0.19,-0.33,-0.111448531,-0.09783
1179,20100219 03:00:00,-0.15,0,-0.18,-0.37,-0.174352585,-0.14817
1180,20100219 04:00:00,-0.13,0.01,-0.17,-0.39,-0.248174315,-0.19852
1181,20100219 05:00:00,-0.11,0.02,-0.15,-0.4,-0.307874592,-0.24885
1182,20100219 06:00:00,-0.08,0.04,-0.12,-0.38,-0.332809511,-0.28903
1183,20100219 07:00:00,-0.05,0.06,-0.09,-0.36,-0.317375422,-0.29912
1184,20100219 08:00:00,-0.01,0.07,-0.07,-0.33,-0.270391729,-0.27927
1185,20100219 09:00:00,0.02,0.07,-0.04,-0.3,-0.207105931,-0.23953
1186,20100219 10:00:00,0.06,0.07,-0.02,-0.26,-0.143899277,-0.18985
1187,20100219 11:00:00,0.08,0.07,0,-0.22,-0.095687138,-0.14011
1188,20100219 12:00:00,0.08,0.06,0.01,-0.19,-0.070058417,-0.10033
1189,20100219 13:00:00,0.06,0.05,0.01,-0.18,-0.065715146,-0.08054
1190,20100219 14:00:00,0.02,0.03,-0.02,-0.16,-0.080903617,-0.08076
1191,20100219 15:00:00,-0.02,0,-0.05,-0.14,-0.115540118,-0.10094
1192,20100219 16:00:00,-0.06,-0.02,-0.1,-0.12,-0.161891158,-0.14111
1193,20100219 17:00:00,-0.11,-0.04,-0.15,-0.08,-0.200734649,-0.17122
1194,20100219 18:00:00,-0.15,-0.06,-0.2,-0.05,-0.212750114,-0.19143
1195,20100219 19:00:00,-0.18,-0.07,-0.24,-0.03,-0.192418142,-0.19174
1196,20100219 20:00:00,-0.21,-0.08,-0.27,-0.02,-0.150432871,-0.17211
1197,20100219 21:00:00,-0.24,-0.08,-0.29,-0.03,-0.104386878,-0.1425
1198,20100219 22:00:00,-0.25,-0.08,-0.31,-0.06,-0.068291486,-0.11285
1199,20100219 23:00:00,-0.25,-0.08,-0.31,-0.11,-0.050916889,-0.08326
1200,20100220 00:00:00,-0.24,-0.07,-0.3,-0.17,-0.054731288,-0.07366
1201,20100220 01:00:00,-0.22,-0.05,-0.28,-0.25,-0.075500011,-0.07402
1202,20100220 02:00:00,-0.21,-0.04,-0.26,-0.32,-0.11097395,-0.09428
1203,20100220 03:00:00,-0.19,-0.02,-0.23,-0.4,-0.165990634,-0.13462
1204,20100220 04:00:00,-0.15,0,-0.2,-0.45,-0.239992937,-0.19501
1205,20100220 05:00:00,-0.11,0.03,-0.15,-0.47,-0.316592311,-0.25533
1206,20100220 06:00:00,-0.06,0.06,-0.11,-0.47,-0.372085641,-0.3056
1207,20100220 07:00:00,-0.01,0.08,-0.06,-0.46,-0.390254698,-0.34583
1208,20100220 08:00:00,0.04,0.1,-0.02,-0.43,-0.368739498,-0.35604
1209,20100220 09:00:00,0.09,0.11,0.02,-0.38,-0.315212371,-0.32625
1210,20100220 10:00:00,0.14,0.12,0.06,-0.33,-0.242430132,-0.27646
1211,20100220 11:00:00,0.17,0.12,0.08,-0.27,-0.166943852,-0.21663
1212,20100220 12:00:00,0.18,0.11,0.09,-0.22,-0.106256227,-0.15684
1213,20100220 13:00:00,0.17,0.09,0.09,-0.17,-0.069643838,-0.10704
1214,20100220 14:00:00,0.13,0.07,0.07,-0.13,-0.055670545,-0.07716
1215,20100220 15:00:00,0.07,0.04,0.03,-0.1,-0.061571521,-0.06727
1216,20100220 16:00:00,0,0.01,-0.02,-0.07,-0.085811047,-0.07741
1217,20100220 17:00:00,-0.07,-0.03,-0.09,-0.05,-0.119146624,-0.10758
1218,20100220 18:00:00,-0.14,-0.06,-0.17,-0.02,-0.143876484,-0.13773
1219,20100220 19:00:00,-0.2,-0.09,-0.24,0.01,-0.146361315,-0.14788
1220,20100220 20:00:00,-0.25,-0.11,-0.3,0.02,-0.127181508,-0.13803
1221,20100220 21:00:00,-0.3,-0.13,-0.34,0.01,-0.097439949,-0.11817
1222,20100220 22:00:00,-0.33,-0.13,-0.38,-0.02,-0.068807852,-0.09841
1223,20100220 23:00:00,-0.35,-0.13,-0.4,-0.06,-0.049605907,-0.07874
1224,20100221 00:00:00,-0.34,-0.12,-0.4,-0.12,-0.047156904,-0.06918
1225,20100221 01:00:00,-0.32,-0.1,-0.38,-0.2,-0.065137487,-0.06974
1226,20100221 02:00:00,-0.29,-0.08,-0.35,-0.29,-0.100393503,-0.09059
1227,20100221 03:00:00,-0.25,-0.05,-0.31,-0.38,-0.150205268,-0.12175
1228,20100221 04:00:00,-0.21,-0.01,-0.25,-0.46,-0.217573184,-0.17294
1229,20100221 05:00:00,-0.15,0.02,-0.19,-0.52,-0.299237753,-0.24415
1230,20100221 06:00:00,-0.08,0.06,-0.12,-0.55,-0.379417354,-0.30547
1231,20100221 07:00:00,-0.01,0.09,-0.06,-0.55,-0.436419937,-0.36683
1232,20100221 08:00:00,0.06,0.12,0,-0.52,-0.455044998,-0.40825
1233,20100221 09:00:00,0.13,0.14,0.06,-0.48,-0.431278555,-0.40967
1234,20100221 10:00:00,0.2,0.16,0.11,-0.42,-0.370733727,-0.3809
1235,20100221 11:00:00,0.25,0.16,0.15,-0.34,-0.285859345,-0.32218
1236,20100221 12:00:00,0.27,0.16,0.17,-0.27,-0.195907239,-0.2535
1237,20100221 13:00:00,0.27,0.15,0.18,-0.19,-0.122317341,-0.18495
1238,20100221 14:00:00,0.25,0.13,0.17,-0.13,-0.075313484,-0.1263
1239,20100221 15:00:00,0.2,0.1,0.14,-0.07,-0.052743917,-0.07772
1240,20100221 16:00:00,0.12,0.06,0.08,-0.04,-0.050728413,-0.06914
1241,20100221 17:00:00,0.03,0.01,0.01,-0.01,-0.06642429,-0.07058
1242,20100221 18:00:00,-0.07,-0.03,-0.09,0.02,-0.090877554,-0.09205
1243,20100221 19:00:00,-0.16,-0.08,-0.18,0.05,-0.109675956,-0.1135
1244,20100221 20:00:00,-0.24,-0.12,-0.28,0.06,-0.113375048,-0.12503
1245,20100221 21:00:00,-0.31,-0.15,-0.36,0.06,-0.103305975,-0.11661
1246,20100221 22:00:00,-0.37,-0.17,-0.41,0.03,-0.087263743,-0.10825
1247,20100221 23:00:00,-0.41,-0.18,-0.45,0,-0.072214383,-0.09989
1248,20100222 00:00:00,-0.43,-0.18,-0.48,-0.06,-0.064498597,-0.08149
1249,20100222 01:00:00,-0.42,-0.16,-0.48,-0.13,-0.072831084,-0.08314
1250,20100222 02:00:00,-0.39,-0.13,-0.45,-0.22,-0.101740517,-0.09478
1251,20100222 03:00:00,-0.35,-0.09,-0.4,-0.32,-0.147507171,-0.12643
1252,20100222 04:00:00,-0.29,-0.05,-0.34,-0.43,-0.206911361,-0.16798
1253,20100222 05:00:00,-0.22,-0.01,-0.26,-0.52,-0.282057882,-0.2295
1254,20100222 06:00:00,-0.14,0.04,-0.17,-0.58,-0.370685306,-0.30097
1255,20100222 07:00:00,-0.06,0.08,-0.09,-0.61,-0.457775662,-0.37235
1256,20100222 08:00:00,0.03,0.12,-0.01,-0.61,-0.521084817,-0.44364
1257,20100222 09:00:00,0.13,0.15,0.06,-0.58,-0.542710853,-0.48501
1258,20100222 10:00:00,0.22,0.18,0.13,-0.52,-0.516084342,-0.48637
1259,20100222 11:00:00,0.29,0.2,0.19,-0.44,-0.445704865,-0.45773
1260,20100222 12:00:00,0.34,0.2,0.23,-0.35,-0.34538622,-0.38911
1261,20100222 13:00:00,0.37,0.2,0.25,-0.25,-0.238155706,-0.3004
1262,20100222 14:00:00,0.37,0.19,0.26,-0.16,-0.148996833,-0.22166
1263,20100222 15:00:00,0.34,0.16,0.24,-0.08,-0.089917961,-0.1528
1264,20100222 16:00:00,0.27,0.13,0.2,-0.02,-0.057958854,-0.0939
1265,20100222 17:00:00,0.17,0.08,0.13,0.02,-0.047342655,-0.06482
1266,20100222 18:00:00,0.05,0.02,0.04,0.05,-0.054899317,-0.06571
1267,20100222 19:00:00,-0.06,-0.04,-0.07,0.07,-0.074215857,-0.08649
1268,20100222 20:00:00,-0.17,-0.1,-0.19,0.1,-0.093280122,-0.0974
1269,20100222 21:00:00,-0.27,-0.15,-0.31,0.1,-0.102310445,-0.11831
1270,20100222 22:00:00,-0.35,-0.18,-0.4,0.09,-0.100087147,-0.11928
1271,20100222 23:00:00,-0.42,-0.21,-0.47,0.06,-0.091410827,-0.11028
1272,20100223 00:00:00,-0.47,-0.22,-0.52,0.02,-0.081539149,-0.10112
1273,20100223 01:00:00,-0.49,-0.22,-0.54,-0.04,-0.077338911,-0.09199
1274,20100223 02:00:00,-0.48,-0.19,-0.54,-0.13,-0.088771702,-0.10281
1275,20100223 03:00:00,-0.45,-0.15,-0.5,-0.23,-0.121211203,-0.12353
1276,20100223 04:00:00,-0.39,-0.1,-0.44,-0.34,-0.171419296,-0.15419
1277,20100223 05:00:00,-0.32,-0.05,-0.36,-0.46,-0.236792121,-0.19481
1278,20100223 06:00:00,-0.24,0,-0.26,-0.56,-0.320148391,-0.25546
1279,20100223 07:00:00,-0.15,0.05,-0.16,-0.63,-0.419712655,-0.33605
1280,20100223 08:00:00,-0.05,0.1,-0.07,-0.66,-0.519150023,-0.42663
1281,20100223 09:00:00,0.06,0.14,0.02,-0.65,-0.592492184,-0.49724
1282,20100223 10:00:00,0.17,0.18,0.11,-0.61,-0.617531984,-0.54791
1283,20100223 11:00:00,0.28,0.21,0.19,-0.54,-0.586213752,-0.54861
1284,20100223 12:00:00,0.36,0.23,0.26,-0.45,-0.503644427,-0.50931
1285,20100223 13:00:00,0.42,0.24,0.3,-0.35,-0.385543266,-0.42996
1286,20100223 14:00:00,0.45,0.24,0.32,-0.24,-0.259341394,-0.33061
1287,20100223 15:00:00,0.46,0.23,0.33,-0.13,-0.154720527,-0.24121
1288,20100223 16:00:00,0.42,0.2,0.31,-0.04,-0.084968688,-0.15177
1289,20100223 17:00:00,0.34,0.16,0.27,0.02,-0.045080083,-0.08224
1290,20100223 18:00:00,0.23,0.1,0.19,0.06,-0.02819655,-0.05285
1291,20100223 19:00:00,0.1,0.04,0.08,0.09,-0.032570179,-0.0435
1292,20100223 20:00:00,-0.03,-0.04,-0.05,0.12,-0.053473031,-0.06407
1293,20100223 21:00:00,-0.16,-0.11,-0.19,0.13,-0.077975304,-0.09456
1294,20100223 22:00:00,-0.27,-0.16,-0.32,0.13,-0.093175073,-0.10511
1295,20100223 23:00:00,-0.37,-0.21,-0.43,0.12,-0.095599399,-0.10563
1296,20100224 00:00:00,-0.45,-0.24,-0.51,0.09,-0.089386739,-0.10609
1297,20100224 01:00:00,-0.51,-0.25,-0.56,0.05,-0.079362611,-0.09652
1298,20100224 02:00:00,-0.54,-0.24,-0.59,-0.02,-0.072806202,-0.08691
1299,20100224 03:00:00,-0.53,-0.21,-0.58,-0.11,-0.081343436,-0.09705
1300,20100224 04:00:00,-0.5,-0.16,-0.54,-0.22,-0.113009136,-0.11722
1301,20100224 05:00:00,-0.44,-0.11,-0.46,-0.34,-0.166769625,-0.1376
1302,20100224 06:00:00,-0.36,-0.05,-0.37,-0.47,-0.240432039,-0.18795
1303,20100224 07:00:00,-0.28,0,-0.27,-0.58,-0.336574239,-0.25827
1304,20100224 08:00:00,-0.17,0.06,-0.16,-0.66,-0.452054222,-0.35847
1305,20100224 09:00:00,-0.05,0.1,-0.06,-0.69,-0.567297697,-0.45865
1306,20100224 10:00:00,0.07,0.15,0.04,-0.68,-0.651641076,-0.54884
1307,20100224 11:00:00,0.2,0.2,0.13,-0.64,-0.679525523,-0.59897
1308,20100224 12:00:00,0.31,0.23,0.22,-0.56,-0.642252858,-0.59894
1309,20100224 13:00:00,0.41,0.26,0.3,-0.45,-0.545557454,-0.54888
1310,20100224 14:00:00,0.48,0.27,0.35,-0.34,-0.407917109,-0.45879
1311,20100224 15:00:00,0.53,0.28,0.38,-0.22,-0.262738724,-0.34884
1312,20100224 16:00:00,0.53,0.27,0.38,-0.1,-0.145017684,-0.23889
1313,20100224 17:00:00,0.5,0.24,0.37,-0.01,-0.068103376,-0.13899
1314,20100224 18:00:00,0.41,0.19,0.33,0.04,-0.023875203,-0.05907
1315,20100224 19:00:00,0.29,0.13,0.24,0.08,-0.004750778,-0.02916
1316,20100224 20:00:00,0.15,0.05,0.12,0.11,-0.010859431,-0.02928
1317,20100224 21:00:00,0.01,-0.03,-0.03,0.14,-0.037461076,-0.05935
1318,20100224 22:00:00,-0.13,-0.11,-0.18,0.15,-0.068473904,-0.07938
1319,20100224 23:00:00,-0.26,-0.17,-0.32,0.15,-0.087995073,-0.09944
1320,20100225 00:00:00,-0.37,-0.22,-0.44,0.14,-0.091932428,-0.09939
1321,20100225 01:00:00,-0.46,-0.25,-0.52,0.12,-0.084011248,-0.08939
1322,20100225 02:00:00,-0.53,-0.26,-0.58,0.08,-0.067409659,-0.08931
1323,20100225 03:00:00,-0.57,-0.25,-0.62,0.01,-0.050530026,-0.07918
1324,20100225 04:00:00,-0.56,-0.22,-0.6,-0.08,-0.050451292,-0.06897
1325,20100225 05:00:00,-0.53,-0.17,-0.55,-0.19,-0.080039154,-0.0788
1326,20100225 06:00:00,-0.47,-0.11,-0.47,-0.33,-0.138783699,-0.10861
1327,20100225 07:00:00,-0.4,-0.06,-0.38,-0.46,-0.223084642,-0.15836
1328,20100225 08:00:00,-0.3,0,-0.27,-0.58,-0.333850777,-0.2481
1329,20100225 09:00:00,-0.19,0.05,-0.17,-0.66,-0.466127911,-0.35793
1330,20100225 10:00:00,-0.06,0.1,-0.06,-0.69,-0.59658096,-0.46771
1331,20100225 11:00:00,0.07,0.15,0.04,-0.68,-0.690033169,-0.5675
1332,20100225 12:00:00,0.2,0.2,0.13,-0.64,-0.719089853,-0.61747
1333,20100225 13:00:00,0.33,0.24,0.23,-0.55,-0.674620998,-0.61759
1334,20100225 14:00:00,0.44,0.27,0.31,-0.44,-0.562544956,-0.5676
1335,20100225 15:00:00,0.52,0.29,0.37,-0.32,-0.405733024,-0.4676
1336,20100225 16:00:00,0.57,0.3,0.4,-0.2,-0.2455819,-0.34771
1337,20100225 17:00:00,0.58,0.3,0.42,-0.09,-0.121508543,-0.2179
1338,20100225 18:00:00,0.54,0.27,0.41,-0.01,-0.043865694,-0.10804
1339,20100225 19:00:00,0.45,0.22,0.36,0.05,-0.000835123,-0.03823
1340,20100225 20:00:00,0.32,0.15,0.27,0.08,0.014790833,-0.00855
1341,20100225 21:00:00,0.18,0.07,0.15,0.11,0.001237663,-0.01888
1342,20100225 22:00:00,0.03,-0.02,-0.01,0.13,-0.034723599,-0.04919
1343,20100225 23:00:00,-0.11,-0.1,-0.17,0.14,-0.073372001,-0.07964
1344,20100226 00:00:00,-0.24,-0.16,-0.31,0.15,-0.097210102,-0.10013
1345,20100226 01:00:00,-0.36,-0.21,-0.43,0.15,-0.101611099,-0.10073
1346,20100226 02:00:00,-0.45,-0.24,-0.52,0.14,-0.087711009,-0.1014
1347,20100226 03:00:00,-0.53,-0.25,-0.58,0.1,-0.0576803,-0.08206
1348,20100226 04:00:00,-0.56,-0.24,-0.6,0.04,-0.025533506,-0.06276
1349,20100226 05:00:00,-0.56,-0.2,-0.59,-0.05,-0.01704263,-0.05349
1350,20100226 06:00:00,-0.53,-0.16,-0.54,-0.17,-0.048584472,-0.05431
1351,20100226 07:00:00,-0.48,-0.11,-0.46,-0.3,-0.116434847,-0.08518
1352,20100226 08:00:00,-0.41,-0.06,-0.37,-0.44,-0.213076438,-0.13617
1353,20100226 09:00:00,-0.31,-0.01,-0.27,-0.55,-0.338294324,-0.2372
1354,20100226 10:00:00,-0.2,0.04,-0.17,-0.63,-0.486011121,-0.35819
1355,20100226 11:00:00,-0.08,0.09,-0.08,-0.67,-0.629333902,-0.48911
1356,20100226 12:00:00,0.05,0.13,0.01,-0.66,-0.729201195,-0.58993
1357,20100226 13:00:00,0.19,0.19,0.11,-0.61,-0.75626249,-0.65076
1358,20100226 14:00:00,0.32,0.23,0.2,-0.52,-0.701080061,-0.64143
1359,20100226 15:00:00,0.43,0.27,0.28,-0.42,-0.572118855,-0.58211
1360,20100226 16:00:00,0.51,0.29,0.34,-0.3,-0.399669688,-0.47276
1361,20100226 17:00:00,0.56,0.31,0.38,-0.19,-0.233548756,-0.34346
1362,20100226 18:00:00,0.57,0.3,0.41,-0.09,-0.113447254,-0.21418
1363,20100226 19:00:00,0.53,0.28,0.41,-0.02,-0.043609926,-0.10486
1364,20100226 20:00:00,0.45,0.23,0.36,0.03,-0.008556007,-0.03559
1365,20100226 21:00:00,0.32,0.16,0.27,0.05,-0.00197516,-0.0263
1366,20100226 22:00:00,0.18,0.08,0.15,0.06,-0.026682562,-0.04689
1367,20100226 23:00:00,0.04,0,0,0.08,-0.07397453,-0.07748
1368,20100227 00:00:00,-0.1,-0.08,-0.15,0.1,-0.121330363,-0.11796
1369,20100227 01:00:00,-0.22,-0.14,-0.29,0.12,-0.148853479,-0.13846
1370,20100227 02:00:00,-0.33,-0.18,-0.4,0.13,-0.14888726,-0.14879
1371,20100227 03:00:00,-0.42,-0.21,-0.47,0.13,-0.119742812,-0.13904
1372,20100227 04:00:00,-0.49,-0.21,-0.53,0.1,-0.067284927,-0.10918
1373,20100227 05:00:00,-0.52,-0.2,-0.55,0.05,-0.016098651,-0.06905
1374,20100227 06:00:00,-0.52,-0.17,-0.54,-0.03,4.62E-05,-0.03872
1375,20100227 07:00:00,-0.5,-0.13,-0.49,-0.14,-0.032976662,-0.03836
1376,20100227 08:00:00,-0.44,-0.09,-0.42,-0.26,-0.104853347,-0.068
1377,20100227 09:00:00,-0.38,-0.05,-0.34,-0.39,-0.205698755,-0.12759
1378,20100227 10:00:00,-0.3,-0.01,-0.26,-0.5,-0.336602785,-0.22719
1379,20100227 11:00:00,-0.2,0.02,-0.18,-0.57,-0.491146616,-0.36676
1380,20100227 12:00:00,-0.1,0.06,-0.1,-0.61,-0.638627104,-0.49624
1381,20100227 13:00:00,0.02,0.11,-0.03,-0.59,-0.735924482,-0.59561
1382,20100227 14:00:00,0.15,0.16,0.05,-0.54,-0.752614619,-0.64495
1383,20100227 15:00:00,0.28,0.2,0.14,-0.46,-0.680840174,-0.63437
1384,20100227 16:00:00,0.37,0.24,0.21,-0.36,-0.534999384,-0.56396
1385,20100227 17:00:00,0.44,0.27,0.27,-0.26,-0.354548637,-0.44356
1386,20100227 18:00:00,0.48,0.28,0.31,-0.17,-0.193884214,-0.30326
1387,20100227 19:00:00,0.49,0.28,0.34,-0.09,-0.08800034,-0.17306
1388,20100227 20:00:00,0.46,0.26,0.35,-0.04,-0.032514744,-0.08295
1389,20100227 21:00:00,0.38,0.22,0.31,-0.02,-0.009235671,-0.03274
1390,20100227 22:00:00,0.27,0.16,0.24,-0.01,-0.015222466,-0.03271
1391,20100227 23:00:00,0.15,0.09,0.13,-0.01,-0.054588012,-0.06267
1392,20100228 00:00:00,0.02,0.01,0,0,-0.116172857,-0.11255
1393,20100228 01:00:00,-0.1,-0.05,-0.14,0.03,-0.173171366,-0.15229
1394,20100228 02:00:00,-0.2,-0.1,-0.25,0.05,-0.201393631,-0.18202
1395,20100228 03:00:00,-0.28,-0.13,-0.34,0.08,-0.189417698,-0.1918
1396,20100228 04:00:00,-0.35,-0.15,-0.4,0.09,-0.137373933,-0.1616
1397,20100228 05:00:00,-0.4,-0.15,-0.44,0.07,-0.06113947,-0.11146
1398,20100228 06:00:00,-0.43,-0.14,-0.46,0.03,0.003746623,-0.06129
1399,20100228 07:00:00,-0.43,-0.12,-0.44,-0.03,0.022201811,-0.02125
1400,20100228 08:00:00,-0.4,-0.09,-0.4,-0.12,-0.011765608,-0.01123
1401,20100228 09:00:00,-0.36,-0.06,-0.35,-0.22,-0.082034096,-0.04127
1402,20100228 10:00:00,-0.31,-0.04,-0.29,-0.33,-0.180078497,-0.10127
1403,20100228 11:00:00,-0.26,-0.02,-0.23,-0.42,-0.310454134,-0.21118
1404,20100228 12:00:00,-0.19,0.01,-0.18,-0.49,-0.465669372,-0.34118
1405,20100228 13:00:00,-0.11,0.03,-0.13,-0.51,-0.610516683,-0.46128
1406,20100228 14:00:00,-0.01,0.07,-0.08,-0.49,-0.699024415,-0.56137
1407,20100228 15:00:00,0.1,0.11,-0.02,-0.43,-0.701599898,-0.61159
1408,20100228 16:00:00,0.19,0.16,0.05,-0.37,-0.6155298,-0.59189
1409,20100228 17:00:00,0.26,0.19,0.11,-0.29,-0.463189168,-0.50238
1410,20100228 18:00:00,0.31,0.21,0.16,-0.22,-0.291250863,-0.38286
1411,20100228 19:00:00,0.35,0.23,0.2,-0.15,-0.152835206,-0.25346
1412,20100228 20:00:00,0.36,0.23,0.23,-0.1,-0.072337283,-0.14406
1413,20100228 21:00:00,0.34,0.22,0.24,-0.08,-0.037471774,-0.07446
1414,20100228 22:00:00,0.27,0.19,0.22,-0.08,-0.03149232,-0.04491
1415,20100228 23:00:00,0.18,0.14,0.16,-0.1,-0.056074362,-0.05534
1416,20100301 00:00:00,0.08,0.09,0.08,-0.12,-0.116368185,-0.10575
1417,20100301 01:00:00,-0.01,0.03,-0.02,-0.11,-0.196850671,-0.16624
1418,20100301 02:00:00,-0.09,-0.01,-0.12,-0.08,-0.263785678,-0.2169
1419,20100301 03:00:00,-0.15,-0.04,-0.2,-0.05,-0.287562461,-0.25763
1420,20100301 04:00:00,-0.2,-0.06,-0.25,-0.01,-0.257323215,-0.25841
1421,20100301 05:00:00,-0.24,-0.07,-0.28,0.01,-0.181490044,-0.21915
1422,20100301 06:00:00,-0.28,-0.07,-0.31,0.01,-0.087579539,-0.14992
1423,20100301 07:00:00,-0.3,-0.07,-0.33,-0.01,-0.016086013,-0.08066
1424,20100301 08:00:00,-0.29,-0.06,-0.31,-0.05,0.00438004,-0.0414
1425,20100301 09:00:00,-0.26,-0.04,-0.28,-0.1,-0.023705827,-0.02202
1426,20100301 10:00:00,-0.24,-0.03,-0.25,-0.18,-0.08299119,-0.04259
1427,20100301 11:00:00,-0.22,-0.02,-0.21,-0.26,-0.170341904,-0.10315
1428,20100301 12:00:00,-0.21,-0.02,-0.19,-0.34,-0.293081574,-0.20374
1429,20100301 13:00:00,-0.17,-0.01,-0.17,-0.38,-0.440505654,-0.32423
1430,20100301 14:00:00,-0.12,0,-0.16,-0.38,-0.572956487,-0.43484
1431,20100301 15:00:00,-0.06,0.03,-0.14,-0.35,-0.643996169,-0.52577
1432,20100301 16:00:00,0.01,0.06,-0.1,-0.3,-0.629094398,-0.55687
1433,20100301 17:00:00,0.07,0.09,-0.06,-0.26,-0.533743818,-0.52809
1434,20100301 18:00:00,0.12,0.11,-0.02,-0.21,-0.38810389,-0.4393
1435,20100301 19:00:00,0.15,0.13,0.01,-0.16,-0.240362232,-0.3305
1436,20100301 20:00:00,0.18,0.15,0.05,-0.13,-0.134812845,-0.22167
1437,20100301 21:00:00,0.2,0.16,0.08,-0.12,-0.083901418,-0.14274
1438,20100301 22:00:00,0.18,0.16,0.1,-0.13,-0.071105041,-0.08358
1439,20100301 23:00:00,0.14,0.15,0.1,-0.17,-0.08517451,-0.07432
1440,20100302 00:00:00,0.08,0.12,0.07,-0.21,-0.132990946,-0.11501
1441,20100302 01:00:00,0.02,0.08,0.02,-0.23,-0.217329514,-0.17558
1442,20100302 02:00:00,-0.03,0.05,-0.04,-0.23,-0.31431113,-0.25624
1443,20100302 03:00:00,-0.06,0.03,-0.09,-0.2,-0.38267878,-0.31692
1444,20100302 04:00:00,-0.08,0.03,-0.13,-0.16,-0.392135097,-0.35756
1445,20100302 05:00:00,-0.1,0.02,-0.14,-0.12,-0.339495356,-0.33817
1446,20100302 06:00:00,-0.11,0.02,-0.15,-0.09,-0.244237552,-0.27869
1447,20100302 07:00:00,-0.13,0.01,-0.17,-0.07,-0.140176113,-0.19915
1448,20100302 08:00:00,-0.13,0.01,-0.18,-0.06,-0.064489944,-0.12955
1449,20100302 09:00:00,-0.12,0.01,-0.17,-0.07,-0.036710792,-0.07956
1450,20100302 10:00:00,-0.11,0.02,-0.15,-0.09,-0.049596778,-0.05943
1451,20100302 11:00:00,-0.11,0.01,-0.13,-0.13,-0.089866786,-0.05937
1452,20100302 12:00:00,-0.14,0,-0.13,-0.19,-0.160032678,-0.10929
1453,20100302 13:00:00,-0.15,-0.02,-0.15,-0.23,-0.267579838,-0.1892
1454,20100302 14:00:00,-0.16,-0.03,-0.17,-0.25,-0.397456046,-0.2991
1455,20100302 15:00:00,-0.14,-0.03,-0.19,-0.23,-0.507161386,-0.39909
1456,20100302 16:00:00,-0.11,-0.02,-0.19,-0.2,-0.553805185,-0.46909
1457,20100302 17:00:00,-0.08,0,-0.18,-0.17,-0.52210289,-0.47918
1458,20100302 18:00:00,-0.06,0.02,-0.16,-0.15,-0.426629974,-0.43927
1459,20100302 19:00:00,-0.05,0.03,-0.15,-0.13,-0.300879416,-0.35926
1460,20100302 20:00:00,-0.02,0.05,-0.14,-0.12,-0.187064934,-0.26919
1461,20100302 21:00:00,0,0.07,-0.11,-0.12,-0.116736229,-0.18912
1462,20100302 22:00:00,0.03,0.09,-0.07,-0.14,-0.092818635,-0.12905
1463,20100302 23:00:00,0.03,0.1,-0.04,-0.19,-0.100587266,-0.09907
1464,20100303 00:00:00,0.01,0.09,-0.03,-0.26,-0.136319701,-0.10896
1465,20100303 01:00:00,-0.02,0.09,-0.03,-0.32,-0.208920768,-0.16881
1466,20100303 02:00:00,-0.03,0.08,-0.04,-0.35,-0.314035607,-0.24879
1467,20100303 03:00:00,-0.03,0.08,-0.05,-0.35,-0.418300125,-0.33886
1468,20100303 04:00:00,-0.02,0.08,-0.06,-0.32,-0.477398568,-0.39883
1469,20100303 05:00:00,0,0.09,-0.05,-0.28,-0.467738023,-0.42861
1470,20100303 06:00:00,0.02,0.1,-0.03,-0.24,-0.397272707,-0.39818
1471,20100303 07:00:00,0.02,0.09,-0.03,-0.2,-0.292415063,-0.32781
1472,20100303 08:00:00,0.03,0.09,-0.03,-0.16,-0.185409165,-0.24749
1473,20100303 09:00:00,0.04,0.08,-0.03,-0.12,-0.105828984,-0.16723
1474,20100303 10:00:00,0.04,0.08,-0.02,-0.09,-0.066858219,-0.11705
1475,20100303 11:00:00,0.03,0.07,-0.02,-0.08,-0.061696294,-0.0769
1476,20100303 12:00:00,-0.01,0.04,-0.03,-0.1,-0.082181158,-0.06684
1477,20100303 13:00:00,-0.06,0.01,-0.06,-0.12,-0.133943244,-0.09688
1478,20100303 14:00:00,-0.11,-0.01,-0.11,-0.13,-0.222136791,-0.16691
1479,20100303 15:00:00,-0.14,-0.04,-0.16,-0.12,-0.327964937,-0.25693
1480,20100303 16:00:00,-0.16,-0.05,-0.2,-0.09,-0.410030376,-0.32702
1481,20100303 17:00:00,-0.17,-0.06,-0.24,-0.07,-0.434057109,-0.37721
1482,20100303 18:00:00,-0.18,-0.05,-0.25,-0.06,-0.395520321,-0.37735
1483,20100303 19:00:00,-0.19,-0.05,-0.26,-0.06,-0.314551432,-0.33741
1484,20100303 20:00:00,-0.19,-0.04,-0.27,-0.06,-0.220796118,-0.26742
1485,20100303 21:00:00,-0.18,-0.03,-0.27,-0.08,-0.14482417,-0.20756
1486,20100303 22:00:00,-0.15,-0.01,-0.25,-0.12,-0.106379754,-0.15781
1487,20100303 23:00:00,-0.12,0.01,-0.21,-0.18,-0.105071527,-0.11816
1488,20100304 00:00:00,-0.11,0.03,-0.17,-0.25,-0.132576537,-0.11845
1489,20100304 01:00:00,-0.1,0.05,-0.13,-0.34,-0.19088713,-0.14878
1490,20100304 02:00:00,-0.09,0.06,-0.1,-0.41,-0.285377589,-0.22913
1491,20100304 03:00:00,-0.06,0.08,-0.08,-0.45,-0.402111503,-0.31951
1492,20100304 04:00:00,-0.02,0.1,-0.05,-0.45,-0.502316619,-0.40976
1493,20100304 05:00:00,0.03,0.12,-0.01,-0.42,-0.546427689,-0.46977
1494,20100304 06:00:00,0.08,0.14,0.03,-0.39,-0.522154969,-0.47963
1495,20100304 07:00:00,0.12,0.15,0.06,-0.34,-0.445383704,-0.44939
1496,20100304 08:00:00,0.15,0.16,0.08,-0.29,-0.34162442,-0.37927
1497,20100304 09:00:00,0.17,0.15,0.09,-0.23,-0.236381204,-0.2893
1498,20100304 10:00:00,0.18,0.14,0.1,-0.17,-0.152900077,-0.21936
1499,20100304 11:00:00,0.17,0.13,0.1,-0.11,-0.102351582,-0.1495
1500,20100304 12:00:00,0.13,0.1,0.09,-0.08,-0.080610359,-0.09966
1501,20100304 13:00:00,0.07,0.07,0.05,-0.06,-0.083345115,-0.07989
1502,20100304 14:00:00,-0.01,0.03,-0.01,-0.05,-0.116436621,-0.10004
1503,20100304 15:00:00,-0.07,-0.01,-0.08,-0.04,-0.181990497,-0.15016
1504,20100304 16:00:00,-0.13,-0.05,-0.14,-0.01,-0.25979885,-0.21018
1505,20100304 17:00:00,-0.18,-0.07,-0.21,0.02,-0.314251147,-0.26022
1506,20100304 18:00:00,-0.22,-0.09,-0.27,0.03,-0.322437266,-0.29031
1507,20100304 19:00:00,-0.26,-0.1,-0.31,0.03,-0.288896442,-0.28039
1508,20100304 20:00:00,-0.29,-0.11,-0.34,0,-0.232449753,-0.25059
1509,20100304 21:00:00,-0.3,-0.1,-0.36,-0.03,-0.172548517,-0.21081
1510,20100304 22:00:00,-0.29,-0.09,-0.37,-0.07,-0.12789229,-0.17105
1511,20100304 23:00:00,-0.26,-0.07,-0.35,-0.13,-0.111991816,-0.1413
1512,20100305 00:00:00,-0.23,-0.04,-0.31,-0.21,-0.126985377,-0.13153
1513,20100305 01:00:00,-0.2,-0.01,-0.26,-0.3,-0.170864389,-0.14172
1514,20100305 02:00:00,-0.17,0.02,-0.21,-0.39,-0.245952186,-0.20187
1515,20100305 03:00:00,-0.13,0.05,-0.16,-0.47,-0.35095528,-0.28196
1516,20100305 04:00:00,-0.07,0.08,-0.1,-0.51,-0.465546221,-0.37196
1517,20100305 05:00:00,0,0.12,-0.03,-0.51,-0.552878788,-0.45182
1518,20100305 06:00:00,0.08,0.15,0.03,-0.5,-0.583213934,-0.51158
1519,20100305 07:00:00,0.14,0.18,0.08,-0.47,-0.553224149,-0.51137
1520,20100305 08:00:00,0.2,0.19,0.13,-0.42,-0.479567632,-0.48117
1521,20100305 09:00:00,0.24,0.2,0.17,-0.36,-0.381543638,-0.41098
1522,20100305 10:00:00,0.27,0.19,0.18,-0.28,-0.278711194,-0.33084
1523,20100305 11:00:00,0.27,0.18,0.19,-0.2,-0.191815656,-0.25077
1524,20100305 12:00:00,0.25,0.16,0.18,-0.13,-0.132220403,-0.1806
1525,20100305 13:00:00,0.2,0.12,0.15,-0.07,-0.097897666,-0.12048
1526,20100305 14:00:00,0.12,0.08,0.1,-0.03,-0.086068321,-0.10039
1527,20100305 15:00:00,0.04,0.04,0.03,0,-0.101228555,-0.10025
1528,20100305 16:00:00,-0.04,0,-0.05,0.04,-0.143016065,-0.13
1529,20100305 17:00:00,-0.12,-0.05,-0.13,0.07,-0.193716083,-0.16983
1530,20100305 18:00:00,-0.19,-0.08,-0.22,0.1,-0.226835909,-0.19966
1531,20100305 19:00:00,-0.25,-0.11,-0.29,0.09,-0.230056177,-0.20948
1532,20100305 20:00:00,-0.31,-0.13,-0.35,0.07,-0.21044102,-0.20926
1533,20100305 21:00:00,-0.35,-0.14,-0.39,0.03,-0.17943751,-0.19905
1534,20100305 22:00:00,-0.36,-0.14,-0.42,-0.01,-0.145605063,-0.16893
1535,20100305 23:00:00,-0.36,-0.14,-0.43,-0.07,-0.120828085,-0.14868
1536,20100306 00:00:00,-0.34,-0.11,-0.42,-0.15,-0.118222852,-0.1384
1537,20100306 01:00:00,-0.3,-0.08,-0.38,-0.23,-0.143761863,-0.13809
1538,20100306 02:00:00,-0.26,-0.04,-0.32,-0.33,-0.197914124,-0.16779
1539,20100306 03:00:00,-0.21,0,-0.26,-0.42,-0.280066995,-0.22749
1540,20100306 04:00:00,-0.14,0.04,-0.18,-0.5,-0.383138632,-0.30721
1541,20100306 05:00:00,-0.07,0.09,-0.1,-0.54,-0.486528257,-0.38695
1542,20100306 06:00:00,0.02,0.13,-0.02,-0.55,-0.560617486,-0.46661
1543,20100306 07:00:00,0.1,0.17,0.05,-0.54,-0.584164246,-0.51632
1544,20100306 08:00:00,0.18,0.19,0.12,-0.52,-0.55686616,-0.51604
1545,20100306 09:00:00,0.25,0.21,0.17,-0.47,-0.490986298,-0.48582
1546,20100306 10:00:00,0.31,0.22,0.22,-0.39,-0.399813003,-0.42559
1547,20100306 11:00:00,0.33,0.21,0.24,-0.31,-0.300148517,-0.35544
1548,20100306 12:00:00,0.33,0.19,0.24,-0.22,-0.21263327,-0.27534
1549,20100306 13:00:00,0.3,0.17,0.23,-0.13,-0.148810592,-0.19527
1550,20100306 14:00:00,0.24,0.14,0.19,-0.06,-0.107047825,-0.13509
1551,20100306 15:00:00,0.17,0.1,0.14,0,-0.084418892,-0.10495
1552,20100306 16:00:00,0.08,0.05,0.06,0.05,-0.083721094,-0.09476
1553,20100306 17:00:00,-0.01,0,-0.03,0.09,-0.104578518,-0.10466
1554,20100306 18:00:00,-0.11,-0.04,-0.12,0.12,-0.134575584,-0.12452
1555,20100306 19:00:00,-0.19,-0.09,-0.22,0.13,-0.156904831,-0.1444
1556,20100306 20:00:00,-0.26,-0.12,-0.3,0.12,-0.16509938,-0.15429
1557,20100306 21:00:00,-0.33,-0.15,-0.37,0.08,-0.162656468,-0.16417
1558,20100306 22:00:00,-0.37,-0.16,-0.41,0.04,-0.151811425,-0.16409
1559,20100306 23:00:00,-0.4,-0.17,-0.45,-0.02,-0.134372267,-0.15412
1560,20100307 00:00:00,-0.4,-0.16,-0.46,-0.08,-0.120830178,-0.14407
1561,20100307 01:00:00,-0.38,-0.13,-0.45,-0.15,-0.125946013,-0.13403
1562,20100307 02:00:00,-0.34,-0.1,-0.41,-0.24,-0.157597388,-0.15401
1563,20100307 03:00:00,-0.29,-0.06,-0.35,-0.33,-0.215385121,-0.18397
1564,20100307 04:00:00,-0.23,-0.01,-0.27,-0.43,-0.295327676,-0.24398
1565,20100307 05:00:00,-0.15,0.04,-0.18,-0.5,-0.389314084,-0.31396
1566,20100307 06:00:00,-0.07,0.09,-0.09,-0.54,-0.481127148,-0.39388
1567,20100307 07:00:00,0.02,0.13,-0.01,-0.56,-0.547959366,-0.46377
1568,20100307 08:00:00,0.11,0.17,0.06,-0.56,-0.572428013,-0.50363
1569,20100307 09:00:00,0.21,0.2,0.13,-0.53,-0.552114884,-0.51353
1570,20100307 10:00:00,0.28,0.22,0.2,-0.48,-0.494273333,-0.49342
1571,20100307 11:00:00,0.34,0.22,0.24,-0.41,-0.409227542,-0.43328
1572,20100307 12:00:00,0.36,0.21,0.26,-0.31,-0.313529141,-0.36324
1573,20100307 13:00:00,0.36,0.2,0.26,-0.22,-0.227784051,-0.28323
1574,20100307 14:00:00,0.33,0.18,0.25,-0.12,-0.163068739,-0.21327
1575,20100307 15:00:00,0.28,0.15,0.21,-0.04,-0.117311666,-0.1533
1576,20100307 16:00:00,0.2,0.11,0.15,0.02,-0.086729859,-0.11331
1577,20100307 17:00:00,0.1,0.06,0.08,0.07,-0.073209751,-0.09333
1578,20100307 18:00:00,0.01,0.01,-0.01,0.11,-0.078873319,-0.09329
1579,20100307 19:00:00,-0.09,-0.04,-0.11,0.14,-0.097799674,-0.10332
1580,20100307 20:00:00,-0.18,-0.09,-0.21,0.14,-0.119097494,-0.11336
1581,20100307 21:00:00,-0.26,-0.12,-0.3,0.11,-0.136251709,-0.13336
1582,20100307 22:00:00,-0.33,-0.15,-0.37,0.07,-0.146725042,-0.14337
1583,20100307 23:00:00,-0.38,-0.17,-0.42,0.03,-0.146775693,-0.14347
1584,20100308 00:00:00,-0.41,-0.17,-0.45,-0.02,-0.136596882,-0.1436
1585,20100308 01:00:00,-0.42,-0.16,-0.47,-0.08,-0.127632755,-0.14364
1586,20100308 02:00:00,-0.4,-0.14,-0.45,-0.15,-0.135176165,-0.14376
1587,20100308 03:00:00,-0.36,-0.1,-0.41,-0.23,-0.166904336,-0.1639
1588,20100308 04:00:00,-0.3,-0.05,-0.34,-0.32,-0.221472871,-0.19401
1589,20100308 05:00:00,-0.23,0,-0.26,-0.41,-0.294311845,-0.2441
1590,20100308 06:00:00,-0.15,0.05,-0.17,-0.49,-0.379377142,-0.30411
1591,20100308 07:00:00,-0.07,0.09,-0.08,-0.53,-0.465053192,-0.38417
1592,20100308 08:00:00,0.02,0.13,0,-0.55,-0.531444959,-0.44418
1593,20100308 09:00:00,0.12,0.16,0.07,-0.55,-0.560349494,-0.49422
1594,20100308 10:00:00,0.22,0.19,0.14,-0.53,-0.546446606,-0.50443
1595,20100308 11:00:00,0.3,0.21,0.2,-0.47,-0.494196019,-0.48446
1596,20100308 12:00:00,0.35,0.22,0.24,-0.4,-0.412989637,-0.4345
1597,20100308 13:00:00,0.37,0.21,0.26,-0.3,-0.320018246,-0.36461
1598,20100308 14:00:00,0.38,0.2,0.26,-0.2,-0.235971371,-0.29476
1599,20100308 15:00:00,0.35,0.18,0.25,-0.1,-0.171382275,-0.22491
1600,20100308 16:00:00,0.3,0.16,0.22,-0.02,-0.12350045,-0.15508
1601,20100308 17:00:00,0.22,0.12,0.16,0.04,-0.087541351,-0.11522
1602,20100308 18:00:00,0.12,0.07,0.08,0.08,-0.066105897,-0.08548
1603,20100308 19:00:00,0.02,0.02,-0.01,0.12,-0.064919628,-0.08577
1604,20100308 20:00:00,-0.08,-0.03,-0.11,0.13,-0.082035182,-0.09589
1605,20100308 21:00:00,-0.17,-0.08,-0.21,0.12,-0.107439386,-0.10609
1606,20100308 22:00:00,-0.25,-0.12,-0.29,0.09,-0.131741454,-0.12623
1607,20100308 23:00:00,-0.33,-0.15,-0.36,0.06,-0.148331461,-0.13642
1608,20100309 00:00:00,-0.38,-0.16,-0.41,0.03,-0.151863022,-0.14658
1609,20100309 01:00:00,-0.41,-0.17,-0.45,-0.02,-0.142870466,-0.14693
1610,20100309 02:00:00,-0.42,-0.15,-0.46,-0.07,-0.133532211,-0.14725
1611,20100309 03:00:00,-0.4,-0.12,-0.44,-0.13,-0.139186705,-0.14751
1612,20100309 04:00:00,-0.35,-0.08,-0.39,-0.21,-0.167587111,-0.16787
1613,20100309 05:00:00,-0.3,-0.04,-0.33,-0.31,-0.217475623,-0.1882
1614,20100309 06:00:00,-0.23,0.01,-0.25,-0.39,-0.285308353,-0.22851
1615,20100309 07:00:00,-0.15,0.05,-0.16,-0.47,-0.367591979,-0.29869
1616,20100309 08:00:00,-0.06,0.09,-0.08,-0.51,-0.453929865,-0.36884
1617,20100309 09:00:00,0.03,0.12,0,-0.54,-0.523436826,-0.43893
1618,20100309 10:00:00,0.13,0.16,0.07,-0.53,-0.556036984,-0.48908
1619,20100309 11:00:00,0.22,0.19,0.14,-0.5,-0.544945518,-0.50921
1620,20100309 12:00:00,0.3,0.21,0.2,-0.45,-0.493835757,-0.48933
1621,20100309 13:00:00,0.35,0.21,0.24,-0.37,-0.412427881,-0.42949
1622,20100309 14:00:00,0.38,0.21,0.25,-0.27,-0.319391364,-0.36963
1623,20100309 15:00:00,0.39,0.2,0.26,-0.17,-0.236241567,-0.28985
1624,20100309 16:00:00,0.36,0.19,0.25,-0.08,-0.172722133,-0.22006
1625,20100309 17:00:00,0.31,0.16,0.22,0,-0.124705494,-0.16029
1626,20100309 18:00:00,0.22,0.12,0.16,0.05,-0.087208285,-0.1106
1627,20100309 19:00:00,0.13,0.08,0.09,0.08,-0.064622992,-0.09098
1628,20100309 20:00:00,0.03,0.03,-0.01,0.11,-0.064693694,-0.08122
1629,20100309 21:00:00,-0.07,-0.03,-0.11,0.11,-0.085479494,-0.09144
1630,20100309 22:00:00,-0.17,-0.08,-0.21,0.1,-0.115006189,-0.11164
1631,20100309 23:00:00,-0.25,-0.11,-0.29,0.08,-0.141810448,-0.13179
1632,20100310 00:00:00,-0.32,-0.14,-0.35,0.05,-0.158266664,-0.14193
1633,20100310 01:00:00,-0.37,-0.15,-0.4,0.03,-0.159112748,-0.15204
1634,20100310 02:00:00,-0.41,-0.15,-0.43,-0.01,-0.145805239,-0.15219
1635,20100310 03:00:00,-0.41,-0.13,-0.43,-0.06,-0.131527901,-0.15236
1636,20100310 04:00:00,-0.38,-0.1,-0.41,-0.12,-0.132782748,-0.15247
1637,20100310 05:00:00,-0.34,-0.06,-0.36,-0.2,-0.1580775,-0.15253
1638,20100310 06:00:00,-0.28,-0.02,-0.3,-0.29,-0.206609576,-0.17267
1639,20100310 07:00:00,-0.21,0.02,-0.22,-0.38,-0.275290605,-0.2226
1640,20100310 08:00:00,-0.14,0.06,-0.14,-0.44,-0.36073643,-0.28264
1641,20100310 09:00:00,-0.05,0.09,-0.07,-0.49,-0.451065979,-0.36269
1642,20100310 10:00:00,0.04,0.12,0,-0.51,-0.52293896,-0.44269
1643,20100310 11:00:00,0.14,0.15,0.07,-0.5,-0.555529952,-0.49265
1644,20100310 12:00:00,0.23,0.18,0.13,-0.47,-0.542194012,-0.50272
1645,20100310 13:00:00,0.3,0.2,0.19,-0.41,-0.486318855,-0.48278
1646,20100310 14:00:00,0.36,0.21,0.22,-0.32,-0.399359153,-0.4229
1647,20100310 15:00:00,0.39,0.21,0.24,-0.22,-0.303501056,-0.353
1648,20100310 16:00:00,0.38,0.21,0.24,-0.13,-0.22122457,-0.2832
1649,20100310 17:00:00,0.36,0.19,0.24,-0.05,-0.160505238,-0.20337
1650,20100310 18:00:00,0.3,0.17,0.21,0,-0.115465347,-0.14348
1651,20100310 19:00:00,0.22,0.13,0.16,0.04,-0.08159167,-0.10356
1652,20100310 20:00:00,0.12,0.08,0.08,0.07,-0.064738653,-0.0837
1653,20100310 21:00:00,0.02,0.03,-0.02,0.09,-0.072038325,-0.09382
1654,20100310 22:00:00,-0.08,-0.02,-0.11,0.08,-0.098521957,-0.10392
1655,20100310 23:00:00,-0.17,-0.07,-0.2,0.07,-0.130018943,-0.12403
1656,20100311 00:00:00,-0.25,-0.1,-0.28,0.06,-0.155294041,-0.14408
1657,20100311 01:00:00,-0.31,-0.12,-0.33,0.05,-0.167231348,-0.15415
1658,20100311 02:00:00,-0.36,-0.13,-0.38,0.03,-0.160365286,-0.1544
1659,20100311 03:00:00,-0.38,-0.12,-0.4,0,-0.138127712,-0.15457
1660,20100311 04:00:00,-0.38,-0.11,-0.4,-0.05,-0.117376455,-0.14475
1661,20100311 05:00:00,-0.35,-0.08,-0.37,-0.11,-0.116934605,-0.13513
1662,20100311 06:00:00,-0.31,-0.04,-0.32,-0.19,-0.14476671,-0.13542
1663,20100311 07:00:00,-0.25,-0.01,-0.26,-0.28,-0.198402352,-0.16575
1664,20100311 08:00:00,-0.18,0.03,-0.19,-0.36,-0.273632068,-0.21611
1665,20100311 09:00:00,-0.11,0.06,-0.13,-0.42,-0.36596161,-0.28665
1666,20100311 10:00:00,-0.03,0.09,-0.06,-0.46,-0.460776384,-0.37729
1667,20100311 11:00:00,0.05,0.11,0,-0.47,-0.532820566,-0.44787
1668,20100311 12:00:00,0.14,0.14,0.06,-0.45,-0.561183227,-0.48855
1669,20100311 13:00:00,0.23,0.17,0.12,-0.41,-0.539935029,-0.49925
1670,20100311 14:00:00,0.3,0.19,0.17,-0.34,-0.473728182,-0.46999
1671,20100311 15:00:00,0.35,0.2,0.2,-0.26,-0.378463769,-0.41065
1672,20100311 16:00:00,0.37,0.21,0.22,-0.17,-0.280513157,-0.3412
1673,20100311 17:00:00,0.37,0.21,0.23,-0.1,-0.202375488,-0.2617
1674,20100311 18:00:00,0.34,0.19,0.23,-0.04,-0.148734335,-0.18217
1675,20100311 19:00:00,0.28,0.17,0.2,0,-0.111818655,-0.13268
1676,20100311 20:00:00,0.2,0.13,0.14,0.03,-0.088126173,-0.10312
1677,20100311 21:00:00,0.1,0.08,0.06,0.05,-0.083199622,-0.09361
1678,20100311 22:00:00,0.01,0.03,-0.03,0.05,-0.100982303,-0.11409
1679,20100311 23:00:00,-0.09,-0.02,-0.12,0.05,-0.133157466,-0.12455
1680,20100312 00:00:00,-0.17,-0.06,-0.2,0.04,-0.165191236,-0.14506
1681,20100312 01:00:00,-0.24,-0.09,-0.27,0.04,-0.186066243,-0.16556
1682,20100312 02:00:00,-0.29,-0.1,-0.32,0.04,-0.188151802,-0.17616
1683,20100312 03:00:00,-0.33,-0.1,-0.35,0.03,-0.167625975,-0.17673
1684,20100312 04:00:00,-0.34,-0.09,-0.36,0,-0.134156427,-0.15723
1685,20100312 05:00:00,-0.33,-0.07,-0.35,-0.04,-0.109926131,-0.13775
1686,20100312 06:00:00,-0.31,-0.05,-0.32,-0.11,-0.113398774,-0.12826
1687,20100312 07:00:00,-0.26,-0.02,-0.28,-0.19,-0.14827235,-0.13868
1688,20100312 08:00:00,-0.21,0.01,-0.22,-0.27,-0.209337627,-0.15906
1689,20100312 09:00:00,-0.15,0.03,-0.17,-0.34,-0.291497625,-0.21944
1690,20100312 10:00:00,-0.08,0.06,-0.11,-0.4,-0.388813142,-0.30965
1691,20100312 11:00:00,-0.02,0.08,-0.05,-0.42,-0.483764234,-0.38984
1692,20100312 12:00:00,0.06,0.11,0,-0.42,-0.549587109,-0.45999
1693,20100312 13:00:00,0.14,0.14,0.05,-0.39,-0.566150452,-0.50018
1694,20100312 14:00:00,0.22,0.16,0.1,-0.34,-0.528769758,-0.5004
1695,20100312 15:00:00,0.29,0.18,0.15,-0.27,-0.446450119,-0.46054
1696,20100312 16:00:00,0.32,0.2,0.17,-0.2,-0.342135187,-0.39073
1697,20100312 17:00:00,0.34,0.21,0.2,-0.13,-0.246208082,-0.3108
1698,20100312 18:00:00,0.33,0.2,0.21,-0.07,-0.177485116,-0.23088
1699,20100312 19:00:00,0.29,0.19,0.2,-0.04,-0.134986561,-0.16101
1700,20100312 20:00:00,0.24,0.16,0.17,-0.01,-0.109988833,-0.1211
1701,20100312 21:00:00,0.16,0.12,0.11,0,-0.10010127,-0.11114
1702,20100312 22:00:00,0.07,0.07,0.03,0,-0.109679614,-0.11119
1703,20100312 23:00:00,-0.02,0.03,-0.05,0,-0.138344884,-0.13115
1704,20100313 00:00:00,-0.1,-0.02,-0.13,0.01,-0.174978851,-0.16105
1705,20100313 01:00:00,-0.17,-0.05,-0.2,0.01,-0.204074283,-0.18093
1706,20100313 02:00:00,-0.22,-0.06,-0.25,0.02,-0.213820772,-0.20076
1707,20100313 03:00:00,-0.26,-0.07,-0.29,0.02,-0.192865463,-0.19062
1708,20100313 04:00:00,-0.28,-0.07,-0.3,0.02,-0.158172426,-0.18035
1709,20100313 05:00:00,-0.29,-0.06,-0.31,-0.01,-0.114942867,-0.1501
1710,20100313 06:00:00,-0.28,-0.04,-0.29,-0.05,-0.092563433,-0.11977
1711,20100313 07:00:00,-0.25,-0.02,-0.27,-0.12,-0.103815478,-0.10945
1712,20100313 08:00:00,-0.21,0,-0.23,-0.19,-0.146250674,-0.11917
1713,20100313 09:00:00,-0.16,0.02,-0.18,-0.26,-0.213215511,-0.15894
1714,20100313 10:00:00,-0.11,0.04,-0.14,-0.32,-0.300646748,-0.22874
1715,20100313 11:00:00,-0.07,0.05,-0.09,-0.36,-0.400370371,-0.31854
1716,20100313 12:00:00,-0.01,0.07,-0.05,-0.37,-0.491266534,-0.39847
1717,20100313 13:00:00,0.06,0.1,-0.01,-0.35,-0.544762313,-0.45841
1718,20100313 14:00:00,0.13,0.13,0.03,-0.31,-0.542520335,-0.48821
1719,20100313 15:00:00,0.2,0.15,0.07,-0.26,-0.484347928,-0.47802
1720,20100313 16:00:00,0.25,0.17,0.11,-0.2,-0.386526469,-0.41774
1721,20100313 17:00:00,0.28,0.19,0.14,-0.14,-0.279702126,-0.33736
1722,20100313 18:00:00,0.29,0.19,0.16,-0.09,-0.193965606,-0.25697
1723,20100313 19:00:00,0.28,0.19,0.17,-0.06,-0.140760507,-0.17664
1724,20100313 20:00:00,0.25,0.17,0.16,-0.05,-0.113474689,-0.12635
1725,20100313 21:00:00,0.19,0.15,0.13,-0.04,-0.103711418,-0.10618
1726,20100313 22:00:00,0.11,0.11,0.07,-0.05,-0.110946857,-0.10599
1727,20100313 23:00:00,0.03,0.07,0.01,-0.05,-0.137499511,-0.12586
1728,20100314 00:00:00,-0.04,0.03,-0.07,-0.05,-0.178195864,-0.15567
1729,20100314 01:00:00,-0.1,0,-0.14,-0.04,-0.217889265,-0.18537
1730,20100314 02:00:00,-0.15,-0.02,-0.19,-0.02,-0.23909348,-0.21511
1731,20100314 03:00:00,-0.18,-0.03,-0.22,-0.01,-0.230346085,-0.22475
1732,20100314 04:00:00,-0.2,-0.03,-0.24,0,-0.190981078,-0.20443
1733,20100314 05:00:00,-0.22,-0.03,-0.25,-0.01,-0.135888928,-0.16414
1734,20100314 06:00:00,-0.22,-0.02,-0.24,-0.03,-0.091194831,-0.12376
1735,20100314 07:00:00,-0.2,0,-0.23,-0.07,-0.077324311,-0.10342
1736,20100314 08:00:00,-0.18,0.01,-0.21,-0.13,-0.097632073,-0.09318
1737,20100314 09:00:00,-0.15,0.02,-0.18,-0.19,-0.145403302,-0.11299
1738,20100314 10:00:00,-0.12,0.03,-0.14,-0.25,-0.216154662,-0.16279
1739,20100314 11:00:00,-0.09,0.03,-0.12,-0.29,-0.306741103,-0.23261
1740,20100314 12:00:00,-0.06,0.04,-0.09,-0.32,-0.405012909,-0.31247
1741,20100314 13:00:00,-0.02,0.06,-0.07,-0.31,-0.485064205,-0.39234
1742,20100314 14:00:00,0.04,0.08,-0.04,-0.27,-0.518980131,-0.44221
1743,20100314 15:00:00,0.1,0.11,-0.01,-0.23,-0.493312118,-0.46216
1744,20100314 16:00:00,0.15,0.13,0.03,-0.18,-0.415173413,-0.42203
1745,20100314 17:00:00,0.19,0.15,0.06,-0.13,-0.310050348,-0.35191
1746,20100314 18:00:00,0.21,0.17,0.09,-0.1,-0.212390339,-0.27197
1747,20100314 19:00:00,0.22,0.17,0.11,-0.08,-0.146348774,-0.20202
1748,20100314 20:00:00,0.21,0.17,0.12,-0.07,-0.11331523,-0.14206
1749,20100314 21:00:00,0.18,0.15,0.11,-0.08,-0.103033184,-0.10202
1750,20100314 22:00:00,0.13,0.13,0.08,-0.1,-0.110449109,-0.10198
1751,20100314 23:00:00,0.06,0.09,0.04,-0.11,-0.137365819,-0.12193
1752,20100315 00:00:00,0,0.06,-0.02,-0.12,-0.182437195,-0.16186
1753,20100315 01:00:00,-0.05,0.03,-0.08,-0.11,-0.233817704,-0.1917
1754,20100315 02:00:00,-0.09,0.02,-0.13,-0.1,-0.27094882,-0.23155
1755,20100315 03:00:00,-0.11,0.01,-0.16,-0.07,-0.275463576,-0.25147
1756,20100315 04:00:00,-0.13,0.01,-0.17,-0.05,-0.241636011,-0.25139
1757,20100315 05:00:00,-0.14,0.01,-0.18,-0.04,-0.180559647,-0.21133
1758,20100315 06:00:00,-0.14,0.02,-0.18,-0.04,-0.117676332,-0.1613
1759,20100315 07:00:00,-0.14,0.02,-0.17,-0.06,-0.079085063,-0.11126
1760,20100315 08:00:00,-0.12,0.03,-0.16,-0.09,-0.075036273,-0.09125
1761,20100315 09:00:00,-0.11,0.03,-0.14,-0.14,-0.100584648,-0.09118
1762,20100315 10:00:00,-0.09,0.03,-0.13,-0.18,-0.150073881,-0.11114
1763,20100315 11:00:00,-0.09,0.03,-0.11,-0.22,-0.222869417,-0.16108
1764,20100315 12:00:00,-0.08,0.03,-0.11,-0.25,-0.314136145,-0.24095
1765,20100315 13:00:00,-0.07,0.03,-0.11,-0.25,-0.405450312,-0.32078
1766,20100315 14:00:00,-0.03,0.04,-0.1,-0.23,-0.467706772,-0.38066
1767,20100315 15:00:00,0.01,0.06,-0.08,-0.19,-0.476471646,-0.4205
1768,20100315 16:00:00,0.06,0.09,-0.05,-0.15,-0.426803782,-0.41034
1769,20100315 17:00:00,0.09,0.11,-0.02,-0.11,-0.335469453,-0.36021
1770,20100315 18:00:00,0.12,0.12,0,-0.09,-0.234709994,-0.29015
1771,20100315 19:00:00,0.13,0.13,0.02,-0.08,-0.157016157,-0.22014
1772,20100315 20:00:00,0.14,0.14,0.04,-0.08,-0.115561347,-0.16015
1773,20100315 21:00:00,0.14,0.14,0.05,-0.1,-0.102619947,-0.10997
1774,20100315 22:00:00,0.11,0.13,0.05,-0.13,-0.108857849,-0.09988
1775,20100315 23:00:00,0.06,0.11,0.03,-0.17,-0.135140007,-0.11969
1776,20100316 00:00:00,0.02,0.08,0,-0.19,-0.183650211,-0.15944
1777,20100316 01:00:00,-0.02,0.06,-0.04,-0.19,-0.245980485,-0.19926
1778,20100316 02:00:00,-0.05,0.05,-0.08,-0.18,-0.301183485,-0.24899
1779,20100316 03:00:00,-0.06,0.05,-0.1,-0.16,-0.324852212,-0.28874
1780,20100316 04:00:00,-0.06,0.05,-0.11,-0.13,-0.303556646,-0.2985
1781,20100316 05:00:00,-0.05,0.06,-0.11,-0.1,-0.242925672,-0.26821
1782,20100316 06:00:00,-0.05,0.06,-0.1,-0.08,-0.166171328,-0.20789
1783,20100316 07:00:00,-0.05,0.06,-0.1,-0.08,-0.102854197,-0.14761
1784,20100316 08:00:00,-0.04,0.06,-0.09,-0.08,-0.072007602,-0.10737
1785,20100316 09:00:00,-0.04,0.06,-0.08,-0.1,-0.073374511,-0.08713
1786,20100316 10:00:00,-0.04,0.05,-0.08,-0.13,-0.09910976,-0.08687
1787,20100316 11:00:00,-0.06,0.04,-0.08,-0.16,-0.148039091,-0.1066
1788,20100316 12:00:00,-0.08,0.02,-0.09,-0.19,-0.22140372,-0.16629
1789,20100316 13:00:00,-0.09,0.01,-0.12,-0.19,-0.309311098,-0.23598
1790,20100316 14:00:00,-0.08,0.01,-0.14,-0.18,-0.387039861,-0.3056
1791,20100316 15:00:00,-0.06,0.02,-0.14,-0.14,-0.425400281,-0.35527
1792,20100316 16:00:00,-0.04,0.03,-0.13,-0.1,-0.407862641,-0.37499
1793,20100316 17:00:00,-0.01,0.05,-0.11,-0.08,-0.340617797,-0.35481
1794,20100316 18:00:00,0,0.07,-0.1,-0.06,-0.248829829,-0.29473
1795,20100316 19:00:00,0.02,0.08,-0.08,-0.06,-0.165839245,-0.22462
1796,20100316 20:00:00,0.04,0.1,-0.06,-0.07,-0.115648181,-0.16453
1797,20100316 21:00:00,0.06,0.11,-0.03,-0.1,-0.099186074,-0.12438
1798,20100316 22:00:00,0.05,0.11,-0.01,-0.15,-0.104352692,-0.10417
1799,20100316 23:00:00,0.03,0.1,-0.01,-0.2,-0.127480169,-0.10397
1800,20100317 00:00:00,0.01,0.09,-0.01,-0.25,-0.174623002,-0.14371
1801,20100317 01:00:00,-0.01,0.08,-0.03,-0.27,-0.243967234,-0.19344
1802,20100317 02:00:00,-0.02,0.08,-0.05,-0.27,-0.316710654,-0.25308
1803,20100317 03:00:00,-0.02,0.08,-0.06,-0.25,-0.364037622,-0.31256
1804,20100317 04:00:00,0,0.09,-0.05,-0.22,-0.363883594,-0.33199
1805,20100317 05:00:00,0.02,0.1,-0.04,-0.19,-0.313966071,-0.32147
1806,20100317 06:00:00,0.03,0.11,-0.03,-0.16,-0.232376998,-0.27103
1807,20100317 07:00:00,0.04,0.11,-0.02,-0.13,-0.148465337,-0.20058
1808,20100317 08:00:00,0.05,0.1,-0.02,-0.11,-0.088535444,-0.14002
1809,20100317 09:00:00,0.05,0.09,-0.01,-0.1,-0.062487319,-0.09946
1810,20100317 10:00:00,0.04,0.08,-0.01,-0.1,-0.064198959,-0.07898
1811,20100317 11:00:00,0.01,0.06,-0.02,-0.12,-0.087859501,-0.06849
1812,20100317 12:00:00,-0.03,0.03,-0.05,-0.13,-0.136054518,-0.09803
1813,20100317 13:00:00,-0.07,0.01,-0.09,-0.14,-0.208148881,-0.15754
1814,20100317 14:00:00,-0.1,-0.01,-0.14,-0.12,-0.287469307,-0.22699
1815,20100317 15:00:00,-0.11,-0.02,-0.17,-0.09,-0.345552787,-0.28648
1816,20100317 16:00:00,-0.11,-0.01,-0.19,-0.06,-0.358127956,-0.31611
1817,20100317 17:00:00,-0.1,0,-0.19,-0.03,-0.319955353,-0.3157
1818,20100317 18:00:00,-0.1,0.01,-0.19,-0.02,-0.247210381,-0.27529
1819,20100317 19:00:00,-0.09,0.02,-0.18,-0.03,-0.168424595,-0.21492
1820,20100317 20:00:00,-0.08,0.04,-0.17,-0.05,-0.111941058,-0.16464
1821,20100317 21:00:00,-0.05,0.06,-0.14,-0.09,-0.090129192,-0.12437
1822,20100317 22:00:00,-0.03,0.07,-0.11,-0.15,-0.095235227,-0.10414
1823,20100317 23:00:00,-0.03,0.08,-0.08,-0.21,-0.116886664,-0.10376
1824,20100318 00:00:00,-0.03,0.08,-0.06,-0.28,-0.158676819,-0.12341
1825,20100318 01:00:00,-0.03,0.09,-0.05,-0.33,-0.227411525,-0.18309
1826,20100318 02:00:00,-0.02,0.09,-0.04,-0.35,-0.312145469,-0.2527
1827,20100318 03:00:00,0,0.1,-0.03,-0.35,-0.383627716,-0.3122
1828,20100318 04:00:00,0.04,0.12,-0.01,-0.32,-0.41171827,-0.36164
1829,20100318 05:00:00,0.07,0.14,0.01,-0.29,-0.383872639,-0.371
1830,20100318 06:00:00,0.1,0.15,0.04,-0.25,-0.310372967,-0.33042
1831,20100318 07:00:00,0.12,0.15,0.06,-0.21,-0.216520431,-0.26002
1832,20100318 08:00:00,0.14,0.15,0.06,-0.17,-0.130708533,-0.18964
1833,20100318 09:00:00,0.15,0.14,0.07,-0.13,-0.073052867,-0.12921
1834,20100318 10:00:00,0.14,0.12,0.07,-0.1,-0.047482951,-0.07878
1835,20100318 11:00:00,0.1,0.1,0.05,-0.09,-0.046848717,-0.05838
1836,20100318 12:00:00,0.04,0.06,0.02,-0.09,-0.068277426,-0.05794
1837,20100318 13:00:00,-0.03,0.02,-0.04,-0.09,-0.115413413,-0.08749
1838,20100318 14:00:00,-0.08,-0.01,-0.1,-0.07,-0.182963935,-0.13696
1839,20100318 15:00:00,-0.12,-0.03,-0.17,-0.04,-0.248528292,-0.19641
1840,20100318 16:00:00,-0.15,-0.04,-0.21,-0.01,-0.284006575,-0.2459
1841,20100318 17:00:00,-0.17,-0.05,-0.24,0.01,-0.274491045,-0.25533
1842,20100318 18:00:00,-0.18,-0.04,-0.26,0.02,-0.226399738,-0.23478
1843,20100318 19:00:00,-0.2,-0.04,-0.26,0.01,-0.161676176,-0.19427
1844,20100318 20:00:00,-0.19,-0.02,-0.26,-0.02,-0.10582241,-0.15385
1845,20100318 21:00:00,-0.17,0,-0.25,-0.06,-0.077643633,-0.12345
1846,20100318 22:00:00,-0.14,0.02,-0.22,-0.12,-0.080082895,-0.10306
1847,20100318 23:00:00,-0.11,0.04,-0.18,-0.2,-0.102882159,-0.09262
1848,20100319 00:00:00,-0.09,0.06,-0.14,-0.28,-0.140847566,-0.11215
1849,20100319 01:00:00,-0.07,0.07,-0.1,-0.35,-0.20175285,-0.16154
1850,20100319 02:00:00,-0.04,0.09,-0.07,-0.4,-0.287363096,-0.23098
1851,20100319 03:00:00,0,0.11,-0.04,-0.42,-0.376568976,-0.30033
1852,20100319 04:00:00,0.05,0.14,0,-0.41,-0.435226814,-0.36965
1853,20100319 05:00:00,0.1,0.16,0.04,-0.39,-0.439459156,-0.39891
1854,20100319 06:00:00,0.15,0.18,0.09,-0.35,-0.388426424,-0.38822
1855,20100319 07:00:00,0.19,0.19,0.12,-0.31,-0.300392199,-0.33772
1856,20100319 08:00:00,0.22,0.19,0.14,-0.25,-0.200558886,-0.25733
1857,20100319 09:00:00,0.24,0.18,0.15,-0.19,-0.112936793,-0.17698
1858,20100319 10:00:00,0.24,0.17,0.15,-0.13,-0.053958129,-0.11662
1859,20100319 11:00:00,0.21,0.14,0.14,-0.09,-0.025848516,-0.06621
1860,20100319 12:00:00,0.14,0.1,0.1,-0.06,-0.022049891,-0.03587
1861,20100319 13:00:00,0.06,0.06,0.05,-0.05,-0.041312157,-0.03556
1862,20100319 14:00:00,-0.02,0.02,-0.03,-0.03,-0.085555041,-0.06523
1863,20100319 15:00:00,-0.09,-0.02,-0.12,0,-0.144509602,-0.11491
1864,20100319 16:00:00,-0.15,-0.05,-0.19,0.03,-0.193010084,-0.16457
1865,20100319 17:00:00,-0.2,-0.07,-0.25,0.06,-0.208150296,-0.1943
1866,20100319 18:00:00,-0.24,-0.08,-0.3,0.07,-0.185923928,-0.19409
1867,20100319 19:00:00,-0.27,-0.08,-0.32,0.05,-0.140891759,-0.16391
1868,20100319 20:00:00,-0.28,-0.08,-0.34,0.02,-0.094174331,-0.13374
1869,20100319 21:00:00,-0.28,-0.07,-0.34,-0.02,-0.063715401,-0.10353
1870,20100319 22:00:00,-0.25,-0.04,-0.32,-0.08,-0.059857115,-0.09333
1871,20100319 23:00:00,-0.21,-0.02,-0.28,-0.16,-0.081361342,-0.08321
1872,20100320 00:00:00,-0.17,0.01,-0.23,-0.25,-0.120074596,-0.09306
1873,20100320 01:00:00,-0.14,0.04,-0.18,-0.34,-0.1749057,-0.13291
1874,20100320 02:00:00,-0.09,0.07,-0.13,-0.42,-0.252430832,-0.20279
1875,20100320 03:00:00,-0.03,0.1,-0.07,-0.47,-0.346617667,-0.27266
1876,20100320 04:00:00,0.03,0.14,-0.01,-0.48,-0.430298534,-0.35247
1877,20100320 05:00:00,0.11,0.17,0.05,-0.47,-0.47195068,-0.40219
1878,20100320 06:00:00,0.17,0.2,0.11,-0.44,-0.457149584,-0.42194
1879,20100320 07:00:00,0.23,0.22,0.16,-0.4,-0.393025896,-0.40178
1880,20100320 08:00:00,0.28,0.23,0.19,-0.35,-0.298586003,-0.34165
1881,20100320 09:00:00,0.31,0.23,0.22,-0.27,-0.19520843,-0.26156
1882,20100320 10:00:00,0.32,0.21,0.22,-0.2,-0.104457289,-0.18157
1883,20100320 11:00:00,0.31,0.19,0.22,-0.13,-0.042345191,-0.11154
1884,20100320 12:00:00,0.25,0.16,0.19,-0.07,-0.010936345,-0.05156
1885,20100320 13:00:00,0.17,0.11,0.14,-0.03,-0.004094,-0.02159
1886,20100320 14:00:00,0.08,0.06,0.07,0,-0.020278758,-0.02161
1887,20100320 15:00:00,-0.02,0.01,-0.03,0.03,-0.05867131,-0.05158
1888,20100320 16:00:00,-0.1,-0.03,-0.12,0.06,-0.105462708,-0.09156
1889,20100320 17:00:00,-0.18,-0.07,-0.21,0.1,-0.136908189,-0.12154
1890,20100320 18:00:00,-0.24,-0.09,-0.29,0.11,-0.138143026,-0.14152
1891,20100320 19:00:00,-0.29,-0.11,-0.34,0.1,-0.113893456,-0.13152
1892,20100320 20:00:00,-0.33,-0.12,-0.38,0.07,-0.080838889,-0.11159
1893,20100320 21:00:00,-0.35,-0.11,-0.4,0.03,-0.054036353,-0.09167
1894,20100320 22:00:00,-0.35,-0.1,-0.4,-0.03,-0.043854883,-0.07174
1895,20100320 23:00:00,-0.32,-0.07,-0.38,-0.11,-0.056847022,-0.07175
1896,20100321 00:00:00,-0.27,-0.04,-0.33,-0.2,-0.092282837,-0.08168
1897,20100321 01:00:00,-0.22,0,-0.27,-0.29,-0.14426327,-0.11142
1898,20100321 02:00:00,-0.16,0.04,-0.21,-0.39,-0.212046979,-0.16107
1899,20100321 03:00:00,-0.1,0.08,-0.14,-0.47,-0.297827542,-0.24052
1900,20100321 04:00:00,-0.02,0.12,-0.06,-0.51,-0.390510783,-0.31966
1901,20100321 05:00:00,0.07,0.16,0.02,-0.53,-0.462866039,-0.38874
1902,20100321 06:00:00,0.16,0.2,0.09,-0.52,-0.490473811,-0.42783
1903,20100321 07:00:00,0.23,0.23,0.16,-0.49,-0.465314519,-0.43683
1904,20100321 08:00:00,0.3,0.25,0.22,-0.44,-0.396210437,-0.4058
1905,20100321 09:00:00,0.35,0.26,0.26,-0.37,-0.298611777,-0.34473
1906,20100321 10:00:00,0.39,0.25,0.28,-0.28,-0.190872559,-0.26369
1907,20100321 11:00:00,0.39,0.24,0.29,-0.19,-0.094762923,-0.17283
1908,20100321 12:00:00,0.36,0.21,0.27,-0.11,-0.027399914,-0.09188
1909,20100321 13:00:00,0.3,0.17,0.24,-0.04,0.009040862,-0.04099
1910,20100321 14:00:00,0.21,0.12,0.18,0.01,0.021331127,2.00E-05
1911,20100321 15:00:00,0.1,0.07,0.09,0.05,0.01184679,0.00101
1912,20100321 16:00:00,0,0.02,-0.01,0.09,-0.016424682,-0.01783
1913,20100321 17:00:00,-0.1,-0.03,-0.12,0.12,-0.048929293,-0.04671
1914,20100321 18:00:00,-0.19,-0.08,-0.22,0.14,-0.066456471,-0.0756
1915,20100321 19:00:00,-0.27,-0.11,-0.31,0.15,-0.061591982,-0.0745
1916,20100321 20:00:00,-0.33,-0.13,-0.37,0.12,-0.04280411,-0.06338
1917,20100321 21:00:00,-0.38,-0.14,-0.42,0.08,-0.022827214,-0.05218
1918,20100321 22:00:00,-0.4,-0.14,-0.44,0.03,-0.009862018,-0.041
1919,20100321 23:00:00,-0.4,-0.13,-0.44,-0.04,-0.010783246,-0.02983
1920,20100322 00:00:00,-0.37,-0.1,-0.42,-0.12,-0.032747135,-0.03864
1921,20100322 01:00:00,-0.32,-0.06,-0.37,-0.22,-0.076785116,-0.05742
1922,20100322 02:00:00,-0.26,-0.01,-0.3,-0.32,-0.136988271,-0.09618
1923,20100322 03:00:00,-0.18,0.04,-0.22,-0.42,-0.210992416,-0.16496
1924,20100322 04:00:00,-0.1,0.09,-0.14,-0.5,-0.297725707,-0.23379
1925,20100322 05:00:00,0,0.14,-0.04,-0.54,-0.385460499,-0.31268
1926,20100322 06:00:00,0.1,0.18,0.05,-0.56,-0.451529611,-0.3816
1927,20100322 07:00:00,0.19,0.22,0.13,-0.55,-0.475969867,-0.42056
1928,20100322 08:00:00,0.28,0.25,0.2,-0.52,-0.452212221,-0.42953
1929,20100322 09:00:00,0.36,0.27,0.26,-0.46,-0.385623553,-0.39858
1930,20100322 10:00:00,0.41,0.28,0.31,-0.37,-0.287785087,-0.32753
1931,20100322 11:00:00,0.44,0.27,0.33,-0.28,-0.176129792,-0.24647
1932,20100322 12:00:00,0.44,0.26,0.34,-0.18,-0.074531665,-0.15542
1933,20100322 13:00:00,0.41,0.23,0.32,-0.09,-0.001729315,-0.07437
1934,20100322 14:00:00,0.35,0.19,0.28,-0.01,0.040142994,-0.01338
1935,20100322 15:00:00,0.26,0.14,0.21,0.05,0.058265293,0.02751
1936,20100322 16:00:00,0.14,0.09,0.12,0.09,0.056057357,0.03827
1937,20100322 17:00:00,0.03,0.03,0.01,0.13,0.037520973,0.02897
1938,20100322 18:00:00,-0.08,-0.03,-0.1,0.16,0.014911329,-0.00035
1939,20100322 19:00:00,-0.19,-0.08,-0.21,0.17,0.002214326,-0.00978
1940,20100322 20:00:00,-0.27,-0.12,-0.31,0.16,0.003548072,-0.0192
1941,20100322 21:00:00,-0.34,-0.15,-0.39,0.13,0.012596776,-0.00855
1942,20100322 22:00:00,-0.4,-0.16,-0.44,0.09,0.02205071,0.00207
1943,20100322 23:00:00,-0.43,-0.16,-0.47,0.03,0.027483595,0.00276
1944,20100323 00:00:00,-0.43,-0.14,-0.47,-0.04,0.021533128,0.0034
1945,20100323 01:00:00,-0.4,-0.11,-0.45,-0.12,-0.005210111,-0.006
1946,20100323 02:00:00,-0.35,-0.07,-0.39,-0.22,-0.054074605,-0.03545
1947,20100323 03:00:00,-0.28,-0.01,-0.32,-0.32,-0.118233371,-0.08503
1948,20100323 04:00:00,-0.2,0.04,-0.23,-0.42,-0.193878872,-0.14473
1949,20100323 05:00:00,-0.11,0.1,-0.13,-0.51,-0.279875214,-0.21445
1950,20100323 06:00:00,0,0.15,-0.03,-0.56,-0.366827295,-0.29427
1951,20100323 07:00:00,0.1,0.19,0.06,-0.57,-0.435618974,-0.36391
1952,20100323 08:00:00,0.2,0.23,0.15,-0.57,-0.467165721,-0.40351
1953,20100323 09:00:00,0.3,0.26,0.22,-0.53,-0.451733874,-0.42307
1954,20100323 10:00:00,0.39,0.29,0.29,-0.47,-0.390671474,-0.3926
1955,20100323 11:00:00,0.45,0.3,0.34,-0.38,-0.293267068,-0.33212
1956,20100323 12:00:00,0.48,0.29,0.37,-0.27,-0.177694395,-0.24169
1957,20100323 13:00:00,0.49,0.27,0.37,-0.17,-0.070127982,-0.15136
1958,20100323 14:00:00,0.46,0.25,0.36,-0.07,0.008810515,-0.07114
1959,20100323 15:00:00,0.41,0.21,0.32,0.02,0.056666248,-0.00095
1960,20100323 16:00:00,0.31,0.17,0.25,0.08,0.081044327,0.04919
1961,20100323 17:00:00,0.2,0.11,0.16,0.12,0.086015258,0.05934
1962,20100323 18:00:00,0.07,0.05,0.05,0.15,0.074468063,0.05948
1963,20100323 19:00:00,-0.05,-0.02,-0.07,0.18,0.055316291,0.03974
1964,20100323 20:00:00,-0.16,-0.07,-0.19,0.19,0.039745338,0.01989
1965,20100323 21:00:00,-0.26,-0.12,-0.3,0.17,0.033322175,0.01009
1966,20100323 22:00:00,-0.34,-0.15,-0.38,0.14,0.034478135,0.01033
1967,20100323 23:00:00,-0.4,-0.17,-0.44,0.1,0.039581215,0.02053
1968,20100324 00:00:00,-0.44,-0.17,-0.47,0.05,0.044519242,0.02064
1969,20100324 01:00:00,-0.45,-0.15,-0.48,-0.02,0.040243189,0.02079
1970,20100324 02:00:00,-0.43,-0.12,-0.46,-0.11,0.01572997,0.01089
1971,20100324 03:00:00,-0.37,-0.07,-0.4,-0.2,-0.030823772,-0.01911
1972,20100324 04:00:00,-0.3,-0.01,-0.32,-0.31,-0.093034078,-0.05913
1973,20100324 05:00:00,-0.22,0.04,-0.23,-0.41,-0.167500257,-0.11913
1974,20100324 06:00:00,-0.12,0.1,-0.13,-0.5,-0.254360369,-0.18917
1975,20100324 07:00:00,-0.02,0.15,-0.03,-0.55,-0.346605044,-0.26918
1976,20100324 08:00:00,0.09,0.19,0.06,-0.58,-0.425983687,-0.34915
1977,20100324 09:00:00,0.2,0.23,0.15,-0.57,-0.470510408,-0.39914
1978,20100324 10:00:00,0.31,0.26,0.22,-0.53,-0.46594068,-0.4191
1979,20100324 11:00:00,0.4,0.29,0.3,-0.46,-0.410337509,-0.39907
1980,20100324 12:00:00,0.47,0.3,0.35,-0.37,-0.311852621,-0.33908
1981,20100324 13:00:00,0.51,0.3,0.38,-0.27,-0.189779658,-0.25909
1982,20100324 14:00:00,0.52,0.29,0.39,-0.16,-0.073718298,-0.15914
1983,20100324 15:00:00,0.51,0.27,0.38,-0.05,0.012776683,-0.0692
1984,20100324 16:00:00,0.45,0.24,0.35,0.04,0.06664086,0.01079
1985,20100324 17:00:00,0.36,0.19,0.29,0.1,0.096268581,0.06067
1986,20100324 18:00:00,0.24,0.14,0.2,0.13,0.105683697,0.08063
1987,20100324 19:00:00,0.12,0.07,0.09,0.16,0.095316453,0.07061
1988,20100324 20:00:00,-0.01,0,-0.04,0.18,0.071671816,0.05057
1989,20100324 21:00:00,-0.13,-0.06,-0.16,0.18,0.047548067,0.03059
1990,20100324 22:00:00,-0.23,-0.11,-0.28,0.16,0.033028516,0.0205
1991,20100324 23:00:00,-0.32,-0.14,-0.36,0.13,0.030159068,0.02037
1992,20100325 00:00:00,-0.39,-0.16,-0.42,0.1,0.036691324,0.02023
1993,20100325 01:00:00,-0.43,-0.16,-0.46,0.06,0.047969732,0.02008
1994,20100325 02:00:00,-0.45,-0.14,-0.48,0,0.053164115,0.02998
1995,20100325 03:00:00,-0.42,-0.11,-0.45,-0.08,0.038356315,0.01989
1996,20100325 04:00:00,-0.37,-0.06,-0.39,-0.17,-0.000781952,-0.00027
1997,20100325 05:00:00,-0.31,0,-0.31,-0.27,-0.05921248,-0.03043
1998,20100325 06:00:00,-0.23,0.05,-0.22,-0.38,-0.133804866,-0.08055
1999,20100325 07:00:00,-0.13,0.1,-0.13,-0.47,-0.225445403,-0.1507
2000,20100325 08:00:00,-0.03,0.14,-0.03,-0.53,-0.328152157,-0.24089
2001,20100325 09:00:00,0.08,0.18,0.05,-0.56,-0.422117814,-0.33107
2002,20100325 10:00:00,0.19,0.21,0.13,-0.56,-0.480857762,-0.40116
2003,20100325 11:00:00,0.29,0.25,0.21,-0.52,-0.485857287,-0.43132
2004,20100325 12:00:00,0.39,0.28,0.28,-0.45,-0.432662116,-0.41143
2005,20100325 13:00:00,0.46,0.29,0.33,-0.36,-0.328792059,-0.35141
2006,20100325 14:00:00,0.51,0.3,0.36,-0.25,-0.196511276,-0.27136
2007,20100325 15:00:00,0.54,0.3,0.38,-0.14,-0.07088654,-0.17141
2008,20100325 16:00:00,0.52,0.29,0.38,-0.03,0.021203063,-0.07149
2009,20100325 17:00:00,0.47,0.26,0.36,0.04,0.077504161,0.01853
2010,20100325 18:00:00,0.39,0.22,0.31,0.09,0.108103639,0.06852
2011,20100325 19:00:00,0.27,0.16,0.23,0.12,0.115822793,0.08851
2012,20100325 20:00:00,0.15,0.09,0.12,0.14,0.098763139,0.07857
2013,20100325 21:00:00,0.02,0.03,0,0.15,0.063971618,0.04873
2014,20100325 22:00:00,-0.09,-0.04,-0.13,0.14,0.028874978,0.01886
2015,20100325 23:00:00,-0.2,-0.08,-0.24,0.13,0.008203459,-0.00097
2016,20100326 00:00:00,-0.28,-0.12,-0.33,0.12,0.006049233,-0.0006
2017,20100326 01:00:00,-0.35,-0.13,-0.39,0.1,0.020853955,-0.0002
2018,20100326 02:00:00,-0.4,-0.13,-0.42,0.07,0.047499788,0.02029
2019,20100326 03:00:00,-0.41,-0.12,-0.44,0.02,0.071070632,0.03086
2020,20100326 04:00:00,-0.39,-0.08,-0.41,-0.04,0.071881983,0.04134
2021,20100326 05:00:00,-0.34,-0.04,-0.35,-0.12,0.041902667,0.03186
2022,20100326 06:00:00,-0.28,0.01,-0.28,-0.22,-0.013094574,0.01243
2023,20100326 07:00:00,-0.21,0.05,-0.2,-0.33,-0.088350929,-0.03692
2024,20100326 08:00:00,-0.13,0.09,-0.12,-0.42,-0.185197929,-0.11627
2025,20100326 09:00:00,-0.04,0.12,-0.04,-0.48,-0.298458481,-0.20545
2026,20100326 10:00:00,0.05,0.15,0.03,-0.52,-0.405587609,-0.30456
2027,20100326 11:00:00,0.15,0.19,0.09,-0.52,-0.474899694,-0.38377
2028,20100326 12:00:00,0.25,0.22,0.16,-0.48,-0.484245663,-0.41295
2029,20100326 13:00:00,0.34,0.25,0.22,-0.41,-0.427486749,-0.40225
2030,20100326 14:00:00,0.42,0.27,0.28,-0.32,-0.313362507,-0.35155
2031,20100326 15:00:00,0.47,0.28,0.31,-0.22,-0.169966642,-0.25098
2032,20100326 16:00:00,0.49,0.29,0.33,-0.11,-0.038456868,-0.14069
2033,20100326 17:00:00,0.49,0.28,0.34,-0.03,0.052866112,-0.04042
2034,20100326 18:00:00,0.45,0.26,0.34,0.04,0.104936141,0.04993
2035,20100326 19:00:00,0.37,0.23,0.3,0.07,0.129613923,0.10028
2036,20100326 20:00:00,0.27,0.18,0.23,0.08,0.127894934,0.10056
2037,20100326 21:00:00,0.15,0.11,0.13,0.08,0.096598526,0.08091
2038,20100326 22:00:00,0.04,0.05,0.02,0.08,0.045839678,0.04129
2039,20100326 23:00:00,-0.07,-0.01,-0.1,0.07,-0.00124662,0.00175
2040,20100327 00:00:00,-0.15,-0.05,-0.19,0.07,-0.026127846,-0.0178
2041,20100327 01:00:00,-0.23,-0.07,-0.27,0.08,-0.022970295,-0.0274
2042,20100327 02:00:00,-0.28,-0.08,-0.32,0.08,0.007559189,-0.01703
2043,20100327 03:00:00,-0.32,-0.08,-0.35,0.06,0.057407999,0.01325
2044,20100327 04:00:00,-0.33,-0.07,-0.36,0.04,0.103596628,0.04352
2045,20100327 05:00:00,-0.31,-0.04,-0.33,-0.01,0.118887483,0.0738
2046,20100327 06:00:00,-0.27,0,-0.28,-0.08,0.094912154,0.08404
2047,20100327 07:00:00,-0.22,0.03,-0.23,-0.17,0.041796491,0.06436
2048,20100327 08:00:00,-0.17,0.06,-0.17,-0.27,-0.033879381,0.01463
2049,20100327 09:00:00,-0.12,0.08,-0.11,-0.35,-0.135880325,-0.06512
2050,20100327 10:00:00,-0.05,0.1,-0.05,-0.42,-0.259679442,-0.17477
2051,20100327 11:00:00,0.02,0.12,-0.01,-0.45,-0.377953945,-0.27432
2052,20100327 12:00:00,0.1,0.14,0.03,-0.45,-0.453529935,-0.354
2053,20100327 13:00:00,0.18,0.18,0.08,-0.41,-0.461549521,-0.39376
2054,20100327 14:00:00,0.26,0.2,0.14,-0.35,-0.396635587,-0.38362
2055,20100327 15:00:00,0.33,0.23,0.19,-0.26,-0.271993672,-0.31375
2056,20100327 16:00:00,0.37,0.24,0.21,-0.17,-0.122496769,-0.21416
2057,20100327 17:00:00,0.4,0.26,0.24,-0.09,0.004735272,-0.10433
2058,20100327 18:00:00,0.4,0.26,0.27,-0.03,0.084349482,-0.00431
2059,20100327 19:00:00,0.38,0.25,0.28,0.01,0.122663886,0.07598
2060,20100327 20:00:00,0.31,0.22,0.25,0.02,0.13303949,0.10616
2061,20100327 21:00:00,0.22,0.18,0.2,0,0.113346342,0.09622
2062,20100327 22:00:00,0.13,0.13,0.13,-0.01,0.060611542,0.05615
2063,20100327 23:00:00,0.04,0.08,0.04,-0.03,-0.009836128,0.00627
2064,20100328 00:00:00,-0.03,0.04,-0.06,-0.02,-0.068874955,-0.04364
2065,20100328 01:00:00,-0.09,0.01,-0.13,-0.01,-0.094112504,-0.07358
2066,20100328 02:00:00,-0.14,-0.01,-0.19,0.01,-0.078136925,-0.0838
2067,20100328 03:00:00,-0.18,-0.02,-0.22,0.03,-0.023026637,-0.06397
2068,20100328 04:00:00,-0.2,-0.01,-0.24,0.04,0.055143224,-0.00407
2069,20100328 05:00:00,-0.2,0,-0.24,0.03,0.122687197,0.04589
2070,20100328 06:00:00,-0.18,0.02,-0.22,0.01,0.148510066,0.09581
2071,20100328 07:00:00,-0.16,0.04,-0.19,-0.04,0.129662512,0.11574
2072,20100328 08:00:00,-0.14,0.06,-0.15,-0.11,0.081806178,0.1057
2073,20100328 09:00:00,-0.12,0.06,-0.12,-0.19,0.009851809,0.0557
2074,20100328 10:00:00,-0.1,0.07,-0.09,-0.27,-0.093938867,-0.03425
2075,20100328 11:00:00,-0.07,0.07,-0.07,-0.33,-0.223968344,-0.13434
2076,20100328 12:00:00,-0.03,0.07,-0.06,-0.35,-0.346460604,-0.24443
2077,20100328 13:00:00,0.02,0.09,-0.05,-0.34,-0.419362324,-0.32459
2078,20100328 14:00:00,0.09,0.12,-0.01,-0.3,-0.418331311,-0.36475
2079,20100328 15:00:00,0.15,0.14,0.03,-0.25,-0.341916582,-0.3448
2080,20100328 16:00:00,0.19,0.17,0.06,-0.19,-0.209999092,-0.27481
2081,20100328 17:00:00,0.23,0.19,0.09,-0.12,-0.065111604,-0.16493
2082,20100328 18:00:00,0.26,0.21,0.12,-0.07,0.045727595,-0.06481
2083,20100328 19:00:00,0.28,0.22,0.16,-0.04,0.103679623,0.02529
2084,20100328 20:00:00,0.26,0.22,0.18,-0.04,0.121180327,0.08537
2085,20100328 21:00:00,0.22,0.21,0.18,-0.06,0.110512459,0.09547
2086,20100328 22:00:00,0.16,0.18,0.15,-0.1,0.067223638,0.0655
2087,20100328 23:00:00,0.1,0.14,0.11,-0.14,-0.010272353,0.0055
2088,20100329 00:00:00,0.05,0.11,0.05,-0.15,-0.100259129,-0.06455
2089,20100329 01:00:00,0.01,0.09,-0.01,-0.14,-0.166478884,-0.12457
2090,20100329 02:00:00,-0.01,0.07,-0.06,-0.12,-0.182860367,-0.16453
2091,20100329 03:00:00,-0.03,0.07,-0.08,-0.08,-0.143152509,-0.15438
2092,20100329 04:00:00,-0.04,0.07,-0.09,-0.04,-0.056692543,-0.10417
2093,20100329 05:00:00,-0.05,0.07,-0.1,-0.01,0.048859333,-0.0339
2094,20100329 06:00:00,-0.05,0.08,-0.11,0.01,0.132039972,0.0463
2095,20100329 07:00:00,-0.04,0.08,-0.09,0.01,0.16537856,0.09646
2096,20100329 08:00:00,-0.03,0.09,-0.07,-0.01,0.154736939,0.1266
2097,20100329 09:00:00,-0.04,0.08,-0.06,-0.05,0.1177823,0.12679
2098,20100329 10:00:00,-0.06,0.07,-0.06,-0.11,0.053938563,0.08694
2099,20100329 11:00:00,-0.08,0.05,-0.07,-0.18,-0.047985427,0.00704
2100,20100329 12:00:00,-0.09,0.03,-0.09,-0.22,-0.177503824,-0.10285
2101,20100329 13:00:00,-0.09,0.03,-0.12,-0.22,-0.294245938,-0.20269
2102,20100329 14:00:00,-0.06,0.03,-0.13,-0.21,-0.354950816,-0.27265
2103,20100329 15:00:00,-0.02,0.05,-0.12,-0.18,-0.339829601,-0.30266
2104,20100329 16:00:00,0.01,0.07,-0.1,-0.14,-0.254326318,-0.27259
2105,20100329 17:00:00,0.03,0.09,-0.08,-0.1,-0.125495708,-0.2025
2106,20100329 18:00:00,0.06,0.12,-0.06,-0.07,0.000801218,-0.10244
2107,20100329 19:00:00,0.1,0.14,-0.02,-0.06,0.082811562,-0.01246
2108,20100329 20:00:00,0.13,0.17,0.03,-0.06,0.111948683,0.05743
2109,20100329 21:00:00,0.14,0.18,0.07,-0.1,0.104911714,0.08739
2110,20100329 22:00:00,0.12,0.18,0.09,-0.16,0.070050905,0.07738
2111,20100329 23:00:00,0.09,0.17,0.09,-0.23,-0.000257975,0.01728
2112,20100330 00:00:00,0.07,0.16,0.08,-0.27,-0.103080077,-0.06276
2113,20100330 01:00:00,0.06,0.14,0.06,-0.29,-0.207469388,-0.14276
2114,20100330 02:00:00,0.07,0.14,0.04,-0.27,-0.270847596,-0.21279
2115,20100330 03:00:00,0.09,0.15,0.03,-0.23,-0.267818968,-0.24274
2116,20100330 04:00:00,0.11,0.15,0.04,-0.17,-0.198905752,-0.22257
2117,20100330 05:00:00,0.11,0.15,0.05,-0.12,-0.084303078,-0.15239
2118,20100330 06:00:00,0.11,0.15,0.04,-0.06,0.039096082,-0.05225
2119,20100330 07:00:00,0.11,0.15,0.04,-0.02,0.12991426,0.03784
2120,20100330 08:00:00,0.11,0.14,0.04,0.01,0.1695722,0.09792
2121,20100330 09:00:00,0.09,0.13,0.04,0.02,0.170816805,0.13808
2122,20100330 10:00:00,0.05,0.1,0.02,0,0.147760684,0.14809
2123,20100330 11:00:00,-0.02,0.07,-0.01,-0.04,0.093215366,0.11813
2124,20100330 12:00:00,-0.08,0.03,-0.06,-0.08,-0.003619325,0.03814
2125,20100330 13:00:00,-0.12,0,-0.12,-0.09,-0.125285173,-0.06195
2126,20100330 14:00:00,-0.15,-0.02,-0.18,-0.09,-0.227129694,-0.15213
2127,20100330 15:00:00,-0.15,-0.02,-0.22,-0.07,-0.269652129,-0.21241
2128,20100330 16:00:00,-0.14,-0.01,-0.23,-0.05,-0.241274641,-0.23268
2129,20100330 17:00:00,-0.13,0,-0.22,-0.04,-0.155097678,-0.19277
2130,20100330 18:00:00,-0.12,0.02,-0.22,-0.03,-0.042643917,-0.12286
2131,20100330 19:00:00,-0.09,0.05,-0.2,-0.03,0.052987501,-0.043
2132,20100330 20:00:00,-0.05,0.08,-0.16,-0.06,0.100718999,0.02689
2133,20100330 21:00:00,0,0.11,-0.1,-0.1,0.101247277,0.0668
2134,20100330 22:00:00,0.02,0.13,-0.04,-0.17,0.070539207,0.0667
2135,20100330 23:00:00,0.03,0.15,0,-0.27,0.010731355,0.03662
2136,20100331 00:00:00,0.04,0.16,0.04,-0.35,-0.086162747,-0.04342
2137,20100331 01:00:00,0.06,0.17,0.06,-0.4,-0.208887631,-0.13365
2138,20100331 02:00:00,0.09,0.18,0.07,-0.41,-0.316819269,-0.23395
2139,20100331 03:00:00,0.14,0.2,0.09,-0.38,-0.365446059,-0.30408
2140,20100331 04:00:00,0.19,0.22,0.12,-0.33,-0.336183126,-0.32414
2141,20100331 05:00:00,0.23,0.23,0.15,-0.27,-0.240736441,-0.27418
2142,20100331 06:00:00,0.25,0.23,0.17,-0.19,-0.10866052,-0.18429
2143,20100331 07:00:00,0.26,0.22,0.17,-0.12,0.021018075,-0.07445
2144,20100331 08:00:00,0.25,0.21,0.17,-0.05,0.113756111,0.01536
2145,20100331 09:00:00,0.23,0.19,0.16,0.01,0.160311718,0.09518
2146,20100331 10:00:00,0.18,0.16,0.14,0.04,0.174621055,0.14501
2147,20100331 11:00:00,0.1,0.12,0.09,0.04,0.164413045,0.15489
2148,20100331 12:00:00,0,0.07,0.03,0.03,0.118706831,0.12476
2149,20100331 13:00:00,-0.08,0.02,-0.06,0.01,0.031326987,0.05466
2150,20100331 14:00:00,-0.15,-0.03,-0.15,0.02,-0.073870827,-0.0254
2151,20100331 15:00:00,-0.19,-0.06,-0.23,0.04,-0.153071044,-0.10542
2152,20100331 16:00:00,-0.21,-0.07,-0.28,0.05,-0.175449977,-0.14544
2153,20100331 17:00:00,-0.23,-0.07,-0.31,0.05,-0.139311312,-0.14546
2154,20100331 18:00:00,-0.25,-0.06,-0.32,0.04,-0.0631895,-0.10542
2155,20100331 19:00:00,-0.24,-0.04,-0.32,0.02,0.022564229,-0.04537
2156,20100331 20:00:00,-0.21,-0.02,-0.31,-0.02,0.083336013,0.00462
2157,20100331 21:00:00,-0.16,0.02,-0.26,-0.07,0.09958001,0.04457
2158,20100331 22:00:00,-0.11,0.06,-0.2,-0.15,0.076706223,0.05455
2159,20100331 23:00:00,-0.07,0.09,-0.13,-0.25,0.02539461,0.04455
2160,20100401 00:00:00,-0.04,0.12,-0.06,-0.36,-0.057319888,-0.01534
2161,20100401 01:00:00,0,0.15,-0.01,-0.44,-0.174626645,-0.10524
2162,20100401 02:00:00,0.06,0.18,0.05,-0.49,-0.304533517,-0.21511
2163,20100401 03:00:00,0.13,0.21,0.09,-0.5,-0.401192982,-0.31486
2164,20100401 04:00:00,0.21,0.24,0.15,-0.46,-0.425490066,-0.36451
2165,20100401 05:00:00,0.28,0.27,0.2,-0.41,-0.371001916,-0.36418
2166,20100401 06:00:00,0.33,0.28,0.25,-0.34,-0.259482425,-0.2939
2167,20100401 07:00:00,0.35,0.28,0.27,-0.26,-0.122976631,-0.19377
2168,20100401 08:00:00,0.36,0.27,0.28,-0.17,0.004320511,-0.09373
2169,20100401 09:00:00,0.35,0.25,0.27,-0.08,0.096594408,0.00637
2170,20100401 10:00:00,0.31,0.22,0.25,0,0.149697395,0.08643
2171,20100401 11:00:00,0.24,0.18,0.21,0.05,0.174713823,0.13649
2172,20100401 12:00:00,0.13,0.12,0.14,0.07,0.174181237,0.15654
2173,20100401 13:00:00,0.02,0.06,0.04,0.08,0.13766676,0.13671
2174,20100401 14:00:00,-0.08,0,-0.06,0.1,0.065029879,0.07696
2175,20100401 15:00:00,-0.16,-0.05,-0.17,0.12,-0.017321624,0.00715
2176,20100401 16:00:00,-0.22,-0.08,-0.25,0.14,-0.071769662,-0.05271
2177,20100401 17:00:00,-0.26,-0.1,-0.32,0.14,-0.078681615,-0.07265
2178,20100401 18:00:00,-0.3,-0.1,-0.36,0.12,-0.04436057,-0.06258
2179,20100401 19:00:00,-0.33,-0.1,-0.39,0.09,0.012231396,-0.03248
2180,20100401 20:00:00,-0.32,-0.09,-0.4,0.05,0.067438938,0.0075
2181,20100401 21:00:00,-0.29,-0.06,-0.38,-0.02,0.097457177,0.03755
2182,20100401 22:00:00,-0.24,-0.02,-0.34,-0.09,0.090973127,0.04765
2183,20100401 23:00:00,-0.18,0.02,-0.27,-0.19,0.051965639,0.04779
2184,20100402 00:00:00,-0.13,0.06,-0.19,-0.31,-0.015718062,0.018
2185,20100402 01:00:00,-0.08,0.1,-0.11,-0.42,-0.115200632,-0.06166
2186,20100402 02:00:00,-0.01,0.15,-0.03,-0.5,-0.241040772,-0.16132
2187,20100402 03:00:00,0.07,0.19,0.04,-0.55,-0.363284628,-0.27091
2188,20100402 04:00:00,0.16,0.23,0.12,-0.55,-0.438250227,-0.35044
2189,20100402 05:00:00,0.26,0.27,0.19,-0.51,-0.438446948,-0.39002
2190,20100402 06:00:00,0.33,0.3,0.26,-0.46,-0.369156992,-0.36966
2191,20100402 07:00:00,0.39,0.32,0.31,-0.39,-0.255647874,-0.29936
2192,20100402 08:00:00,0.42,0.31,0.33,-0.3,-0.125751853,-0.19907
2193,20100402 09:00:00,0.43,0.3,0.34,-0.2,-0.006299422,-0.09881
2194,20100402 10:00:00,0.41,0.27,0.33,-0.09,0.082748072,-0.00862
2195,20100402 11:00:00,0.35,0.23,0.3,-0.01,0.138685812,0.07155
2196,20100402 12:00:00,0.26,0.18,0.24,0.06,0.169304326,0.13179
2197,20100402 13:00:00,0.14,0.12,0.16,0.1,0.174901245,0.15193
2198,20100402 14:00:00,0.03,0.06,0.05,0.12,0.148284427,0.13215
2199,20100402 15:00:00,-0.07,0,-0.07,0.16,0.093747286,0.09244
2200,20100402 16:00:00,-0.15,-0.05,-0.17,0.19,0.035757343,0.0427
2201,20100402 17:00:00,-0.23,-0.09,-0.26,0.2,0.002233337,0.00284
2202,20100402 18:00:00,-0.29,-0.11,-0.34,0.19,0.002327519,-0.00701
2203,20100402 19:00:00,-0.34,-0.12,-0.38,0.15,0.02628382,0.00311
2204,20100402 20:00:00,-0.36,-0.12,-0.42,0.1,0.059959373,0.01319
2205,20100402 21:00:00,-0.36,-0.11,-0.43,0.04,0.089036415,0.03328
2206,20100402 22:00:00,-0.33,-0.09,-0.42,-0.03,0.098278331,0.05337
2207,20100402 23:00:00,-0.28,-0.05,-0.37,-0.12,0.078530746,0.05351
2208,20100403 00:00:00,-0.23,0,-0.3,-0.23,0.029227259,0.0336
2209,20100403 01:00:00,-0.17,0.04,-0.21,-0.34,-0.049249296,-0.01625
2210,20100403 02:00:00,-0.1,0.09,-0.13,-0.45,-0.155599749,-0.09617
2211,20100403 03:00:00,-0.01,0.15,-0.04,-0.52,-0.276063299,-0.19605
2212,20100403 04:00:00,0.08,0.2,0.05,-0.56,-0.379486164,-0.29594
2213,20100403 05:00:00,0.18,0.25,0.14,-0.56,-0.431362598,-0.35586
2214,20100403 06:00:00,0.28,0.29,0.22,-0.53,-0.416509345,-0.38572
2215,20100403 07:00:00,0.36,0.31,0.28,-0.48,-0.345769261,-0.35566
2216,20100403 08:00:00,0.42,0.33,0.33,-0.41,-0.241024186,-0.28551
2217,20100403 09:00:00,0.46,0.32,0.36,-0.32,-0.123529788,-0.19536
2218,20100403 10:00:00,0.46,0.3,0.37,-0.21,-0.014956501,-0.09518
2219,20100403 11:00:00,0.43,0.27,0.35,-0.1,0.067778558,-0.01496
2220,20100403 12:00:00,0.36,0.23,0.32,-0.01,0.122188118,0.06526
2221,20100403 13:00:00,0.27,0.18,0.25,0.06,0.154194555,0.11552
2222,20100403 14:00:00,0.16,0.12,0.16,0.11,0.164463713,0.13572
2223,20100403 15:00:00,0.05,0.06,0.05,0.16,0.149257938,0.12592
2224,20100403 16:00:00,-0.05,0,-0.06,0.19,0.114149534,0.09618
2225,20100403 17:00:00,-0.14,-0.05,-0.16,0.22,0.077669549,0.06641
2226,20100403 18:00:00,-0.22,-0.09,-0.26,0.22,0.057286915,0.04662
2227,20100403 19:00:00,-0.29,-0.11,-0.33,0.19,0.055520239,0.03692
2228,20100403 20:00:00,-0.34,-0.13,-0.38,0.15,0.064812133,0.0373
2229,20100403 21:00:00,-0.37,-0.13,-0.42,0.09,0.079062957,0.04769
2230,20100403 22:00:00,-0.37,-0.12,-0.43,0.03,0.091664274,0.04809
2231,20100403 23:00:00,-0.35,-0.09,-0.42,-0.05,0.090689929,0.04845
2232,20100404 00:00:00,-0.31,-0.06,-0.37,-0.14,0.065266126,0.04891
2233,20100404 01:00:00,-0.25,-0.01,-0.3,-0.24,0.011432314,0.01934
2234,20100404 02:00:00,-0.18,0.04,-0.22,-0.35,-0.069436116,-0.03024
2235,20100404 03:00:00,-0.1,0.1,-0.13,-0.45,-0.170089137,-0.10986
2236,20100404 04:00:00,-0.01,0.15,-0.03,-0.51,-0.273566787,-0.19951
2237,20100404 05:00:00,0.09,0.2,0.06,-0.54,-0.354613753,-0.27921
2238,20100404 06:00:00,0.19,0.25,0.15,-0.55,-0.389570305,-0.3289
2239,20100404 07:00:00,0.29,0.28,0.22,-0.53,-0.370549491,-0.34857
2240,20100404 08:00:00,0.37,0.31,0.29,-0.48,-0.307378697,-0.3183
2241,20100404 09:00:00,0.43,0.32,0.34,-0.41,-0.215970009,-0.25808
2242,20100404 10:00:00,0.46,0.31,0.36,-0.31,-0.112471435,-0.1779
2243,20100404 11:00:00,0.46,0.29,0.37,-0.21,-0.015735332,-0.09771
2244,20100404 12:00:00,0.42,0.26,0.35,-0.1,0.059210284,-0.01754
2245,20100404 13:00:00,0.36,0.22,0.31,-0.01,0.110078996,0.05264
2246,20100404 14:00:00,0.27,0.17,0.24,0.07,0.142158267,0.10284
2247,20100404 15:00:00,0.17,0.12,0.15,0.13,0.157249611,0.12305
2248,20100404 16:00:00,0.07,0.06,0.05,0.17,0.153647427,0.11332
2249,20100404 17:00:00,-0.03,0.01,-0.05,0.21,0.134959847,0.10359
2250,20100404 18:00:00,-0.12,-0.04,-0.15,0.22,0.112250381,0.08385
2251,20100404 19:00:00,-0.2,-0.08,-0.24,0.21,0.095210203,0.07402
2252,20100404 20:00:00,-0.28,-0.1,-0.31,0.17,0.085260942,0.06422
2253,20100404 21:00:00,-0.33,-0.12,-0.36,0.12,0.080886312,0.05441
2254,20100404 22:00:00,-0.36,-0.12,-0.4,0.07,0.082987832,0.05455
2255,20100404 23:00:00,-0.37,-0.11,-0.41,0,0.087804749,0.05464
2256,20100405 00:00:00,-0.35,-0.09,-0.39,-0.07,0.082959351,0.05466
2257,20100405 01:00:00,-0.31,-0.05,-0.35,-0.15,0.055882068,0.0447
2258,20100405 02:00:00,-0.25,0,-0.29,-0.24,0.002346152,0.0047
2259,20100405 03:00:00,-0.18,0.05,-0.21,-0.34,-0.073136198,-0.04525
2260,20100405 04:00:00,-0.09,0.1,-0.12,-0.42,-0.16024214,-0.10521
2261,20100405 05:00:00,0,0.16,-0.02,-0.48,-0.244851973,-0.18525
2262,20100405 06:00:00,0.1,0.2,0.07,-0.51,-0.309823827,-0.24528
2263,20100405 07:00:00,0.19,0.24,0.15,-0.52,-0.338663872,-0.2953
2264,20100405 08:00:00,0.29,0.27,0.22,-0.51,-0.324590245,-0.30535
2265,20100405 09:00:00,0.37,0.29,0.28,-0.46,-0.273215093,-0.28548
2266,20100405 10:00:00,0.43,0.3,0.32,-0.39,-0.195598308,-0.23559
2267,20100405 11:00:00,0.45,0.29,0.35,-0.3,-0.105181771,-0.16562
2268,20100405 12:00:00,0.44,0.27,0.35,-0.19,-0.01920482,-0.09569
2269,20100405 13:00:00,0.41,0.24,0.33,-0.09,0.04873084,-0.01577
2270,20100405 14:00:00,0.35,0.21,0.29,0.01,0.09634414,0.04417
2271,20100405 15:00:00,0.28,0.17,0.22,0.09,0.12855399,0.08408
2272,20100405 16:00:00,0.18,0.12,0.14,0.14,0.14804852,0.10401
2273,20100405 17:00:00,0.08,0.07,0.05,0.18,0.153498989,0.11391
2274,20100405 18:00:00,-0.01,0.02,-0.04,0.2,0.144449484,0.1039
2275,20100405 19:00:00,-0.11,-0.02,-0.14,0.2,0.125792021,0.09394
2276,20100405 20:00:00,-0.19,-0.06,-0.22,0.18,0.10477233,0.08398
2277,20100405 21:00:00,-0.26,-0.08,-0.29,0.13,0.086158071,0.07402
2278,20100405 22:00:00,-0.31,-0.1,-0.33,0.09,0.074109259,0.05411
2279,20100405 23:00:00,-0.34,-0.1,-0.36,0.04,0.072093756,0.05415
2280,20100406 00:00:00,-0.35,-0.09,-0.37,-0.01,0.075893817,0.04414
2281,20100406 01:00:00,-0.33,-0.07,-0.36,-0.08,0.071941328,0.04414
2282,20100406 02:00:00,-0.29,-0.03,-0.32,-0.15,0.047709695,0.0341
2283,20100406 03:00:00,-0.23,0.02,-0.26,-0.22,0.000240485,0.00404
2284,20100406 04:00:00,-0.15,0.07,-0.18,-0.31,-0.064294372,-0.03607
2285,20100406 05:00:00,-0.07,0.12,-0.09,-0.38,-0.136375565,-0.09621
2286,20100406 06:00:00,0.02,0.16,0,-0.44,-0.20716455,-0.15641
2287,20100406 07:00:00,0.11,0.2,0.08,-0.48,-0.265194759,-0.21663
2288,20100406 08:00:00,0.19,0.23,0.14,-0.49,-0.295810686,-0.257
2289,20100406 09:00:00,0.28,0.25,0.2,-0.47,-0.289817092,-0.27737
2290,20100406 10:00:00,0.36,0.27,0.26,-0.43,-0.249239049,-0.2577
2291,20100406 11:00:00,0.41,0.27,0.3,-0.36,-0.182248166,-0.21805
2292,20100406 12:00:00,0.43,0.27,0.32,-0.27,-0.101160855,-0.15843
2293,20100406 13:00:00,0.42,0.25,0.31,-0.17,-0.022365608,-0.08876
2294,20100406 14:00:00,0.39,0.23,0.29,-0.06,0.041132018,-0.02913
2295,20100406 15:00:00,0.34,0.2,0.26,0.03,0.086722743,0.0306
2296,20100406 16:00:00,0.27,0.17,0.2,0.1,0.119183672,0.07039
2297,20100406 17:00:00,0.18,0.13,0.13,0.15,0.141518466,0.10016
2298,20100406 18:00:00,0.09,0.08,0.05,0.17,0.150907898,0.10996
2299,20100406 19:00:00,-0.01,0.04,-0.04,0.18,0.142967532,0.0998
2300,20100406 20:00:00,-0.1,-0.01,-0.12,0.17,0.120314831,0.08958
2301,20100406 21:00:00,-0.17,-0.04,-0.2,0.13,0.092484204,0.07938
2302,20100406 22:00:00,-0.24,-0.06,-0.26,0.09,0.06837679,0.05912
2303,20100406 23:00:00,-0.28,-0.07,-0.3,0.06,0.054676548,0.03885
2304,20100407 00:00:00,-0.31,-0.07,-0.32,0.02,0.054257909,0.03853
2305,20100407 01:00:00,-0.32,-0.06,-0.33,-0.03,0.061164614,0.03821
2306,20100407 02:00:00,-0.3,-0.04,-0.31,-0.07,0.061667592,0.02796
2307,20100407 03:00:00,-0.25,0,-0.27,-0.13,0.043773075,0.01782
2308,20100407 04:00:00,-0.19,0.04,-0.21,-0.2,0.005036825,-0.00234
2309,20100407 05:00:00,-0.11,0.09,-0.14,-0.28,-0.048664474,-0.03257
2310,20100407 06:00:00,-0.04,0.13,-0.06,-0.35,-0.11054178,-0.07278
2311,20100407 07:00:00,0.04,0.16,0.01,-0.4,-0.175595531,-0.13304
2312,20100407 08:00:00,0.11,0.19,0.08,-0.43,-0.234084089,-0.19348
2313,20100407 09:00:00,0.19,0.21,0.14,-0.44,-0.269545918,-0.23389
2314,20100407 10:00:00,0.27,0.23,0.19,-0.42,-0.270361357,-0.2542
2315,20100407 11:00:00,0.33,0.25,0.23,-0.38,-0.236294914,-0.24454
2316,20100407 12:00:00,0.37,0.25,0.27,-0.31,-0.174325065,-0.2149
2317,20100407 13:00:00,0.39,0.24,0.28,-0.22,-0.09654413,-0.15515
2318,20100407 14:00:00,0.39,0.23,0.27,-0.12,-0.020058782,-0.09533
2319,20100407 15:00:00,0.37,0.22,0.26,-0.03,0.041194867,-0.02552
2320,20100407 16:00:00,0.31,0.2,0.22,0.05,0.084869166,0.02423
2321,20100407 17:00:00,0.25,0.17,0.18,0.11,0.115901398,0.07406
2322,20100407 18:00:00,0.17,0.13,0.12,0.14,0.136900767,0.09383
2323,20100407 19:00:00,0.08,0.09,0.05,0.15,0.142757232,0.10359
2324,20100407 20:00:00,-0.01,0.05,-0.03,0.14,0.127934862,0.09329
2325,20100407 21:00:00,-0.09,0.01,-0.11,0.12,0.0976696,0.07306
2326,20100407 22:00:00,-0.16,-0.02,-0.18,0.08,0.065155135,0.05289
2327,20100407 23:00:00,-0.21,-0.04,-0.23,0.05,0.041373902,0.03267
2328,20100408 00:00:00,-0.25,-0.05,-0.26,0.03,0.032094854,0.02249
2329,20100408 01:00:00,-0.27,-0.04,-0.27,0,0.038427725,0.01229
2330,20100408 02:00:00,-0.27,-0.03,-0.28,-0.03,0.053242608,0.02206
2331,20100408 03:00:00,-0.24,0,-0.26,-0.06,0.061829777,0.02192
2332,20100408 04:00:00,-0.19,0.03,-0.22,-0.11,0.051516904,0.02172
2333,20100408 05:00:00,-0.13,0.07,-0.16,-0.18,0.020022511,0.01158
2334,20100408 06:00:00,-0.07,0.1,-0.1,-0.25,-0.02712916,-0.01844
2335,20100408 07:00:00,-0.01,0.13,-0.03,-0.31,-0.084924205,-0.05852
2336,20100408 08:00:00,0.06,0.16,0.03,-0.36,-0.149976618,-0.10851
2337,20100408 09:00:00,0.12,0.18,0.08,-0.39,-0.211410127,-0.16846
2338,20100408 10:00:00,0.19,0.19,0.12,-0.39,-0.250389749,-0.21825
2339,20100408 11:00:00,0.25,0.21,0.16,-0.37,-0.253653148,-0.23795
2340,20100408 12:00:00,0.3,0.22,0.2,-0.32,-0.220067405,-0.22768
2341,20100408 13:00:00,0.33,0.23,0.22,-0.25,-0.156557232,-0.19744
2342,20100408 14:00:00,0.35,0.22,0.23,-0.17,-0.076937135,-0.13707
2343,20100408 15:00:00,0.35,0.22,0.23,-0.08,-0.000666184,-0.07679
2344,20100408 16:00:00,0.32,0.21,0.21,0.01,0.058135631,-0.01657
2345,20100408 17:00:00,0.28,0.19,0.19,0.06,0.09761018,0.04356
2346,20100408 18:00:00,0.22,0.17,0.16,0.1,0.123489324,0.08367
2347,20100408 19:00:00,0.14,0.13,0.1,0.11,0.137206537,0.1038
2348,20100408 20:00:00,0.06,0.1,0.04,0.11,0.132447746,0.0939
2349,20100408 21:00:00,-0.01,0.06,-0.03,0.09,0.106292528,0.08399
2350,20100408 22:00:00,-0.08,0.03,-0.1,0.06,0.068706916,0.0541
2351,20100408 23:00:00,-0.13,0,-0.15,0.03,0.03566389,0.03419
2352,20100409 00:00:00,-0.17,-0.01,-0.19,0.01,0.017480503,0.00431
2353,20100409 01:00:00,-0.2,-0.01,-0.21,0,0.018419647,0.00451
2354,20100409 02:00:00,-0.21,-0.01,-0.22,-0.01,0.037607229,0.00477
2355,20100409 03:00:00,-0.2,0.01,-0.22,-0.03,0.064725935,0.02508
2356,20100409 04:00:00,-0.17,0.04,-0.2,-0.05,0.08238082,0.03542
2357,20100409 05:00:00,-0.12,0.07,-0.16,-0.1,0.077548861,0.0357
2358,20100409 06:00:00,-0.07,0.09,-0.11,-0.15,0.049511651,0.03599
2359,20100409 07:00:00,-0.02,0.12,-0.06,-0.22,0.004593118,0.01633
2360,20100409 08:00:00,0.02,0.14,-0.01,-0.27,-0.053802687,-0.03335
2361,20100409 09:00:00,0.07,0.15,0.03,-0.31,-0.122327801,-0.09307
2362,20100409 10:00:00,0.11,0.16,0.07,-0.33,-0.18737718,-0.15281
2363,20100409 11:00:00,0.16,0.17,0.1,-0.33,-0.227403184,-0.19263
2364,20100409 12:00:00,0.21,0.19,0.13,-0.3,-0.228483338,-0.21251
2365,20100409 13:00:00,0.25,0.2,0.15,-0.25,-0.189605602,-0.21243
2366,20100409 14:00:00,0.28,0.2,0.17,-0.18,-0.119962136,-0.1723
2367,20100409 15:00:00,0.3,0.2,0.17,-0.11,-0.037717602,-0.11231
2368,20100409 16:00:00,0.29,0.2,0.17,-0.03,0.035278745,-0.04232
2369,20100409 17:00:00,0.27,0.2,0.17,0.02,0.086554895,0.01774
2370,20100409 18:00:00,0.24,0.18,0.16,0.06,0.117003185,0.06777
2371,20100409 19:00:00,0.18,0.16,0.13,0.07,0.13209947,0.09779
2372,20100409 20:00:00,0.12,0.13,0.08,0.07,0.131342187,0.09777
2373,20100409 21:00:00,0.05,0.1,0.03,0.05,0.109741313,0.08767
2374,20100409 22:00:00,-0.01,0.07,-0.03,0.02,0.069801941,0.05755
2375,20100409 23:00:00,-0.06,0.05,-0.08,-0.01,0.026695683,0.02734
2376,20100410 00:00:00,-0.1,0.03,-0.12,-0.02,-0.002944483,-0.00292
2377,20100410 01:00:00,-0.12,0.03,-0.14,-0.02,-0.01028594,-0.02315
2378,20100410 02:00:00,-0.13,0.03,-0.16,-0.02,0.006895148,-0.02336
2379,20100410 03:00:00,-0.13,0.04,-0.16,-0.02,0.043230483,-0.00357
2380,20100410 04:00:00,-0.11,0.06,-0.15,-0.02,0.082467469,0.02626
2381,20100410 05:00:00,-0.08,0.08,-0.12,-0.04,0.104522706,0.04603
2382,20100410 06:00:00,-0.05,0.1,-0.09,-0.08,0.099514598,0.0558
2383,20100410 07:00:00,-0.02,0.11,-0.06,-0.13,0.07072304,0.05552
2384,20100410 08:00:00,0.01,0.12,-0.02,-0.18,0.024454149,0.03526
2385,20100410 09:00:00,0.04,0.13,0,-0.23,-0.037882481,-0.01503
2386,20100410 10:00:00,0.06,0.13,0.03,-0.26,-0.111446139,-0.07527
2387,20100410 11:00:00,0.09,0.14,0.04,-0.27,-0.178027696,-0.13558
2388,20100410 12:00:00,0.12,0.14,0.06,-0.26,-0.213953948,-0.18589
2389,20100410 13:00:00,0.16,0.16,0.07,-0.22,-0.206063093,-0.20611
2390,20100410 14:00:00,0.19,0.17,0.09,-0.17,-0.156648026,-0.18632
2391,20100410 15:00:00,0.22,0.18,0.1,-0.11,-0.079644848,-0.13661
2392,20100410 16:00:00,0.22,0.18,0.11,-0.05,0.002004021,-0.07689
2393,20100410 17:00:00,0.23,0.19,0.12,0,0.065952502,-0.00728
2394,20100410 18:00:00,0.21,0.18,0.12,0.03,0.104005269,0.04234
2395,20100410 19:00:00,0.19,0.18,0.12,0.03,0.120101231,0.0819
2396,20100410 20:00:00,0.14,0.16,0.1,0.02,0.118485795,0.09148
2397,20100410 21:00:00,0.09,0.13,0.06,0,0.097747052,0.08104
2398,20100410 22:00:00,0.04,0.11,0.02,-0.03,0.056560451,0.05072
2399,20100410 23:00:00,0,0.09,-0.02,-0.06,0.004361214,0.01036
2400,20100411 00:00:00,-0.03,0.07,-0.05,-0.07,-0.03959409,-0.02994
2401,20100411 01:00:00,-0.05,0.07,-0.08,-0.07,-0.059007603,-0.06028
2402,20100411 02:00:00,-0.05,0.07,-0.09,-0.06,-0.047300736,-0.07063
2403,20100411 03:00:00,-0.05,0.08,-0.09,-0.05,-0.006948518,-0.05091
2404,20100411 04:00:00,-0.03,0.09,-0.08,-0.03,0.048383897,-0.01127
2405,20100411 05:00:00,-0.02,0.1,-0.07,-0.02,0.095645255,0.0284
2406,20100411 06:00:00,0,0.11,-0.05,-0.04,0.116935207,0.05812
2407,20100411 07:00:00,0.02,0.12,-0.03,-0.07,0.109474828,0.0778
2408,20100411 08:00:00,0.03,0.12,-0.01,-0.11,0.079767242,0.06752
2409,20100411 09:00:00,0.03,0.12,0,-0.15,0.031342716,0.03731
2410,20100411 10:00:00,0.03,0.11,0.01,-0.18,-0.035681868,-0.01282
2411,20100411 11:00:00,0.03,0.11,0,-0.2,-0.111980853,-0.07295
2412,20100411 12:00:00,0.04,0.11,0,-0.2,-0.174125184,-0.13305
2413,20100411 13:00:00,0.07,0.11,0,-0.17,-0.198378519,-0.17312
2414,20100411 14:00:00,0.09,0.12,0.01,-0.14,-0.175728208,-0.18318
2415,20100411 15:00:00,0.12,0.13,0.02,-0.09,-0.113392705,-0.15327
2416,20100411 16:00:00,0.14,0.15,0.03,-0.05,-0.031641978,-0.10327
2417,20100411 17:00:00,0.15,0.16,0.04,-0.01,0.042836848,-0.04342
2418,20100411 18:00:00,0.16,0.16,0.06,0.01,0.091391745,0.01649
2419,20100411 19:00:00,0.15,0.17,0.07,0.01,0.112205981,0.06659
2420,20100411 20:00:00,0.13,0.16,0.07,-0.02,0.111188119,0.08668
2421,20100411 21:00:00,0.1,0.15,0.07,-0.05,0.090059912,0.07681
2422,20100411 22:00:00,0.07,0.14,0.05,-0.09,0.047116072,0.04695
2423,20100411 23:00:00,0.04,0.12,0.02,-0.13,-0.012919383,-0.00286
2424,20100412 00:00:00,0.02,0.11,0,-0.14,-0.072698748,-0.05272
2425,20100412 01:00:00,0.02,0.11,-0.02,-0.15,-0.109759173,-0.09256
2426,20100412 02:00:00,0.02,0.11,-0.02,-0.13,-0.109261132,-0.12247
2427,20100412 03:00:00,0.04,0.12,-0.02,-0.1,-0.069670746,-0.11238
2428,20100412 04:00:00,0.05,0.13,-0.01,-0.07,-0.001816118,-0.06222
2429,20100412 05:00:00,0.07,0.14,0,-0.04,0.068267555,-0.01206
2430,20100412 06:00:00,0.08,0.14,0.01,-0.03,0.117663901,0.03821
2431,20100412 07:00:00,0.08,0.14,0.03,-0.03,0.135400592,0.07847
2432,20100412 08:00:00,0.08,0.14,0.03,-0.05,0.126541668,0.09871
2433,20100412 09:00:00,0.06,0.12,0.03,-0.07,0.096747704,0.08902
2434,20100412 10:00:00,0.03,0.11,0.01,-0.1,0.045064146,0.05924
2435,20100412 11:00:00,0,0.09,-0.01,-0.13,-0.026614947,-0.00054
2436,20100412 12:00:00,-0.01,0.07,-0.04,-0.13,-0.101585386,-0.06032
2437,20100412 13:00:00,-0.01,0.07,-0.06,-0.11,-0.152551763,-0.12009
2438,20100412 14:00:00,0,0.07,-0.07,-0.09,-0.159309662,-0.14995
2439,20100412 15:00:00,0.02,0.08,-0.07,-0.05,-0.119704987,-0.14983
2440,20100412 16:00:00,0.03,0.1,-0.06,-0.02,-0.047950413,-0.10969
2441,20100412 17:00:00,0.05,0.11,-0.05,0,0.030281774,-0.04954
2442,20100412 18:00:00,0.07,0.13,-0.03,0.01,0.088432291,0.01057
2443,20100412 19:00:00,0.08,0.14,-0.01,0,0.115340867,0.05068
2444,20100412 20:00:00,0.09,0.15,0.02,-0.04,0.115923426,0.08082
2445,20100412 21:00:00,0.08,0.15,0.04,-0.09,0.095237716,0.08092
2446,20100412 22:00:00,0.07,0.15,0.04,-0.14,0.05124513,0.05101
2447,20100412 23:00:00,0.05,0.14,0.04,-0.19,-0.015585122,0.0012
2448,20100413 00:00:00,0.05,0.14,0.04,-0.22,-0.091542732,-0.05869
2449,20100413 01:00:00,0.06,0.14,0.03,-0.23,-0.151396011,-0.1186
2450,20100413 02:00:00,0.08,0.15,0.03,-0.22,-0.171295266,-0.15842
2451,20100413 03:00:00,0.11,0.16,0.05,-0.19,-0.141802404,-0.16832
2452,20100413 04:00:00,0.14,0.17,0.06,-0.15,-0.070820616,-0.12823
2453,20100413 05:00:00,0.16,0.18,0.08,-0.1,0.018756308,-0.05816
2454,20100413 06:00:00,0.17,0.18,0.09,-0.06,0.096398083,0.01195
2455,20100413 07:00:00,0.16,0.18,0.1,-0.03,0.141822431,0.06208
2456,20100413 08:00:00,0.15,0.17,0.09,-0.01,0.155407468,0.10224
2457,20100413 09:00:00,0.11,0.14,0.08,-0.02,0.145989046,0.12243
2458,20100413 10:00:00,0.06,0.11,0.05,-0.03,0.114326838,0.11263
2459,20100413 11:00:00,0.01,0.08,0,-0.05,0.056924062,0.0628
2460,20100413 12:00:00,-0.04,0.05,-0.05,-0.06,-0.017974435,0.01296
2461,20100413 13:00:00,-0.07,0.03,-0.1,-0.05,-0.086054094,-0.04695
2462,20100413 14:00:00,-0.08,0.02,-0.14,-0.02,-0.120264922,-0.09698
2463,20100413 15:00:00,-0.08,0.03,-0.15,0,-0.10803177,-0.11713
2464,20100413 16:00:00,-0.07,0.04,-0.16,0.02,-0.055537569,-0.09734
2465,20100413 17:00:00,-0.06,0.05,-0.15,0.03,0.016771974,-0.0474
2466,20100413 18:00:00,-0.05,0.07,-0.14,0.03,0.080805072,0.00254
2467,20100413 19:00:00,-0.02,0.09,-0.11,0.01,0.115003954,0.04254
2468,20100413 20:00:00,0.01,0.12,-0.07,-0.04,0.117676241,0.07261
2469,20100413 21:00:00,0.03,0.13,-0.03,-0.1,0.097811241,0.08265
2470,20100413 22:00:00,0.04,0.14,0,-0.18,0.056318827,0.06267
2471,20100413 23:00:00,0.04,0.15,0.03,-0.25,-0.011714369,0.01267
2472,20100414 00:00:00,0.06,0.16,0.05,-0.29,-0.09988162,-0.05737
2473,20100414 01:00:00,0.08,0.17,0.06,-0.32,-0.183559999,-0.12736
2474,20100414 02:00:00,0.12,0.18,0.08,-0.31,-0.231478788,-0.19732
2475,20100414 03:00:00,0.16,0.2,0.1,-0.29,-0.223408741,-0.21727
2476,20100414 04:00:00,0.21,0.22,0.13,-0.24,-0.159799975,-0.19725
2477,20100414 05:00:00,0.24,0.23,0.16,-0.18,-0.060089519,-0.13717
2478,20100414 06:00:00,0.26,0.23,0.17,-0.12,0.043816413,-0.04707
2479,20100414 07:00:00,0.26,0.22,0.17,-0.06,0.121661237,0.03306
2480,20100414 08:00:00,0.24,0.21,0.17,-0.02,0.162444763,0.09323
2481,20100414 09:00:00,0.2,0.18,0.15,0.01,0.174394634,0.13327
2482,20100414 10:00:00,0.13,0.14,0.11,0.02,0.164428607,0.14333
2483,20100414 11:00:00,0.05,0.09,0.05,0.01,0.128389949,0.12344
2484,20100414 12:00:00,-0.03,0.05,-0.02,0.01,0.065205615,0.07347
2485,20100414 13:00:00,-0.09,0.01,-0.11,0.02,-0.008138853,0.01354
2486,20100414 14:00:00,-0.13,-0.01,-0.18,0.04,-0.062788463,-0.03651
2487,20100414 15:00:00,-0.16,-0.02,-0.22,0.07,-0.077205562,-0.07654
2488,20100414 16:00:00,-0.16,-0.02,-0.24,0.08,-0.048628389,-0.07664
2489,20100414 17:00:00,-0.17,-0.01,-0.25,0.08,0.009122578,-0.04666
2490,20100414 18:00:00,-0.16,0.01,-0.24,0.06,0.071808626,0.00331
2491,20100414 19:00:00,-0.14,0.03,-0.22,0.03,0.11311948,0.04328
2492,20100414 20:00:00,-0.09,0.06,-0.18,-0.02,0.120250814,0.06327
2493,20100414 21:00:00,-0.05,0.09,-0.13,-0.09,0.100148503,0.07331
2494,20100414 22:00:00,-0.02,0.12,-0.07,-0.18,0.061241335,0.06332
2495,20100414 23:00:00,0,0.14,-0.02,-0.27,-0.001425602,0.02332
2496,20100415 00:00:00,0.04,0.16,0.02,-0.35,-0.092021678,-0.04662
2497,20100415 01:00:00,0.08,0.18,0.06,-0.39,-0.193924461,-0.13654
2498,20100415 02:00:00,0.13,0.2,0.1,-0.41,-0.272504464,-0.21637
2499,20100415 03:00:00,0.19,0.23,0.14,-0.39,-0.296105696,-0.26622
2500,20100415 04:00:00,0.26,0.26,0.18,-0.35,-0.253746763,-0.26608
2501,20100415 05:00:00,0.31,0.27,0.22,-0.29,-0.158326264,-0.21595
2502,20100415 06:00:00,0.34,0.28,0.25,-0.21,-0.038495881,-0.12593
2503,20100415 07:00:00,0.35,0.27,0.25,-0.14,0.07143633,-0.03585
2504,20100415 08:00:00,0.34,0.25,0.25,-0.06,0.146619518,0.05436
2505,20100415 09:00:00,0.3,0.22,0.23,0.01,0.184515966,0.11445
2506,20100415 10:00:00,0.23,0.18,0.19,0.05,0.196086808,0.15455
2507,20100415 11:00:00,0.13,0.13,0.12,0.06,0.184066554,0.16464
2508,20100415 12:00:00,0.02,0.07,0.04,0.07,0.142650109,0.13473
2509,20100415 13:00:00,-0.07,0.01,-0.07,0.08,0.077142201,0.08484
2510,20100415 14:00:00,-0.15,-0.03,-0.17,0.11,0.011944031,0.02501
2511,20100415 15:00:00,-0.2,-0.05,-0.25,0.13,-0.025124429,-0.01489
2512,20100415 16:00:00,-0.23,-0.06,-0.29,0.14,-0.0216136,-0.03483
2513,20100415 17:00:00,-0.25,-0.06,-0.32,0.13,0.015567066,-0.02485
2514,20100415 18:00:00,-0.26,-0.05,-0.33,0.11,0.068048119,0.0051
2515,20100415 19:00:00,-0.25,-0.03,-0.32,0.07,0.111813478,0.04494
2516,20100415 20:00:00,-0.21,0,-0.3,0.02,0.126326259,0.0648
2517,20100415 21:00:00,-0.16,0.04,-0.24,-0.06,0.108143777,0.07464
2518,20100415 22:00:00,-0.11,0.07,-0.18,-0.16,0.068453951,0.06446
2519,20100415 23:00:00,-0.06,0.11,-0.1,-0.27,0.011118862,0.0343
2520,20100416 00:00:00,-0.02,0.14,-0.04,-0.37,-0.072415997,-0.03586
2521,20100416 01:00:00,0.04,0.17,0.03,-0.44,-0.180311516,-0.11596
2522,20100416 02:00:00,0.11,0.21,0.09,-0.48,-0.284535378,-0.20613
2523,20100416 03:00:00,0.19,0.24,0.14,-0.48,-0.345462517,-0.28628
2524,20100416 04:00:00,0.27,0.28,0.21,-0.45,-0.338235326,-0.31642
2525,20100416 05:00:00,0.34,0.31,0.26,-0.39,-0.264689016,-0.29661
2526,20100416 06:00:00,0.39,0.32,0.3,-0.32,-0.147109247,-0.21687
2527,20100416 07:00:00,0.42,0.32,0.32,-0.23,-0.017224804,-0.11712
2528,20100416 08:00:00,0.43,0.3,0.33,-0.14,0.093273154,-0.01731
2529,20100416 09:00:00,0.4,0.27,0.31,-0.04,0.16524825,0.07253
2530,20100416 10:00:00,0.34,0.23,0.28,0.04,0.201333708,0.1324
2531,20100416 11:00:00,0.24,0.18,0.22,0.08,0.211754936,0.1723
2532,20100416 12:00:00,0.11,0.11,0.13,0.11,0.19643025,0.17221
2533,20100416 13:00:00,-0.01,0.04,0.01,0.13,0.15144397,0.14214
2534,20100416 14:00:00,-0.11,-0.01,-0.11,0.16,0.089174166,0.0921
2535,20100416 15:00:00,-0.19,-0.06,-0.22,0.18,0.037155634,0.03205
2536,20100416 16:00:00,-0.25,-0.09,-0.3,0.2,0.017623461,0.00203
2537,20100416 17:00:00,-0.29,-0.1,-0.35,0.19,0.033051325,0.00197
2538,20100416 18:00:00,-0.32,-0.1,-0.38,0.17,0.069743961,0.02194
2539,20100416 19:00:00,-0.34,-0.09,-0.4,0.12,0.108527899,0.05184
2540,20100416 20:00:00,-0.32,-0.06,-0.39,0.06,0.129604664,0.07177
2541,20100416 21:00:00,-0.27,-0.03,-0.35,-0.01,0.119927818,0.07174
2542,20100416 22:00:00,-0.21,0.02,-0.29,-0.11,0.082257132,0.06169
2543,20100416 23:00:00,-0.15,0.06,-0.21,-0.23,0.026877925,0.04169
2544,20100417 00:00:00,-0.09,0.1,-0.12,-0.34,-0.047025336,-0.00824
2545,20100417 01:00:00,-0.02,0.15,-0.04,-0.44,-0.146751667,-0.08818
2546,20100417 02:00:00,0.06,0.19,0.04,-0.51,-0.261129857,-0.18805
2547,20100417 03:00:00,0.16,0.24,0.12,-0.53,-0.354355449,-0.27788
2548,20100417 04:00:00,0.25,0.28,0.19,-0.53,-0.390003657,-0.33772
2549,20100417 05:00:00,0.34,0.32,0.27,-0.49,-0.354279254,-0.34757
2550,20100417 06:00:00,0.42,0.34,0.33,-0.43,-0.259287736,-0.29756
2551,20100417 07:00:00,0.46,0.35,0.37,-0.34,-0.13042886,-0.20741
2552,20100417 08:00:00,0.49,0.34,0.39,-0.24,0.002816438,-0.10764
2553,20100417 09:00:00,0.48,0.32,0.38,-0.12,0.111269251,0.00235
2554,20100417 10:00:00,0.44,0.28,0.36,-0.02,0.18075463,0.08241
2555,20100417 11:00:00,0.36,0.23,0.32,0.06,0.215608979,0.15252
2556,20100417 12:00:00,0.24,0.17,0.23,0.12,0.224899088,0.18258
2557,20100417 13:00:00,0.1,0.1,0.12,0.15,0.207848008,0.18273
2558,20100417 14:00:00,-0.02,0.03,-0.01,0.19,0.16453047,0.143
2559,20100417 15:00:00,-0.13,-0.03,-0.14,0.22,0.11176116,0.09318
2560,20100417 16:00:00,-0.21,-0.08,-0.25,0.25,0.075643396,0.05339
2561,20100417 17:00:00,-0.28,-0.11,-0.33,0.25,0.07018905,0.04356
2562,20100417 18:00:00,-0.34,-0.12,-0.39,0.22,0.089566518,0.04363
2563,20100417 19:00:00,-0.37,-0.13,-0.42,0.18,0.11799302,0.06372
2564,20100417 20:00:00,-0.39,-0.11,-0.44,0.12,0.139624611,0.08385
2565,20100417 21:00:00,-0.37,-0.09,-0.43,0.05,0.140441004,0.08379
2566,20100417 22:00:00,-0.32,-0.05,-0.39,-0.05,0.112755438,0.08397
2567,20100417 23:00:00,-0.25,0,-0.31,-0.16,0.061150918,0.05419
2568,20100418 00:00:00,-0.18,0.05,-0.23,-0.28,-0.007055657,0.02418
2569,20100418 01:00:00,-0.11,0.1,-0.13,-0.4,-0.094270096,-0.04574
2570,20100418 02:00:00,-0.02,0.16,-0.04,-0.49,-0.202126432,-0.13561
2571,20100418 03:00:00,0.09,0.21,0.05,-0.55,-0.311734209,-0.2355
2572,20100418 04:00:00,0.19,0.26,0.14,-0.57,-0.386982223,-0.31523
2573,20100418 05:00:00,0.3,0.31,0.23,-0.55,-0.400010017,-0.3649
2574,20100418 06:00:00,0.39,0.34,0.31,-0.51,-0.346954712,-0.35488
2575,20100418 07:00:00,0.46,0.37,0.38,-0.44,-0.243930088,-0.29477
2576,20100418 08:00:00,0.51,0.37,0.41,-0.34,-0.114072874,-0.19469
2577,20100418 09:00:00,0.53,0.36,0.43,-0.23,0.016423534,-0.09454
2578,20100418 10:00:00,0.52,0.33,0.42,-0.1,0.121383087,0.00556
2579,20100418 11:00:00,0.46,0.29,0.39,0,0.187591078,0.09564
2580,20100418 12:00:00,0.37,0.23,0.34,0.09,0.2209913,0.15568
2581,20100418 13:00:00,0.24,0.17,0.24,0.15,0.230204071,0.18569
2582,20100418 14:00:00,0.11,0.09,0.12,0.19,0.214873267,0.18582
2583,20100418 15:00:00,-0.01,0.02,-0.01,0.23,0.178122928,0.14601
2584,20100418 16:00:00,-0.12,-0.04,-0.14,0.27,0.137793855,0.10604
2585,20100418 17:00:00,-0.21,-0.08,-0.25,0.28,0.115390318,0.08605
2586,20100418 18:00:00,-0.29,-0.12,-0.34,0.27,0.117330863,0.07614
2587,20100418 19:00:00,-0.36,-0.13,-0.4,0.23,0.133451357,0.08623
2588,20100418 20:00:00,-0.4,-0.14,-0.44,0.18,0.150013549,0.09626
2589,20100418 21:00:00,-0.41,-0.13,-0.46,0.11,0.15687192,0.10633
2590,20100418 22:00:00,-0.39,-0.1,-0.45,0.03,0.144473043,0.09632
2591,20100418 23:00:00,-0.34,-0.06,-0.4,-0.07,0.106433643,0.08629
2592,20100419 00:00:00,-0.28,-0.01,-0.32,-0.19,0.045843182,0.05628
2593,20100419 01:00:00,-0.2,0.05,-0.23,-0.31,-0.03121383,0.00619
2594,20100419 02:00:00,-0.12,0.11,-0.14,-0.43,-0.124520765,-0.07387
2595,20100419 03:00:00,-0.01,0.17,-0.04,-0.51,-0.230419502,-0.16388
2596,20100419 04:00:00,0.1,0.22,0.07,-0.56,-0.32796569,-0.26373
2597,20100419 05:00:00,0.22,0.28,0.17,-0.57,-0.386792986,-0.33357
2598,20100419 06:00:00,0.32,0.32,0.26,-0.56,-0.38771019,-0.3635
2599,20100419 07:00:00,0.42,0.35,0.34,-0.51,-0.331117511,-0.34333
2600,20100419 08:00:00,0.49,0.37,0.4,-0.44,-0.231035448,-0.28319
2601,20100419 09:00:00,0.54,0.37,0.44,-0.33,-0.10675269,-0.19315
2602,20100419 10:00:00,0.56,0.36,0.45,-0.21,0.017998392,-0.09305
2603,20100419 11:00:00,0.54,0.33,0.44,-0.09,0.118117536,0.00705
2604,20100419 12:00:00,0.48,0.29,0.41,0.02,0.181803636,0.08712
2605,20100419 13:00:00,0.38,0.23,0.35,0.11,0.215507043,0.15719
2606,20100419 14:00:00,0.26,0.17,0.25,0.17,0.227548678,0.1873
2607,20100419 15:00:00,0.14,0.1,0.13,0.22,0.217819185,0.1774
2608,20100419 16:00:00,0.02,0.03,0,0.26,0.190593753,0.14744
2609,20100419 17:00:00,-0.1,-0.03,-0.12,0.29,0.162065267,0.11763
2610,20100419 18:00:00,-0.2,-0.08,-0.24,0.3,0.147992444,0.10775
2611,20100419 19:00:00,-0.28,-0.11,-0.33,0.27,0.149886238,0.10786
2612,20100419 20:00:00,-0.35,-0.13,-0.39,0.22,0.158481084,0.10797
2613,20100419 21:00:00,-0.4,-0.14,-0.43,0.16,0.165093154,0.11804
2614,20100419 22:00:00,-0.42,-0.13,-0.45,0.1,0.164169928,0.11815
2615,20100419 23:00:00,-0.4,-0.1,-0.44,0.01,0.146759792,0.10829
2616,20100420 00:00:00,-0.36,-0.06,-0.4,-0.09,0.105063523,0.08825
2617,20100420 01:00:00,-0.29,0,-0.32,-0.2,0.041496798,0.04833
2618,20100420 02:00:00,-0.21,0.05,-0.23,-0.31,-0.037020078,-0.00162
2619,20100420 03:00:00,-0.12,0.11,-0.14,-0.42,-0.127453428,-0.08158
2620,20100420 04:00:00,-0.01,0.17,-0.03,-0.5,-0.224305956,-0.17145
2621,20100420 05:00:00,0.11,0.23,0.08,-0.55,-0.309871742,-0.25126
2622,20100420 06:00:00,0.22,0.28,0.18,-0.56,-0.360735346,-0.31112
2623,20100420 07:00:00,0.33,0.32,0.26,-0.55,-0.361884399,-0.34083
2624,20100420 08:00:00,0.42,0.35,0.34,-0.5,-0.312702313,-0.32069
2625,20100420 09:00:00,0.5,0.37,0.4,-0.42,-0.222809109,-0.27061
2626,20100420 10:00:00,0.55,0.37,0.44,-0.32,-0.107563873,-0.19053
2627,20100420 11:00:00,0.56,0.35,0.45,-0.2,0.01061761,-0.09043
2628,20100420 12:00:00,0.54,0.33,0.44,-0.08,0.106920522,-0.00032
2629,20100420 13:00:00,0.49,0.29,0.41,0.03,0.170350648,0.07979
2630,20100420 14:00:00,0.4,0.24,0.35,0.13,0.206911611,0.13995
2631,20100420 15:00:00,0.3,0.18,0.26,0.19,0.223755746,0.17013
2632,20100420 16:00:00,0.17,0.11,0.15,0.24,0.220909539,0.17022
2633,20100420 17:00:00,0.05,0.05,0.03,0.27,0.202013058,0.15036
2634,20100420 18:00:00,-0.06,-0.01,-0.09,0.29,0.179757469,0.13049
2635,20100420 19:00:00,-0.17,-0.06,-0.2,0.28,0.165813017,0.12064
2636,20100420 20:00:00,-0.26,-0.1,-0.3,0.25,0.161518857,0.12071
2637,20100420 21:00:00,-0.33,-0.12,-0.36,0.2,0.16220397,0.1208
2638,20100420 22:00:00,-0.38,-0.13,-0.41,0.14,0.164391449,0.12092
2639,20100420 23:00:00,-0.4,-0.12,-0.43,0.08,0.16337147,0.11101
2640,20100421 00:00:00,-0.39,-0.09,-0.42,0,0.148317976,0.11112
2641,20100421 01:00:00,-0.35,-0.05,-0.37,-0.09,0.110086445,0.09126
2642,20100421 02:00:00,-0.29,0.01,-0.3,-0.19,0.050773552,0.05134
2643,20100421 03:00:00,-0.21,0.06,-0.22,-0.29,-0.021299013,0.00139
2644,20100421 04:00:00,-0.11,0.12,-0.12,-0.39,-0.102516899,-0.06851
2645,20100421 05:00:00,0,0.18,-0.02,-0.46,-0.188966006,-0.13841
2646,20100421 06:00:00,0.11,0.23,0.08,-0.51,-0.268214733,-0.21835
2647,20100421 07:00:00,0.21,0.27,0.17,-0.53,-0.32106544,-0.27815
2648,20100421 08:00:00,0.31,0.3,0.25,-0.52,-0.331969386,-0.30795
2649,20100421 09:00:00,0.41,0.33,0.32,-0.47,-0.296162106,-0.29775
2650,20100421 10:00:00,0.48,0.35,0.38,-0.4,-0.21861632,-0.25748
2651,20100421 11:00:00,0.53,0.35,0.41,-0.29,-0.112199152,-0.18732
2652,20100421 12:00:00,0.54,0.33,0.42,-0.18,0.001235146,-0.09724
2653,20100421 13:00:00,0.53,0.31,0.42,-0.06,0.096664655,-0.00704
2654,20100421 14:00:00,0.49,0.28,0.39,0.05,0.162123205,0.07319
2655,20100421 15:00:00,0.42,0.24,0.34,0.14,0.202364668,0.13331
2656,20100421 16:00:00,0.32,0.19,0.26,0.2,0.223547987,0.16341
2657,20100421 17:00:00,0.2,0.13,0.17,0.23,0.22514481,0.17351
2658,20100421 18:00:00,0.08,0.07,0.06,0.25,0.2088647,0.15363
2659,20100421 19:00:00,-0.03,0.02,-0.06,0.26,0.184173601,0.14376
2660,20100421 20:00:00,-0.13,-0.03,-0.16,0.24,0.162274574,0.12386
2661,20100421 21:00:00,-0.22,-0.07,-0.25,0.2,0.149115815,0.11399
2662,20100421 22:00:00,-0.29,-0.09,-0.32,0.16,0.145235636,0.10413
2663,20100421 23:00:00,-0.34,-0.1,-0.36,0.12,0.149300608,0.10425
2664,20100422 00:00:00,-0.36,-0.09,-0.38,0.06,0.155439779,0.10445
2665,20100422 01:00:00,-0.35,-0.06,-0.37,0,0.150471058,0.10465
2666,20100422 02:00:00,-0.31,-0.02,-0.33,-0.07,0.123356145,0.0949
2667,20100422 03:00:00,-0.25,0.03,-0.26,-0.15,0.075845364,0.06511
2668,20100422 04:00:00,-0.17,0.08,-0.18,-0.24,0.015795405,0.02528
2669,20100422 05:00:00,-0.09,0.13,-0.09,-0.33,-0.0541347,-0.02454
2670,20100422 06:00:00,0.01,0.18,0,-0.41,-0.133325797,-0.09436
2671,20100422 07:00:00,0.1,0.22,0.08,-0.46,-0.213089728,-0.16421
2672,20100422 08:00:00,0.19,0.25,0.15,-0.48,-0.275159844,-0.23402
2673,20100422 09:00:00,0.29,0.28,0.22,-0.47,-0.300495741,-0.27384
2674,20100422 10:00:00,0.37,0.3,0.28,-0.43,-0.27949168,-0.27359
2675,20100422 11:00:00,0.43,0.31,0.33,-0.36,-0.213354425,-0.24335
2676,20100422 12:00:00,0.47,0.31,0.36,-0.26,-0.112852268,-0.18316
2677,20100422 13:00:00,0.49,0.31,0.37,-0.15,-0.000318417,-0.10301
2678,20100422 14:00:00,0.49,0.29,0.36,-0.04,0.096696761,-0.01283
2679,20100422 15:00:00,0.46,0.27,0.35,0.06,0.16402448,0.06736
2680,20100422 16:00:00,0.4,0.24,0.31,0.14,0.205359355,0.12742
2681,20100422 17:00:00,0.31,0.2,0.25,0.18,0.226551735,0.16745
2682,20100422 18:00:00,0.21,0.15,0.17,0.2,0.226094855,0.16747
2683,20100422 19:00:00,0.1,0.1,0.08,0.21,0.203000988,0.15756
2684,20100422 20:00:00,0,0.04,-0.02,0.2,0.166017936,0.12764
2685,20100422 21:00:00,-0.1,0,-0.12,0.17,0.130701369,0.10773
2686,20100422 22:00:00,-0.17,-0.03,-0.2,0.13,0.109181411,0.07777
2687,20100422 23:00:00,-0.23,-0.05,-0.25,0.1,0.105494476,0.06785
2688,20100423 00:00:00,-0.27,-0.05,-0.29,0.08,0.118008672,0.06796
2689,20100423 01:00:00,-0.29,-0.04,-0.3,0.04,0.13876097,0.08796
2690,20100423 02:00:00,-0.28,-0.02,-0.3,0,0.151476127,0.09793
2691,20100423 03:00:00,-0.24,0.02,-0.26,-0.05,0.142153241,0.09795
2692,20100423 04:00:00,-0.18,0.06,-0.2,-0.11,0.110545994,0.0879
2693,20100423 05:00:00,-0.11,0.1,-0.13,-0.18,0.063700339,0.06788
2694,20100423 06:00:00,-0.04,0.14,-0.05,-0.26,0.003616228,0.01778
2695,20100423 07:00:00,0.02,0.17,0.02,-0.33,-0.072023322,-0.04223
2696,20100423 08:00:00,0.09,0.19,0.07,-0.38,-0.157183309,-0.11227
2697,20100423 09:00:00,0.16,0.21,0.12,-0.4,-0.231785206,-0.18225
2698,20100423 10:00:00,0.23,0.23,0.16,-0.4,-0.27169133,-0.23229
2699,20100423 11:00:00,0.3,0.25,0.21,-0.36,-0.262739701,-0.25237
2700,20100423 12:00:00,0.35,0.26,0.25,-0.3,-0.203569361,-0.2324
2701,20100423 13:00:00,0.38,0.26,0.27,-0.21,-0.104164195,-0.1726
2702,20100423 14:00:00,0.4,0.26,0.28,-0.11,0.009969724,-0.09287
2703,20100423 15:00:00,0.41,0.26,0.28,-0.01,0.107193988,-0.0033
2704,20100423 16:00:00,0.39,0.25,0.27,0.07,0.171882146,0.07633
2705,20100423 17:00:00,0.35,0.23,0.25,0.12,0.208220066,0.13618
2706,20100423 18:00:00,0.28,0.2,0.22,0.14,0.222244051,0.16602
2707,20100423 19:00:00,0.19,0.17,0.16,0.14,0.210404707,0.16584
2708,20100423 20:00:00,0.1,0.12,0.09,0.12,0.170128544,0.13574
2709,20100423 21:00:00,0.01,0.08,0.01,0.1,0.113512464,0.09566
2710,20100423 22:00:00,-0.05,0.04,-0.07,0.07,0.063226608,0.05557
2711,20100423 23:00:00,-0.11,0.02,-0.13,0.04,0.036748891,0.02547
2712,20100424 00:00:00,-0.14,0.01,-0.17,0.03,0.03897281,0.01523
2713,20100424 01:00:00,-0.17,0.01,-0.19,0.02,0.067308893,0.01499
2714,20100424 02:00:00,-0.17,0.02,-0.2,0.01,0.110943612,0.04476
2715,20100424 03:00:00,-0.15,0.04,-0.19,0,0.14814214,0.07455
2716,20100424 04:00:00,-0.11,0.07,-0.16,-0.02,0.159825911,0.09439
2717,20100424 05:00:00,-0.07,0.1,-0.11,-0.05,0.144286775,0.10428
2718,20100424 06:00:00,-0.03,0.13,-0.06,-0.11,0.110081676,0.10423
2719,20100424 07:00:00,0.01,0.15,-0.01,-0.18,0.05883259,0.07424
2720,20100424 08:00:00,0.04,0.16,0.03,-0.24,-0.015243194,0.01418
2721,20100424 09:00:00,0.07,0.16,0.06,-0.29,-0.107567491,-0.06584
2722,20100424 10:00:00,0.11,0.17,0.07,-0.31,-0.19383478,-0.14581
2723,20100424 11:00:00,0.15,0.18,0.09,-0.31,-0.244006412,-0.20595
2724,20100424 12:00:00,0.19,0.19,0.11,-0.28,-0.240853926,-0.22628
2725,20100424 13:00:00,0.23,0.2,0.13,-0.22,-0.182120415,-0.20652
2726,20100424 14:00:00,0.25,0.2,0.15,-0.14,-0.080197896,-0.15678
2727,20100424 15:00:00,0.28,0.21,0.15,-0.06,0.034576825,-0.07695
2728,20100424 16:00:00,0.28,0.22,0.16,0.02,0.127096549,0.01311
2729,20100424 17:00:00,0.29,0.22,0.17,0.07,0.181415799,0.08339
2730,20100424 18:00:00,0.26,0.22,0.18,0.09,0.205158076,0.14355
2731,20100424 19:00:00,0.21,0.2,0.17,0.08,0.203912095,0.16353
2732,20100424 20:00:00,0.15,0.18,0.14,0.05,0.171769831,0.14335
2733,20100424 21:00:00,0.09,0.15,0.09,0.01,0.106836988,0.09322
2734,20100424 22:00:00,0.04,0.12,0.04,-0.03,0.028432116,0.03323
2735,20100424 23:00:00,0,0.1,-0.01,-0.06,-0.033120283,-0.01667
2736,20100425 00:00:00,-0.02,0.09,-0.04,-0.07,-0.057437001,-0.0567
2737,20100425 01:00:00,-0.03,0.09,-0.06,-0.06,-0.040271531,-0.06668
2738,20100425 02:00:00,-0.03,0.09,-0.07,-0.04,0.013521404,-0.03665
2739,20100425 03:00:00,-0.02,0.1,-0.07,-0.02,0.08758534,0.01372
2740,20100425 04:00:00,0,0.11,-0.06,0,0.152032476,0.06397
2741,20100425 05:00:00,0.03,0.13,-0.03,0.01,0.183454091,0.10432
2742,20100425 06:00:00,0.05,0.15,0,0,0.182439788,0.13474
2743,20100425 07:00:00,0.06,0.15,0.03,-0.04,0.16097096,0.14522
2744,20100425 08:00:00,0.05,0.15,0.04,-0.09,0.118518875,0.12564
2745,20100425 09:00:00,0.04,0.14,0.04,-0.14,0.045116312,0.06614
2746,20100425 10:00:00,0.03,0.12,0.03,-0.18,-0.053438684,-0.01338
2747,20100425 11:00:00,0.03,0.11,0.01,-0.2,-0.146492183,-0.09291
2748,20100425 12:00:00,0.04,0.11,-0.01,-0.19,-0.199123586,-0.16238
2749,20100425 13:00:00,0.06,0.12,-0.01,-0.17,-0.193899656,-0.18192
2750,20100425 14:00:00,0.08,0.12,0,-0.12,-0.131026579,-0.16142
2751,20100425 15:00:00,0.1,0.13,0,-0.06,-0.027119022,-0.11088
2752,20100425 16:00:00,0.11,0.15,0,-0.01,0.08247009,-0.03045
2753,20100425 17:00:00,0.14,0.16,0.02,0.04,0.16101962,0.04999
2754,20100425 18:00:00,0.16,0.18,0.06,0.05,0.197156341,0.12062
2755,20100425 19:00:00,0.16,0.19,0.09,0.04,0.20099063,0.16106
2756,20100425 20:00:00,0.14,0.19,0.1,-0.01,0.177322441,0.15154
2757,20100425 21:00:00,0.11,0.18,0.1,-0.08,0.118735473,0.11199
2758,20100425 22:00:00,0.08,0.17,0.09,-0.14,0.027389134,0.04241
2759,20100425 23:00:00,0.07,0.16,0.07,-0.18,-0.069531095,-0.03724
2760,20100426 00:00:00,0.08,0.15,0.06,-0.2,-0.135076797,-0.09675
2761,20100426 01:00:00,0.1,0.16,0.05,-0.19,-0.147799322,-0.13616
2762,20100426 02:00:00,0.12,0.17,0.06,-0.16,-0.105869249,-0.13562
2763,20100426 03:00:00,0.14,0.17,0.07,-0.11,-0.019421484,-0.08502
2764,20100426 04:00:00,0.15,0.18,0.07,-0.05,0.085956313,-0.00438
2765,20100426 05:00:00,0.17,0.19,0.08,0,0.172617173,0.0663
2766,20100426 06:00:00,0.18,0.19,0.1,0.04,0.218129983,0.137
2767,20100426 07:00:00,0.17,0.19,0.11,0.05,0.229618124,0.18774
2768,20100426 08:00:00,0.13,0.17,0.1,0.04,0.220863276,0.19846
2769,20100426 09:00:00,0.08,0.14,0.08,0.01,0.186070382,0.17914
2770,20100426 10:00:00,0.02,0.11,0.04,-0.03,0.112042845,0.11978
2771,20100426 11:00:00,-0.03,0.07,-0.02,-0.06,0.009513448,0.04045
2772,20100426 12:00:00,-0.06,0.05,-0.08,-0.07,-0.083625949,-0.0389
2773,20100426 13:00:00,-0.07,0.04,-0.12,-0.06,-0.131319862,-0.09829
2774,20100426 14:00:00,-0.08,0.04,-0.14,-0.05,-0.119721305,-0.11776
2775,20100426 15:00:00,-0.07,0.04,-0.15,-0.02,-0.053483094,-0.0973
2776,20100426 16:00:00,-0.07,0.06,-0.16,0.02,0.046155089,-0.0368
2777,20100426 17:00:00,-0.04,0.08,-0.15,0.04,0.140687969,0.03375
2778,20100426 18:00:00,0,0.11,-0.11,0.04,0.195898649,0.09424
2779,20100426 19:00:00,0.04,0.14,-0.06,0.02,0.206797925,0.14468
2780,20100426 20:00:00,0.06,0.16,-0.01,-0.04,0.186069452,0.16509
2781,20100426 21:00:00,0.07,0.18,0.04,-0.13,0.136101312,0.13555
2782,20100426 22:00:00,0.07,0.19,0.07,-0.22,0.048849176,0.06604
2783,20100426 23:00:00,0.09,0.19,0.1,-0.29,-0.066844692,-0.0235
2784,20100427 00:00:00,0.12,0.2,0.11,-0.33,-0.174415782,-0.11298
2785,20100427 01:00:00,0.17,0.22,0.13,-0.34,-0.233040934,-0.18237
2786,20100427 02:00:00,0.22,0.24,0.15,-0.31,-0.223851746,-0.21174
2787,20100427 03:00:00,0.26,0.25,0.19,-0.25,-0.150563298,-0.19115
2788,20100427 04:00:00,0.29,0.26,0.21,-0.18,-0.031661974,-0.11054
2789,20100427 05:00:00,0.31,0.26,0.21,-0.09,0.097692952,-0.00995
2790,20100427 06:00:00,0.31,0.26,0.22,0,0.197125597,0.0905
2791,20100427 07:00:00,0.3,0.25,0.22,0.06,0.25094546,0.1709
2792,20100427 08:00:00,0.25,0.22,0.2,0.1,0.27328197,0.22134
2793,20100427 09:00:00,0.18,0.18,0.16,0.11,0.275470756,0.25176
2794,20100427 10:00:00,0.08,0.13,0.1,0.1,0.245022645,0.23209
2795,20100427 11:00:00,-0.01,0.08,0.02,0.07,0.16988373,0.17256
2796,20100427 12:00:00,-0.09,0.03,-0.07,0.06,0.0687314,0.0931
2797,20100427 13:00:00,-0.15,-0.01,-0.16,0.06,-0.016128875,0.02367
2798,20100427 14:00:00,-0.18,-0.03,-0.23,0.06,-0.052691221,-0.03565
2799,20100427 15:00:00,-0.2,-0.03,-0.26,0.07,-0.033605463,-0.04502
2800,20100427 16:00:00,-0.21,-0.03,-0.28,0.08,0.031884531,-0.02439
2801,20100427 17:00:00,-0.2,-0.01,-0.29,0.08,0.11899194,0.03619
2802,20100427 18:00:00,-0.17,0.02,-0.27,0.07,0.189340658,0.08659
2803,20100427 19:00:00,-0.12,0.06,-0.22,0.03,0.215595451,0.1369
2804,20100427 20:00:00,-0.06,0.1,-0.16,-0.03,0.199663144,0.15722
2805,20100427 21:00:00,-0.02,0.13,-0.08,-0.13,0.154211091,0.14752
2806,20100427 22:00:00,0.01,0.16,-0.01,-0.24,0.077708886,0.09781
2807,20100427 23:00:00,0.05,0.19,0.05,-0.35,-0.035685214,0.00815
2808,20100428 00:00:00,0.11,0.21,0.1,-0.43,-0.167668281,-0.09148
2809,20100428 01:00:00,0.18,0.24,0.15,-0.46,-0.273736606,-0.19108
2810,20100428 02:00:00,0.25,0.27,0.2,-0.45,-0.313333013,-0.26045
2811,20100428 03:00:00,0.33,0.3,0.25,-0.4,-0.274468806,-0.2698
2812,20100428 04:00:00,0.39,0.32,0.3,-0.32,-0.169771978,-0.21933
2813,20100428 05:00:00,0.42,0.33,0.32,-0.22,-0.0265969,-0.11884
2814,20100428 06:00:00,0.43,0.32,0.33,-0.12,0.114489885,0.00149
2815,20100428 07:00:00,0.42,0.31,0.33,-0.01,0.217426566,0.10178
2816,20100428 08:00:00,0.38,0.28,0.31,0.08,0.276248958,0.19217
2817,20100428 09:00:00,0.3,0.24,0.27,0.15,0.307708287,0.25255
2818,20100428 10:00:00,0.19,0.18,0.2,0.17,0.31692252,0.28285
2819,20100428 11:00:00,0.06,0.11,0.11,0.17,0.288029193,0.26321
2820,20100428 12:00:00,-0.05,0.04,-0.01,0.16,0.214522379,0.21358
2821,20100428 13:00:00,-0.15,-0.02,-0.13,0.17,0.12246241,0.134
2822,20100428 14:00:00,-0.22,-0.06,-0.24,0.17,0.052533426,0.07438
2823,20100428 15:00:00,-0.26,-0.08,-0.31,0.17,0.028738039,0.02472
2824,20100428 16:00:00,-0.29,-0.08,-0.35,0.17,0.051933859,0.02503
2825,20100428 17:00:00,-0.31,-0.08,-0.38,0.15,0.109825749,0.05527
2826,20100428 18:00:00,-0.3,-0.06,-0.38,0.12,0.176802123,0.09555
2827,20100428 19:00:00,-0.26,-0.03,-0.36,0.08,0.218696658,0.1358
2828,20100428 20:00:00,-0.2,0.02,-0.3,0.01,0.216846465,0.15594
2829,20100428 21:00:00,-0.13,0.07,-0.22,-0.09,0.17765308,0.15613
2830,20100428 22:00:00,-0.08,0.11,-0.14,-0.21,0.110464738,0.12642
2831,20100428 23:00:00,-0.02,0.15,-0.05,-0.35,0.010927287,0.05662
2832,20100429 00:00:00,0.05,0.2,0.04,-0.46,-0.12086597,-0.0531
2833,20100429 01:00:00,0.13,0.24,0.12,-0.53,-0.256563076,-0.16281
2834,20100429 02:00:00,0.23,0.28,0.19,-0.55,-0.347850751,-0.26255
2835,20100429 03:00:00,0.32,0.32,0.26,-0.52,-0.360542572,-0.3223
2836,20100429 04:00:00,0.41,0.36,0.33,-0.46,-0.292650866,-0.3022
2837,20100429 05:00:00,0.48,0.38,0.38,-0.37,-0.165563197,-0.22215
2838,20100429 06:00:00,0.51,0.38,0.41,-0.26,-0.012333857,-0.11213
2839,20100429 07:00:00,0.51,0.36,0.42,-0.13,0.127849449,0.00786
2840,20100429 08:00:00,0.48,0.34,0.4,-0.01,0.227200556,0.11798
2841,20100429 09:00:00,0.42,0.3,0.37,0.1,0.287370446,0.20811
2842,20100429 10:00:00,0.32,0.24,0.31,0.17,0.323176721,0.27817
2843,20100429 11:00:00,0.18,0.17,0.22,0.21,0.334039302,0.29826
2844,20100429 12:00:00,0.04,0.09,0.1,0.22,0.305503132,0.27834
2845,20100429 13:00:00,-0.08,0.02,-0.04,0.23,0.238521071,0.22851
2846,20100429 14:00:00,-0.18,-0.05,-0.18,0.25,0.161911048,0.15858
2847,20100429 15:00:00,-0.25,-0.09,-0.29,0.26,0.10967958,0.10864
2848,20100429 16:00:00,-0.3,-0.11,-0.36,0.25,0.096890968,0.07871
2849,20100429 17:00:00,-0.34,-0.12,-0.41,0.23,0.119683661,0.07876
2850,20100429 18:00:00,-0.36,-0.11,-0.43,0.19,0.16461306,0.10886
2851,20100429 19:00:00,-0.35,-0.09,-0.44,0.14,0.20819009,0.12897
2852,20100429 20:00:00,-0.31,-0.06,-0.41,0.06,0.223387539,0.14909
2853,20100429 21:00:00,-0.25,-0.01,-0.35,-0.03,0.199518326,0.15922
2854,20100429 22:00:00,-0.18,0.04,-0.26,-0.15,0.143373955,0.13936
2855,20100429 23:00:00,-0.11,0.1,-0.16,-0.29,0.058988081,0.08942
2856,20100430 00:00:00,-0.03,0.15,-0.06,-0.42,-0.057099399,-0.00061
2857,20100430 01:00:00,0.05,0.2,0.04,-0.53,-0.195665101,-0.11072
2858,20100430 02:00:00,0.15,0.25,0.13,-0.58,-0.320828396,-0.23092
2859,20100430 03:00:00,0.26,0.3,0.22,-0.59,-0.387203347,-0.3111
2860,20100430 04:00:00,0.37,0.35,0.3,-0.56,-0.37145581,-0.34134
2861,20100430 05:00:00,0.47,0.39,0.38,-0.49,-0.282454667,-0.3018
2862,20100430 06:00:00,0.53,0.4,0.43,-0.39,-0.146829401,-0.21223
2863,20100430 07:00:00,0.55,0.4,0.46,-0.27,0.002495485,-0.09267
2864,20100430 08:00:00,0.55,0.38,0.46,-0.13,0.13217178,0.02694
2865,20100430 09:00:00,0.51,0.34,0.44,0,0.223164311,0.12653
2866,20100430 10:00:00,0.43,0.29,0.4,0.11,0.280381846,0.20613
2867,20100430 11:00:00,0.31,0.23,0.32,0.18,0.315107653,0.26572
2868,20100430 12:00:00,0.16,0.15,0.21,0.23,0.324189892,0.28535
2869,20100430 13:00:00,0.03,0.07,0.07,0.25,0.297928648,0.26494
2870,20100430 14:00:00,-0.09,0,-0.07,0.28,0.242595148,0.22458
2871,20100430 15:00:00,-0.18,-0.06,-0.2,0.3,0.184484765,0.17425
2872,20100430 16:00:00,-0.25,-0.1,-0.3,0.3,0.14865176,0.1339
2873,20100430 17:00:00,-0.32,-0.12,-0.38,0.28,0.142446482,0.11351
2874,20100430 18:00:00,-0.36,-0.13,-0.42,0.25,0.159623424,0.12315
2875,20100430 19:00:00,-0.39,-0.13,-0.45,0.19,0.18823456,0.13288
2876,20100430 20:00:00,-0.37,-0.11,-0.45,0.12,0.209517957,0.14263
2877,20100430 21:00:00,-0.33,-0.07,-0.42,0.04,0.204526533,0.15245
2878,20100430 22:00:00,-0.27,-0.02,-0.36,-0.07,0.166702759,0.14205
2879,20100430 23:00:00,-0.2,0.04,-0.26,-0.2,0.099416226,0.11179
2880,20100501 00:00:00,-0.12,0.09,-0.16,-0.34,0.003499128,0.05148
2881,20100501 01:00:00,-0.04,0.15,-0.06,-0.46,-0.119346067,-0.04889
2882,20100501 02:00:00,0.06,0.21,0.05,-0.55,-0.250884751,-0.15934
2883,20100501 03:00:00,0.17,0.27,0.15,-0.6,-0.353741492,-0.26976
2884,20100501 04:00:00,0.29,0.32,0.24,-0.6,-0.391794088,-0.33016
2885,20100501 05:00:00,0.4,0.37,0.33,-0.56,-0.354034245,-0.34056
2886,20100501 06:00:00,0.49,0.4,0.4,-0.49,-0.256046053,-0.29094
2887,20100501 07:00:00,0.54,0.41,0.45,-0.39,-0.124480087,-0.19132
2888,20100501 08:00:00,0.56,0.4,0.48,-0.26,0.011987653,-0.08167
2889,20100501 09:00:00,0.55,0.37,0.47,-0.12,0.126599399,0.02796
2890,20100501 10:00:00,0.5,0.33,0.44,0.01,0.206557047,0.11758
2891,20100501 11:00:00,0.41,0.28,0.39,0.11,0.257769712,0.19719
2892,20100501 12:00:00,0.29,0.21,0.31,0.19,0.288685254,0.24678
2893,20100501 13:00:00,0.15,0.14,0.19,0.24,0.29659705,0.2564
2894,20100501 14:00:00,0.03,0.06,0.05,0.28,0.276446652,0.23607
2895,20100501 15:00:00,-0.08,-0.01,-0.09,0.31,0.23597411,0.20582
2896,20100501 16:00:00,-0.17,-0.06,-0.2,0.32,0.195348809,0.16557
2897,20100501 17:00:00,-0.25,-0.1,-0.3,0.31,0.171167781,0.14525
2898,20100501 18:00:00,-0.31,-0.12,-0.37,0.28,0.166073965,0.13501
2899,20100501 19:00:00,-0.36,-0.13,-0.41,0.23,0.174397315,0.13484
2900,20100501 20:00:00,-0.38,-0.12,-0.44,0.17,0.187630367,0.13458
2901,20100501 21:00:00,-0.37,-0.1,-0.44,0.09,0.192951307,0.13421
2902,20100501 22:00:00,-0.33,-0.06,-0.4,0,0.17680829,0.13381
2903,20100501 23:00:00,-0.27,-0.01,-0.34,-0.11,0.132544555,0.1134
2904,20100502 00:00:00,-0.2,0.04,-0.25,-0.23,0.059642978,0.07298
2905,20100502 01:00:00,-0.12,0.1,-0.15,-0.36,-0.040088241,0.01254
2906,20100502 02:00:00,-0.03,0.16,-0.04,-0.47,-0.157610807,-0.08789
2907,20100502 03:00:00,0.08,0.22,0.06,-0.55,-0.270202954,-0.18836
2908,20100502 04:00:00,0.19,0.27,0.16,-0.58,-0.346174663,-0.26873
2909,20100502 05:00:00,0.31,0.32,0.25,-0.57,-0.36127567,-0.31904
2910,20100502 06:00:00,0.41,0.36,0.33,-0.53,-0.313048641,-0.30937
2911,20100502 07:00:00,0.49,0.39,0.4,-0.46,-0.217902811,-0.24976
2912,20100502 08:00:00,0.54,0.39,0.45,-0.36,-0.0991874,-0.17003
2913,20100502 09:00:00,0.55,0.38,0.46,-0.23,0.019661642,-0.07046
2914,20100502 10:00:00,0.53,0.35,0.46,-0.1,0.117441069,0.01918
2915,20100502 11:00:00,0.47,0.31,0.42,0.02,0.185572271,0.10889
2916,20100502 12:00:00,0.38,0.25,0.36,0.12,0.229862708,0.17862
2917,20100502 13:00:00,0.27,0.19,0.27,0.2,0.256977903,0.21838
2918,20100502 14:00:00,0.15,0.12,0.16,0.25,0.265646621,0.21816
2919,20100502 15:00:00,0.03,0.06,0.03,0.29,0.253268477,0.20788
2920,20100502 16:00:00,-0.06,0,-0.09,0.31,0.226094996,0.17765
2921,20100502 17:00:00,-0.16,-0.05,-0.2,0.32,0.197718116,0.1574
2922,20100502 18:00:00,-0.24,-0.09,-0.28,0.29,0.178549077,0.14716
2923,20100502 19:00:00,-0.3,-0.11,-0.35,0.25,0.169596399,0.13694
2924,20100502 20:00:00,-0.35,-0.11,-0.39,0.19,0.168273781,0.13679
2925,20100502 21:00:00,-0.37,-0.1,-0.41,0.13,0.17070036,0.12662
2926,20100502 22:00:00,-0.36,-0.08,-0.4,0.05,0.168196716,0.12642
2927,20100502 23:00:00,-0.32,-0.05,-0.36,-0.03,0.148449863,0.11632
2928,20100503 00:00:00,-0.26,0,-0.3,-0.14,0.10288505,0.09633
2929,20100503 01:00:00,-0.19,0.06,-0.21,-0.25,0.030159819,0.04639
2930,20100503 02:00:00,-0.1,0.11,-0.12,-0.36,-0.063960699,-0.01374
2931,20100503 03:00:00,0,0.17,-0.02,-0.45,-0.165613178,-0.10381
2932,20100503 04:00:00,0.1,0.23,0.08,-0.51,-0.253941794,-0.18395
2933,20100503 05:00:00,0.21,0.28,0.18,-0.54,-0.306604084,-0.25412
2934,20100503 06:00:00,0.32,0.32,0.26,-0.53,-0.308212974,-0.27424
2935,20100503 07:00:00,0.41,0.35,0.33,-0.49,-0.259368165,-0.26432
2936,20100503 08:00:00,0.48,0.37,0.39,-0.42,-0.174141012,-0.21432
2937,20100503 09:00:00,0.52,0.37,0.42,-0.31,-0.071317628,-0.13436
2938,20100503 10:00:00,0.53,0.35,0.43,-0.19,0.029770057,-0.0543
2939,20100503 11:00:00,0.49,0.32,0.42,-0.07,0.112443425,0.02578
2940,20100503 12:00:00,0.43,0.28,0.38,0.04,0.170714344,0.09583
2941,20100503 13:00:00,0.35,0.23,0.32,0.13,0.209583256,0.15576
2942,20100503 14:00:00,0.25,0.17,0.23,0.21,0.234313869,0.18569
2943,20100503 15:00:00,0.14,0.11,0.12,0.26,0.244886095,0.1957
2944,20100503 16:00:00,0.04,0.06,0.01,0.28,0.239382406,0.18568
2945,20100503 17:00:00,-0.06,0.01,-0.09,0.3,0.220818076,0.17567
2946,20100503 18:00:00,-0.15,-0.04,-0.18,0.28,0.197539396,0.16571
2947,20100503 19:00:00,-0.22,-0.07,-0.26,0.25,0.177041908,0.1457
2948,20100503 20:00:00,-0.28,-0.08,-0.31,0.2,0.162035747,0.13567
2949,20100503 21:00:00,-0.32,-0.08,-0.35,0.14,0.15355687,0.12565
2950,20100503 22:00:00,-0.34,-0.08,-0.36,0.08,0.150846178,0.11559
2951,20100503 23:00:00,-0.32,-0.05,-0.35,0.01,0.14631974,0.10551
2952,20100504 00:00:00,-0.29,-0.02,-0.31,-0.07,0.127176086,0.10538
2953,20100504 01:00:00,-0.23,0.03,-0.25,-0.16,0.084081189,0.07528
2954,20100504 02:00:00,-0.15,0.08,-0.17,-0.25,0.017108734,0.03514
2955,20100504 03:00:00,-0.06,0.13,-0.08,-0.34,-0.064146605,-0.02501
2956,20100504 04:00:00,0.04,0.18,0.01,-0.42,-0.145466421,-0.09515
2957,20100504 05:00:00,0.14,0.23,0.1,-0.47,-0.212243091,-0.16522
2958,20100504 06:00:00,0.23,0.27,0.19,-0.48,-0.250056704,-0.21537
2959,20100504 07:00:00,0.32,0.3,0.26,-0.47,-0.247752912,-0.2254
2960,20100504 08:00:00,0.4,0.33,0.31,-0.43,-0.204929401,-0.21538
2961,20100504 09:00:00,0.46,0.34,0.36,-0.36,-0.132365591,-0.17527
2962,20100504 10:00:00,0.48,0.33,0.39,-0.26,-0.045414968,-0.11518
2963,20100504 11:00:00,0.48,0.31,0.39,-0.15,0.040186397,-0.0351
2964,20100504 12:00:00,0.44,0.28,0.37,-0.04,0.111038224,0.035
2965,20100504 13:00:00,0.38,0.25,0.33,0.06,0.162650015,0.09513
2966,20100504 14:00:00,0.31,0.21,0.27,0.15,0.198176093,0.14521
2967,20100504 15:00:00,0.22,0.16,0.19,0.22,0.221436721,0.16536
2968,20100504 16:00:00,0.12,0.11,0.09,0.25,0.232844549,0.17541
2969,20100504 17:00:00,0.03,0.06,0,0.27,0.230067391,0.1754
2970,20100504 18:00:00,-0.06,0.02,-0.09,0.26,0.212949726,0.16543
2971,20100504 19:00:00,-0.14,-0.02,-0.17,0.23,0.187300422,0.15542
2972,20100504 20:00:00,-0.21,-0.04,-0.23,0.19,0.16144372,0.13554
2973,20100504 21:00:00,-0.26,-0.05,-0.27,0.14,0.141620862,0.11577
2974,20100504 22:00:00,-0.29,-0.05,-0.3,0.08,0.131181771,0.10589
2975,20100504 23:00:00,-0.29,-0.04,-0.3,0.03,0.129525067,0.09605
2976,20100505 00:00:00,-0.27,-0.02,-0.28,-0.03,0.127954308,0.09626
2977,20100505 01:00:00,-0.23,0.02,-0.25,-0.09,0.113457688,0.08656
2978,20100505 02:00:00,-0.17,0.06,-0.19,-0.16,0.07752511,0.06678
2979,20100505 03:00:00,-0.09,0.11,-0.12,-0.23,0.022139239,0.02695
2980,20100505 04:00:00,0,0.15,-0.04,-0.31,-0.042345135,-0.0129
2981,20100505 05:00:00,0.08,0.2,0.05,-0.37,-0.10492311,-0.07278
2982,20100505 06:00:00,0.16,0.23,0.12,-0.41,-0.157209187,-0.12269
2983,20100505 07:00:00,0.24,0.26,0.19,-0.43,-0.188736773,-0.1626
2984,20100505 08:00:00,0.31,0.28,0.24,-0.41,-0.188380096,-0.18251
2985,20100505 09:00:00,0.37,0.3,0.29,-0.37,-0.154014104,-0.17234
2986,20100505 10:00:00,0.41,0.3,0.32,-0.3,-0.093729612,-0.13214
2987,20100505 11:00:00,0.43,0.29,0.34,-0.2,-0.019797141,-0.082
2988,20100505 12:00:00,0.41,0.27,0.33,-0.1,0.054550499,-0.02191
2989,20100505 13:00:00,0.38,0.25,0.3,0,0.117952377,0.04818
2990,20100505 14:00:00,0.33,0.22,0.26,0.09,0.165235107,0.09827
2991,20100505 15:00:00,0.26,0.19,0.21,0.17,0.197529517,0.13829
2992,20100505 16:00:00,0.18,0.15,0.14,0.21,0.217957668,0.16833
2993,20100505 17:00:00,0.1,0.11,0.06,0.23,0.22689099,0.17839
2994,20100505 18:00:00,0.02,0.07,-0.01,0.23,0.220747831,0.16847
2995,20100505 19:00:00,-0.06,0.03,-0.08,0.21,0.197825848,0.15857
2996,20100505 20:00:00,-0.13,0,-0.14,0.16,0.165020356,0.1387
2997,20100505 21:00:00,-0.18,-0.01,-0.19,0.12,0.133976122,0.11892
2998,20100505 22:00:00,-0.21,-0.02,-0.23,0.07,0.113168148,0.09911
2999,20100505 23:00:00,-0.23,-0.01,-0.24,0.03,0.105921236,0.07928
3000,20100506 00:00:00,-0.22,0,-0.23,-0.01,0.109832834,0.07945
3001,20100506 01:00:00,-0.2,0.02,-0.21,-0.05,0.114874413,0.07962
3002,20100506 02:00:00,-0.15,0.06,-0.18,-0.1,0.108351256,0.07974
3003,20100506 03:00:00,-0.09,0.1,-0.12,-0.15,0.08292252,0.0599
3004,20100506 04:00:00,-0.01,0.13,-0.06,-0.21,0.041243191,0.04013
3005,20100506 05:00:00,0.06,0.17,0.01,-0.27,-0.007695556,0.0104
3006,20100506 06:00:00,0.12,0.2,0.08,-0.32,-0.057123875,-0.03932
3007,20100506 07:00:00,0.18,0.23,0.14,-0.35,-0.102084671,-0.079
3008,20100506 08:00:00,0.23,0.24,0.18,-0.36,-0.132767343,-0.11867
3009,20100506 09:00:00,0.29,0.26,0.22,-0.34,-0.13701785,-0.1283
3010,20100506 10:00:00,0.33,0.26,0.25,-0.29,-0.11054048,-0.12795
3011,20100506 11:00:00,0.35,0.26,0.27,-0.23,-0.059386915,-0.09764
3012,20100506 12:00:00,0.35,0.25,0.27,-0.15,0.006500316,-0.05763
3013,20100506 13:00:00,0.33,0.24,0.26,-0.05,0.074405129,0.00243
3014,20100506 14:00:00,0.31,0.22,0.23,0.04,0.133003019,0.06291
3015,20100506 15:00:00,0.27,0.19,0.2,0.12,0.176670366,0.11333
3016,20100506 16:00:00,0.21,0.17,0.15,0.17,0.204138824,0.15329
3017,20100506 17:00:00,0.14,0.14,0.1,0.19,0.218573193,0.17352
3018,20100506 18:00:00,0.07,0.11,0.04,0.19,0.220078462,0.1739
3019,20100506 19:00:00,0.01,0.08,-0.01,0.17,0.204062933,0.16425
3020,20100506 20:00:00,-0.06,0.05,-0.07,0.13,0.170242566,0.14473
3021,20100506 21:00:00,-0.11,0.03,-0.12,0.08,0.129618554,0.11509
3022,20100506 22:00:00,-0.14,0.02,-0.15,0.04,0.097187734,0.08533
3023,20100506 23:00:00,-0.15,0.02,-0.17,0,0.081260943,0.06572
3024,20100507 00:00:00,-0.15,0.03,-0.17,-0.02,0.08317197,0.05605
3025,20100507 01:00:00,-0.13,0.05,-0.16,-0.05,0.097988146,0.06642
3026,20100507 02:00:00,-0.1,0.07,-0.13,-0.07,0.114234095,0.07664
3027,20100507 03:00:00,-0.06,0.1,-0.1,-0.09,0.118876238,0.07689
3028,20100507 04:00:00,0,0.13,-0.05,-0.13,0.104935853,0.07734
3029,20100507 05:00:00,0.06,0.16,0,-0.17,0.075290404,0.06757
3030,20100507 06:00:00,0.11,0.19,0.06,-0.22,0.037290598,0.03791
3031,20100507 07:00:00,0.14,0.2,0.1,-0.26,-0.005156888,0.00812
3032,20100507 08:00:00,0.18,0.21,0.14,-0.28,-0.048863512,-0.03168
3033,20100507 09:00:00,0.21,0.22,0.16,-0.28,-0.082198555,-0.07147
3034,20100507 10:00:00,0.24,0.22,0.18,-0.26,-0.091290378,-0.09138
3035,20100507 11:00:00,0.26,0.22,0.19,-0.22,-0.070419723,-0.09131
3036,20100507 12:00:00,0.27,0.22,0.2,-0.16,-0.023897647,-0.07122
3037,20100507 13:00:00,0.26,0.21,0.19,-0.08,0.038534025,-0.02124
3038,20100507 14:00:00,0.25,0.2,0.17,0,0.103238357,0.02879
3039,20100507 15:00:00,0.23,0.19,0.15,0.07,0.157041449,0.08886
3040,20100507 16:00:00,0.2,0.17,0.12,0.13,0.193233965,0.1288
3041,20100507 17:00:00,0.15,0.16,0.1,0.15,0.212012567,0.15882
3042,20100507 18:00:00,0.1,0.14,0.06,0.15,0.215663503,0.17881
3043,20100507 19:00:00,0.05,0.11,0.03,0.13,0.202842211,0.16882
3044,20100507 20:00:00,0,0.09,-0.01,0.09,0.169836911,0.14891
3045,20100507 21:00:00,-0.04,0.07,-0.05,0.04,0.122115284,0.11884
3046,20100507 22:00:00,-0.07,0.06,-0.08,-0.01,0.076263471,0.07898
3047,20100507 23:00:00,-0.08,0.06,-0.1,-0.04,0.048450316,0.03922
3048,20100508 00:00:00,-0.07,0.07,-0.1,-0.06,0.044146396,0.01942
3049,20100508 01:00:00,-0.05,0.08,-0.09,-0.07,0.061229194,0.02966
3050,20100508 02:00:00,-0.03,0.1,-0.07,-0.07,0.09209601,0.04982
3051,20100508 03:00:00,0,0.12,-0.05,-0.07,0.122151233,0.06999
3052,20100508 04:00:00,0.05,0.14,-0.02,-0.08,0.13762152,0.08024
3053,20100508 05:00:00,0.09,0.17,0.02,-0.1,0.132789556,0.09044
3054,20100508 06:00:00,0.12,0.18,0.06,-0.13,0.111781248,0.09064
3055,20100508 07:00:00,0.13,0.19,0.09,-0.17,0.080221694,0.08094
3056,20100508 08:00:00,0.14,0.19,0.11,-0.2,0.039604914,0.04129
3057,20100508 09:00:00,0.15,0.19,0.12,-0.21,-0.006212196,0.00161
3058,20100508 10:00:00,0.16,0.18,0.12,-0.2,-0.042564749,-0.02811
3059,20100508 11:00:00,0.17,0.18,0.12,-0.18,-0.053226669,-0.05786
3060,20100508 12:00:00,0.17,0.18,0.11,-0.14,-0.032586143,-0.05752
3061,20100508 13:00:00,0.17,0.17,0.11,-0.08,0.01446751,-0.03727
3062,20100508 14:00:00,0.17,0.17,0.1,-0.02,0.076053169,0.01304
3063,20100508 15:00:00,0.16,0.16,0.08,0.04,0.136352988,0.0633
3064,20100508 16:00:00,0.15,0.16,0.07,0.09,0.181900617,0.11356
3065,20100508 17:00:00,0.13,0.15,0.06,0.12,0.207307529,0.15391
3066,20100508 18:00:00,0.11,0.14,0.05,0.11,0.213476708,0.17434
3067,20100508 19:00:00,0.07,0.13,0.04,0.09,0.201532595,0.17474
3068,20100508 20:00:00,0.04,0.12,0.02,0.04,0.169195698,0.1551
3069,20100508 21:00:00,0.01,0.11,0,-0.01,0.117123394,0.11554
3070,20100508 22:00:00,-0.01,0.1,-0.02,-0.06,0.058537351,0.06598
3071,20100508 23:00:00,-0.01,0.1,-0.03,-0.1,0.014304015,0.02634
3072,20100509 00:00:00,0.01,0.11,-0.03,-0.12,-0.001287163,-0.01332
3073,20100509 01:00:00,0.03,0.12,-0.02,-0.12,0.013706433,-0.01291
3074,20100509 02:00:00,0.05,0.13,0,-0.11,0.05305644,0.00741
3075,20100509 03:00:00,0.08,0.15,0.02,-0.08,0.103523401,0.0377
3076,20100509 04:00:00,0.12,0.17,0.04,-0.06,0.146996407,0.07806
3077,20100509 05:00:00,0.14,0.18,0.07,-0.05,0.170044025,0.10834
3078,20100509 06:00:00,0.16,0.19,0.09,-0.06,0.170964752,0.12866
3079,20100509 07:00:00,0.15,0.19,0.11,-0.08,0.155398307,0.129
3080,20100509 08:00:00,0.14,0.18,0.11,-0.11,0.126099513,0.11937
3081,20100509 09:00:00,0.12,0.16,0.1,-0.12,0.082807766,0.07969
3082,20100509 10:00:00,0.1,0.15,0.08,-0.13,0.033099162,0.03999
3083,20100509 11:00:00,0.08,0.14,0.06,-0.12,-0.00398124,0.00024
3084,20100509 12:00:00,0.08,0.13,0.04,-0.09,-0.011691104,-0.01959
3085,20100509 13:00:00,0.07,0.12,0.02,-0.06,0.01326111,-0.01944
3086,20100509 14:00:00,0.07,0.12,0.01,-0.01,0.063078813,0.01066
3087,20100509 15:00:00,0.07,0.12,0,0.04,0.122696247,0.05072
3088,20100509 16:00:00,0.07,0.13,-0.01,0.08,0.174156694,0.10073
3089,20100509 17:00:00,0.08,0.13,-0.01,0.09,0.205619114,0.14073
3090,20100509 18:00:00,0.07,0.14,0,0.08,0.214966016,0.17086
3091,20100509 19:00:00,0.06,0.14,0.01,0.05,0.203332764,0.17096
3092,20100509 20:00:00,0.05,0.14,0.02,-0.01,0.169558265,0.161
3093,20100509 21:00:00,0.03,0.13,0.02,-0.07,0.112913286,0.12104
3094,20100509 22:00:00,0.03,0.13,0.02,-0.13,0.041798949,0.06105
3095,20100509 23:00:00,0.04,0.13,0.02,-0.17,-0.022624218,0.00099
3096,20100510 00:00:00,0.07,0.15,0.03,-0.19,-0.05760597,-0.04907
3097,20100510 01:00:00,0.1,0.16,0.05,-0.19,-0.05281678,-0.06904
3098,20100510 02:00:00,0.14,0.18,0.07,-0.17,-0.011364997,-0.05904
3099,20100510 03:00:00,0.17,0.19,0.09,-0.13,0.054203233,-0.009
3100,20100510 04:00:00,0.2,0.21,0.11,-0.08,0.123267277,0.04106
3101,20100510 05:00:00,0.22,0.21,0.13,-0.04,0.174903145,0.09108
3102,20100510 06:00:00,0.22,0.21,0.15,-0.02,0.200540699,0.14114
3103,20100510 07:00:00,0.2,0.2,0.15,-0.02,0.204136516,0.16112
3104,20100510 08:00:00,0.16,0.18,0.13,-0.02,0.190341404,0.17111
3105,20100510 09:00:00,0.11,0.16,0.1,-0.04,0.157997272,0.15102
3106,20100510 10:00:00,0.06,0.13,0.06,-0.04,0.108287225,0.11096
3107,20100510 11:00:00,0.02,0.1,0.01,-0.04,0.05574459,0.07093
3108,20100510 12:00:00,-0.01,0.08,-0.03,-0.03,0.022693877,0.03086
3109,20100510 13:00:00,-0.02,0.07,-0.06,0,0.022769773,0.01077
3110,20100510 14:00:00,-0.03,0.07,-0.08,0.03,0.054620304,0.02065
3111,20100510 15:00:00,-0.03,0.07,-0.1,0.05,0.106511515,0.04054
3112,20100510 16:00:00,-0.03,0.08,-0.11,0.08,0.160046465,0.0805
3113,20100510 17:00:00,-0.01,0.09,-0.1,0.09,0.197195426,0.12041
3114,20100510 18:00:00,0.01,0.11,-0.07,0.07,0.210238047,0.16033
3115,20100510 19:00:00,0.02,0.12,-0.04,0.02,0.200331575,0.17019
3116,20100510 20:00:00,0.03,0.14,-0.01,-0.04,0.167368401,0.16008
3117,20100510 21:00:00,0.03,0.14,0.01,-0.12,0.10852397,0.12002
3118,20100510 22:00:00,0.05,0.15,0.03,-0.19,0.027636096,0.05994
3119,20100510 23:00:00,0.08,0.16,0.05,-0.25,-0.056939397,-0.01021
3120,20100511 00:00:00,0.11,0.18,0.08,-0.28,-0.117410666,-0.08031
3121,20100511 01:00:00,0.16,0.2,0.11,-0.28,-0.132654584,-0.12034
3122,20100511 02:00:00,0.21,0.22,0.14,-0.25,-0.098227419,-0.12037
3123,20100511 03:00:00,0.26,0.24,0.17,-0.21,-0.024310524,-0.08034
3124,20100511 04:00:00,0.29,0.25,0.19,-0.14,0.067726687,-0.02038
3125,20100511 05:00:00,0.31,0.25,0.21,-0.07,0.150224546,0.05957
3126,20100511 06:00:00,0.31,0.25,0.22,-0.01,0.204430893,0.11952
3127,20100511 07:00:00,0.28,0.23,0.21,0.02,0.230323574,0.16949
3128,20100511 08:00:00,0.22,0.2,0.18,0.04,0.235312571,0.19939
3129,20100511 09:00:00,0.14,0.16,0.14,0.04,0.219740127,0.19934
3130,20100511 10:00:00,0.06,0.12,0.07,0.04,0.180147396,0.16928
3131,20100511 11:00:00,-0.01,0.08,0,0.04,0.124011852,0.1292
3132,20100511 12:00:00,-0.07,0.04,-0.07,0.05,0.073340187,0.07917
3133,20100511 13:00:00,-0.1,0.02,-0.13,0.07,0.049700184,0.04911
3134,20100511 14:00:00,-0.13,0.01,-0.17,0.08,0.060196105,0.03901
3135,20100511 15:00:00,-0.14,0.01,-0.19,0.1,0.097996755,0.04891
3136,20100511 16:00:00,-0.14,0.02,-0.21,0.11,0.14802056,0.07883
3137,20100511 17:00:00,-0.12,0.04,-0.2,0.1,0.189793962,0.11875
3138,20100511 18:00:00,-0.09,0.06,-0.17,0.08,0.207360421,0.14868
3139,20100511 19:00:00,-0.05,0.09,-0.13,0.02,0.198924703,0.15846
3140,20100511 20:00:00,-0.02,0.12,-0.08,-0.06,0.167862439,0.15814
3141,20100511 21:00:00,0.01,0.14,-0.03,-0.15,0.111034699,0.11797
3142,20100511 22:00:00,0.04,0.16,0.02,-0.24,0.026306973,0.05783
3143,20100511 23:00:00,0.08,0.18,0.06,-0.32,-0.074721628,-0.02229
3144,20100512 00:00:00,0.13,0.2,0.11,-0.36,-0.163558046,-0.10247
3145,20100512 01:00:00,0.2,0.23,0.15,-0.38,-0.208842345,-0.1725
3146,20100512 02:00:00,0.26,0.26,0.19,-0.36,-0.194412867,-0.19238
3147,20100512 03:00:00,0.32,0.28,0.24,-0.31,-0.124185254,-0.17238
3148,20100512 04:00:00,0.37,0.3,0.27,-0.23,-0.017387805,-0.09252
3149,20100512 05:00:00,0.4,0.3,0.29,-0.14,0.090605761,-0.0026
3150,20100512 06:00:00,0.4,0.3,0.3,-0.05,0.184129078,0.07734
3151,20100512 07:00:00,0.37,0.27,0.29,0.03,0.23721656,0.15726
3152,20100512 08:00:00,0.31,0.24,0.26,0.08,0.262537775,0.20713
3153,20100512 09:00:00,0.21,0.19,0.2,0.11,0.266359433,0.23704
3154,20100512 10:00:00,0.1,0.13,0.12,0.12,0.244055148,0.22697
3155,20100512 11:00:00,0,0.07,0.02,0.12,0.194999164,0.18688
3156,20100512 12:00:00,-0.09,0.02,-0.08,0.13,0.135917484,0.13683
3157,20100512 13:00:00,-0.16,-0.01,-0.17,0.14,0.092727905,0.09675
3158,20100512 14:00:00,-0.2,-0.04,-0.24,0.16,0.081158841,0.06661
3159,20100512 15:00:00,-0.23,-0.04,-0.28,0.16,0.100535513,0.06652
3160,20100512 16:00:00,-0.24,-0.04,-0.3,0.15,0.140165198,0.08638
3161,20100512 17:00:00,-0.24,-0.03,-0.31,0.14,0.182655814,0.11626
3162,20100512 18:00:00,-0.2,0,-0.29,0.1,0.206901802,0.13621
3163,20100512 19:00:00,-0.16,0.04,-0.24,0.04,0.201669072,0.15616
3164,20100512 20:00:00,-0.1,0.08,-0.18,-0.05,0.171052577,0.1561
3165,20100512 21:00:00,-0.06,0.11,-0.11,-0.16,0.118573696,0.12607
3166,20100512 22:00:00,-0.01,0.15,-0.03,-0.27,0.038244842,0.06601
3167,20100512 23:00:00,0.05,0.18,0.04,-0.37,-0.069740723,-0.0141
3168,20100513 00:00:00,0.12,0.21,0.1,-0.43,-0.182940421,-0.10412
3169,20100513 01:00:00,0.2,0.25,0.16,-0.47,-0.263971067,-0.19418
3170,20100513 02:00:00,0.29,0.29,0.23,-0.45,-0.283035941,-0.24422
3171,20100513 03:00:00,0.37,0.32,0.29,-0.42,-0.232703048,-0.24429
3172,20100513 04:00:00,0.44,0.34,0.33,-0.34,-0.126520497,-0.18437
3173,20100513 05:00:00,0.48,0.35,0.37,-0.24,0.007409911,-0.09444
3174,20100513 06:00:00,0.49,0.35,0.38,-0.13,0.132607696,0.01548
3175,20100513 07:00:00,0.47,0.32,0.38,-0.02,0.221528302,0.11547
3176,20100513 08:00:00,0.41,0.29,0.35,0.08,0.271803073,0.19539
3177,20100513 09:00:00,0.31,0.23,0.29,0.14,0.295325058,0.24525
3178,20100513 10:00:00,0.19,0.17,0.2,0.17,0.294310083,0.26516
3179,20100513 11:00:00,0.05,0.1,0.09,0.19,0.262475367,0.24504
3180,20100513 12:00:00,-0.07,0.03,-0.04,0.2,0.206319843,0.19492
3181,20100513 13:00:00,-0.16,-0.03,-0.16,0.22,0.150172201,0.14482
3182,20100513 14:00:00,-0.24,-0.07,-0.27,0.23,0.118093621,0.10474
3183,20100513 15:00:00,-0.28,-0.09,-0.34,0.23,0.117491235,0.09455
3184,20100513 16:00:00,-0.32,-0.1,-0.38,0.22,0.141676679,0.09434
3185,20100513 17:00:00,-0.33,-0.09,-0.4,0.19,0.177917928,0.1142
3186,20100513 18:00:00,-0.32,-0.06,-0.39,0.15,0.207240312,0.14399
3187,20100513 19:00:00,-0.27,-0.03,-0.36,0.08,0.209975556,0.15387
3188,20100513 20:00:00,-0.21,0.02,-0.29,-0.01,0.181499544,0.15379
3189,20100513 21:00:00,-0.15,0.07,-0.21,-0.12,0.130232447,0.13371
3190,20100513 22:00:00,-0.08,0.12,-0.12,-0.26,0.057241013,0.08366
3191,20100513 23:00:00,-0.01,0.16,-0.03,-0.38,-0.045253684,0.00361
3192,20100514 00:00:00,0.08,0.21,0.06,-0.48,-0.169860462,-0.09638
3193,20100514 01:00:00,0.17,0.25,0.14,-0.53,-0.28334188,-0.19633
3194,20100514 02:00:00,0.27,0.3,0.22,-0.55,-0.34472058,-0.27628
3195,20100514 03:00:00,0.37,0.34,0.3,-0.52,-0.330909249,-0.30631
3196,20100514 04:00:00,0.46,0.37,0.37,-0.46,-0.245250688,-0.27632
3197,20100514 05:00:00,0.53,0.39,0.42,-0.36,-0.109780539,-0.18632
3198,20100514 06:00:00,0.56,0.39,0.45,-0.24,0.04129833,-0.07632
3199,20100514 07:00:00,0.56,0.38,0.45,-0.11,0.170358532,0.0438
3200,20100514 08:00:00,0.52,0.34,0.43,0.03,0.255892018,0.15396
3201,20100514 09:00:00,0.43,0.29,0.39,0.13,0.302797107,0.22409
3202,20100514 10:00:00,0.31,0.22,0.31,0.2,0.323192527,0.27415
3203,20100514 11:00:00,0.16,0.14,0.19,0.24,0.315538938,0.28427
3204,20100514 12:00:00,0.01,0.06,0.05,0.26,0.276197804,0.25444
3205,20100514 13:00:00,-0.12,-0.01,-0.1,0.28,0.21937671,0.20459
3206,20100514 14:00:00,-0.22,-0.07,-0.24,0.3,0.172006697,0.15471
3207,20100514 15:00:00,-0.29,-0.11,-0.34,0.31,0.152063751,0.12483
3208,20100514 16:00:00,-0.35,-0.13,-0.41,0.29,0.159311614,0.12495
3209,20100514 17:00:00,-0.38,-0.14,-0.45,0.26,0.184050745,0.13505
3210,20100514 18:00:00,-0.4,-0.12,-0.47,0.21,0.212390259,0.15516
3211,20100514 19:00:00,-0.38,-0.09,-0.46,0.14,0.22494956,0.16523
3212,20100514 20:00:00,-0.32,-0.05,-0.41,0.05,0.206003351,0.15536
3213,20100514 21:00:00,-0.26,0.01,-0.33,-0.06,0.157384987,0.14543
3214,20100514 22:00:00,-0.18,0.06,-0.23,-0.2,0.088588796,0.10549
3215,20100514 23:00:00,-0.1,0.12,-0.13,-0.35,-0.002746388,0.04552
3216,20100515 00:00:00,-0.01,0.17,-0.02,-0.47,-0.122379297,-0.05441
3217,20100515 01:00:00,0.1,0.23,0.08,-0.56,-0.253599893,-0.16433
3218,20100515 02:00:00,0.21,0.28,0.18,-0.61,-0.355679488,-0.26418
3219,20100515 03:00:00,0.33,0.33,0.27,-0.6,-0.390445391,-0.33411
3220,20100515 04:00:00,0.44,0.38,0.36,-0.56,-0.34521507,-0.33405
3221,20100515 05:00:00,0.53,0.41,0.44,-0.48,-0.232429407,-0.284
3222,20100515 06:00:00,0.59,0.43,0.49,-0.36,-0.07941378,-0.174
3223,20100515 07:00:00,0.62,0.42,0.51,-0.22,0.077735089,-0.04393
3224,20100515 08:00:00,0.6,0.39,0.5,-0.07,0.203447429,0.07599
3225,20100515 09:00:00,0.54,0.35,0.47,0.07,0.282363708,0.17634
3226,20100515 10:00:00,0.44,0.29,0.41,0.18,0.324902262,0.25641
3227,20100515 11:00:00,0.29,0.21,0.31,0.24,0.340671846,0.2964
3228,20100515 12:00:00,0.13,0.12,0.18,0.28,0.327392771,0.29641
3229,20100515 13:00:00,-0.01,0.04,0.02,0.32,0.285587826,0.25646
3230,20100515 14:00:00,-0.14,-0.04,-0.14,0.35,0.234043986,0.20646
3231,20100515 15:00:00,-0.24,-0.1,-0.28,0.36,0.197594517,0.16637
3232,20100515 16:00:00,-0.32,-0.14,-0.38,0.36,0.187339,0.14637
3233,20100515 17:00:00,-0.38,-0.16,-0.45,0.32,0.198184173,0.14625
3234,20100515 18:00:00,-0.42,-0.16,-0.49,0.28,0.219202734,0.16619
3235,20100515 19:00:00,-0.44,-0.15,-0.5,0.21,0.236376986,0.17614
3236,20100515 20:00:00,-0.41,-0.11,-0.49,0.12,0.231646132,0.17613
3237,20100515 21:00:00,-0.36,-0.06,-0.43,0.02,0.194350081,0.16604
3238,20100515 22:00:00,-0.29,0,-0.35,-0.11,0.13048646,0.13615
3239,20100515 23:00:00,-0.21,0.06,-0.24,-0.26,0.047988746,0.076
3240,20100516 00:00:00,-0.11,0.12,-0.13,-0.41,-0.057499843,-0.00416
3241,20100516 01:00:00,-0.01,0.18,-0.01,-0.53,-0.186056731,-0.10407
3242,20100516 02:00:00,0.12,0.24,0.1,-0.61,-0.312403472,-0.22398
3243,20100516 03:00:00,0.24,0.3,0.2,-0.64,-0.395190442,-0.31393
3244,20100516 04:00:00,0.37,0.36,0.31,-0.63,-0.404288041,-0.36387
3245,20100516 05:00:00,0.48,0.41,0.4,-0.57,-0.336607676,-0.34391
3246,20100516 06:00:00,0.57,0.43,0.48,-0.48,-0.20967424,-0.26411
3247,20100516 07:00:00,0.62,0.44,0.52,-0.35,-0.05192985,-0.1541
3248,20100516 08:00:00,0.64,0.43,0.54,-0.2,0.101645417,-0.02421
3249,20100516 09:00:00,0.62,0.4,0.53,-0.04,0.219016209,0.09576
3250,20100516 10:00:00,0.55,0.35,0.49,0.1,0.290643241,0.19566
3251,20100516 11:00:00,0.44,0.28,0.42,0.21,0.328415842,0.26561
3252,20100516 12:00:00,0.29,0.2,0.31,0.27,0.341528794,0.29559
3253,20100516 13:00:00,0.13,0.11,0.17,0.32,0.327165067,0.28564
3254,20100516 14:00:00,-0.01,0.02,0,0.36,0.288850296,0.24568
3255,20100516 15:00:00,-0.13,-0.05,-0.16,0.39,0.246386164,0.20568
3256,20100516 16:00:00,-0.23,-0.11,-0.29,0.4,0.22046401,0.17563
3257,20100516 17:00:00,-0.32,-0.15,-0.39,0.38,0.216735089,0.16565
3258,20100516 18:00:00,-0.39,-0.16,-0.45,0.33,0.227666251,0.17558
3259,20100516 19:00:00,-0.44,-0.17,-0.49,0.27,0.242504449,0.18545
3260,20100516 20:00:00,-0.45,-0.15,-0.51,0.2,0.248455204,0.18531
3261,20100516 21:00:00,-0.43,-0.12,-0.49,0.1,0.230483478,0.17534
3262,20100516 22:00:00,-0.38,-0.06,-0.44,-0.02,0.181665444,0.15526
3263,20100516 23:00:00,-0.3,0,-0.34,-0.15,0.108596744,0.11522
3264,20100517 00:00:00,-0.22,0.06,-0.24,-0.3,0.017422699,0.05527
3265,20100517 01:00:00,-0.12,0.13,-0.12,-0.45,-0.094254812,-0.03463
3266,20100517 02:00:00,0,0.19,-0.01,-0.55,-0.220566652,-0.14444
3267,20100517 03:00:00,0.13,0.25,0.11,-0.62,-0.333384403,-0.24423
3268,20100517 04:00:00,0.26,0.32,0.22,-0.64,-0.396115575,-0.32402
3269,20100517 05:00:00,0.39,0.37,0.32,-0.62,-0.387594316,-0.35399
3270,20100517 06:00:00,0.5,0.41,0.42,-0.56,-0.310363331,-0.32397
3271,20100517 07:00:00,0.58,0.44,0.49,-0.46,-0.182340032,-0.24389
3272,20100517 08:00:00,0.63,0.44,0.53,-0.32,-0.030255296,-0.13389
3273,20100517 09:00:00,0.64,0.42,0.54,-0.17,0.11275869,-0.01382
3274,20100517 10:00:00,0.62,0.39,0.53,-0.01,0.218980605,0.09632
3275,20100517 11:00:00,0.54,0.34,0.49,0.12,0.28323097,0.18646
3276,20100517 12:00:00,0.43,0.27,0.42,0.22,0.318542312,0.25652
3277,20100517 13:00:00,0.29,0.19,0.3,0.29,0.332071878,0.2866
3278,20100517 14:00:00,0.14,0.11,0.16,0.34,0.320778915,0.26668
3279,20100517 15:00:00,0.01,0.03,0,0.38,0.289147284,0.23671
3280,20100517 16:00:00,-0.11,-0.04,-0.14,0.4,0.255680164,0.20674
3281,20100517 17:00:00,-0.21,-0.1,-0.27,0.4,0.23695911,0.18681
3282,20100517 18:00:00,-0.3,-0.13,-0.36,0.36,0.235498698,0.18682
3283,20100517 19:00:00,-0.38,-0.15,-0.43,0.31,0.243625083,0.18686
3284,20100517 20:00:00,-0.43,-0.16,-0.47,0.25,0.252285743,0.19692
3285,20100517 21:00:00,-0.45,-0.14,-0.49,0.17,0.250908935,0.18707
3286,20100517 22:00:00,-0.43,-0.11,-0.47,0.08,0.226797751,0.17723
3287,20100517 23:00:00,-0.38,-0.06,-0.41,-0.04,0.174059448,0.15725
3288,20100518 00:00:00,-0.3,0.01,-0.32,-0.17,0.098693045,0.10727
3289,20100518 01:00:00,-0.21,0.07,-0.22,-0.31,0.006605685,0.04752
3290,20100518 02:00:00,-0.11,0.13,-0.11,-0.44,-0.101493796,-0.04237
3291,20100518 03:00:00,0.01,0.19,0,-0.54,-0.216417173,-0.15223
3292,20100518 04:00:00,0.14,0.26,0.12,-0.59,-0.312680922,-0.24204
3293,20100518 05:00:00,0.27,0.31,0.22,-0.6,-0.361086419,-0.30183
3294,20100518 06:00:00,0.39,0.36,0.32,-0.58,-0.34621515,-0.32164
3295,20100518 07:00:00,0.49,0.4,0.4,-0.52,-0.271522927,-0.29141
3296,20100518 08:00:00,0.57,0.42,0.47,-0.42,-0.152921505,-0.22129
3297,20100518 09:00:00,0.61,0.42,0.51,-0.29,-0.014379717,-0.12112
3298,20100518 10:00:00,0.62,0.4,0.52,-0.14,0.114219296,-0.01089
3299,20100518 11:00:00,0.59,0.37,0.5,0.01,0.20901879,0.08932
3300,20100518 12:00:00,0.52,0.32,0.47,0.13,0.268004563,0.17952
3301,20100518 13:00:00,0.42,0.26,0.39,0.23,0.30328867,0.23967
3302,20100518 14:00:00,0.29,0.19,0.28,0.29,0.319199481,0.25975
3303,20100518 15:00:00,0.16,0.11,0.15,0.34,0.311935219,0.24987
3304,20100518 16:00:00,0.04,0.04,0.01,0.37,0.285899995,0.21996
3305,20100518 17:00:00,-0.08,-0.03,-0.12,0.38,0.257330723,0.2001
3306,20100518 18:00:00,-0.18,-0.08,-0.23,0.36,0.24014736,0.1902
3307,20100518 19:00:00,-0.27,-0.11,-0.32,0.32,0.236165541,0.18034
3308,20100518 20:00:00,-0.35,-0.13,-0.38,0.27,0.23962938,0.1805
3309,20100518 21:00:00,-0.4,-0.13,-0.42,0.21,0.244640601,0.18067
3310,20100518 22:00:00,-0.41,-0.12,-0.44,0.14,0.242426295,0.18091
3311,20100518 23:00:00,-0.39,-0.08,-0.42,0.05,0.22017467,0.17111
3312,20100519 00:00:00,-0.34,-0.03,-0.36,-0.05,0.171506189,0.15129
3313,20100519 01:00:00,-0.27,0.02,-0.28,-0.17,0.101946953,0.11147
3314,20100519 02:00:00,-0.18,0.08,-0.18,-0.29,0.018169293,0.05166
3315,20100519 03:00:00,-0.08,0.14,-0.08,-0.4,-0.076931345,-0.03821
3316,20100519 04:00:00,0.04,0.2,0.02,-0.49,-0.175614677,-0.12812
3317,20100519 05:00:00,0.15,0.25,0.12,-0.53,-0.258022558,-0.208
3318,20100519 06:00:00,0.27,0.3,0.22,-0.55,-0.300624002,-0.25785
3319,20100519 07:00:00,0.37,0.34,0.3,-0.53,-0.289523799,-0.27768
3320,20100519 08:00:00,0.46,0.37,0.37,-0.47,-0.22625919,-0.24761
3321,20100519 09:00:00,0.53,0.38,0.42,-0.37,-0.123763982,-0.18754
3322,20100519 10:00:00,0.56,0.38,0.45,-0.24,-0.002378785,-0.09742
3323,20100519 11:00:00,0.56,0.36,0.46,-0.1,0.111383254,-0.00735
3324,20100519 12:00:00,0.53,0.33,0.45,0.03,0.197023694,0.08279
3325,20100519 13:00:00,0.47,0.29,0.41,0.14,0.253188042,0.16293
3326,20100519 14:00:00,0.39,0.24,0.34,0.22,0.288959668,0.22291
3327,20100519 15:00:00,0.28,0.18,0.25,0.28,0.305981401,0.24284
3328,20100519 16:00:00,0.17,0.12,0.14,0.31,0.299583741,0.23282
3329,20100519 17:00:00,0.05,0.06,0.02,0.33,0.273572034,0.21283
3330,20100519 18:00:00,-0.05,0,-0.09,0.32,0.242336406,0.19284
3331,20100519 19:00:00,-0.15,-0.04,-0.18,0.3,0.21907568,0.17291
3332,20100519 20:00:00,-0.23,-0.07,-0.26,0.25,0.207945481,0.16292
3333,20100519 21:00:00,-0.3,-0.08,-0.31,0.2,0.207196819,0.15296
3334,20100519 22:00:00,-0.33,-0.09,-0.35,0.15,0.21334297,0.15301
3335,20100519 23:00:00,-0.34,-0.07,-0.36,0.09,0.217450947,0.15306
3336,20100520 00:00:00,-0.32,-0.04,-0.34,0.02,0.205151004,0.15318
3337,20100520 01:00:00,-0.27,0,-0.28,-0.06,0.168806195,0.1332
3338,20100520 02:00:00,-0.2,0.05,-0.21,-0.15,0.113514751,0.10334
3339,20100520 03:00:00,-0.12,0.1,-0.13,-0.25,0.046750664,0.06338
3340,20100520 04:00:00,-0.02,0.15,-0.04,-0.34,-0.029786529,-0.00658
3341,20100520 05:00:00,0.07,0.2,0.05,-0.41,-0.112222078,-0.07659
3342,20100520 06:00:00,0.16,0.24,0.13,-0.45,-0.185964205,-0.14663
3343,20100520 07:00:00,0.25,0.27,0.2,-0.46,-0.229824761,-0.19668
3344,20100520 08:00:00,0.33,0.3,0.26,-0.44,-0.228909398,-0.21664
3345,20100520 09:00:00,0.4,0.32,0.31,-0.39,-0.181682183,-0.20658
3346,20100520 10:00:00,0.45,0.33,0.35,-0.3,-0.097202883,-0.15652
3347,20100520 11:00:00,0.46,0.32,0.37,-0.18,0.008024353,-0.08656
3348,20100520 12:00:00,0.46,0.3,0.37,-0.07,0.110431351,-0.0066
3349,20100520 13:00:00,0.44,0.28,0.35,0.05,0.19003487,0.08338
3350,20100520 14:00:00,0.4,0.26,0.32,0.15,0.243417448,0.15333
3351,20100520 15:00:00,0.33,0.22,0.27,0.21,0.276956282,0.20324
3352,20100520 16:00:00,0.24,0.17,0.2,0.25,0.290486035,0.22314
3353,20100520 17:00:00,0.15,0.12,0.12,0.26,0.278874822,0.21309
3354,20100520 18:00:00,0.05,0.08,0.03,0.25,0.244709199,0.19313
3355,20100520 19:00:00,-0.04,0.03,-0.05,0.23,0.201912807,0.16313
3356,20100520 20:00:00,-0.11,0,-0.13,0.19,0.166420401,0.13316
3357,20100520 21:00:00,-0.17,-0.02,-0.19,0.15,0.147227786,0.11321
3358,20100520 22:00:00,-0.21,-0.03,-0.23,0.11,0.146182915,0.10318
3359,20100520 23:00:00,-0.23,-0.02,-0.25,0.08,0.160281988,0.10322
3360,20100521 00:00:00,-0.23,-0.01,-0.25,0.04,0.178727433,0.11324
3361,20100521 01:00:00,-0.2,0.02,-0.23,0,0.184533451,0.12327
3362,20100521 02:00:00,-0.15,0.06,-0.18,-0.05,0.168356648,0.12335
3363,20100521 03:00:00,-0.09,0.1,-0.12,-0.11,0.13462252,0.11344
3364,20100521 04:00:00,-0.02,0.14,-0.05,-0.18,0.089802743,0.08347
3365,20100521 05:00:00,0.05,0.17,0.02,-0.25,0.033267751,0.04357
3366,20100521 06:00:00,0.11,0.2,0.08,-0.31,-0.035389807,-0.01634
3367,20100521 07:00:00,0.16,0.22,0.13,-0.35,-0.105154088,-0.07621
3368,20100521 08:00:00,0.21,0.23,0.16,-0.35,-0.154872407,-0.13614
3369,20100521 09:00:00,0.26,0.25,0.19,-0.34,-0.166773168,-0.16611
3370,20100521 10:00:00,0.3,0.25,0.22,-0.29,-0.135937977,-0.15607
3371,20100521 11:00:00,0.32,0.25,0.24,-0.21,-0.067288129,-0.12613
3372,20100521 12:00:00,0.33,0.25,0.25,-0.12,0.025918453,-0.06619
3373,20100521 13:00:00,0.33,0.24,0.24,-0.02,0.120575958,0.01368
3374,20100521 14:00:00,0.32,0.23,0.22,0.07,0.194516639,0.08356
3375,20100521 15:00:00,0.29,0.21,0.21,0.15,0.242004233,0.15348
3376,20100521 16:00:00,0.24,0.19,0.17,0.19,0.267868821,0.1935
3377,20100521 17:00:00,0.18,0.16,0.13,0.19,0.271371089,0.20345
3378,20100521 18:00:00,0.11,0.13,0.09,0.18,0.246473219,0.19342
3379,20100521 19:00:00,0.04,0.1,0.03,0.15,0.195008912,0.16344
3380,20100521 20:00:00,-0.02,0.07,-0.02,0.11,0.13322368,0.11345
3381,20100521 21:00:00,-0.06,0.05,-0.07,0.06,0.083095815,0.07329
3382,20100521 22:00:00,-0.09,0.04,-0.11,0.02,0.058914612,0.03322
3383,20100521 23:00:00,-0.1,0.04,-0.12,0,0.064001178,0.02316
3384,20100522 00:00:00,-0.1,0.05,-0.12,-0.01,0.093799852,0.03306
3385,20100522 01:00:00,-0.08,0.07,-0.12,-0.02,0.134452072,0.06304
3386,20100522 02:00:00,-0.05,0.09,-0.1,-0.02,0.165465447,0.08303
3387,20100522 03:00:00,0,0.12,-0.06,-0.03,0.174668864,0.10304
3388,20100522 04:00:00,0.05,0.15,-0.01,-0.06,0.16507695,0.12307
3389,20100522 05:00:00,0.09,0.17,0.04,-0.1,0.142590404,0.11312
3390,20100522 06:00:00,0.11,0.18,0.08,-0.15,0.10420316,0.09313
3391,20100522 07:00:00,0.12,0.19,0.1,-0.2,0.045600833,0.04315
3392,20100522 08:00:00,0.13,0.18,0.11,-0.22,-0.024345656,-0.0169
3393,20100522 09:00:00,0.14,0.18,0.11,-0.23,-0.082369561,-0.06698
3394,20100522 10:00:00,0.16,0.18,0.11,-0.22,-0.106867794,-0.10707
3395,20100522 11:00:00,0.17,0.18,0.11,-0.18,-0.089183876,-0.11721
3396,20100522 12:00:00,0.17,0.17,0.11,-0.12,-0.031314081,-0.08737
3397,20100522 13:00:00,0.17,0.16,0.1,-0.05,0.0542054,-0.03755
3398,20100522 14:00:00,0.17,0.16,0.08,0.03,0.141796235,0.03223
3399,20100522 15:00:00,0.17,0.16,0.07,0.1,0.206827611,0.09206
3400,20100522 16:00:00,0.16,0.16,0.07,0.14,0.242706163,0.15183
3401,20100522 17:00:00,0.14,0.16,0.07,0.14,0.254304098,0.19154
3402,20100522 18:00:00,0.11,0.15,0.07,0.12,0.240781986,0.19135
3403,20100522 19:00:00,0.07,0.14,0.05,0.07,0.194602697,0.16112
3404,20100522 20:00:00,0.04,0.13,0.03,0.01,0.118545969,0.11089
3405,20100522 21:00:00,0.02,0.11,0.01,-0.04,0.035265658,0.04059
3406,20100522 22:00:00,0.01,0.11,-0.01,-0.09,-0.025867545,-0.01961
3407,20100522 23:00:00,0.03,0.12,-0.01,-0.11,-0.047713627,-0.0598
3408,20100523 00:00:00,0.05,0.13,0,-0.11,-0.028471365,-0.06995
3409,20100523 01:00:00,0.07,0.14,0.02,-0.1,0.024722919,-0.0401
3410,20100523 02:00:00,0.1,0.15,0.03,-0.07,0.093779251,0.00972
3411,20100523 03:00:00,0.13,0.17,0.05,-0.03,0.152987786,0.05954
3412,20100523 04:00:00,0.17,0.18,0.08,0,0.187035688,0.09928
3413,20100523 05:00:00,0.18,0.2,0.11,0,0.199307593,0.13905
3414,20100523 06:00:00,0.18,0.19,0.13,-0.01,0.196308765,0.15877
3415,20100523 07:00:00,0.15,0.18,0.13,-0.04,0.172445054,0.14846
3416,20100523 08:00:00,0.11,0.16,0.11,-0.07,0.11924436,0.10814
3417,20100523 09:00:00,0.08,0.14,0.08,-0.09,0.045798625,0.04783
3418,20100523 10:00:00,0.05,0.12,0.03,-0.09,-0.020347235,-0.01246
3419,20100523 11:00:00,0.03,0.1,0,-0.09,-0.05368258,-0.05288
3420,20100523 12:00:00,0.01,0.09,-0.02,-0.07,-0.043951104,-0.07337
3421,20100523 13:00:00,0,0.09,-0.04,-0.02,0.007485938,-0.05386
3422,20100523 14:00:00,-0.01,0.08,-0.07,0.03,0.086419156,-0.00431
3423,20100523 15:00:00,0,0.09,-0.08,0.08,0.164133397,0.05526
3424,20100523 16:00:00,0.02,0.1,-0.08,0.11,0.214892003,0.10476
3425,20100523 17:00:00,0.04,0.12,-0.05,0.12,0.23331802,0.15434
3426,20100523 18:00:00,0.04,0.13,-0.02,0.08,0.225685611,0.17401
3427,20100523 19:00:00,0.04,0.14,0,0.01,0.189619148,0.16368
3428,20100523 20:00:00,0.04,0.15,0.02,-0.06,0.116837702,0.10341
3429,20100523 21:00:00,0.05,0.15,0.04,-0.14,0.014657698,0.03313
3430,20100523 22:00:00,0.07,0.16,0.05,-0.21,-0.085722189,-0.04714
3431,20100523 23:00:00,0.11,0.17,0.07,-0.24,-0.149335759,-0.12739
3432,20100524 00:00:00,0.15,0.19,0.1,-0.25,-0.159572849,-0.16753
3433,20100524 01:00:00,0.2,0.21,0.13,-0.23,-0.117625521,-0.15768
3434,20100524 02:00:00,0.24,0.22,0.16,-0.18,-0.034631048,-0.10785
3435,20100524 03:00:00,0.27,0.23,0.17,-0.11,0.065098229,-0.03801
3436,20100524 04:00:00,0.3,0.24,0.19,-0.03,0.149827012,0.03186
3437,20100524 05:00:00,0.31,0.24,0.21,0.03,0.203581065,0.10172
3438,20100524 06:00:00,0.29,0.24,0.21,0.07,0.233453497,0.16153
3439,20100524 07:00:00,0.23,0.21,0.2,0.08,0.246386036,0.19128
3440,20100524 08:00:00,0.15,0.18,0.16,0.07,0.232482854,0.19102
3441,20100524 09:00:00,0.07,0.13,0.1,0.06,0.180266328,0.15074
3442,20100524 10:00:00,0,0.09,0.02,0.04,0.102492322,0.10053
3443,20100524 11:00:00,-0.06,0.05,-0.06,0.04,0.032295825,0.04036
3444,20100524 12:00:00,-0.1,0.03,-0.12,0.04,-0.003366243,-0.00986
3445,20100524 13:00:00,-0.14,0.01,-0.16,0.05,0.004247253,-0.02017
3446,20100524 14:00:00,-0.16,0,-0.2,0.07,0.051734252,-0.01046
3447,20100524 15:00:00,-0.16,0,-0.23,0.1,0.12260862,0.02917
3448,20100524 16:00:00,-0.15,0.02,-0.24,0.12,0.186387086,0.07893
3449,20100524 17:00:00,-0.11,0.05,-0.21,0.11,0.218131518,0.11868
3450,20100524 18:00:00,-0.07,0.08,-0.16,0.08,0.21550732,0.14842
3451,20100524 19:00:00,-0.03,0.11,-0.1,0,0.185520151,0.14817
3452,20100524 20:00:00,-0.01,0.13,-0.05,-0.1,0.123846721,0.11797
3453,20100524 21:00:00,0.02,0.16,0.01,-0.21,0.023638196,0.03776
3454,20100524 22:00:00,0.07,0.18,0.06,-0.3,-0.100317843,-0.05241
3455,20100524 23:00:00,0.13,0.21,0.1,-0.36,-0.208270968,-0.15266
3456,20100525 00:00:00,0.21,0.24,0.15,-0.38,-0.263320046,-0.2329
3457,20100525 01:00:00,0.28,0.27,0.21,-0.37,-0.252682607,-0.25302
3458,20100525 02:00:00,0.34,0.29,0.25,-0.32,-0.181971058,-0.23317
3459,20100525 03:00:00,0.39,0.3,0.28,-0.24,-0.067789737,-0.15333
3460,20100525 04:00:00,0.42,0.3,0.3,-0.13,0.057953457,-0.0634
3461,20100525 05:00:00,0.43,0.3,0.31,-0.02,0.159479784,0.03657
3462,20100525 06:00:00,0.41,0.29,0.32,0.07,0.225255878,0.11648
3463,20100525 07:00:00,0.35,0.26,0.29,0.13,0.267365165,0.19646
3464,20100525 08:00:00,0.25,0.21,0.24,0.17,0.29109151,0.23642
3465,20100525 09:00:00,0.13,0.16,0.16,0.17,0.280836127,0.23633
3466,20100525 10:00:00,0.02,0.1,0.07,0.17,0.226133243,0.19625
3467,20100525 11:00:00,-0.08,0.04,-0.04,0.16,0.146600944,0.13621
3468,20100525 12:00:00,-0.16,-0.01,-0.15,0.16,0.078864757,0.07621
3469,20100525 13:00:00,-0.22,-0.04,-0.23,0.15,0.046594545,0.03615
3470,20100525 14:00:00,-0.26,-0.06,-0.29,0.15,0.054405491,0.01608
3471,20100525 15:00:00,-0.28,-0.07,-0.33,0.16,0.097373071,0.036
3472,20100525 16:00:00,-0.28,-0.06,-0.36,0.16,0.157348592,0.06596
3473,20100525 17:00:00,-0.25,-0.03,-0.35,0.14,0.203182847,0.10597
3474,20100525 18:00:00,-0.2,0.01,-0.31,0.1,0.213111439,0.12585
3475,20100525 19:00:00,-0.14,0.05,-0.24,0.02,0.188469947,0.1458
3476,20100525 20:00:00,-0.09,0.09,-0.16,-0.09,0.135552039,0.12578
3477,20100525 21:00:00,-0.04,0.13,-0.08,-0.22,0.048832448,0.06585
3478,20100525 22:00:00,0.03,0.17,0.01,-0.34,-0.074744396,-0.03411
3479,20100525 23:00:00,0.1,0.21,0.09,-0.43,-0.210763856,-0.14408
3480,20100526 00:00:00,0.19,0.25,0.15,-0.48,-0.313671442,-0.24398
3481,20100526 01:00:00,0.29,0.29,0.22,-0.49,-0.349208235,-0.31387
3482,20100526 02:00:00,0.38,0.33,0.3,-0.46,-0.31069025,-0.32374
3483,20100526 03:00:00,0.46,0.35,0.35,-0.38,-0.209566241,-0.27369
3484,20100526 04:00:00,0.5,0.36,0.39,-0.27,-0.069517791,-0.17363
3485,20100526 05:00:00,0.52,0.36,0.41,-0.14,0.071450069,-0.06349
3486,20100526 06:00:00,0.51,0.35,0.41,-0.01,0.179126753,0.04662
3487,20100526 07:00:00,0.46,0.32,0.39,0.11,0.249746951,0.14678
3488,20100526 08:00:00,0.37,0.27,0.34,0.19,0.298613343,0.22694
3489,20100526 09:00:00,0.24,0.21,0.26,0.23,0.32617828,0.267
3490,20100526 10:00:00,0.1,0.13,0.15,0.25,0.314161491,0.25705
3491,20100526 11:00:00,-0.03,0.06,0.02,0.25,0.257449283,0.2172
3492,20100526 12:00:00,-0.14,-0.01,-0.11,0.26,0.182021865,0.16737
3493,20100526 13:00:00,-0.23,-0.06,-0.23,0.25,0.122711902,0.10744
3494,20100526 14:00:00,-0.29,-0.09,-0.32,0.24,0.096331627,0.07755
3495,20100526 15:00:00,-0.34,-0.11,-0.38,0.23,0.104353865,0.06766
3496,20100526 16:00:00,-0.36,-0.12,-0.42,0.22,0.141267374,0.07775
3497,20100526 17:00:00,-0.35,-0.1,-0.44,0.19,0.187591908,0.09773
3498,20100526 18:00:00,-0.31,-0.07,-0.42,0.15,0.213202381,0.1178
3499,20100526 19:00:00,-0.25,-0.02,-0.36,0.07,0.201169564,0.1378
3500,20100526 20:00:00,-0.19,0.03,-0.28,-0.04,0.155836321,0.12779
3501,20100526 21:00:00,-0.12,0.08,-0.19,-0.17,0.081678661,0.08786
3502,20100526 22:00:00,-0.05,0.13,-0.09,-0.32,-0.026820683,0.00788
3503,20100526 23:00:00,0.04,0.18,0.02,-0.44,-0.165690901,-0.10209
3504,20100527 00:00:00,0.13,0.23,0.11,-0.53,-0.301759573,-0.22199
3505,20100527 01:00:00,0.24,0.28,0.2,-0.57,-0.388217928,-0.32193
3506,20100527 02:00:00,0.36,0.33,0.28,-0.57,-0.397132596,-0.37188
3507,20100527 03:00:00,0.46,0.37,0.36,-0.51,-0.329743194,-0.35187
3508,20100527 04:00:00,0.53,0.4,0.43,-0.41,-0.203430327,-0.27183
3509,20100527 05:00:00,0.58,0.4,0.46,-0.28,-0.048512756,-0.16166
3510,20100527 06:00:00,0.58,0.4,0.48,-0.13,0.094628883,-0.04147
3511,20100527 07:00:00,0.55,0.37,0.47,0.02,0.198672077,0.07868
3512,20100527 08:00:00,0.48,0.33,0.43,0.14,0.26791063,0.17885
3513,20100527 09:00:00,0.36,0.27,0.36,0.23,0.317249326,0.24895
3514,20100527 10:00:00,0.21,0.19,0.26,0.28,0.342137246,0.27897
3515,20100527 11:00:00,0.06,0.11,0.13,0.3,0.326078577,0.269
3516,20100527 12:00:00,-0.07,0.02,-0.02,0.32,0.271461693,0.22904
3517,20100527 13:00:00,-0.18,-0.05,-0.17,0.32,0.206347583,0.17913
3518,20100527 14:00:00,-0.26,-0.1,-0.29,0.32,0.158719775,0.12917
3519,20100527 15:00:00,-0.33,-0.13,-0.38,0.31,0.138649582,0.10913
3520,20100527 16:00:00,-0.37,-0.14,-0.44,0.28,0.146323222,0.09924
3521,20100527 17:00:00,-0.4,-0.14,-0.47,0.25,0.176257871,0.10924
3522,20100527 18:00:00,-0.39,-0.12,-0.48,0.2,0.207780413,0.11941
3523,20100527 19:00:00,-0.35,-0.08,-0.45,0.13,0.213522577,0.12956
3524,20100527 20:00:00,-0.28,-0.03,-0.39,0.03,0.182226924,0.12953
3525,20100527 21:00:00,-0.21,0.02,-0.3,-0.1,0.119500491,0.1095
3526,20100527 22:00:00,-0.14,0.08,-0.19,-0.25,0.027758917,0.04951
3527,20100527 23:00:00,-0.05,0.14,-0.08,-0.4,-0.096087524,-0.0405
3528,20100528 00:00:00,0.05,0.2,0.03,-0.52,-0.239268538,-0.16047
3529,20100528 01:00:00,0.16,0.25,0.14,-0.59,-0.363199355,-0.28035
3530,20100528 02:00:00,0.28,0.31,0.23,-0.62,-0.424589447,-0.36021
3531,20100528 03:00:00,0.4,0.36,0.32,-0.59,-0.40496665,-0.39004
3532,20100528 04:00:00,0.5,0.4,0.41,-0.52,-0.313114421,-0.3499
3533,20100528 05:00:00,0.58,0.42,0.47,-0.41,-0.172130292,-0.24977
3534,20100528 06:00:00,0.61,0.42,0.51,-0.26,-0.015718973,-0.12949
3535,20100528 07:00:00,0.6,0.41,0.51,-0.11,0.118554348,-0.00926
3536,20100528 08:00:00,0.55,0.37,0.49,0.04,0.212580198,0.10098
3537,20100528 09:00:00,0.46,0.32,0.45,0.17,0.275867183,0.19112
3538,20100528 10:00:00,0.33,0.25,0.36,0.26,0.320359636,0.26127
3539,20100528 11:00:00,0.19,0.17,0.24,0.31,0.339403899,0.28138
3540,20100528 12:00:00,0.04,0.08,0.09,0.33,0.321732944,0.26157
3541,20100528 13:00:00,-0.09,0,-0.06,0.35,0.274985598,0.22179
3542,20100528 14:00:00,-0.19,-0.07,-0.21,0.36,0.223415473,0.18204
3543,20100528 15:00:00,-0.27,-0.12,-0.32,0.36,0.186993272,0.15232
3544,20100528 16:00:00,-0.34,-0.14,-0.4,0.34,0.172155202,0.13256
3545,20100528 17:00:00,-0.39,-0.15,-0.46,0.3,0.179319028,0.12281
3546,20100528 18:00:00,-0.41,-0.15,-0.49,0.26,0.201693142,0.13306
3547,20100528 19:00:00,-0.4,-0.13,-0.49,0.19,0.218464219,0.14327
3548,20100528 20:00:00,-0.36,-0.08,-0.45,0.1,0.207180533,0.14341
3549,20100528 21:00:00,-0.3,-0.03,-0.38,-0.01,0.161570584,0.12353
3550,20100528 22:00:00,-0.22,0.03,-0.29,-0.15,0.086241576,0.09356
3551,20100528 23:00:00,-0.14,0.09,-0.18,-0.3,-0.017772537,0.02377
3552,20100529 00:00:00,-0.04,0.15,-0.06,-0.45,-0.148135441,-0.08612
3553,20100529 01:00:00,0.06,0.21,0.05,-0.55,-0.283927287,-0.19591
3554,20100529 02:00:00,0.18,0.27,0.16,-0.61,-0.385788409,-0.30566
3555,20100529 03:00:00,0.31,0.33,0.25,-0.62,-0.419035729,-0.37538
3556,20100529 04:00:00,0.43,0.38,0.35,-0.58,-0.374814891,-0.3751
3557,20100529 05:00:00,0.53,0.42,0.43,-0.5,-0.26779899,-0.31484
3558,20100529 06:00:00,0.59,0.43,0.49,-0.38,-0.124038002,-0.21456
3559,20100529 07:00:00,0.61,0.42,0.52,-0.23,0.022715776,-0.0943
3560,20100529 08:00:00,0.59,0.4,0.52,-0.08,0.141090002,0.01591
3561,20100529 09:00:00,0.54,0.36,0.49,0.07,0.22158523,0.12615
3562,20100529 10:00:00,0.44,0.3,0.43,0.19,0.275754844,0.20639
3563,20100529 11:00:00,0.3,0.23,0.34,0.27,0.312650585,0.25663
3564,20100529 12:00:00,0.16,0.14,0.21,0.32,0.326595742,0.26686
3565,20100529 13:00:00,0.03,0.06,0.06,0.35,0.311079945,0.24712
3566,20100529 14:00:00,-0.09,-0.02,-0.09,0.37,0.274371797,0.21739
3567,20100529 15:00:00,-0.19,-0.08,-0.23,0.38,0.234852318,0.18766
3568,20100529 16:00:00,-0.27,-0.12,-0.33,0.36,0.206766637,0.15786
3569,20100529 17:00:00,-0.33,-0.14,-0.4,0.34,0.195645965,0.14807
3570,20100529 18:00:00,-0.38,-0.15,-0.45,0.29,0.201341453,0.14831
3571,20100529 19:00:00,-0.41,-0.14,-0.47,0.24,0.215465425,0.14852
3572,20100529 20:00:00,-0.4,-0.11,-0.47,0.16,0.219001252,0.14866
3573,20100529 21:00:00,-0.35,-0.07,-0.43,0.06,0.19533045,0.13875
3574,20100529 22:00:00,-0.29,-0.02,-0.35,-0.06,0.140803711,0.11891
3575,20100529 23:00:00,-0.21,0.04,-0.25,-0.2,0.057728778,0.06914
3576,20100530 00:00:00,-0.12,0.1,-0.15,-0.34,-0.051791386,-0.00064
3577,20100530 01:00:00,-0.02,0.16,-0.04,-0.47,-0.178255337,-0.11037
3578,20100530 02:00:00,0.09,0.22,0.07,-0.56,-0.296438173,-0.22006
3579,20100530 03:00:00,0.21,0.28,0.18,-0.6,-0.371944584,-0.30978
3580,20100530 04:00:00,0.34,0.34,0.27,-0.59,-0.379900069,-0.34948
3581,20100530 05:00:00,0.45,0.38,0.36,-0.54,-0.318947521,-0.32923
3582,20100530 06:00:00,0.54,0.41,0.44,-0.45,-0.206716968,-0.26907
3583,20100530 07:00:00,0.59,0.42,0.49,-0.33,-0.069919569,-0.16876
3584,20100530 08:00:00,0.6,0.4,0.51,-0.18,0.060023438,-0.05845
3585,20100530 09:00:00,0.57,0.37,0.5,-0.03,0.159632225,0.05173
3586,20100530 10:00:00,0.5,0.33,0.46,0.1,0.225791572,0.13209
3587,20100530 11:00:00,0.4,0.27,0.4,0.21,0.270425232,0.20241
3588,20100530 12:00:00,0.27,0.2,0.29,0.28,0.300306523,0.24269
3589,20100530 13:00:00,0.14,0.12,0.16,0.32,0.311309607,0.24289
3590,20100530 14:00:00,0.02,0.04,0.02,0.35,0.299483039,0.23309
3591,20100530 15:00:00,-0.09,-0.02,-0.12,0.37,0.271004981,0.20327
3592,20100530 16:00:00,-0.18,-0.08,-0.23,0.37,0.23980987,0.18358
3593,20100530 17:00:00,-0.26,-0.11,-0.32,0.34,0.217234623,0.17386
3594,20100530 18:00:00,-0.33,-0.13,-0.38,0.31,0.208144947,0.15416
3595,20100530 19:00:00,-0.37,-0.13,-0.42,0.26,0.211126112,0.15448
3596,20100530 20:00:00,-0.39,-0.12,-0.44,0.19,0.21726305,0.15478
3597,20100530 21:00:00,-0.38,-0.09,-0.43,0.11,0.211318014,0.14509
3598,20100530 22:00:00,-0.33,-0.05,-0.38,0.01,0.180989091,0.13539
3599,20100530 23:00:00,-0.27,0,-0.3,-0.11,0.122353855,0.10577
3600,20100531 00:00:00,-0.18,0.06,-0.21,-0.24,0.03668837,0.05606
3601,20100531 01:00:00,-0.09,0.12,-0.11,-0.36,-0.069908136,-0.0237
3602,20100531 02:00:00,0.01,0.18,0,-0.47,-0.182726436,-0.12338
3603,20100531 03:00:00,0.13,0.23,0.1,-0.54,-0.277303127,-0.21286
3604,20100531 04:00:00,0.25,0.29,0.2,-0.56,-0.327001194,-0.28239
3605,20100531 05:00:00,0.36,0.34,0.29,-0.54,-0.315744312,-0.30186
3606,20100531 06:00:00,0.46,0.37,0.37,-0.48,-0.246148381,-0.28132
3607,20100531 07:00:00,0.53,0.39,0.43,-0.39,-0.136938545,-0.21083
3608,20100531 08:00:00,0.56,0.39,0.47,-0.27,-0.013964611,-0.11038
3609,20100531 09:00:00,0.56,0.37,0.48,-0.13,0.096116021,-0.02
3610,20100531 10:00:00,0.52,0.34,0.46,0.01,0.177273044,0.07038
3611,20100531 11:00:00,0.45,0.3,0.42,0.13,0.231009693,0.15066
3612,20100531 12:00:00,0.35,0.24,0.34,0.22,0.267901922,0.20089
3613,20100531 13:00:00,0.23,0.17,0.24,0.28,0.292687503,0.23119
3614,20100531 14:00:00,0.11,0.1,0.11,0.32,0.3019087,0.23151
3615,20100531 15:00:00,0,0.03,-0.02,0.34,0.292140516,0.21187
3616,20100531 16:00:00,-0.09,-0.02,-0.13,0.35,0.267730548,0.20217
3617,20100531 17:00:00,-0.18,-0.07,-0.23,0.33,0.240275472,0.18259
3618,20100531 18:00:00,-0.25,-0.09,-0.3,0.3,0.220014595,0.17298
3619,20100531 19:00:00,-0.31,-0.1,-0.35,0.25,0.210487919,0.16332
3620,20100531 20:00:00,-0.35,-0.1,-0.38,0.2,0.209498947,0.1537
3621,20100531 21:00:00,-0.36,-0.09,-0.39,0.13,0.209333158,0.15407
3622,20100531 22:00:00,-0.34,-0.06,-0.37,0.05,0.198477919,0.14435
3623,20100531 23:00:00,-0.29,-0.02,-0.32,-0.04,0.166557926,0.12472
3624,20100601 00:00:00,-0.22,0.03,-0.24,-0.15,0.108682203,0.09511
3625,20100601 01:00:00,-0.13,0.08,-0.16,-0.26,0.027080613,0.04561
3626,20100601 02:00:00,-0.04,0.14,-0.06,-0.36,-0.068036911,-0.0339
3627,20100601 03:00:00,0.07,0.19,0.03,-0.45,-0.160473252,-0.1133
3628,20100601 04:00:00,0.17,0.24,0.13,-0.5,-0.231022952,-0.19264
3629,20100601 05:00:00,0.28,0.29,0.22,-0.5,-0.260469525,-0.232
3630,20100601 06:00:00,0.37,0.33,0.29,-0.47,-0.237590339,-0.24151
3631,20100601 07:00:00,0.45,0.35,0.36,-0.41,-0.167019638,-0.21095
3632,20100601 08:00:00,0.5,0.36,0.4,-0.32,-0.067245078,-0.14048
3633,20100601 09:00:00,0.52,0.36,0.43,-0.2,0.038144713,-0.06005
3634,20100601 10:00:00,0.5,0.33,0.43,-0.07,0.128526177,0.02038
3635,20100601 11:00:00,0.45,0.3,0.4,0.05,0.194653735,0.10083
3636,20100601 12:00:00,0.38,0.26,0.35,0.15,0.239845371,0.16134
3637,20100601 13:00:00,0.28,0.2,0.28,0.23,0.271726744,0.20185
3638,20100601 14:00:00,0.18,0.14,0.17,0.28,0.292190888,0.22234
3639,20100601 15:00:00,0.08,0.08,0.06,0.31,0.298002813,0.22278
3640,20100601 16:00:00,-0.02,0.03,-0.05,0.32,0.286547195,0.21326
3641,20100601 17:00:00,-0.1,-0.02,-0.14,0.3,0.26169052,0.20378
3642,20100601 18:00:00,-0.18,-0.05,-0.22,0.28,0.234016613,0.18433
3643,20100601 19:00:00,-0.24,-0.07,-0.28,0.23,0.213107109,0.16481
3644,20100601 20:00:00,-0.29,-0.07,-0.31,0.18,0.20181917,0.15544
3645,20100601 21:00:00,-0.31,-0.07,-0.33,0.13,0.198129597,0.14596
3646,20100601 22:00:00,-0.3,-0.05,-0.33,0.07,0.1959335,0.13662
3647,20100601 23:00:00,-0.27,-0.02,-0.3,0,0.185537329,0.13718
3648,20100602 00:00:00,-0.22,0.02,-0.24,-0.08,0.156785612,0.11782
3649,20100602 01:00:00,-0.14,0.07,-0.18,-0.17,0.104906877,0.08853
3650,20100602 02:00:00,-0.06,0.11,-0.1,-0.26,0.033924619,0.03923
3651,20100602 03:00:00,0.03,0.16,-0.01,-0.34,-0.044056211,-0.02009
3652,20100602 04:00:00,0.12,0.21,0.07,-0.41,-0.114854705,-0.08942
3653,20100602 05:00:00,0.21,0.25,0.16,-0.44,-0.165193627,-0.14869
3654,20100602 06:00:00,0.29,0.28,0.23,-0.43,-0.180431464,-0.17806
3655,20100602 07:00:00,0.37,0.31,0.29,-0.4,-0.152059886,-0.17737
3656,20100602 08:00:00,0.42,0.32,0.33,-0.33,-0.08556267,-0.13655
3657,20100602 09:00:00,0.45,0.32,0.36,-0.24,0.000854918,-0.08574
3658,20100602 10:00:00,0.45,0.31,0.37,-0.13,0.088272153,-0.01496
3659,20100602 11:00:00,0.42,0.29,0.36,-0.01,0.162313088,0.05576
3660,20100602 12:00:00,0.37,0.26,0.33,0.09,0.217862835,0.12647
3661,20100602 13:00:00,0.3,0.21,0.27,0.17,0.257436438,0.17723
3662,20100602 14:00:00,0.22,0.17,0.2,0.24,0.284229882,0.20787
3663,20100602 15:00:00,0.13,0.12,0.11,0.27,0.298352803,0.21842
3664,20100602 16:00:00,0.04,0.07,0.02,0.28,0.297554744,0.21908
3665,20100602 17:00:00,-0.04,0.03,-0.07,0.27,0.280278742,0.20973
3666,20100602 18:00:00,-0.11,0,-0.14,0.24,0.250925337,0.2004
3667,20100602 19:00:00,-0.17,-0.02,-0.19,0.2,0.219690229,0.18114
3668,20100602 20:00:00,-0.21,-0.04,-0.24,0.15,0.196388528,0.16187
3669,20100602 21:00:00,-0.24,-0.04,-0.26,0.1,0.184156845,0.14266
3670,20100602 22:00:00,-0.24,-0.02,-0.26,0.05,0.181460777,0.13345
3671,20100602 23:00:00,-0.22,0,-0.25,0,0.182548893,0.12425
3672,20100603 00:00:00,-0.18,0.03,-0.21,-0.05,0.177391302,0.125
3673,20100603 01:00:00,-0.12,0.06,-0.16,-0.11,0.156079517,0.11577
3674,20100603 02:00:00,-0.05,0.1,-0.1,-0.18,0.115105058,0.08655
3675,20100603 03:00:00,0.02,0.14,-0.03,-0.25,0.059979956,0.0474
3676,20100603 04:00:00,0.1,0.18,0.04,-0.31,0.0014339,0.0082
3677,20100603 05:00:00,0.17,0.22,0.11,-0.35,-0.050424638,-0.04101
3678,20100603 06:00:00,0.23,0.25,0.18,-0.37,-0.085869153,-0.08026
3679,20100603 07:00:00,0.29,0.27,0.22,-0.35,-0.093062946,-0.09958
3680,20100603 08:00:00,0.33,0.28,0.26,-0.31,-0.065050338,-0.09892
3681,20100603 09:00:00,0.36,0.28,0.28,-0.24,-0.008058146,-0.06821
3682,20100603 10:00:00,0.37,0.28,0.3,-0.16,0.063313276,-0.01766
3683,20100603 11:00:00,0.35,0.26,0.29,-0.06,0.134700964,0.0429
3684,20100603 12:00:00,0.32,0.24,0.27,0.03,0.196478917,0.10338
3685,20100603 13:00:00,0.27,0.21,0.23,0.12,0.244370995,0.15408
3686,20100603 14:00:00,0.21,0.17,0.18,0.19,0.278520884,0.2047
3687,20100603 15:00:00,0.15,0.14,0.12,0.23,0.298372547,0.225
3688,20100603 16:00:00,0.08,0.1,0.05,0.24,0.302697699,0.22538
3689,20100603 17:00:00,0.01,0.07,-0.02,0.23,0.291994702,0.22624
3690,20100603 18:00:00,-0.05,0.04,-0.08,0.2,0.265279755,0.20702
3691,20100603 19:00:00,-0.1,0.02,-0.12,0.16,0.227559565,0.18752
3692,20100603 20:00:00,-0.14,0,-0.16,0.11,0.19092252,0.15802
3693,20100603 21:00:00,-0.16,0,-0.19,0.06,0.166230444,0.12848
3694,20100603 22:00:00,-0.16,0.01,-0.19,0.02,0.156996096,0.10909
3695,20100603 23:00:00,-0.14,0.03,-0.18,-0.02,0.1605116,0.10978
3696,20100604 00:00:00,-0.11,0.05,-0.15,-0.06,0.16988466,0.11029
3697,20100604 01:00:00,-0.07,0.08,-0.12,-0.09,0.174229605,0.12086
3698,20100604 02:00:00,-0.02,0.11,-0.07,-0.13,0.164078067,0.11136
3699,20100604 03:00:00,0.05,0.14,-0.02,-0.17,0.136892221,0.10198
3700,20100604 04:00:00,0.11,0.17,0.04,-0.21,0.097970714,0.07254
3701,20100604 05:00:00,0.16,0.2,0.09,-0.25,0.056189489,0.04289
3702,20100604 06:00:00,0.2,0.22,0.14,-0.28,0.01832341,0.01343
3703,20100604 07:00:00,0.22,0.23,0.18,-0.29,-0.008401678,-0.01607
3704,20100604 08:00:00,0.25,0.24,0.2,-0.27,-0.013270954,-0.03549
3705,20100604 09:00:00,0.27,0.24,0.21,-0.22,0.00995404,-0.03497
3706,20100604 10:00:00,0.27,0.23,0.22,-0.16,0.055897819,-0.00451
3707,20100604 11:00:00,0.26,0.22,0.22,-0.08,0.113934191,0.03599
3708,20100604 12:00:00,0.24,0.21,0.2,-0.01,0.173311004,0.08645
3709,20100604 13:00:00,0.21,0.18,0.17,0.07,0.225871201,0.13693
3710,20100604 14:00:00,0.17,0.16,0.13,0.14,0.266446085,0.18752
3711,20100604 15:00:00,0.13,0.14,0.09,0.18,0.291899671,0.21807
3712,20100604 16:00:00,0.08,0.11,0.05,0.2,0.30078442,0.22853
3713,20100604 17:00:00,0.03,0.09,0,0.19,0.292907674,0.2292
3714,20100604 18:00:00,-0.01,0.07,-0.04,0.15,0.268265947,0.21978
3715,20100604 19:00:00,-0.05,0.05,-0.07,0.11,0.227816434,0.19036
3716,20100604 20:00:00,-0.08,0.04,-0.1,0.05,0.180026874,0.16089
3717,20100604 21:00:00,-0.09,0.04,-0.12,0,0.140430928,0.12145
3718,20100604 22:00:00,-0.08,0.05,-0.12,-0.04,0.120070816,0.09229
3719,20100604 23:00:00,-0.06,0.06,-0.11,-0.06,0.12090782,0.07294
3720,20100605 00:00:00,-0.03,0.08,-0.09,-0.09,0.137595708,0.08353
3721,20100605 01:00:00,0.01,0.1,-0.06,-0.1,0.160908846,0.09422
3722,20100605 02:00:00,0.05,0.13,-0.02,-0.11,0.179084945,0.11483
3723,20100605 03:00:00,0.1,0.15,0.02,-0.12,0.182588438,0.12548
3724,20100605 04:00:00,0.14,0.18,0.06,-0.14,0.169832028,0.11608
3725,20100605 05:00:00,0.17,0.19,0.1,-0.16,0.145605454,0.11658
3726,20100605 06:00:00,0.19,0.2,0.13,-0.19,0.116697838,0.09713
3727,20100605 07:00:00,0.19,0.2,0.15,-0.2,0.087423203,0.06768
3728,20100605 08:00:00,0.19,0.2,0.16,-0.2,0.064340034,0.04815
3729,20100605 09:00:00,0.19,0.2,0.15,-0.17,0.057827919,0.02856
3730,20100605 10:00:00,0.18,0.19,0.14,-0.13,0.074643783,0.02896
3731,20100605 11:00:00,0.17,0.18,0.13,-0.08,0.111342055,0.04932
3732,20100605 12:00:00,0.15,0.16,0.11,-0.02,0.159749404,0.07972
3733,20100605 13:00:00,0.13,0.15,0.09,0.04,0.210546118,0.13005
3734,20100605 14:00:00,0.1,0.13,0.06,0.1,0.254443781,0.17046
3735,20100605 15:00:00,0.08,0.12,0.03,0.14,0.285221535,0.21073
3736,20100605 16:00:00,0.06,0.11,0.01,0.16,0.298991805,0.23101
3737,20100605 17:00:00,0.03,0.1,-0.01,0.15,0.293876807,0.23136
3738,20100605 18:00:00,0,0.09,-0.03,0.11,0.269783643,0.22166
3739,20100605 19:00:00,-0.02,0.08,-0.05,0.06,0.227181377,0.20199
3740,20100605 20:00:00,-0.03,0.08,-0.06,0,0.170466292,0.16232
3741,20100605 21:00:00,-0.03,0.08,-0.06,-0.06,0.114060705,0.11277
3742,20100605 22:00:00,-0.02,0.09,-0.06,-0.1,0.076554037,0.06316
3743,20100605 23:00:00,0.01,0.1,-0.04,-0.13,0.067658158,0.03348
3744,20100606 00:00:00,0.05,0.12,-0.01,-0.14,0.085634743,0.0339
3745,20100606 01:00:00,0.09,0.14,0.02,-0.14,0.121733805,0.05438
3746,20100606 02:00:00,0.13,0.16,0.05,-0.12,0.162873297,0.08472
3747,20100606 03:00:00,0.17,0.18,0.08,-0.1,0.195713358,0.11513
3748,20100606 04:00:00,0.2,0.19,0.11,-0.09,0.211828935,0.13554
3749,20100606 05:00:00,0.21,0.2,0.13,-0.09,0.21077439,0.15594
3750,20100606 06:00:00,0.2,0.2,0.15,-0.1,0.197540902,0.15639
3751,20100606 07:00:00,0.18,0.19,0.15,-0.11,0.176438153,0.14685
3752,20100606 08:00:00,0.15,0.18,0.13,-0.12,0.150025004,0.12733
3753,20100606 09:00:00,0.12,0.16,0.11,-0.1,0.125826328,0.10779
3754,20100606 10:00:00,0.1,0.14,0.08,-0.08,0.116168624,0.08825
3755,20100606 11:00:00,0.07,0.13,0.05,-0.04,0.128336073,0.07869
3756,20100606 12:00:00,0.05,0.11,0.03,0,0.159821788,0.09914
3757,20100606 13:00:00,0.03,0.1,0,0.04,0.202332744,0.12956
3758,20100606 14:00:00,0.01,0.09,-0.03,0.08,0.245243325,0.15997
3759,20100606 15:00:00,0.01,0.09,-0.05,0.12,0.278554848,0.20037
3760,20100606 16:00:00,0,0.09,-0.06,0.13,0.296141081,0.2208
3761,20100606 17:00:00,0,0.09,-0.06,0.11,0.295049988,0.23123
3762,20100606 18:00:00,-0.01,0.09,-0.05,0.07,0.273288735,0.23168
3763,20100606 19:00:00,-0.01,0.09,-0.05,0.01,0.229522457,0.20211
3764,20100606 20:00:00,-0.01,0.1,-0.04,-0.06,0.165993292,0.16257
3765,20100606 21:00:00,0.01,0.11,-0.02,-0.12,0.094058411,0.10309
3766,20100606 22:00:00,0.04,0.12,-0.01,-0.18,0.035017256,0.04362
3767,20100606 23:00:00,0.08,0.14,0.02,-0.2,0.008466529,0.00421
3768,20100607 00:00:00,0.13,0.16,0.05,-0.21,0.019971187,-0.0152
3769,20100607 01:00:00,0.18,0.18,0.09,-0.2,0.062916564,0.00536
3770,20100607 02:00:00,0.22,0.2,0.12,-0.17,0.123646775,0.04585
3771,20100607 03:00:00,0.25,0.21,0.15,-0.12,0.184618271,0.0964
3772,20100607 04:00:00,0.28,0.22,0.17,-0.07,0.230753438,0.13692
3773,20100607 05:00:00,0.28,0.23,0.19,-0.04,0.256137381,0.17749
3774,20100607 06:00:00,0.25,0.22,0.19,-0.03,0.263479154,0.20811
3775,20100607 07:00:00,0.2,0.2,0.17,-0.03,0.256829168,0.21872
3776,20100607 08:00:00,0.14,0.17,0.14,-0.03,0.237250033,0.20931
3777,20100607 09:00:00,0.08,0.14,0.09,-0.02,0.207911229,0.17984
3778,20100607 10:00:00,0.03,0.11,0.03,0,0.180444756,0.15044
3779,20100607 11:00:00,-0.01,0.08,-0.02,0.02,0.169432378,0.14102
3780,20100607 12:00:00,-0.05,0.06,-0.06,0.04,0.180772553,0.13157
3781,20100607 13:00:00,-0.07,0.05,-0.09,0.07,0.210164774,0.14214
3782,20100607 14:00:00,-0.09,0.04,-0.12,0.09,0.247822613,0.17268
3783,20100607 15:00:00,-0.09,0.04,-0.15,0.11,0.281552011,0.20322
3784,20100607 16:00:00,-0.08,0.05,-0.15,0.12,0.301331335,0.2237
3785,20100607 17:00:00,-0.06,0.06,-0.13,0.1,0.302941607,0.24414
3786,20100607 18:00:00,-0.04,0.08,-0.11,0.04,0.284386343,0.24461
3787,20100607 19:00:00,-0.03,0.09,-0.08,-0.03,0.242056347,0.21505
3788,20100607 20:00:00,-0.01,0.11,-0.04,-0.11,0.174314323,0.17548
3789,20100607 21:00:00,0.02,0.13,-0.01,-0.19,0.088733459,0.10594
3790,20100607 22:00:00,0.07,0.15,0.03,-0.25,0.006173445,0.03635
3791,20100607 23:00:00,0.13,0.17,0.07,-0.29,-0.046691848,-0.02314
3792,20100608 00:00:00,0.19,0.2,0.11,-0.3,-0.053169977,-0.06255
3793,20100608 01:00:00,0.25,0.23,0.16,-0.29,-0.013539565,-0.06192
3794,20100608 02:00:00,0.3,0.24,0.2,-0.24,0.059914346,-0.02141
3795,20100608 03:00:00,0.34,0.26,0.23,-0.18,0.147074819,0.04901
3796,20100608 04:00:00,0.37,0.27,0.25,-0.1,0.224944418,0.11938
3797,20100608 05:00:00,0.37,0.26,0.26,-0.03,0.279174214,0.17977
3798,20100608 06:00:00,0.33,0.24,0.26,0.02,0.309423896,0.23017
3799,20100608 07:00:00,0.26,0.21,0.23,0.04,0.320761182,0.26056
3800,20100608 08:00:00,0.17,0.17,0.17,0.06,0.314110536,0.27088
3801,20100608 09:00:00,0.08,0.13,0.1,0.07,0.288880676,0.25119
3802,20100608 10:00:00,0,0.08,0.02,0.08,0.252908261,0.22147
3803,20100608 11:00:00,-0.07,0.04,-0.06,0.09,0.223475025,0.20183
3804,20100608 12:00:00,-0.12,0.01,-0.13,0.11,0.214624115,0.18228
3805,20100608 13:00:00,-0.16,-0.01,-0.18,0.12,0.227722504,0.17262
3806,20100608 14:00:00,-0.19,-0.02,-0.22,0.13,0.255635542,0.19294
3807,20100608 15:00:00,-0.2,-0.02,-0.25,0.13,0.287263756,0.21328
3808,20100608 16:00:00,-0.18,0,-0.25,0.13,0.309474741,0.23369
3809,20100608 17:00:00,-0.15,0.02,-0.23,0.1,0.313185109,0.24409
3810,20100608 18:00:00,-0.11,0.05,-0.19,0.04,0.296469212,0.24458
3811,20100608 19:00:00,-0.08,0.08,-0.14,-0.05,0.25767009,0.23486
3812,20100608 20:00:00,-0.04,0.11,-0.08,-0.15,0.191539407,0.19533
3813,20100608 21:00:00,0.01,0.13,-0.02,-0.24,0.098513058,0.12598
3814,20100608 22:00:00,0.07,0.16,0.04,-0.32,-0.00478523,0.04653
3815,20100608 23:00:00,0.15,0.2,0.1,-0.37,-0.08896971,-0.04286
3816,20100609 00:00:00,0.22,0.23,0.16,-0.4,-0.125568092,-0.1022
3817,20100609 01:00:00,0.3,0.27,0.22,-0.39,-0.103366943,-0.12142
3818,20100609 02:00:00,0.37,0.29,0.27,-0.34,-0.029618831,-0.09073
3819,20100609 03:00:00,0.43,0.31,0.3,-0.26,0.076687097,-0.02028
3820,20100609 04:00:00,0.46,0.31,0.33,-0.16,0.187814842,0.07021
3821,20100609 05:00:00,0.46,0.31,0.34,-0.06,0.277177521,0.16081
3822,20100609 06:00:00,0.43,0.29,0.34,0.03,0.334919894,0.23131
3823,20100609 07:00:00,0.35,0.25,0.3,0.09,0.366940591,0.29178
3824,20100609 08:00:00,0.24,0.2,0.24,0.13,0.377977515,0.32227
3825,20100609 09:00:00,0.12,0.14,0.15,0.15,0.365256589,0.32277
3826,20100609 10:00:00,0.01,0.08,0.04,0.17,0.330665138,0.29339
3827,20100609 11:00:00,-0.09,0.02,-0.07,0.18,0.289835691,0.26405
3828,20100609 12:00:00,-0.17,-0.02,-0.17,0.19,0.263081008,0.23469
3829,20100609 13:00:00,-0.23,-0.05,-0.25,0.19,0.259272447,0.21531
3830,20100609 14:00:00,-0.27,-0.07,-0.3,0.19,0.274493862,0.21591
3831,20100609 15:00:00,-0.3,-0.08,-0.34,0.18,0.300427814,0.23653
3832,20100609 16:00:00,-0.29,-0.06,-0.36,0.16,0.325078514,0.24719
3833,20100609 17:00:00,-0.26,-0.04,-0.34,0.12,0.334065605,0.2579
3834,20100609 18:00:00,-0.21,0,-0.3,0.06,0.31972903,0.26855
3835,20100609 19:00:00,-0.16,0.04,-0.23,-0.03,0.283220775,0.24923
3836,20100609 20:00:00,-0.1,0.08,-0.16,-0.15,0.222546595,0.21995
3837,20100609 21:00:00,-0.04,0.12,-0.07,-0.27,0.131746254,0.15074
3838,20100609 22:00:00,0.04,0.16,0.01,-0.37,0.016110245,0.07166
3839,20100609 23:00:00,0.13,0.21,0.09,-0.45,-0.097616809,-0.02737
3840,20100610 00:00:00,0.22,0.25,0.17,-0.49,-0.172631239,-0.11627
3841,20100610 01:00:00,0.32,0.29,0.24,-0.49,-0.183722079,-0.16528
3842,20100610 02:00:00,0.41,0.33,0.31,-0.45,-0.127693389,-0.15442
3843,20100610 03:00:00,0.49,0.35,0.37,-0.37,-0.018192433,-0.09374
3844,20100610 04:00:00,0.54,0.36,0.4,-0.26,0.118215777,0.00686
3845,20100610 05:00:00,0.56,0.36,0.42,-0.13,0.246797544,0.11747
3846,20100610 06:00:00,0.54,0.34,0.42,-0.01,0.340711133,0.21804
3847,20100610 07:00:00,0.46,0.3,0.4,0.1,0.397724225,0.29867
3848,20100610 08:00:00,0.35,0.25,0.33,0.17,0.428291211,0.35928
3849,20100610 09:00:00,0.21,0.18,0.24,0.21,0.434117233,0.37997
3850,20100610 10:00:00,0.07,0.1,0.11,0.24,0.411085881,0.37071
3851,20100610 11:00:00,-0.06,0.03,-0.02,0.26,0.367702206,0.33148
3852,20100610 12:00:00,-0.17,-0.04,-0.16,0.27,0.326477957,0.30223
3853,20100610 13:00:00,-0.26,-0.09,-0.27,0.27,0.305398296,0.27294
3854,20100610 14:00:00,-0.32,-0.12,-0.36,0.27,0.306166255,0.26365
3855,20100610 15:00:00,-0.37,-0.13,-0.41,0.25,0.321930708,0.26425
3856,20100610 16:00:00,-0.39,-0.13,-0.45,0.22,0.3446128,0.27485
3857,20100610 17:00:00,-0.37,-0.1,-0.45,0.18,0.360583887,0.2854
3858,20100610 18:00:00,-0.33,-0.06,-0.41,0.11,0.353954461,0.28597
3859,20100610 19:00:00,-0.26,-0.02,-0.35,0.01,0.319972381,0.28667
3860,20100610 20:00:00,-0.2,0.04,-0.26,-0.11,0.262419061,0.25731
3861,20100610 21:00:00,-0.12,0.09,-0.16,-0.26,0.17881094,0.19799
3862,20100610 22:00:00,-0.03,0.14,-0.06,-0.39,0.06408418,0.11868
3863,20100610 23:00:00,0.07,0.19,0.04,-0.49,-0.068657761,0.00936
3864,20100611 00:00:00,0.18,0.25,0.14,-0.56,-0.183085262,-0.09993
3865,20100611 01:00:00,0.29,0.3,0.23,-0.58,-0.24049398,-0.17929
3866,20100611 02:00:00,0.4,0.35,0.32,-0.56,-0.22180974,-0.20869
3867,20100611 03:00:00,0.51,0.39,0.4,-0.49,-0.13150451,-0.16821
3868,20100611 04:00:00,0.58,0.41,0.46,-0.38,0.010056766,-0.08767
3869,20100611 05:00:00,0.63,0.41,0.49,-0.24,0.169203135,0.0428
3870,20100611 06:00:00,0.63,0.4,0.5,-0.09,0.29698357,0.16321
3871,20100611 07:00:00,0.58,0.37,0.49,0.05,0.397982515,0.27355
3872,20100611 08:00:00,0.48,0.31,0.44,0.17,0.451159807,0.36387
3873,20100611 09:00:00,0.34,0.24,0.35,0.24,0.476979586,0.41415
3874,20100611 10:00:00,0.18,0.16,0.23,0.29,0.473931086,0.42446
3875,20100611 11:00:00,0.02,0.07,0.08,0.32,0.440687696,0.40485
3876,20100611 12:00:00,-0.11,-0.02,-0.09,0.34,0.393222046,0.35514
3877,20100611 13:00:00,-0.23,-0.09,-0.24,0.35,0.355815285,0.3254
3878,20100611 14:00:00,-0.32,-0.14,-0.36,0.35,0.340365601,0.29567
3879,20100611 15:00:00,-0.38,-0.16,-0.44,0.33,0.343589634,0.29595
3880,20100611 16:00:00,-0.43,-0.17,-0.5,0.3,0.358885935,0.29616
3881,20100611 17:00:00,-0.45,-0.16,-0.52,0.25,0.377980451,0.30631
3882,20100611 18:00:00,-0.43,-0.13,-0.51,0.18,0.383519344,0.3164
3883,20100611 19:00:00,-0.38,-0.08,-0.46,0.08,0.359141532,0.30648
3884,20100611 20:00:00,-0.31,-0.03,-0.38,-0.04,0.304656468,0.28651
3885,20100611 21:00:00,-0.23,0.04,-0.28,-0.19,0.226498641,0.23654
3886,20100611 22:00:00,-0.14,0.1,-0.17,-0.35,0.121395316,0.16661
3887,20100611 23:00:00,-0.03,0.16,-0.05,-0.48,-0.01250192,0.06674
3888,20100612 00:00:00,0.09,0.22,0.07,-0.58,-0.153448273,-0.05311
3889,20100612 01:00:00,0.21,0.28,0.18,-0.64,-0.25906576,-0.16294
3890,20100612 02:00:00,0.34,0.34,0.28,-0.65,-0.293200405,-0.23283
3891,20100612 03:00:00,0.47,0.39,0.38,-0.59,-0.244893298,-0.2428
3892,20100612 04:00:00,0.58,0.43,0.47,-0.51,-0.125355871,-0.18276
3893,20100612 05:00:00,0.65,0.45,0.53,-0.38,0.039493301,-0.06278
3894,20100612 06:00:00,0.69,0.45,0.56,-0.22,0.210001731,0.06718
3895,20100612 07:00:00,0.67,0.42,0.56,-0.05,0.345756239,0.20713
3896,20100612 08:00:00,0.61,0.38,0.53,0.11,0.431440765,0.31709
3897,20100612 09:00:00,0.49,0.32,0.47,0.23,0.478937182,0.39712
3898,20100612 10:00:00,0.34,0.23,0.36,0.3,0.498818905,0.44714
3899,20100612 11:00:00,0.17,0.14,0.22,0.35,0.488335738,0.43723
3900,20100612 12:00:00,0,0.04,0.04,0.38,0.450350137,0.40734
3901,20100612 13:00:00,-0.14,-0.05,-0.13,0.41,0.405027226,0.36746
3902,20100612 14:00:00,-0.25,-0.12,-0.29,0.41,0.373911525,0.32755
3903,20100612 15:00:00,-0.34,-0.17,-0.41,0.4,0.363212519,0.3176
3904,20100612 16:00:00,-0.42,-0.19,-0.49,0.37,0.368487998,0.31765
3905,20100612 17:00:00,-0.47,-0.2,-0.54,0.32,0.384409652,0.32769
3906,20100612 18:00:00,-0.48,-0.19,-0.56,0.26,0.399673023,0.32768
3907,20100612 19:00:00,-0.47,-0.15,-0.55,0.17,0.393520142,0.3277
3908,20100612 20:00:00,-0.42,-0.1,-0.49,0.06,0.352167248,0.31773
3909,20100612 21:00:00,-0.35,-0.03,-0.4,-0.09,0.280610262,0.27772
3910,20100612 22:00:00,-0.26,0.04,-0.29,-0.25,0.186175117,0.21771
3911,20100612 23:00:00,-0.16,0.1,-0.16,-0.42,0.065126494,0.12769
3912,20100613 00:00:00,-0.04,0.17,-0.04,-0.55,-0.079524299,0.00766
3913,20100613 01:00:00,0.1,0.24,0.09,-0.64,-0.218518359,-0.11231
3914,20100613 02:00:00,0.24,0.3,0.2,-0.69,-0.308340349,-0.21232
3915,20100613 03:00:00,0.38,0.37,0.31,-0.68,-0.319137291,-0.26245
3916,20100613 04:00:00,0.51,0.42,0.42,-0.61,-0.246843914,-0.2526
3917,20100613 05:00:00,0.62,0.46,0.51,-0.51,-0.107279962,-0.17277
3918,20100613 06:00:00,0.69,0.47,0.57,-0.36,0.069360663,-0.04295
3919,20100613 07:00:00,0.71,0.46,0.59,-0.19,0.240011403,0.097
3920,20100613 08:00:00,0.69,0.43,0.59,-0.01,0.367427621,0.22704
3921,20100613 09:00:00,0.62,0.39,0.56,0.15,0.444183503,0.33712
3922,20100613 10:00:00,0.49,0.31,0.48,0.27,0.485909114,0.41716
3923,20100613 11:00:00,0.33,0.22,0.36,0.34,0.501501215,0.44723
3924,20100613 12:00:00,0.16,0.12,0.2,0.39,0.487944296,0.4373
3925,20100613 13:00:00,0.01,0.02,0.02,0.42,0.450899486,0.39736
3926,20100613 14:00:00,-0.13,-0.07,-0.15,0.44,0.410564565,0.35737
3927,20100613 15:00:00,-0.25,-0.13,-0.31,0.45,0.384938749,0.33737
3928,20100613 16:00:00,-0.34,-0.18,-0.42,0.43,0.378124681,0.32736
3929,20100613 17:00:00,-0.42,-0.2,-0.5,0.39,0.386543896,0.3274
3930,20100613 18:00:00,-0.48,-0.21,-0.55,0.33,0.40374877,0.33749
3931,20100613 19:00:00,-0.5,-0.19,-0.57,0.25,0.414391749,0.34756
3932,20100613 20:00:00,-0.48,-0.15,-0.55,0.16,0.396846874,0.33768
3933,20100613 21:00:00,-0.44,-0.1,-0.49,0.03,0.342312504,0.31788
3934,20100613 22:00:00,-0.36,-0.03,-0.4,-0.12,0.259446906,0.26794
3935,20100613 23:00:00,-0.27,0.04,-0.28,-0.29,0.154806183,0.19806
3936,20100614 00:00:00,-0.16,0.11,-0.15,-0.45,0.02563269,0.09809
3937,20100614 01:00:00,-0.04,0.18,-0.03,-0.58,-0.119678595,-0.02193
3938,20100614 02:00:00,0.11,0.24,0.09,-0.66,-0.248386126,-0.15194
3939,20100614 03:00:00,0.25,0.31,0.21,-0.69,-0.320348202,-0.23195
3940,20100614 04:00:00,0.4,0.38,0.32,-0.67,-0.312238146,-0.27199
3941,20100614 05:00:00,0.53,0.43,0.43,-0.6,-0.224930122,-0.24203
3942,20100614 06:00:00,0.63,0.46,0.52,-0.48,-0.076831123,-0.15199
3943,20100614 07:00:00,0.69,0.47,0.57,-0.33,0.098853309,-0.02192
3944,20100614 08:00:00,0.71,0.46,0.59,-0.15,0.259031297,0.11813
3945,20100614 09:00:00,0.68,0.43,0.59,0.03,0.372321929,0.24816
3946,20100614 10:00:00,0.6,0.38,0.55,0.18,0.438969973,0.34817
3947,20100614 11:00:00,0.48,0.3,0.48,0.28,0.476380936,0.40817
3948,20100614 12:00:00,0.33,0.21,0.35,0.35,0.490718201,0.43806
3949,20100614 13:00:00,0.17,0.11,0.19,0.4,0.477703584,0.41803
3950,20100614 14:00:00,0.02,0.02,0.02,0.43,0.443489458,0.38803
3951,20100614 15:00:00,-0.11,-0.06,-0.15,0.45,0.407221295,0.35804
3952,20100614 16:00:00,-0.22,-0.13,-0.29,0.44,0.38523931,0.33803
3953,20100614 17:00:00,-0.32,-0.17,-0.4,0.42,0.38192679,0.32805
3954,20100614 18:00:00,-0.4,-0.19,-0.47,0.37,0.393646719,0.33804
3955,20100614 19:00:00,-0.46,-0.19,-0.52,0.31,0.411287832,0.34808
3956,20100614 20:00:00,-0.49,-0.18,-0.54,0.23,0.416969523,0.34815
3957,20100614 21:00:00,-0.47,-0.14,-0.52,0.13,0.3914997,0.33816
3958,20100614 22:00:00,-0.42,-0.08,-0.46,0.01,0.330719137,0.30813
3959,20100614 23:00:00,-0.35,-0.02,-0.36,-0.14,0.244469509,0.25811
3960,20100615 00:00:00,-0.25,0.05,-0.25,-0.3,0.13813453,0.18812
3961,20100615 01:00:00,-0.15,0.11,-0.13,-0.45,0.011016006,0.08803
3962,20100615 02:00:00,-0.02,0.18,-0.02,-0.57,-0.125179828,-0.04208
3963,20100615 03:00:00,0.12,0.24,0.1,-0.64,-0.238889419,-0.15214
3964,20100615 04:00:00,0.27,0.31,0.21,-0.65,-0.295230031,-0.22216
3965,20100615 05:00:00,0.41,0.37,0.32,-0.63,-0.275654067,-0.24215
3966,20100615 06:00:00,0.52,0.41,0.42,-0.55,-0.183481138,-0.20218
3967,20100615 07:00:00,0.61,0.44,0.5,-0.43,-0.039074032,-0.11219
3968,20100615 08:00:00,0.66,0.44,0.54,-0.28,0.123824686,0.00776
3969,20100615 09:00:00,0.67,0.43,0.56,-0.1,0.265583607,0.12785
3970,20100615 10:00:00,0.64,0.4,0.55,0.06,0.362708564,0.24791
3971,20100615 11:00:00,0.56,0.35,0.52,0.19,0.420903441,0.33794
3972,20100615 12:00:00,0.45,0.28,0.44,0.28,0.45629587,0.39791
3973,20100615 13:00:00,0.31,0.2,0.32,0.34,0.470627404,0.40777
3974,20100615 14:00:00,0.17,0.11,0.17,0.38,0.457752605,0.39764
3975,20100615 15:00:00,0.04,0.02,0.01,0.41,0.423772061,0.35756
3976,20100615 16:00:00,-0.08,-0.05,-0.13,0.42,0.387839338,0.33745
3977,20100615 17:00:00,-0.19,-0.1,-0.25,0.4,0.366820583,0.31735
3978,20100615 18:00:00,-0.28,-0.13,-0.35,0.37,0.365381378,0.31721
3979,20100615 19:00:00,-0.36,-0.15,-0.41,0.32,0.378545003,0.31706
3980,20100615 20:00:00,-0.42,-0.16,-0.46,0.27,0.395405599,0.32693
3981,20100615 21:00:00,-0.44,-0.14,-0.47,0.19,0.398992623,0.32685
3982,20100615 22:00:00,-0.42,-0.1,-0.45,0.1,0.373159721,0.31679
3983,20100615 23:00:00,-0.36,-0.05,-0.39,-0.01,0.315675513,0.29668
3984,20100616 00:00:00,-0.29,0.01,-0.3,-0.15,0.235666641,0.24661
3985,20100616 01:00:00,-0.2,0.06,-0.2,-0.29,0.138022832,0.17651
3986,20100616 02:00:00,-0.1,0.12,-0.1,-0.42,0.023449236,0.08637
3987,20100616 03:00:00,0.02,0.18,0.01,-0.52,-0.09633615,-0.02376
3988,20100616 04:00:00,0.15,0.24,0.11,-0.57,-0.193765016,-0.1239
3989,20100616 05:00:00,0.27,0.29,0.2,-0.58,-0.238529763,-0.18392
3990,20100616 06:00:00,0.39,0.34,0.3,-0.55,-0.214705986,-0.1939
3991,20100616 07:00:00,0.48,0.37,0.38,-0.48,-0.127196919,-0.15389
3992,20100616 08:00:00,0.55,0.39,0.44,-0.36,0.003093361,-0.07389
3993,20100616 09:00:00,0.58,0.39,0.47,-0.21,0.144806554,0.03613
3994,20100616 10:00:00,0.58,0.37,0.48,-0.06,0.264932363,0.13617
3995,20100616 11:00:00,0.55,0.35,0.47,0.08,0.346978606,0.23615
3996,20100616 12:00:00,0.48,0.3,0.44,0.19,0.398661047,0.31607
3997,20100616 13:00:00,0.38,0.24,0.36,0.26,0.43170688,0.36594
3998,20100616 14:00:00,0.27,0.17,0.26,0.31,0.443209633,0.37581
3999,20100616 15:00:00,0.15,0.1,0.13,0.33,0.425922249,0.35569
4000,20100616 16:00:00,0.04,0.04,0.01,0.35,0.387005406,0.33558
4001,20100616 17:00:00,-0.06,-0.02,-0.11,0.34,0.347005624,0.30552
4002,20100616 18:00:00,-0.16,-0.06,-0.2,0.32,0.323559453,0.28542
4003,20100616 19:00:00,-0.24,-0.09,-0.28,0.28,0.321033732,0.2753
4004,20100616 20:00:00,-0.3,-0.1,-0.33,0.24,0.333895404,0.27523
4005,20100616 21:00:00,-0.34,-0.1,-0.36,0.19,0.351934691,0.2852
4006,20100616 22:00:00,-0.34,-0.08,-0.37,0.14,0.360052642,0.28517
4007,20100616 23:00:00,-0.31,-0.05,-0.34,0.06,0.343377864,0.28516
4008,20100617 00:00:00,-0.26,0,-0.28,-0.03,0.299321733,0.27517
4009,20100617 01:00:00,-0.19,0.04,-0.21,-0.14,0.235638549,0.23511
4010,20100617 02:00:00,-0.11,0.09,-0.13,-0.25,0.156998472,0.18513
4011,20100617 03:00:00,-0.02,0.14,-0.04,-0.35,0.063635208,0.10507
4012,20100617 04:00:00,0.07,0.18,0.04,-0.43,-0.035827595,0.01495
4013,20100617 05:00:00,0.17,0.22,0.12,-0.47,-0.117956831,-0.06514
4014,20100617 06:00:00,0.26,0.26,0.19,-0.47,-0.155239349,-0.11515
4015,20100617 07:00:00,0.34,0.29,0.25,-0.44,-0.133590172,-0.12505
4016,20100617 08:00:00,0.4,0.31,0.31,-0.37,-0.058887741,-0.09495
4017,20100617 09:00:00,0.44,0.32,0.34,-0.27,0.04995756,-0.02497
4018,20100617 10:00:00,0.45,0.31,0.36,-0.14,0.167290375,0.05497
4019,20100617 11:00:00,0.44,0.3,0.36,-0.01,0.267000323,0.14487
4020,20100617 12:00:00,0.42,0.28,0.35,0.1,0.336623109,0.23477
4021,20100617 13:00:00,0.36,0.24,0.31,0.19,0.381771634,0.30465
4022,20100617 14:00:00,0.29,0.2,0.26,0.24,0.408699887,0.34451
4023,20100617 15:00:00,0.2,0.15,0.18,0.26,0.411441007,0.34435
4024,20100617 16:00:00,0.11,0.1,0.09,0.26,0.383459049,0.32423
4025,20100617 17:00:00,0.03,0.05,0,0.25,0.333887856,0.29418
4026,20100617 18:00:00,-0.05,0.02,-0.08,0.23,0.284611323,0.26408
4027,20100617 19:00:00,-0.11,-0.01,-0.14,0.2,0.254109934,0.23396
4028,20100617 20:00:00,-0.17,-0.02,-0.19,0.16,0.247326547,0.21385
4029,20100617 21:00:00,-0.2,-0.03,-0.22,0.13,0.260301573,0.21383
4030,20100617 22:00:00,-0.21,-0.03,-0.24,0.1,0.284596686,0.21379
4031,20100617 23:00:00,-0.2,-0.01,-0.24,0.06,0.305486316,0.23374
4032,20100618 00:00:00,-0.16,0.02,-0.2,0.02,0.307113367,0.24373
4033,20100618 01:00:00,-0.11,0.06,-0.15,-0.04,0.285101622,0.24374
4034,20100618 02:00:00,-0.05,0.09,-0.09,-0.11,0.246111863,0.23369
4035,20100618 03:00:00,0.01,0.13,-0.03,-0.19,0.19366657,0.19371
4036,20100618 04:00:00,0.07,0.16,0.03,-0.26,0.125602122,0.13375
4037,20100618 05:00:00,0.12,0.18,0.08,-0.32,0.046822652,0.07375
4038,20100618 06:00:00,0.17,0.2,0.12,-0.34,-0.02239367,0.0137
4039,20100618 07:00:00,0.21,0.22,0.16,-0.34,-0.056605029,-0.03631
4040,20100618 08:00:00,0.25,0.23,0.18,-0.31,-0.043139264,-0.04635
4041,20100618 09:00:00,0.28,0.24,0.21,-0.25,0.01306947,-0.02644
4042,20100618 10:00:00,0.29,0.23,0.22,-0.16,0.09811842,0.02346
4043,20100618 11:00:00,0.28,0.22,0.21,-0.06,0.193074562,0.09327
4044,20100618 12:00:00,0.27,0.21,0.2,0.03,0.276158635,0.16311
4045,20100618 13:00:00,0.25,0.2,0.19,0.12,0.334627635,0.24296
4046,20100618 14:00:00,0.22,0.18,0.16,0.18,0.370141935,0.29286
4047,20100618 15:00:00,0.17,0.15,0.13,0.2,0.385187796,0.32279
4048,20100618 16:00:00,0.12,0.13,0.08,0.19,0.373198526,0.31267
4049,20100618 17:00:00,0.06,0.1,0.04,0.16,0.329194418,0.29263
4050,20100618 18:00:00,0.01,0.07,-0.01,0.13,0.263800015,0.2526
4051,20100618 19:00:00,-0.03,0.06,-0.05,0.09,0.200485243,0.20266
4052,20100618 20:00:00,-0.05,0.05,-0.08,0.05,0.159730927,0.15256
4053,20100618 21:00:00,-0.07,0.05,-0.1,0.02,0.149140532,0.1224
4054,20100618 22:00:00,-0.06,0.05,-0.1,0,0.166542994,0.12255
4055,20100618 23:00:00,-0.05,0.06,-0.1,-0.01,0.204459465,0.14268
4056,20100619 00:00:00,-0.02,0.08,-0.08,-0.01,0.246161423,0.16272
4057,20100619 01:00:00,0.02,0.1,-0.05,-0.02,0.273159896,0.19291
4058,20100619 02:00:00,0.06,0.12,-0.01,-0.04,0.279028936,0.2131
4059,20100619 03:00:00,0.1,0.15,0.03,-0.07,0.269037688,0.22327
4060,20100619 04:00:00,0.13,0.16,0.07,-0.11,0.244999238,0.22342
4061,20100619 05:00:00,0.14,0.17,0.1,-0.15,0.202150154,0.19353
4062,20100619 06:00:00,0.14,0.17,0.11,-0.19,0.141882245,0.14368
4063,20100619 07:00:00,0.14,0.17,0.11,-0.2,0.081888524,0.09384
4064,20100619 08:00:00,0.14,0.16,0.1,-0.19,0.046288705,0.05397
4065,20100619 09:00:00,0.14,0.16,0.09,-0.17,0.047549165,0.03406
4066,20100619 10:00:00,0.13,0.15,0.08,-0.12,0.084236295,0.0442
4067,20100619 11:00:00,0.11,0.14,0.07,-0.06,0.148549229,0.07421
4068,20100619 12:00:00,0.09,0.13,0.05,0.01,0.226076938,0.13428
4069,20100619 13:00:00,0.08,0.12,0.03,0.08,0.295278411,0.19428
4070,20100619 14:00:00,0.08,0.12,0.01,0.13,0.341252792,0.25432
4071,20100619 15:00:00,0.08,0.11,0.01,0.16,0.362845807,0.2944
4072,20100619 16:00:00,0.06,0.11,0,0.14,0.361412524,0.30453
4073,20100619 17:00:00,0.03,0.1,-0.01,0.1,0.33095394,0.29463
4074,20100619 18:00:00,0.02,0.1,-0.01,0.05,0.267389385,0.25472
4075,20100619 19:00:00,0.01,0.1,-0.01,-0.01,0.182508206,0.19486
4076,20100619 20:00:00,0.01,0.1,-0.01,-0.06,0.10296158,0.12497
4077,20100619 21:00:00,0.03,0.11,-0.01,-0.11,0.0534694,0.06516
4078,20100619 22:00:00,0.06,0.12,0.01,-0.13,0.043901985,0.03544
4079,20100619 23:00:00,0.09,0.13,0.03,-0.13,0.072845252,0.03572
4080,20100620 00:00:00,0.13,0.15,0.05,-0.11,0.130925977,0.06613
4081,20100620 01:00:00,0.16,0.16,0.07,-0.08,0.198533695,0.10633
4082,20100620 02:00:00,0.2,0.18,0.1,-0.05,0.253528893,0.15656
4083,20100620 03:00:00,0.23,0.19,0.13,-0.02,0.287526109,0.20677
4084,20100620 04:00:00,0.24,0.2,0.15,-0.01,0.305008746,0.24694
4085,20100620 05:00:00,0.22,0.19,0.16,-0.02,0.306805848,0.25719
4086,20100620 06:00:00,0.18,0.18,0.15,-0.04,0.28529948,0.25744
4087,20100620 07:00:00,0.13,0.16,0.12,-0.05,0.238660323,0.21761
4088,20100620 08:00:00,0.08,0.13,0.08,-0.05,0.182806907,0.17792
4089,20100620 09:00:00,0.04,0.1,0.03,-0.04,0.141985616,0.13826
4090,20100620 10:00:00,0,0.08,-0.02,-0.03,0.130653877,0.10857
4091,20100620 11:00:00,-0.04,0.07,-0.05,0,0.151219997,0.10881
4092,20100620 12:00:00,-0.07,0.05,-0.09,0.04,0.20004683,0.13909
4093,20100620 13:00:00,-0.09,0.04,-0.12,0.08,0.263979213,0.17934
4094,20100620 14:00:00,-0.09,0.04,-0.15,0.12,0.319786411,0.21956
4095,20100620 15:00:00,-0.07,0.04,-0.15,0.14,0.350792004,0.25976
4096,20100620 16:00:00,-0.05,0.06,-0.13,0.13,0.355543609,0.29001
4097,20100620 17:00:00,-0.04,0.07,-0.11,0.08,0.335711709,0.29025
4098,20100620 18:00:00,-0.03,0.09,-0.07,0,0.28515227,0.27058
4099,20100620 19:00:00,-0.01,0.11,-0.04,-0.08,0.199810681,0.21086
4100,20100620 20:00:00,0.02,0.13,0,-0.16,0.094412265,0.13093
4101,20100620 21:00:00,0.07,0.14,0.03,-0.22,0.001165302,0.04118
4102,20100620 22:00:00,0.12,0.17,0.07,-0.26,-0.051008737,-0.02854
4103,20100620 23:00:00,0.19,0.19,0.11,-0.27,-0.051829148,-0.05821
4104,20100621 00:00:00,0.25,0.21,0.16,-0.25,-0.004621547,-0.04781
4105,20100621 01:00:00,0.29,0.23,0.19,-0.2,0.078421226,0.00249
4106,20100621 02:00:00,0.33,0.24,0.21,-0.13,0.173114474,0.0727
4107,20100621 03:00:00,0.36,0.25,0.23,-0.06,0.253618981,0.14293
4108,20100621 04:00:00,0.37,0.25,0.25,0.01,0.310831293,0.2132
4109,20100621 05:00:00,0.34,0.24,0.25,0.06,0.350140644,0.27346
4110,20100621 06:00:00,0.27,0.21,0.23,0.07,0.372051743,0.31369
4111,20100621 07:00:00,0.18,0.18,0.18,0.08,0.365461796,0.31391
4112,20100621 08:00:00,0.09,0.13,0.11,0.08,0.32561169,0.29417
4113,20100621 09:00:00,0,0.08,0.03,0.09,0.268748339,0.25446
4114,20100621 10:00:00,-0.07,0.04,-0.06,0.09,0.221437534,0.20478
4115,20100621 11:00:00,-0.13,0.01,-0.13,0.09,0.200332998,0.17506
4116,20100621 12:00:00,-0.18,-0.01,-0.18,0.1,0.209665177,0.17521
4117,20100621 13:00:00,-0.22,-0.03,-0.23,0.12,0.247113098,0.18537
4118,20100621 14:00:00,-0.24,-0.04,-0.28,0.14,0.298782863,0.21558
4119,20100621 15:00:00,-0.22,-0.03,-0.3,0.15,0.340319174,0.24574
4120,20100621 16:00:00,-0.19,-0.01,-0.28,0.14,0.355054643,0.27602
4121,20100621 17:00:00,-0.15,0.02,-0.24,0.09,0.342509703,0.28614
4122,20100621 18:00:00,-0.11,0.05,-0.18,0,0.304072108,0.27627
4123,20100621 19:00:00,-0.07,0.09,-0.12,-0.1,0.232602804,0.23636
4124,20100621 20:00:00,-0.02,0.12,-0.05,-0.2,0.125242626,0.15655
4125,20100621 21:00:00,0.05,0.15,0.02,-0.29,0.002682565,0.05673
4126,20100621 22:00:00,0.13,0.19,0.08,-0.36,-0.09647305,-0.04301
4127,20100621 23:00:00,0.22,0.23,0.14,-0.39,-0.142070937,-0.11274
4128,20100622 00:00:00,0.3,0.26,0.21,-0.39,-0.126632712,-0.13238
4129,20100622 01:00:00,0.37,0.28,0.27,-0.34,-0.056495826,-0.10199
4130,20100622 02:00:00,0.43,0.3,0.31,-0.26,0.052198317,-0.03171
4131,20100622 03:00:00,0.46,0.3,0.33,-0.16,0.170107439,0.04857
4132,20100622 04:00:00,0.47,0.31,0.34,-0.05,0.268495334,0.13882
4133,20100622 05:00:00,0.45,0.29,0.35,0.05,0.340118126,0.22907
4134,20100622 06:00:00,0.38,0.26,0.32,0.12,0.393714313,0.30924
4135,20100622 07:00:00,0.28,0.22,0.27,0.16,0.427915314,0.35941
4136,20100622 08:00:00,0.16,0.16,0.19,0.18,0.427869052,0.36964
4137,20100622 09:00:00,0.04,0.1,0.08,0.2,0.388183013,0.34988
4138,20100622 10:00:00,-0.07,0.04,-0.03,0.2,0.328798529,0.30019
4139,20100622 11:00:00,-0.16,-0.01,-0.14,0.2,0.278521517,0.26048
4140,20100622 12:00:00,-0.23,-0.05,-0.23,0.19,0.253006689,0.23077
4141,20100622 13:00:00,-0.29,-0.08,-0.29,0.19,0.255802146,0.22099
4142,20100622 14:00:00,-0.33,-0.1,-0.35,0.19,0.284676288,0.23119
4143,20100622 15:00:00,-0.33,-0.1,-0.4,0.19,0.325149102,0.24135
4144,20100622 16:00:00,-0.31,-0.08,-0.4,0.17,0.352558356,0.26141
4145,20100622 17:00:00,-0.26,-0.05,-0.37,0.12,0.35160259,0.28144
4146,20100622 18:00:00,-0.2,0,-0.3,0.04,0.322634412,0.28147
4147,20100622 19:00:00,-0.15,0.04,-0.23,-0.07,0.266062857,0.26162
4148,20100622 20:00:00,-0.09,0.09,-0.14,-0.2,0.174096318,0.19172
4149,20100622 21:00:00,-0.01,0.13,-0.05,-0.31,0.048092666,0.10187
4150,20100622 22:00:00,0.08,0.18,0.04,-0.41,-0.083743543,-0.00799
4151,20100622 23:00:00,0.18,0.23,0.12,-0.47,-0.17840238,-0.11778
4152,20100623 00:00:00,0.29,0.27,0.21,-0.49,-0.20866517,-0.17755
4153,20100623 01:00:00,0.39,0.31,0.29,-0.47,-0.171868932,-0.17737
4154,20100623 02:00:00,0.47,0.34,0.35,-0.4,-0.077803808,-0.13721
4155,20100623 03:00:00,0.52,0.35,0.39,-0.29,0.052681684,-0.04708
4156,20100623 04:00:00,0.55,0.35,0.41,-0.16,0.185160093,0.05309
4157,20100623 05:00:00,0.54,0.35,0.42,-0.02,0.291016647,0.16327
4158,20100623 06:00:00,0.49,0.32,0.41,0.09,0.368419775,0.2635
4159,20100623 07:00:00,0.39,0.27,0.37,0.18,0.428296603,0.35368
4160,20100623 08:00:00,0.26,0.21,0.29,0.23,0.466364425,0.39383
4161,20100623 09:00:00,0.12,0.14,0.18,0.27,0.465214388,0.40398
4162,20100623 10:00:00,-0.01,0.06,0.05,0.28,0.422995997,0.37417
4163,20100623 11:00:00,-0.12,-0.01,-0.09,0.29,0.364163459,0.33445
4164,20100623 12:00:00,-0.22,-0.06,-0.21,0.28,0.316197869,0.29471
4165,20100623 13:00:00,-0.3,-0.1,-0.3,0.26,0.290571378,0.26486
4166,20100623 14:00:00,-0.36,-0.13,-0.38,0.25,0.289800789,0.25509
4167,20100623 15:00:00,-0.39,-0.14,-0.44,0.24,0.3125627,0.25527
4168,20100623 16:00:00,-0.39,-0.13,-0.47,0.22,0.343746619,0.26539
4169,20100623 17:00:00,-0.35,-0.11,-0.46,0.18,0.358570385,0.27558
4170,20100623 18:00:00,-0.3,-0.06,-0.41,0.1,0.343288212,0.28581
4171,20100623 19:00:00,-0.24,-0.01,-0.33,0,0.298837195,0.27601
4172,20100623 20:00:00,-0.17,0.04,-0.24,-0.14,0.224651914,0.23631
4173,20100623 21:00:00,-0.09,0.09,-0.14,-0.28,0.11446656,0.15669
4174,20100623 22:00:00,0,0.15,-0.03,-0.4,-0.023477306,0.04708
4175,20100623 23:00:00,0.11,0.2,0.07,-0.49,-0.153999975,-0.07248
4176,20100624 00:00:00,0.22,0.26,0.16,-0.55,-0.234663673,-0.1725
4177,20100624 01:00:00,0.34,0.31,0.26,-0.56,-0.243801368,-0.2125
4178,20100624 02:00:00,0.44,0.35,0.34,-0.52,-0.183763507,-0.20251
4179,20100624 03:00:00,0.53,0.38,0.41,-0.42,-0.068080102,-0.13255
4180,20100624 04:00:00,0.58,0.39,0.45,-0.29,0.07688073,-0.03253
4181,20100624 05:00:00,0.6,0.39,0.47,-0.14,0.213185765,0.07747
4182,20100624 06:00:00,0.57,0.37,0.48,0,0.316638644,0.19746
4183,20100624 07:00:00,0.5,0.33,0.45,0.13,0.392036309,0.29745
4184,20100624 08:00:00,0.38,0.27,0.38,0.23,0.450842289,0.37746
4185,20100624 09:00:00,0.24,0.2,0.28,0.29,0.485091811,0.41743
4186,20100624 10:00:00,0.1,0.12,0.15,0.32,0.478845797,0.41739
4187,20100624 11:00:00,-0.04,0.03,0.01,0.34,0.43632322,0.38737
4188,20100624 12:00:00,-0.15,-0.04,-0.14,0.34,0.383129127,0.34737
4189,20100624 13:00:00,-0.25,-0.09,-0.26,0.33,0.34098497,0.31736
4190,20100624 14:00:00,-0.32,-0.13,-0.36,0.32,0.316814042,0.28731
4191,20100624 15:00:00,-0.38,-0.16,-0.43,0.3,0.314287837,0.27726
4192,20100624 16:00:00,-0.41,-0.16,-0.48,0.28,0.333167328,0.27733
4193,20100624 17:00:00,-0.41,-0.15,-0.5,0.24,0.35655884,0.27721
4194,20100624 18:00:00,-0.37,-0.11,-0.48,0.17,0.3588611,0.2872
4195,20100624 19:00:00,-0.32,-0.07,-0.42,0.08,0.328698578,0.28704
4196,20100624 20:00:00,-0.25,-0.01,-0.34,-0.05,0.268207137,0.25689
4197,20100624 21:00:00,-0.18,0.05,-0.24,-0.2,0.17684846,0.20686
4198,20100624 22:00:00,-0.09,0.1,-0.13,-0.34,0.052425278,0.1068
4199,20100624 23:00:00,0.01,0.16,-0.01,-0.46,-0.089368277,-0.00324
4200,20100625 00:00:00,0.13,0.22,0.09,-0.55,-0.209445852,-0.12325
4201,20100625 01:00:00,0.25,0.28,0.19,-0.59,-0.269329582,-0.20326
4202,20100625 02:00:00,0.38,0.34,0.29,-0.58,-0.254742833,-0.23327
4203,20100625 03:00:00,0.49,0.38,0.38,-0.52,-0.172678612,-0.20325
4204,20100625 04:00:00,0.57,0.4,0.45,-0.41,-0.040857928,-0.11328
4205,20100625 05:00:00,0.61,0.41,0.49,-0.27,0.108990265,-0.00329
4206,20100625 06:00:00,0.62,0.4,0.51,-0.11,0.239122431,0.10667
4207,20100625 07:00:00,0.58,0.37,0.5,0.04,0.333015473,0.22665
4208,20100625 08:00:00,0.49,0.32,0.46,0.17,0.401044741,0.32661
4209,20100625 09:00:00,0.36,0.26,0.38,0.26,0.453006232,0.38655
4210,20100625 10:00:00,0.22,0.18,0.26,0.32,0.479688236,0.41654
4211,20100625 11:00:00,0.08,0.09,0.12,0.35,0.46980096,0.40653
4212,20100625 12:00:00,-0.05,0.01,-0.03,0.37,0.431840528,0.37657
4213,20100625 13:00:00,-0.16,-0.06,-0.18,0.37,0.387556398,0.34656
4214,20100625 14:00:00,-0.26,-0.12,-0.3,0.36,0.351715248,0.31653
4215,20100625 15:00:00,-0.33,-0.15,-0.39,0.35,0.330447876,0.29648
4216,20100625 16:00:00,-0.39,-0.17,-0.45,0.32,0.329808911,0.28639
4217,20100625 17:00:00,-0.42,-0.17,-0.49,0.29,0.3477049,0.28631
4218,20100625 18:00:00,-0.41,-0.15,-0.5,0.23,0.363512265,0.28618
4219,20100625 19:00:00,-0.38,-0.11,-0.47,0.15,0.353048423,0.28605
4220,20100625 20:00:00,-0.32,-0.06,-0.41,0.04,0.30864596,0.27596
4221,20100625 21:00:00,-0.26,0,-0.32,-0.1,0.23372486,0.24587
4222,20100625 22:00:00,-0.17,0.06,-0.21,-0.24,0.128924667,0.17581
4223,20100625 23:00:00,-0.08,0.12,-0.1,-0.39,-0.002438219,0.06577
4224,20100626 00:00:00,0.03,0.18,0.01,-0.5,-0.138358041,-0.05427
4225,20100626 01:00:00,0.15,0.24,0.12,-0.58,-0.240111971,-0.15431
4226,20100626 02:00:00,0.28,0.3,0.22,-0.6,-0.276174112,-0.2244
4227,20100626 03:00:00,0.41,0.35,0.32,-0.57,-0.238832164,-0.23449
4228,20100626 04:00:00,0.52,0.39,0.4,-0.49,-0.138671361,-0.18456
4229,20100626 05:00:00,0.59,0.41,0.47,-0.37,0.001660269,-0.08465
4230,20100626 06:00:00,0.62,0.41,0.51,-0.23,0.146796041,0.02528
4231,20100626 07:00:00,0.61,0.4,0.52,-0.07,0.263246467,0.14521
4232,20100626 08:00:00,0.56,0.36,0.5,0.08,0.343217595,0.24516
4233,20100626 09:00:00,0.46,0.31,0.45,0.2,0.400519862,0.33513
4234,20100626 10:00:00,0.33,0.24,0.35,0.29,0.442743355,0.38508
4235,20100626 11:00:00,0.19,0.15,0.23,0.34,0.462005937,0.39502
4236,20100626 12:00:00,0.06,0.07,0.08,0.36,0.45167681,0.38497
4237,20100626 13:00:00,-0.07,-0.01,-0.07,0.38,0.42010144,0.36493
4238,20100626 14:00:00,-0.17,-0.08,-0.21,0.38,0.383302416,0.33489
4239,20100626 15:00:00,-0.26,-0.12,-0.32,0.37,0.352717816,0.31483
4240,20100626 16:00:00,-0.33,-0.15,-0.4,0.35,0.336455263,0.29475
4241,20100626 17:00:00,-0.39,-0.16,-0.45,0.32,0.340501402,0.29469
4242,20100626 18:00:00,-0.41,-0.15,-0.48,0.28,0.357402984,0.29459
4243,20100626 19:00:00,-0.41,-0.13,-0.48,0.21,0.36405657,0.29449
4244,20100626 20:00:00,-0.37,-0.09,-0.44,0.12,0.34055595,0.29439
4245,20100626 21:00:00,-0.31,-0.04,-0.38,0,0.283639684,0.26428
4246,20100626 22:00:00,-0.24,0.02,-0.28,-0.14,0.197445548,0.2242
4247,20100626 23:00:00,-0.15,0.07,-0.18,-0.29,0.084660652,0.14411
4248,20100627 00:00:00,-0.05,0.13,-0.07,-0.42,-0.045351106,0.03421
4249,20100627 01:00:00,0.06,0.19,0.04,-0.52,-0.167276087,-0.08585
4250,20100627 02:00:00,0.19,0.25,0.14,-0.58,-0.246392396,-0.17586
4251,20100627 03:00:00,0.32,0.31,0.24,-0.58,-0.258416023,-0.21591
4252,20100627 04:00:00,0.44,0.36,0.33,-0.53,-0.200682518,-0.206
4253,20100627 05:00:00,0.54,0.4,0.42,-0.44,-0.087672437,-0.14608
4254,20100627 06:00:00,0.6,0.41,0.48,-0.31,0.053051163,-0.04614
4255,20100627 07:00:00,0.61,0.4,0.5,-0.17,0.185532535,0.07381
4256,20100627 08:00:00,0.59,0.38,0.5,-0.01,0.283772814,0.17371
4257,20100627 09:00:00,0.52,0.34,0.48,0.12,0.34824492,0.26363
4258,20100627 10:00:00,0.42,0.28,0.41,0.23,0.39397064,0.33354
4259,20100627 11:00:00,0.29,0.21,0.31,0.3,0.426906636,0.37343
4260,20100627 12:00:00,0.16,0.12,0.18,0.34,0.440824179,0.37329
4261,20100627 13:00:00,0.03,0.04,0.04,0.36,0.431105998,0.36315
4262,20100627 14:00:00,-0.08,-0.03,-0.11,0.38,0.40365161,0.34311
4263,20100627 15:00:00,-0.18,-0.08,-0.23,0.37,0.371198181,0.32303
4264,20100627 16:00:00,-0.26,-0.12,-0.32,0.36,0.345830743,0.31303
4265,20100627 17:00:00,-0.33,-0.14,-0.39,0.33,0.336696537,0.29298
4266,20100627 18:00:00,-0.38,-0.14,-0.43,0.29,0.345309114,0.29291
4267,20100627 19:00:00,-0.4,-0.13,-0.45,0.24,0.358509221,0.29288
4268,20100627 20:00:00,-0.39,-0.11,-0.44,0.17,0.354575273,0.29282
4269,20100627 21:00:00,-0.35,-0.07,-0.4,0.07,0.32006889,0.28272
4270,20100627 22:00:00,-0.28,-0.02,-0.33,-0.05,0.254633532,0.25262
4271,20100627 23:00:00,-0.2,0.04,-0.23,-0.18,0.162461045,0.19253
4272,20100628 00:00:00,-0.11,0.09,-0.13,-0.32,0.04921789,0.11238
4273,20100628 01:00:00,0,0.15,-0.03,-0.44,-0.07125706,0.00227
4274,20100628 02:00:00,0.11,0.21,0.07,-0.52,-0.173754715,-0.09805
4275,20100628 03:00:00,0.23,0.27,0.17,-0.54,-0.229005943,-0.16824
4276,20100628 04:00:00,0.36,0.32,0.26,-0.53,-0.218942158,-0.19846
4277,20100628 05:00:00,0.46,0.36,0.35,-0.47,-0.145091615,-0.16876
4278,20100628 06:00:00,0.54,0.39,0.42,-0.37,-0.026394203,-0.09907
4279,20100628 07:00:00,0.58,0.39,0.46,-0.24,0.106176302,0.01063
4280,20100628 08:00:00,0.58,0.38,0.48,-0.1,0.219930704,0.11043
4281,20100628 09:00:00,0.54,0.35,0.47,0.04,0.298497363,0.20025
4282,20100628 10:00:00,0.47,0.31,0.43,0.16,0.348801722,0.28009
4283,20100628 11:00:00,0.36,0.25,0.36,0.25,0.384836355,0.32998
4284,20100628 12:00:00,0.24,0.17,0.26,0.3,0.410318833,0.35989
4285,20100628 13:00:00,0.12,0.1,0.12,0.33,0.419358735,0.3498
4286,20100628 14:00:00,0,0.03,-0.01,0.35,0.407474102,0.33969
4287,20100628 15:00:00,-0.1,-0.03,-0.14,0.35,0.379750313,0.32963
4288,20100628 16:00:00,-0.18,-0.08,-0.24,0.34,0.349615508,0.30961
4289,20100628 17:00:00,-0.26,-0.11,-0.32,0.32,0.330418464,0.28964
4290,20100628 18:00:00,-0.32,-0.12,-0.36,0.29,0.328253928,0.28962
4291,20100628 19:00:00,-0.35,-0.12,-0.39,0.24,0.33811088,0.28968
4292,20100628 20:00:00,-0.37,-0.1,-0.41,0.18,0.344911778,0.28973
4293,20100628 21:00:00,-0.34,-0.07,-0.39,0.11,0.331923575,0.27981
4294,20100628 22:00:00,-0.29,-0.03,-0.34,0.01,0.291249518,0.25992
4295,20100628 23:00:00,-0.22,0.02,-0.26,-0.1,0.22303881,0.23004
4296,20100629 00:00:00,-0.14,0.07,-0.17,-0.22,0.131769103,0.17012
4297,20100629 01:00:00,-0.05,0.12,-0.08,-0.34,0.026177626,0.08011
4298,20100629 02:00:00,0.05,0.17,0.01,-0.43,-0.077886656,-0.00993
4299,20100629 03:00:00,0.16,0.22,0.11,-0.48,-0.158034067,-0.10004
4300,20100629 04:00:00,0.28,0.27,0.19,-0.49,-0.190117566,-0.15025
4301,20100629 05:00:00,0.38,0.32,0.28,-0.46,-0.160613479,-0.16044
4302,20100629 06:00:00,0.46,0.35,0.35,-0.39,-0.075681948,-0.12064
4303,20100629 07:00:00,0.52,0.37,0.4,-0.28,0.040990887,-0.04074
4304,20100629 08:00:00,0.53,0.36,0.43,-0.16,0.158356682,0.05926
4305,20100629 09:00:00,0.51,0.34,0.44,-0.03,0.250784273,0.14916
4306,20100629 10:00:00,0.47,0.31,0.42,0.09,0.311714803,0.22911
4307,20100629 11:00:00,0.39,0.26,0.37,0.19,0.351390816,0.28909
4308,20100629 12:00:00,0.29,0.2,0.29,0.25,0.379875078,0.32904
4309,20100629 13:00:00,0.18,0.14,0.18,0.3,0.397831906,0.33889
4310,20100629 14:00:00,0.07,0.07,0.06,0.32,0.39905639,0.32875
4311,20100629 15:00:00,-0.03,0.01,-0.06,0.32,0.380455727,0.31853
4312,20100629 16:00:00,-0.11,-0.03,-0.16,0.31,0.349515384,0.30843
4313,20100629 17:00:00,-0.18,-0.07,-0.24,0.29,0.321530451,0.28839
4314,20100629 18:00:00,-0.24,-0.08,-0.29,0.26,0.308158717,0.27825
4315,20100629 19:00:00,-0.29,-0.09,-0.33,0.22,0.309910653,0.2681
4316,20100629 20:00:00,-0.31,-0.08,-0.35,0.17,0.317526618,0.26801
4317,20100629 21:00:00,-0.3,-0.06,-0.34,0.12,0.318094467,0.2679
4318,20100629 22:00:00,-0.27,-0.03,-0.31,0.04,0.300474171,0.25797
4319,20100629 23:00:00,-0.21,0.01,-0.26,-0.04,0.259373871,0.23777
4320,20100630 00:00:00,-0.14,0.05,-0.19,-0.14,0.194285771,0.20762
4321,20100630 01:00:00,-0.06,0.1,-0.11,-0.25,0.110369725,0.1474
4322,20100630 02:00:00,0.03,0.14,-0.02,-0.34,0.018615619,0.06713
4323,20100630 03:00:00,0.12,0.19,0.06,-0.4,-0.065579039,-0.01327
4324,20100630 04:00:00,0.21,0.23,0.14,-0.43,-0.123211352,-0.08377
4325,20100630 05:00:00,0.3,0.27,0.21,-0.42,-0.134478656,-0.11423
4326,20100630 06:00:00,0.38,0.31,0.28,-0.37,-0.09041549,-0.10476
4327,20100630 07:00:00,0.43,0.33,0.33,-0.3,-0.002752682,-0.05514
4328,20100630 08:00:00,0.46,0.33,0.37,-0.19,0.102914259,0.01443
4329,20100630 09:00:00,0.46,0.32,0.38,-0.08,0.199246572,0.10399
4330,20100630 10:00:00,0.43,0.3,0.37,0.03,0.270790469,0.1735
4331,20100630 11:00:00,0.37,0.26,0.34,0.13,0.31796852,0.24319
4332,20100630 12:00:00,0.3,0.22,0.29,0.2,0.349843158,0.29273
4333,20100630 13:00:00,0.2,0.16,0.21,0.25,0.370529264,0.31226
4334,20100630 14:00:00,0.11,0.11,0.11,0.28,0.377760127,0.32168
4335,20100630 15:00:00,0.02,0.05,0,0.28,0.366992244,0.30122
4336,20100630 16:00:00,-0.05,0.01,-0.09,0.27,0.339125268,0.29078
4337,20100630 17:00:00,-0.12,-0.02,-0.16,0.25,0.305011124,0.2702
4338,20100630 18:00:00,-0.17,-0.04,-0.22,0.22,0.279464718,0.24972
4339,20100630 19:00:00,-0.21,-0.05,-0.25,0.18,0.269575358,0.23925
4340,20100630 20:00:00,-0.24,-0.05,-0.28,0.14,0.271991707,0.22879
4341,20100630 21:00:00,-0.24,-0.04,-0.28,0.09,0.277270049,0.22838
4342,20100630 22:00:00,-0.21,-0.02,-0.26,0.04,0.27561632,0.22787
4343,20100630 23:00:00,-0.17,0.02,-0.22,-0.02,0.259260114,0.21724
4344,20100701 00:00:00,-0.11,0.05,-0.17,-0.09,0.223093876,0.20662
4345,20100701 01:00:00,-0.04,0.09,-0.1,-0.17,0.166726948,0.16602
4346,20100701 02:00:00,0.03,0.13,-0.04,-0.25,0.096000356,0.11538
4347,20100701 03:00:00,0.1,0.16,0.03,-0.31,0.022019642,0.0546
4348,20100701 04:00:00,0.17,0.2,0.1,-0.35,-0.041886404,-0.00621
4349,20100701 05:00:00,0.24,0.23,0.16,-0.36,-0.078956607,-0.05694
4350,20100701 06:00:00,0.3,0.26,0.21,-0.34,-0.073365462,-0.0677
4351,20100701 07:00:00,0.34,0.28,0.26,-0.28,-0.022201161,-0.05832
4352,20100701 08:00:00,0.37,0.29,0.29,-0.2,0.059342962,-0.00898
4353,20100701 09:00:00,0.37,0.28,0.3,-0.11,0.146931581,0.06031
4354,20100701 10:00:00,0.35,0.27,0.3,-0.01,0.221325248,0.12948
4355,20100701 11:00:00,0.32,0.24,0.28,0.07,0.275279608,0.18873
4356,20100701 12:00:00,0.26,0.21,0.24,0.15,0.312166522,0.24791
4357,20100701 13:00:00,0.2,0.17,0.19,0.2,0.336414837,0.27721
4358,20100701 14:00:00,0.12,0.12,0.12,0.23,0.347092102,0.28653
4359,20100701 15:00:00,0.05,0.08,0.03,0.24,0.340690851,0.28584
4360,20100701 16:00:00,-0.01,0.04,-0.04,0.22,0.316597246,0.2652
4361,20100701 17:00:00,-0.07,0.01,-0.1,0.2,0.280245782,0.24459
4362,20100701 18:00:00,-0.11,0,-0.15,0.16,0.243652138,0.22401
4363,20100701 19:00:00,-0.14,-0.01,-0.18,0.13,0.21952855,0.19322
4364,20100701 20:00:00,-0.16,-0.01,-0.2,0.09,0.211612366,0.18264
4365,20100701 21:00:00,-0.16,0,-0.21,0.05,0.214972127,0.17205
4366,20100701 22:00:00,-0.14,0.01,-0.19,0.02,0.221930296,0.17135
4367,20100701 23:00:00,-0.1,0.04,-0.16,-0.02,0.224733541,0.18068
4368,20100702 00:00:00,-0.05,0.07,-0.12,-0.07,0.216080037,0.17997
4369,20100702 01:00:00,0,0.1,-0.07,-0.12,0.190649347,0.15924
4370,20100702 02:00:00,0.05,0.13,-0.02,-0.18,0.147966896,0.13857
4371,20100702 03:00:00,0.11,0.15,0.03,-0.23,0.094107626,0.09797
4372,20100702 04:00:00,0.16,0.18,0.08,-0.27,0.03920029,0.04735
4373,20100702 05:00:00,0.2,0.2,0.13,-0.29,-0.004983482,0.00672
4374,20100702 06:00:00,0.23,0.22,0.17,-0.28,-0.024557743,-0.02394
4375,20100702 07:00:00,0.26,0.23,0.2,-0.24,-0.00834057,-0.02463
4376,20100702 08:00:00,0.27,0.24,0.21,-0.19,0.041794437,-0.00545
4377,20100702 09:00:00,0.27,0.23,0.22,-0.12,0.109701614,0.04371
4378,20100702 10:00:00,0.26,0.22,0.22,-0.04,0.176973921,0.09284
4379,20100702 11:00:00,0.23,0.21,0.2,0.04,0.23229378,0.14196
4380,20100702 12:00:00,0.2,0.18,0.18,0.1,0.273153369,0.20114
4381,20100702 13:00:00,0.15,0.15,0.14,0.15,0.301484442,0.24039
4382,20100702 14:00:00,0.1,0.12,0.09,0.19,0.316147437,0.25959
4383,20100702 15:00:00,0.05,0.09,0.03,0.19,0.313019102,0.25885
4384,20100702 16:00:00,0.01,0.06,-0.02,0.18,0.291033074,0.24811
4385,20100702 17:00:00,-0.03,0.04,-0.07,0.15,0.253657171,0.21741
4386,20100702 18:00:00,-0.06,0.03,-0.1,0.11,0.209208448,0.19663
4387,20100702 19:00:00,-0.08,0.03,-0.12,0.07,0.16997572,0.15585
4388,20100702 20:00:00,-0.09,0.03,-0.14,0.03,0.146797218,0.12512
4389,20100702 21:00:00,-0.08,0.04,-0.14,-0.01,0.142239868,0.11446
4390,20100702 22:00:00,-0.05,0.05,-0.12,-0.04,0.151587036,0.10377
4391,20100702 23:00:00,-0.02,0.07,-0.09,-0.06,0.16742263,0.1131
4392,20100703 00:00:00,0.02,0.09,-0.06,-0.08,0.181024987,0.12238
4393,20100703 01:00:00,0.07,0.12,-0.02,-0.1,0.184379189,0.13173
4394,20100703 02:00:00,0.11,0.14,0.02,-0.13,0.172480649,0.13112
4395,20100703 03:00:00,0.14,0.16,0.06,-0.16,0.145157433,0.12055
4396,20100703 04:00:00,0.17,0.17,0.09,-0.18,0.108011999,0.08998
4397,20100703 05:00:00,0.19,0.19,0.12,-0.2,0.070148019,0.06938
4398,20100703 06:00:00,0.19,0.19,0.14,-0.21,0.041870382,0.03879
4399,20100703 07:00:00,0.19,0.2,0.15,-0.19,0.034011485,0.01819
4400,20100703 08:00:00,0.19,0.19,0.15,-0.15,0.053245948,0.02752
4401,20100703 09:00:00,0.18,0.19,0.14,-0.1,0.095002019,0.04684
4402,20100703 10:00:00,0.16,0.17,0.13,-0.04,0.146589546,0.07611
4403,20100703 11:00:00,0.14,0.16,0.11,0.02,0.195983922,0.11544
4404,20100703 12:00:00,0.11,0.14,0.09,0.07,0.236692796,0.16484
4405,20100703 13:00:00,0.08,0.12,0.06,0.12,0.266397327,0.20416
4406,20100703 14:00:00,0.06,0.1,0.03,0.15,0.283874547,0.22351
4407,20100703 15:00:00,0.03,0.08,-0.01,0.15,0.285265069,0.23287
4408,20100703 16:00:00,0,0.07,-0.04,0.13,0.26644717,0.22227
4409,20100703 17:00:00,-0.02,0.06,-0.06,0.1,0.22883237,0.20166
4410,20100703 18:00:00,-0.03,0.05,-0.08,0.05,0.178800387,0.17099
4411,20100703 19:00:00,-0.04,0.06,-0.08,0,0.126148133,0.13035
4412,20100703 20:00:00,-0.03,0.06,-0.08,-0.04,0.084540177,0.07976
4413,20100703 21:00:00,-0.01,0.07,-0.07,-0.08,0.064845642,0.04921
4414,20100703 22:00:00,0.03,0.09,-0.05,-0.1,0.069216557,0.03866
4415,20100703 23:00:00,0.07,0.11,-0.02,-0.11,0.09201018,0.03817
4416,20100704 00:00:00,0.11,0.13,0.02,-0.12,0.123445565,0.05772
4417,20100704 01:00:00,0.15,0.15,0.05,-0.12,0.152527166,0.08725
4418,20100704 02:00:00,0.18,0.17,0.08,-0.11,0.170373839,0.10676
4419,20100704 03:00:00,0.2,0.18,0.11,-0.11,0.172628223,0.11628
4420,20100704 04:00:00,0.21,0.18,0.13,-0.11,0.159638496,0.12576
4421,20100704 05:00:00,0.21,0.19,0.14,-0.12,0.136839291,0.11525
4422,20100704 06:00:00,0.18,0.18,0.14,-0.13,0.112287162,0.09469
4423,20100704 07:00:00,0.15,0.17,0.13,-0.12,0.094285806,0.07412
4424,20100704 08:00:00,0.12,0.15,0.1,-0.09,0.090884552,0.0635
4425,20100704 09:00:00,0.1,0.14,0.08,-0.05,0.106274639,0.07285
4426,20100704 10:00:00,0.07,0.12,0.05,-0.01,0.13678183,0.08215
4427,20100704 11:00:00,0.04,0.11,0.03,0.03,0.173886666,0.11145
4428,20100704 12:00:00,0.01,0.09,0,0.06,0.209552558,0.14072
4429,20100704 13:00:00,-0.01,0.08,-0.03,0.1,0.23760869,0.16997
4430,20100704 14:00:00,-0.02,0.07,-0.06,0.12,0.254739763,0.1992
4431,20100704 15:00:00,-0.03,0.06,-0.07,0.12,0.25846826,0.20847
4432,20100704 16:00:00,-0.03,0.06,-0.08,0.1,0.244350753,0.19775
4433,20100704 17:00:00,-0.03,0.06,-0.08,0.05,0.209263447,0.18704
4434,20100704 18:00:00,-0.03,0.07,-0.08,0,0.155724598,0.14637
4435,20100704 19:00:00,-0.01,0.08,-0.06,-0.06,0.09169185,0.10577
4436,20100704 20:00:00,0.01,0.09,-0.04,-0.11,0.030471067,0.0452
4437,20100704 21:00:00,0.05,0.11,-0.02,-0.16,-0.011230352,-0.00539
4438,20100704 22:00:00,0.09,0.13,0.01,-0.18,-0.021792522,-0.036
4439,20100704 23:00:00,0.15,0.15,0.05,-0.19,-0.001036676,-0.03662
4440,20100705 00:00:00,0.2,0.17,0.09,-0.18,0.042055295,-0.01727
4441,20100705 01:00:00,0.24,0.19,0.12,-0.16,0.093774619,0.0221
4442,20100705 02:00:00,0.27,0.2,0.15,-0.13,0.140109272,0.06148
4443,20100705 03:00:00,0.29,0.21,0.17,-0.09,0.171805831,0.10092
4444,20100705 04:00:00,0.28,0.21,0.19,-0.07,0.185923882,0.13035
4445,20100705 05:00:00,0.25,0.2,0.19,-0.06,0.184135584,0.13976
4446,20100705 06:00:00,0.2,0.18,0.17,-0.05,0.17150291,0.13915
4447,20100705 07:00:00,0.14,0.16,0.13,-0.04,0.154259043,0.12852
4448,20100705 08:00:00,0.09,0.13,0.08,-0.02,0.139193693,0.11789
4449,20100705 09:00:00,0.03,0.1,0.03,0.01,0.133954753,0.10723
4450,20100705 10:00:00,-0.01,0.08,-0.01,0.04,0.143005805,0.10656
4451,20100705 11:00:00,-0.06,0.06,-0.06,0.06,0.164143832,0.11593
4452,20100705 12:00:00,-0.09,0.04,-0.09,0.08,0.191022362,0.13523
4453,20100705 13:00:00,-0.11,0.03,-0.13,0.1,0.21603518,0.15454
4454,20100705 14:00:00,-0.11,0.02,-0.15,0.11,0.232023426,0.1738
4455,20100705 15:00:00,-0.1,0.03,-0.16,0.11,0.235211691,0.18308
4456,20100705 16:00:00,-0.09,0.03,-0.15,0.08,0.223736918,0.18235
4457,20100705 17:00:00,-0.07,0.05,-0.13,0.02,0.193476241,0.17168
4458,20100705 18:00:00,-0.04,0.07,-0.1,-0.04,0.141058564,0.13106
4459,20100705 19:00:00,-0.01,0.09,-0.07,-0.11,0.069387107,0.09044
4460,20100705 20:00:00,0.03,0.11,-0.03,-0.18,-0.009923392,0.01985
4461,20100705 21:00:00,0.08,0.13,0.01,-0.23,-0.077442664,-0.04074
4462,20100705 22:00:00,0.14,0.16,0.06,-0.26,-0.11282759,-0.09125
4463,20100705 23:00:00,0.21,0.19,0.11,-0.27,-0.106106013,-0.12172
4464,20100706 00:00:00,0.27,0.22,0.16,-0.26,-0.061398288,-0.11226
4465,20100706 01:00:00,0.32,0.23,0.2,-0.23,0.007771739,-0.06283
4466,20100706 02:00:00,0.36,0.25,0.23,-0.17,0.08266793,-0.00346
4467,20100706 03:00:00,0.38,0.25,0.25,-0.11,0.145877845,0.05599
4468,20100706 04:00:00,0.37,0.25,0.26,-0.05,0.188749269,0.1055
4469,20100706 05:00:00,0.33,0.23,0.25,-0.01,0.211332976,0.14503
4470,20100706 06:00:00,0.26,0.2,0.22,0.02,0.216853545,0.17449
4471,20100706 07:00:00,0.17,0.17,0.17,0.04,0.208735692,0.174
4472,20100706 08:00:00,0.08,0.12,0.1,0.06,0.191577492,0.16349
4473,20100706 09:00:00,0,0.08,0.02,0.09,0.173409624,0.15298
4474,20100706 10:00:00,-0.07,0.04,-0.06,0.1,0.164140645,0.13249
4475,20100706 11:00:00,-0.13,0.01,-0.12,0.12,0.168715777,0.13198
4476,20100706 12:00:00,-0.18,-0.01,-0.17,0.13,0.184279207,0.13138
4477,20100706 13:00:00,-0.21,-0.03,-0.21,0.13,0.204105857,0.15072
4478,20100706 14:00:00,-0.21,-0.03,-0.25,0.13,0.219866581,0.16015
4479,20100706 15:00:00,-0.2,-0.02,-0.26,0.12,0.223887423,0.16958
4480,20100706 16:00:00,-0.17,0,-0.24,0.08,0.213004164,0.16901
4481,20100706 17:00:00,-0.13,0.02,-0.21,0.02,0.186082039,0.15845
4482,20100706 18:00:00,-0.09,0.05,-0.16,-0.06,0.138562642,0.12788
4483,20100706 19:00:00,-0.04,0.08,-0.1,-0.15,0.066313298,0.08728
4484,20100706 20:00:00,0.01,0.12,-0.04,-0.23,-0.02573141,0.01675
4485,20100706 21:00:00,0.08,0.15,0.02,-0.3,-0.119188925,-0.06382
4486,20100706 22:00:00,0.16,0.19,0.09,-0.35,-0.187326676,-0.13445
4487,20100706 23:00:00,0.25,0.22,0.15,-0.36,-0.208596643,-0.18503
4488,20100707 00:00:00,0.33,0.26,0.22,-0.35,-0.177632566,-0.19562
4489,20100707 01:00:00,0.39,0.28,0.27,-0.31,-0.103699907,-0.15623
4490,20100707 02:00:00,0.44,0.29,0.3,-0.25,-0.005684735,-0.08686
4491,20100707 03:00:00,0.47,0.3,0.33,-0.16,0.091824684,-0.0075
4492,20100707 04:00:00,0.47,0.3,0.34,-0.07,0.168338258,0.06192
4493,20100707 05:00:00,0.43,0.28,0.33,0.01,0.217910552,0.13129
4494,20100707 06:00:00,0.35,0.24,0.3,0.07,0.244664501,0.19061
4495,20100707 07:00:00,0.24,0.19,0.24,0.11,0.252055809,0.20995
4496,20100707 08:00:00,0.12,0.14,0.15,0.14,0.24109834,0.20927
4497,20100707 09:00:00,0.01,0.08,0.04,0.17,0.217320506,0.18859
4498,20100707 10:00:00,-0.09,0.02,-0.06,0.18,0.193493141,0.16794
4499,20100707 11:00:00,-0.17,-0.02,-0.16,0.19,0.181732825,0.14716
4500,20100707 12:00:00,-0.24,-0.06,-0.23,0.19,0.184658464,0.14637
4501,20100707 13:00:00,-0.28,-0.08,-0.29,0.19,0.196800415,0.15555
4502,20100707 14:00:00,-0.31,-0.09,-0.33,0.18,0.210947212,0.16474
4503,20100707 15:00:00,-0.3,-0.08,-0.36,0.15,0.218414366,0.16396
4504,20100707 16:00:00,-0.28,-0.06,-0.35,0.11,0.210833741,0.16316
4505,20100707 17:00:00,-0.23,-0.02,-0.31,0.04,0.185430464,0.1523
4506,20100707 18:00:00,-0.17,0.02,-0.25,-0.05,0.14154934,0.13134
4507,20100707 19:00:00,-0.11,0.06,-0.17,-0.16,0.073956487,0.09041
4508,20100707 20:00:00,-0.04,0.11,-0.09,-0.26,-0.021416555,0.01943
4509,20100707 21:00:00,0.05,0.15,0,-0.35,-0.134314791,-0.06156
4510,20100707 22:00:00,0.14,0.19,0.08,-0.42,-0.237472708,-0.16256
4511,20100707 23:00:00,0.24,0.24,0.16,-0.45,-0.298903699,-0.24369
4512,20100708 00:00:00,0.34,0.28,0.24,-0.45,-0.29972971,-0.27476
4513,20100708 01:00:00,0.43,0.32,0.31,-0.42,-0.240373622,-0.26586
4514,20100708 02:00:00,0.5,0.34,0.37,-0.35,-0.134942001,-0.207
4515,20100708 03:00:00,0.55,0.35,0.4,-0.25,-0.00835394,-0.10795
4516,20100708 04:00:00,0.57,0.35,0.42,-0.13,0.107847756,-0.0088
4517,20100708 05:00:00,0.55,0.34,0.43,-0.01,0.192457747,0.08047
4518,20100708 06:00:00,0.47,0.3,0.4,0.09,0.244259193,0.16967
4519,20100708 07:00:00,0.36,0.25,0.34,0.15,0.271145793,0.21889
4520,20100708 08:00:00,0.22,0.18,0.24,0.2,0.274996788,0.23807
4521,20100708 09:00:00,0.08,0.11,0.12,0.24,0.255771604,0.22726
4522,20100708 10:00:00,-0.05,0.03,-0.01,0.26,0.223687,0.19638
4523,20100708 11:00:00,-0.16,-0.03,-0.15,0.28,0.196790569,0.17546
4524,20100708 12:00:00,-0.25,-0.08,-0.25,0.27,0.18601936,0.15461
4525,20100708 13:00:00,-0.32,-0.12,-0.34,0.26,0.189078457,0.15379
4526,20100708 14:00:00,-0.37,-0.14,-0.4,0.25,0.19897811,0.15298
4527,20100708 15:00:00,-0.39,-0.14,-0.44,0.21,0.209747755,0.16215
4528,20100708 16:00:00,-0.38,-0.12,-0.45,0.17,0.211389066,0.16141
4529,20100708 17:00:00,-0.34,-0.08,-0.42,0.1,0.193633647,0.15064
4530,20100708 18:00:00,-0.28,-0.03,-0.36,0,0.153352053,0.13996
4531,20100708 19:00:00,-0.21,0.02,-0.28,-0.12,0.090825075,0.09923
4532,20100708 20:00:00,-0.13,0.07,-0.18,-0.25,0.000966697,0.03835
4533,20100708 21:00:00,-0.04,0.13,-0.07,-0.37,-0.117413732,-0.05258
4534,20100708 22:00:00,0.07,0.18,0.03,-0.46,-0.246630776,-0.15343
4535,20100708 23:00:00,0.19,0.24,0.13,-0.52,-0.351468343,-0.26429
4536,20100709 00:00:00,0.31,0.29,0.23,-0.54,-0.398593848,-0.33509
4537,20100709 01:00:00,0.42,0.34,0.32,-0.53,-0.374290136,-0.35596
4538,20100709 02:00:00,0.52,0.38,0.4,-0.46,-0.284241169,-0.31674
4539,20100709 03:00:00,0.6,0.4,0.46,-0.36,-0.147436352,-0.22753
4540,20100709 04:00:00,0.65,0.41,0.49,-0.23,0.003902042,-0.11825
4541,20100709 05:00:00,0.65,0.4,0.51,-0.08,0.132599551,0.00099
4542,20100709 06:00:00,0.6,0.37,0.5,0.05,0.219311041,0.11033
4543,20100709 07:00:00,0.5,0.32,0.45,0.16,0.269909991,0.19973
4544,20100709 08:00:00,0.36,0.25,0.36,0.24,0.293797645,0.24916
4545,20100709 09:00:00,0.2,0.16,0.24,0.29,0.290459765,0.24849
4546,20100709 10:00:00,0.05,0.07,0.09,0.33,0.262127701,0.22787
4547,20100709 11:00:00,-0.09,-0.01,-0.07,0.35,0.225374463,0.19731
4548,20100709 12:00:00,-0.21,-0.08,-0.22,0.36,0.199862746,0.16671
4549,20100709 13:00:00,-0.31,-0.13,-0.34,0.35,0.191597751,0.15618
4550,20100709 14:00:00,-0.38,-0.17,-0.43,0.33,0.194978943,0.15565
4551,20100709 15:00:00,-0.43,-0.18,-0.49,0.3,0.204850125,0.15514
4552,20100709 16:00:00,-0.46,-0.18,-0.53,0.25,0.215601953,0.16462
4553,20100709 17:00:00,-0.44,-0.14,-0.52,0.18,0.213175306,0.16414
4554,20100709 18:00:00,-0.39,-0.1,-0.47,0.08,0.183979683,0.15364
4555,20100709 19:00:00,-0.33,-0.04,-0.39,-0.04,0.126906735,0.12321
4556,20100709 20:00:00,-0.25,0.02,-0.3,-0.19,0.044520501,0.0728
4557,20100709 21:00:00,-0.15,0.08,-0.18,-0.33,-0.066929206,-0.00765
4558,20100709 22:00:00,-0.04,0.15,-0.06,-0.46,-0.204605025,-0.11803
4559,20100709 23:00:00,0.09,0.21,0.06,-0.55,-0.343268749,-0.2384
4560,20100710 00:00:00,0.22,0.27,0.17,-0.61,-0.442766098,-0.33876
4561,20100710 01:00:00,0.35,0.33,0.28,-0.62,-0.471840424,-0.40912
4562,20100710 02:00:00,0.48,0.39,0.38,-0.57,-0.422112629,-0.40959
4563,20100710 03:00:00,0.59,0.42,0.46,-0.48,-0.303490025,-0.35001
4564,20100710 04:00:00,0.67,0.45,0.53,-0.36,-0.139914255,-0.24038
4565,20100710 05:00:00,0.72,0.45,0.56,-0.2,0.028504362,-0.10078
4566,20100710 06:00:00,0.71,0.43,0.58,-0.04,0.161290902,0.02883
4567,20100710 07:00:00,0.64,0.39,0.56,0.11,0.244970149,0.13851
4568,20100710 08:00:00,0.53,0.33,0.49,0.22,0.291465062,0.22824
4569,20100710 09:00:00,0.37,0.25,0.39,0.3,0.310077235,0.26795
4570,20100710 10:00:00,0.2,0.15,0.24,0.36,0.299340444,0.25762
4571,20100710 11:00:00,0.04,0.05,0.07,0.39,0.265437418,0.22737
4572,20100710 12:00:00,-0.11,-0.04,-0.11,0.41,0.22851459,0.19709
4573,20100710 13:00:00,-0.23,-0.12,-0.27,0.42,0.205965486,0.1668
4574,20100710 14:00:00,-0.33,-0.17,-0.39,0.4,0.199520015,0.16646
4575,20100710 15:00:00,-0.42,-0.2,-0.48,0.38,0.204449457,0.16612
4576,20100710 16:00:00,-0.47,-0.21,-0.55,0.33,0.218475865,0.16581
4577,20100710 17:00:00,-0.49,-0.2,-0.57,0.27,0.232375234,0.17558
4578,20100710 18:00:00,-0.48,-0.16,-0.56,0.18,0.22521898,0.17525
4579,20100710 19:00:00,-0.43,-0.11,-0.5,0.07,0.182709201,0.1551
4580,20100710 20:00:00,-0.37,-0.05,-0.42,-0.07,0.108244902,0.1149
4581,20100710 21:00:00,-0.28,0.02,-0.31,-0.24,0.007336048,0.05474
4582,20100710 22:00:00,-0.17,0.09,-0.18,-0.39,-0.122064444,-0.04544
4583,20100710 23:00:00,-0.05,0.16,-0.05,-0.52,-0.272757267,-0.16556
4584,20100711 00:00:00,0.09,0.23,0.07,-0.62,-0.413783628,-0.29567
4585,20100711 01:00:00,0.23,0.29,0.19,-0.66,-0.50339476,-0.3958
4586,20100711 02:00:00,0.38,0.36,0.3,-0.66,-0.514159522,-0.44603
4587,20100711 03:00:00,0.52,0.42,0.41,-0.6,-0.441729465,-0.43622
4588,20100711 04:00:00,0.64,0.46,0.51,-0.49,-0.299266618,-0.35638
4589,20100711 05:00:00,0.72,0.48,0.57,-0.34,-0.117256608,-0.2265
4590,20100711 06:00:00,0.76,0.48,0.61,-0.17,0.057332066,-0.08658
4591,20100711 07:00:00,0.74,0.45,0.62,0,0.174747664,0.05329
4592,20100711 08:00:00,0.67,0.41,0.59,0.16,0.260994052,0.16313
4593,20100711 09:00:00,0.54,0.34,0.52,0.27,0.301583495,0.24293
4594,20100711 10:00:00,0.38,0.24,0.4,0.35,0.314929148,0.27266
4595,20100711 11:00:00,0.21,0.14,0.24,0.4,0.29947076,0.25243
4596,20100711 12:00:00,0.05,0.04,0.06,0.43,0.26390585,0.22217
4597,20100711 13:00:00,-0.1,-0.06,-0.12,0.45,0.22858569,0.19195
4598,20100711 14:00:00,-0.23,-0.13,-0.29,0.45,0.207701956,0.17171
4599,20100711 15:00:00,-0.33,-0.18,-0.41,0.44,0.203186787,0.16153
4600,20100711 16:00:00,-0.42,-0.21,-0.5,0.4,0.21371964,0.16141
4601,20100711 17:00:00,-0.48,-0.22,-0.56,0.35,0.235849387,0.18128
4602,20100711 18:00:00,-0.51,-0.2,-0.58,0.28,0.25249439,0.19113
4603,20100711 19:00:00,-0.5,-0.16,-0.57,0.18,0.237952616,0.19101
4604,20100711 20:00:00,-0.46,-0.11,-0.5,0.06,0.181836212,0.16091
4605,20100711 21:00:00,-0.39,-0.04,-0.41,-0.09,0.093380096,0.12076
4606,20100711 22:00:00,-0.29,0.03,-0.3,-0.26,-0.02040866,0.04054
4607,20100711 23:00:00,-0.18,0.09,-0.18,-0.43,-0.160632475,-0.06962
4608,20100712 00:00:00,-0.05,0.16,-0.05,-0.56,-0.316246152,-0.20977
4609,20100712 01:00:00,0.09,0.23,0.08,-0.64,-0.453027637,-0.32978
4610,20100712 02:00:00,0.24,0.3,0.19,-0.68,-0.530328542,-0.42978
4611,20100712 03:00:00,0.4,0.37,0.31,-0.66,-0.52430919,-0.45981
4612,20100712 04:00:00,0.55,0.43,0.42,-0.58,-0.433549063,-0.42986
4613,20100712 05:00:00,0.66,0.47,0.52,-0.46,-0.275465268,-0.34
4614,20100712 06:00:00,0.73,0.48,0.58,-0.31,-0.087298899,-0.20014
4615,20100712 07:00:00,0.76,0.48,0.62,-0.13,0.08075847,-0.06033
4616,20100712 08:00:00,0.73,0.45,0.63,0.04,0.195524349,0.06951
4617,20100712 09:00:00,0.66,0.4,0.6,0.19,0.260820587,0.17933
4618,20100712 10:00:00,0.54,0.33,0.52,0.29,0.295799811,0.23916
4619,20100712 11:00:00,0.38,0.24,0.4,0.36,0.30593428,0.25897
4620,20100712 12:00:00,0.22,0.13,0.23,0.4,0.288271508,0.23881
4621,20100712 13:00:00,0.06,0.03,0.05,0.43,0.251680471,0.2087
4622,20100712 14:00:00,-0.08,-0.06,-0.13,0.45,0.215723719,0.17859
4623,20100712 15:00:00,-0.21,-0.13,-0.28,0.45,0.195141189,0.15848
4624,20100712 16:00:00,-0.31,-0.17,-0.39,0.43,0.19497147,0.14831
4625,20100712 17:00:00,-0.39,-0.19,-0.47,0.4,0.214828886,0.15816
4626,20100712 18:00:00,-0.46,-0.2,-0.52,0.35,0.245389117,0.17795
4627,20100712 19:00:00,-0.49,-0.18,-0.55,0.27,0.262236783,0.19787
4628,20100712 20:00:00,-0.48,-0.14,-0.53,0.17,0.239954045,0.18771
4629,20100712 21:00:00,-0.43,-0.09,-0.47,0.05,0.175163944,0.16756
4630,20100712 22:00:00,-0.36,-0.03,-0.38,-0.1,0.081031724,0.10747
4631,20100712 23:00:00,-0.27,0.04,-0.27,-0.27,-0.036192358,0.02741
4632,20100713 00:00:00,-0.16,0.1,-0.15,-0.43,-0.177433761,-0.08273
4633,20100713 01:00:00,-0.03,0.16,-0.03,-0.55,-0.329103303,-0.22281
4634,20100713 02:00:00,0.11,0.23,0.08,-0.63,-0.456323573,-0.34281
4635,20100713 03:00:00,0.26,0.29,0.19,-0.65,-0.520415886,-0.42283
4636,20100713 04:00:00,0.41,0.36,0.3,-0.62,-0.500163973,-0.45291
4637,20100713 05:00:00,0.54,0.41,0.41,-0.54,-0.397440307,-0.413
4638,20100713 06:00:00,0.63,0.44,0.5,-0.41,-0.234694516,-0.31316
4639,20100713 07:00:00,0.69,0.46,0.55,-0.26,-0.054216443,-0.17338
4640,20100713 08:00:00,0.71,0.45,0.58,-0.09,0.095981501,-0.0336
4641,20100713 09:00:00,0.68,0.42,0.59,0.08,0.192552456,0.07621
4642,20100713 10:00:00,0.61,0.38,0.56,0.21,0.246904755,0.17598
4643,20100713 11:00:00,0.5,0.31,0.48,0.29,0.277270067,0.22572
4644,20100713 12:00:00,0.35,0.22,0.36,0.34,0.284173961,0.23546
4645,20100713 13:00:00,0.2,0.12,0.21,0.37,0.262287348,0.21523
4646,20100713 14:00:00,0.06,0.03,0.04,0.4,0.220537442,0.17505
4647,20100713 15:00:00,-0.06,-0.04,-0.11,0.41,0.180502724,0.145
4648,20100713 16:00:00,-0.17,-0.1,-0.24,0.4,0.160643555,0.12496
4649,20100713 17:00:00,-0.26,-0.13,-0.33,0.39,0.167936232,0.12492
4650,20100713 18:00:00,-0.34,-0.15,-0.4,0.35,0.198187852,0.13489
4651,20100713 19:00:00,-0.4,-0.16,-0.45,0.31,0.234870137,0.16494
4652,20100713 20:00:00,-0.42,-0.14,-0.47,0.24,0.251052834,0.17508
4653,20100713 21:00:00,-0.4,-0.1,-0.45,0.15,0.226398335,0.1752
4654,20100713 22:00:00,-0.35,-0.05,-0.39,0.04,0.16302589,0.15529
4655,20100713 23:00:00,-0.28,0,-0.3,-0.1,0.074525784,0.10544
4656,20100714 00:00:00,-0.2,0.05,-0.2,-0.26,-0.034878305,0.02566
4657,20100714 01:00:00,-0.11,0.11,-0.1,-0.4,-0.166413823,-0.08411
4658,20100714 02:00:00,0.01,0.16,-0.01,-0.51,-0.305746442,-0.21392
4659,20100714 03:00:00,0.13,0.22,0.08,-0.56,-0.418519988,-0.31373
4660,20100714 04:00:00,0.26,0.28,0.18,-0.57,-0.468239877,-0.38354
4661,20100714 05:00:00,0.39,0.33,0.27,-0.54,-0.436526424,-0.4033
4662,20100714 06:00:00,0.49,0.37,0.36,-0.46,-0.32961162,-0.35314
4663,20100714 07:00:00,0.56,0.39,0.43,-0.34,-0.174892563,-0.25301
4664,20100714 08:00:00,0.59,0.4,0.47,-0.19,-0.01483319,-0.13296
4665,20100714 09:00:00,0.6,0.39,0.49,-0.03,0.110193343,-0.01298
4666,20100714 10:00:00,0.58,0.37,0.49,0.1,0.187486872,0.08707
4667,20100714 11:00:00,0.51,0.33,0.47,0.2,0.231997958,0.16706
4668,20100714 12:00:00,0.41,0.27,0.4,0.26,0.25694284,0.20699
4669,20100714 13:00:00,0.29,0.19,0.29,0.3,0.256779422,0.20694
4670,20100714 14:00:00,0.16,0.12,0.17,0.31,0.224785752,0.17692
4671,20100714 15:00:00,0.05,0.04,0.03,0.32,0.1727647,0.13698
4672,20100714 16:00:00,-0.04,-0.01,-0.09,0.33,0.127039266,0.107
4673,20100714 17:00:00,-0.12,-0.05,-0.18,0.31,0.109004683,0.08706
4674,20100714 18:00:00,-0.2,-0.08,-0.25,0.3,0.12362325,0.08712
4675,20100714 19:00:00,-0.26,-0.09,-0.3,0.27,0.160943155,0.09727
4676,20100714 20:00:00,-0.3,-0.09,-0.34,0.23,0.20110635,0.12741
4677,20100714 21:00:00,-0.3,-0.07,-0.35,0.18,0.219710981,0.14762
4678,20100714 22:00:00,-0.27,-0.04,-0.32,0.12,0.201768232,0.14789
4679,20100714 23:00:00,-0.22,0,-0.26,0.02,0.151291407,0.13815
4680,20100715 00:00:00,-0.16,0.04,-0.19,-0.1,0.079485639,0.09832
4681,20100715 01:00:00,-0.1,0.08,-0.12,-0.22,-0.011847272,0.0286
4682,20100715 02:00:00,-0.02,0.12,-0.04,-0.34,-0.12444908,-0.0611
4683,20100715 03:00:00,0.06,0.16,0.03,-0.42,-0.244823103,-0.17075
4684,20100715 04:00:00,0.16,0.2,0.09,-0.46,-0.340146018,-0.26046
4685,20100715 05:00:00,0.25,0.24,0.16,-0.46,-0.375744786,-0.32018
4686,20100715 06:00:00,0.33,0.28,0.23,-0.42,-0.337520737,-0.31991
4687,20100715 07:00:00,0.39,0.31,0.28,-0.34,-0.236987723,-0.27961
4688,20100715 08:00:00,0.43,0.32,0.32,-0.23,-0.102912968,-0.18943
4689,20100715 09:00:00,0.44,0.32,0.34,-0.11,0.027938356,-0.08927
4690,20100715 10:00:00,0.44,0.31,0.35,0.02,0.125843367,0.0109
4691,20100715 11:00:00,0.42,0.29,0.35,0.12,0.185285589,0.10101
4692,20100715 12:00:00,0.37,0.26,0.33,0.19,0.219644404,0.16112
4693,20100715 13:00:00,0.29,0.21,0.28,0.22,0.234699487,0.19127
4694,20100715 14:00:00,0.2,0.16,0.2,0.23,0.220348937,0.18143
4695,20100715 15:00:00,0.11,0.11,0.11,0.22,0.172071495,0.14165
4696,20100715 16:00:00,0.05,0.06,0.02,0.22,0.107072771,0.10176
4697,20100715 17:00:00,-0.01,0.03,-0.06,0.21,0.055781776,0.05189
4698,20100715 18:00:00,-0.07,0.01,-0.12,0.19,0.039045933,0.032
4699,20100715 19:00:00,-0.11,-0.01,-0.16,0.17,0.057310081,0.02223
4700,20100715 20:00:00,-0.14,-0.01,-0.19,0.15,0.097703956,0.04254
4701,20100715 21:00:00,-0.15,-0.01,-0.2,0.13,0.142236075,0.07277
4702,20100715 22:00:00,-0.13,0.01,-0.2,0.11,0.170433083,0.09292
4703,20100715 23:00:00,-0.09,0.04,-0.17,0.07,0.169288778,0.11317
4704,20100716 00:00:00,-0.05,0.07,-0.12,0.01,0.141454197,0.11338
4705,20100716 01:00:00,-0.01,0.09,-0.06,-0.08,0.094995137,0.09361
4706,20100716 02:00:00,0.03,0.12,-0.02,-0.17,0.02941627,0.04384
4707,20100716 03:00:00,0.07,0.14,0.03,-0.25,-0.058416319,-0.02589
4708,20100716 04:00:00,0.11,0.16,0.06,-0.3,-0.156023867,-0.10567
4709,20100716 05:00:00,0.16,0.18,0.09,-0.32,-0.232083679,-0.17549
4710,20100716 06:00:00,0.2,0.2,0.12,-0.31,-0.255915241,-0.2253
4711,20100716 07:00:00,0.23,0.22,0.15,-0.27,-0.219061193,-0.22513
4712,20100716 08:00:00,0.25,0.22,0.18,-0.21,-0.135695649,-0.18499
4713,20100716 09:00:00,0.26,0.22,0.19,-0.12,-0.030568049,-0.11489
4714,20100716 10:00:00,0.25,0.22,0.19,-0.02,0.06927342,-0.03477
4715,20100716 11:00:00,0.25,0.21,0.18,0.07,0.14274199,0.04535
4716,20100716 12:00:00,0.23,0.2,0.18,0.13,0.186202257,0.11547
4717,20100716 13:00:00,0.2,0.18,0.17,0.17,0.207474926,0.15562
4718,20100716 14:00:00,0.15,0.15,0.13,0.16,0.20620761,0.16573
4719,20100716 15:00:00,0.11,0.13,0.09,0.14,0.172063912,0.14577
4720,20100716 16:00:00,0.07,0.1,0.05,0.11,0.104949944,0.09581
4721,20100716 17:00:00,0.04,0.08,0.01,0.09,0.027114633,0.0459
4722,20100716 18:00:00,0.02,0.07,-0.02,0.06,-0.030195704,-0.01408
4723,20100716 19:00:00,0.01,0.07,-0.04,0.04,-0.048906588,-0.04397
4724,20100716 20:00:00,0,0.07,-0.05,0.02,-0.031032891,-0.05387
4725,20100716 21:00:00,0.01,0.07,-0.05,0.02,0.012095856,-0.04364
4726,20100716 22:00:00,0.03,0.08,-0.05,0.02,0.065718744,-0.00334
4727,20100716 23:00:00,0.06,0.1,-0.03,0.03,0.111214157,0.02679
4728,20100717 00:00:00,0.09,0.12,0,0.02,0.133976475,0.06694
4729,20100717 01:00:00,0.12,0.13,0.03,0,0.134131905,0.08713
4730,20100717 02:00:00,0.14,0.15,0.06,-0.05,0.117053207,0.0872
4731,20100717 03:00:00,0.14,0.15,0.08,-0.1,0.080382254,0.06724
4732,20100717 04:00:00,0.14,0.16,0.09,-0.14,0.019555941,0.02731
4733,20100717 05:00:00,0.14,0.15,0.09,-0.17,-0.054259755,-0.03257
4734,20100717 06:00:00,0.13,0.15,0.09,-0.17,-0.11272668,-0.08249
4735,20100717 07:00:00,0.12,0.15,0.07,-0.15,-0.130489526,-0.12246
4736,20100717 08:00:00,0.11,0.14,0.06,-0.12,-0.1035606,-0.12248
4737,20100717 09:00:00,0.09,0.13,0.05,-0.07,-0.04462095,-0.09259
4738,20100717 10:00:00,0.07,0.12,0.03,-0.01,0.030427599,-0.04268
4739,20100717 11:00:00,0.06,0.11,0.01,0.05,0.103235769,0.01713
4740,20100717 12:00:00,0.05,0.11,0,0.1,0.156540184,0.06698
4741,20100717 13:00:00,0.05,0.11,0,0.14,0.18416157,0.11674
4742,20100717 14:00:00,0.04,0.1,0,0.13,0.188869665,0.14656
4743,20100717 15:00:00,0.03,0.1,0,0.1,0.167660003,0.13639
4744,20100717 16:00:00,0.03,0.1,-0.01,0.05,0.113018879,0.10619
4745,20100717 17:00:00,0.03,0.1,0,-0.01,0.029000563,0.04596
4746,20100717 18:00:00,0.04,0.11,0,-0.05,-0.060598485,-0.02421
4747,20100717 19:00:00,0.06,0.12,0.01,-0.09,-0.125368287,-0.09426
4748,20100717 20:00:00,0.09,0.13,0.03,-0.12,-0.148923425,-0.13438
4749,20100717 21:00:00,0.13,0.15,0.05,-0.12,-0.13221959,-0.14451
4750,20100717 22:00:00,0.17,0.16,0.08,-0.11,-0.083252162,-0.13457
4751,20100717 23:00:00,0.21,0.17,0.1,-0.08,-0.014925016,-0.08472
4752,20100718 00:00:00,0.24,0.18,0.12,-0.05,0.052206418,-0.03486
4753,20100718 01:00:00,0.26,0.19,0.15,-0.02,0.101102383,0.01489
4754,20100718 02:00:00,0.27,0.2,0.17,0,0.129456026,0.06487
4755,20100718 03:00:00,0.26,0.2,0.18,0,0.141068439,0.09481
4756,20100718 04:00:00,0.23,0.18,0.17,-0.01,0.132186553,0.09479
4757,20100718 05:00:00,0.18,0.17,0.15,-0.03,0.096899474,0.07481
4758,20100718 06:00:00,0.12,0.14,0.11,-0.03,0.04403653,0.0448
4759,20100718 07:00:00,0.07,0.12,0.06,-0.02,-0.002049158,0.00481
4760,20100718 08:00:00,0.02,0.09,0.01,0,-0.021117751,-0.02519
4761,20100718 09:00:00,-0.03,0.07,-0.04,0.02,-0.01042845,-0.03538
4762,20100718 10:00:00,-0.07,0.05,-0.08,0.04,0.023637379,-0.0256
4763,20100718 11:00:00,-0.11,0.03,-0.12,0.08,0.073613502,0.00413
4764,20100718 12:00:00,-0.12,0.02,-0.15,0.11,0.125865556,0.04384
4765,20100718 13:00:00,-0.12,0.02,-0.17,0.13,0.162640981,0.08355
4766,20100718 14:00:00,-0.1,0.03,-0.16,0.13,0.174703438,0.11323
4767,20100718 15:00:00,-0.08,0.04,-0.14,0.1,0.162241503,0.12293
4768,20100718 16:00:00,-0.06,0.06,-0.12,0.03,0.12286,0.10264
4769,20100718 17:00:00,-0.03,0.08,-0.08,-0.05,0.05153134,0.06228
4770,20100718 18:00:00,0.01,0.11,-0.04,-0.12,-0.046410203,-0.00796
4771,20100718 19:00:00,0.06,0.13,0.01,-0.18,-0.146878372,-0.09831
4772,20100718 20:00:00,0.11,0.16,0.05,-0.23,-0.219593369,-0.16857
4773,20100718 21:00:00,0.18,0.19,0.1,-0.26,-0.246901665,-0.21862
4774,20100718 22:00:00,0.25,0.21,0.15,-0.26,-0.227371187,-0.23885
4775,20100718 23:00:00,0.31,0.23,0.2,-0.23,-0.167530443,-0.20904
4776,20100719 00:00:00,0.35,0.24,0.23,-0.18,-0.081517597,-0.15924
4777,20100719 01:00:00,0.38,0.25,0.25,-0.11,0.007176859,-0.08953
4778,20100719 02:00:00,0.4,0.26,0.27,-0.04,0.078950733,-0.01978
4779,20100719 03:00:00,0.39,0.25,0.28,0.02,0.130625029,0.05004
4780,20100719 04:00:00,0.35,0.23,0.27,0.05,0.16557299,0.09982
4781,20100719 05:00:00,0.28,0.21,0.23,0.07,0.179201158,0.12957
4782,20100719 06:00:00,0.19,0.17,0.18,0.08,0.163999883,0.12931
4783,20100719 07:00:00,0.09,0.12,0.11,0.1,0.125360189,0.10909
4784,20100719 08:00:00,0,0.08,0.02,0.12,0.083735313,0.06889
4785,20100719 09:00:00,-0.08,0.04,-0.06,0.12,0.057240347,0.04866
4786,20100719 10:00:00,-0.14,0.01,-0.13,0.13,0.051436631,0.02841
4787,20100719 11:00:00,-0.2,-0.02,-0.19,0.14,0.066154092,0.02816
4788,20100719 12:00:00,-0.24,-0.05,-0.24,0.15,0.098637493,0.04788
4789,20100719 13:00:00,-0.25,-0.06,-0.29,0.16,0.136165615,0.06757
4790,20100719 14:00:00,-0.24,-0.05,-0.3,0.16,0.15928055,0.08725
4791,20100719 15:00:00,-0.2,-0.03,-0.29,0.13,0.157579142,0.1069
4792,20100719 16:00:00,-0.17,0,-0.25,0.07,0.131068922,0.09668
4793,20100719 17:00:00,-0.12,0.04,-0.2,-0.03,0.078292001,0.07641
4794,20100719 18:00:00,-0.07,0.08,-0.13,-0.13,-0.005756919,0.01618
4795,20100719 19:00:00,0,0.12,-0.05,-0.21,-0.115363483,-0.06408
4796,20100719 20:00:00,0.07,0.15,0.02,-0.29,-0.225338654,-0.15419
4797,20100719 21:00:00,0.16,0.19,0.09,-0.34,-0.302913103,-0.24434
4798,20100719 22:00:00,0.26,0.23,0.16,-0.37,-0.328848586,-0.30412
4799,20100719 23:00:00,0.34,0.27,0.23,-0.36,-0.301238785,-0.31421
4800,20100720 00:00:00,0.41,0.29,0.29,-0.32,-0.227259714,-0.27437
4801,20100720 01:00:00,0.46,0.3,0.33,-0.24,-0.123675992,-0.20456
4802,20100720 02:00:00,0.49,0.31,0.35,-0.15,-0.017375783,-0.12477
4803,20100720 03:00:00,0.49,0.31,0.36,-0.05,0.070653931,-0.03513
4804,20100720 04:00:00,0.46,0.29,0.36,0.04,0.137950759,0.04458
4805,20100720 05:00:00,0.39,0.26,0.33,0.1,0.188878922,0.11427
4806,20100720 06:00:00,0.29,0.22,0.27,0.15,0.218051996,0.15397
4807,20100720 07:00:00,0.17,0.16,0.19,0.18,0.215269342,0.16376
4808,20100720 08:00:00,0.05,0.1,0.09,0.21,0.182951975,0.15355
4809,20100720 09:00:00,-0.05,0.04,-0.02,0.22,0.140147895,0.12338
4810,20100720 10:00:00,-0.14,-0.01,-0.12,0.22,0.105947916,0.09328
4811,20100720 11:00:00,-0.22,-0.05,-0.21,0.21,0.088398421,0.06299
4812,20100720 12:00:00,-0.29,-0.08,-0.28,0.21,0.090781401,0.06267
4813,20100720 13:00:00,-0.33,-0.1,-0.34,0.21,0.112295142,0.07237
4814,20100720 14:00:00,-0.34,-0.11,-0.39,0.2,0.139212662,0.08209
4815,20100720 15:00:00,-0.31,-0.09,-0.39,0.17,0.151803038,0.09177
4816,20100720 16:00:00,-0.27,-0.06,-0.37,0.12,0.139973192,0.0915
4817,20100720 17:00:00,-0.21,-0.02,-0.31,0.04,0.103617011,0.08132
4818,20100720 18:00:00,-0.15,0.03,-0.24,-0.07,0.040624005,0.05115
4819,20100720 19:00:00,-0.08,0.08,-0.15,-0.19,-0.054651884,-0.01902
4820,20100720 20:00:00,0,0.13,-0.05,-0.29,-0.174932701,-0.10919
4821,20100720 21:00:00,0.09,0.17,0.03,-0.37,-0.291104587,-0.21929
4822,20100720 22:00:00,0.2,0.22,0.12,-0.43,-0.367804223,-0.3095
4823,20100720 23:00:00,0.31,0.27,0.21,-0.45,-0.386491978,-0.35963
4824,20100721 00:00:00,0.41,0.31,0.29,-0.43,-0.34713522,-0.36003
4825,20100721 01:00:00,0.48,0.33,0.35,-0.38,-0.258408349,-0.31013
4826,20100721 02:00:00,0.53,0.34,0.39,-0.28,-0.140076548,-0.23028
4827,20100721 03:00:00,0.56,0.35,0.41,-0.16,-0.022345838,-0.14046
4828,20100721 04:00:00,0.55,0.34,0.42,-0.03,0.073559142,-0.04067
4829,20100721 05:00:00,0.5,0.32,0.41,0.07,0.148040906,0.05914
4830,20100721 06:00:00,0.41,0.28,0.37,0.15,0.207075784,0.13886
4831,20100721 07:00:00,0.28,0.22,0.29,0.21,0.243525313,0.17856
4832,20100721 08:00:00,0.15,0.15,0.19,0.25,0.244421607,0.18824
4833,20100721 09:00:00,0.03,0.08,0.07,0.29,0.212216186,0.17808
4834,20100721 10:00:00,-0.09,0.02,-0.06,0.29,0.167598876,0.14797
4835,20100721 11:00:00,-0.18,-0.04,-0.17,0.28,0.129941391,0.10786
4836,20100721 12:00:00,-0.27,-0.08,-0.26,0.27,0.107137015,0.08767
4837,20100721 13:00:00,-0.33,-0.12,-0.34,0.26,0.103486178,0.07738
4838,20100721 14:00:00,-0.37,-0.14,-0.41,0.25,0.118640005,0.07709
4839,20100721 15:00:00,-0.37,-0.13,-0.44,0.23,0.139114495,0.07681
4840,20100721 16:00:00,-0.35,-0.11,-0.44,0.19,0.144624968,0.08652
4841,20100721 17:00:00,-0.3,-0.07,-0.4,0.11,0.12536033,0.08622
4842,20100721 18:00:00,-0.24,-0.02,-0.33,0.01,0.080439911,0.06573
4843,20100721 19:00:00,-0.17,0.03,-0.25,-0.11,0.006805207,0.02529
4844,20100721 20:00:00,-0.09,0.08,-0.15,-0.24,-0.100108551,-0.05515
4845,20100721 21:00:00,0,0.14,-0.05,-0.35,-0.228757342,-0.15556
4846,20100721 22:00:00,0.11,0.19,0.05,-0.43,-0.345506902,-0.26605
4847,20100721 23:00:00,0.23,0.25,0.15,-0.49,-0.414755224,-0.34657
4848,20100722 00:00:00,0.34,0.3,0.24,-0.51,-0.421314013,-0.39711
4849,20100722 01:00:00,0.44,0.34,0.33,-0.48,-0.367472466,-0.3772
4850,20100722 02:00:00,0.52,0.36,0.39,-0.4,-0.26427848,-0.31729
4851,20100722 03:00:00,0.58,0.37,0.43,-0.28,-0.135604937,-0.23739
4852,20100722 04:00:00,0.6,0.38,0.46,-0.15,-0.01409149,-0.13756
4853,20100722 05:00:00,0.58,0.36,0.47,-0.01,0.081723515,-0.02769
4854,20100722 06:00:00,0.51,0.33,0.45,0.11,0.156375581,0.07215
4855,20100722 07:00:00,0.41,0.28,0.39,0.2,0.216443337,0.15201
4856,20100722 08:00:00,0.28,0.21,0.3,0.26,0.252476876,0.19191
4857,20100722 09:00:00,0.14,0.14,0.18,0.31,0.251277934,0.19182
4858,20100722 10:00:00,0.01,0.06,0.04,0.33,0.218395187,0.17176
4859,20100722 11:00:00,-0.1,-0.01,-0.09,0.34,0.175448683,0.15169
4860,20100722 12:00:00,-0.2,-0.07,-0.21,0.33,0.139019195,0.12167
4861,20100722 13:00:00,-0.29,-0.11,-0.3,0.31,0.115408751,0.10167
4862,20100722 14:00:00,-0.35,-0.14,-0.38,0.3,0.110251717,0.08169
4863,20100722 15:00:00,-0.38,-0.15,-0.44,0.28,0.124291055,0.08166
4864,20100722 16:00:00,-0.39,-0.14,-0.47,0.25,0.142296609,0.08164
4865,20100722 17:00:00,-0.36,-0.11,-0.45,0.19,0.143026129,0.08155
4866,20100722 18:00:00,-0.31,-0.07,-0.4,0.1,0.116350568,0.0815
4867,20100722 19:00:00,-0.25,-0.02,-0.33,-0.01,0.061679723,0.06142
4868,20100722 20:00:00,-0.18,0.04,-0.24,-0.15,-0.023657951,0.01137
4869,20100722 21:00:00,-0.09,0.09,-0.14,-0.27,-0.140620985,-0.07874
4870,20100722 22:00:00,0.01,0.15,-0.03,-0.39,-0.272164309,-0.18878
4871,20100722 23:00:00,0.12,0.21,0.07,-0.47,-0.38181488,-0.29884
4872,20100723 00:00:00,0.25,0.27,0.17,-0.52,-0.437596599,-0.37901
4873,20100723 01:00:00,0.37,0.32,0.27,-0.53,-0.428451865,-0.40916
4874,20100723 02:00:00,0.47,0.36,0.35,-0.48,-0.359135764,-0.37934
4875,20100723 03:00:00,0.56,0.38,0.42,-0.39,-0.243161343,-0.30953
4876,20100723 04:00:00,0.61,0.39,0.46,-0.26,-0.109074057,-0.21968
4877,20100723 05:00:00,0.62,0.39,0.49,-0.12,0.009222759,-0.10977
4878,20100723 06:00:00,0.59,0.37,0.49,0.02,0.098302334,0.00018
4879,20100723 07:00:00,0.51,0.33,0.46,0.14,0.167191156,0.09014
4880,20100723 08:00:00,0.4,0.27,0.39,0.23,0.221841411,0.16007
4881,20100723 09:00:00,0.26,0.2,0.28,0.3,0.251659704,0.18998
4882,20100723 10:00:00,0.13,0.12,0.16,0.34,0.246460263,0.18983
4883,20100723 11:00:00,0,0.04,0.02,0.36,0.215077211,0.16973
4884,20100723 12:00:00,-0.11,-0.03,-0.12,0.36,0.176845197,0.13968
4885,20100723 13:00:00,-0.21,-0.08,-0.23,0.35,0.143698111,0.11963
4886,20100723 14:00:00,-0.29,-0.12,-0.32,0.34,0.121897875,0.09963
4887,20100723 15:00:00,-0.35,-0.14,-0.4,0.32,0.119701406,0.08964
4888,20100723 16:00:00,-0.38,-0.15,-0.45,0.3,0.136630863,0.07967
4889,20100723 17:00:00,-0.38,-0.13,-0.46,0.26,0.153607492,0.08973
4890,20100723 18:00:00,-0.36,-0.1,-0.44,0.19,0.14763491,0.08981
4891,20100723 19:00:00,-0.31,-0.05,-0.38,0.08,0.110258409,0.07982
4892,20100723 20:00:00,-0.25,0,-0.31,-0.04,0.042736226,0.04986
4893,20100723 21:00:00,-0.17,0.05,-0.21,-0.18,-0.05485052,-0.01011
4894,20100723 22:00:00,-0.08,0.11,-0.11,-0.31,-0.178779342,-0.11014
4895,20100723 23:00:00,0.03,0.17,0,-0.42,-0.307518465,-0.22017
4896,20100724 00:00:00,0.15,0.22,0.1,-0.5,-0.405006435,-0.33018
4897,20100724 01:00:00,0.27,0.28,0.19,-0.53,-0.443673197,-0.39021
4898,20100724 02:00:00,0.39,0.33,0.29,-0.52,-0.416617196,-0.40028
4899,20100724 03:00:00,0.5,0.37,0.37,-0.46,-0.330445104,-0.36031
4900,20100724 04:00:00,0.58,0.4,0.44,-0.35,-0.203551137,-0.2803
4901,20100724 05:00:00,0.62,0.4,0.48,-0.22,-0.069871329,-0.1803
4902,20100724 06:00:00,0.62,0.39,0.5,-0.07,0.038887837,-0.07032
4903,20100724 07:00:00,0.58,0.37,0.49,0.06,0.116405191,0.02969
4904,20100724 08:00:00,0.49,0.32,0.45,0.18,0.17529108,0.10963
4905,20100724 09:00:00,0.38,0.26,0.37,0.27,0.220319584,0.16955
4906,20100724 10:00:00,0.24,0.18,0.26,0.32,0.24213661,0.17948
4907,20100724 11:00:00,0.11,0.1,0.13,0.35,0.234515496,0.16942
4908,20100724 12:00:00,-0.01,0.02,-0.01,0.37,0.206471328,0.15934
4909,20100724 13:00:00,-0.12,-0.04,-0.14,0.37,0.172753699,0.13928
4910,20100724 14:00:00,-0.21,-0.09,-0.25,0.36,0.143095685,0.11923
4911,20100724 15:00:00,-0.29,-0.12,-0.33,0.35,0.126656688,0.09916
4912,20100724 16:00:00,-0.35,-0.14,-0.4,0.33,0.132322872,0.08914
4913,20100724 17:00:00,-0.37,-0.13,-0.43,0.3,0.153711008,0.09911
4914,20100724 18:00:00,-0.37,-0.11,-0.44,0.24,0.166456626,0.09897
4915,20100724 19:00:00,-0.34,-0.08,-0.41,0.16,0.14940081,0.09886
4916,20100724 20:00:00,-0.29,-0.03,-0.35,0.05,0.098543576,0.07876
4917,20100724 21:00:00,-0.22,0.02,-0.27,-0.07,0.018264648,0.03865
4918,20100724 22:00:00,-0.14,0.07,-0.18,-0.21,-0.088610655,-0.03145
4919,20100724 23:00:00,-0.04,0.13,-0.07,-0.33,-0.213967035,-0.14157
4920,20100725 00:00:00,0.06,0.18,0.03,-0.43,-0.333804258,-0.25174
4921,20100725 01:00:00,0.18,0.24,0.12,-0.5,-0.414876063,-0.34213
4922,20100725 02:00:00,0.3,0.29,0.21,-0.51,-0.434134867,-0.39237
4923,20100725 03:00:00,0.43,0.34,0.3,-0.48,-0.387400029,-0.39269
4924,20100725 04:00:00,0.53,0.38,0.39,-0.4,-0.28500827,-0.33295
4925,20100725 05:00:00,0.59,0.4,0.45,-0.29,-0.152183125,-0.24319
4926,20100725 06:00:00,0.62,0.4,0.48,-0.15,-0.026145646,-0.14344
4927,20100725 07:00:00,0.6,0.38,0.5,-0.02,0.067366805,-0.0337
4928,20100725 08:00:00,0.55,0.35,0.48,0.11,0.130029488,0.05607
4929,20100725 09:00:00,0.46,0.3,0.43,0.21,0.176381974,0.12582
4930,20100725 10:00:00,0.34,0.23,0.34,0.29,0.210499497,0.15555
4931,20100725 11:00:00,0.21,0.16,0.22,0.33,0.224636252,0.16524
4932,20100725 12:00:00,0.08,0.08,0.09,0.35,0.214650862,0.15491
4933,20100725 13:00:00,-0.03,0.01,-0.05,0.36,0.187717865,0.14461
4934,20100725 14:00:00,-0.13,-0.05,-0.17,0.36,0.155992857,0.12435
4935,20100725 15:00:00,-0.22,-0.09,-0.26,0.35,0.131223804,0.10399
4936,20100725 16:00:00,-0.28,-0.11,-0.33,0.34,0.124711751,0.09364
4937,20100725 17:00:00,-0.33,-0.12,-0.38,0.32,0.140240099,0.0933
4938,20100725 18:00:00,-0.35,-0.11,-0.4,0.27,0.162610769,0.10292
4939,20100725 19:00:00,-0.34,-0.09,-0.4,0.21,0.165982792,0.10258
4940,20100725 20:00:00,-0.31,-0.05,-0.36,0.12,0.135344585,0.09216
4941,20100725 21:00:00,-0.25,0,-0.3,0.01,0.072151596,0.07175
4942,20100725 22:00:00,-0.17,0.04,-0.22,-0.11,-0.017292066,0.01136
4943,20100725 23:00:00,-0.09,0.09,-0.13,-0.24,-0.127992557,-0.06905
4944,20100726 00:00:00,0.01,0.14,-0.03,-0.35,-0.248644819,-0.17948
4945,20100726 01:00:00,0.11,0.2,0.06,-0.44,-0.354546671,-0.28001
4946,20100726 02:00:00,0.22,0.25,0.15,-0.47,-0.415570057,-0.3505
4947,20100726 03:00:00,0.34,0.3,0.23,-0.47,-0.412561987,-0.38078
4948,20100726 04:00:00,0.45,0.35,0.32,-0.42,-0.344895752,-0.37123
4949,20100726 05:00:00,0.54,0.38,0.39,-0.33,-0.229357584,-0.30166
4950,20100726 06:00:00,0.58,0.39,0.44,-0.21,-0.098138597,-0.20209
4951,20100726 07:00:00,0.59,0.38,0.47,-0.08,0.012972132,-0.10252
4952,20100726 08:00:00,0.56,0.36,0.47,0.05,0.087546939,-0.00295
4953,20100726 09:00:00,0.49,0.33,0.45,0.16,0.134793537,0.06662
4954,20100726 10:00:00,0.4,0.27,0.38,0.24,0.169086666,0.11615
4955,20100726 11:00:00,0.28,0.2,0.29,0.29,0.192816368,0.13588
4956,20100726 12:00:00,0.16,0.13,0.17,0.32,0.198789537,0.13534
4957,20100726 13:00:00,0.05,0.06,0.04,0.34,0.183617327,0.12476
4958,20100726 14:00:00,-0.06,-0.01,-0.08,0.34,0.154071719,0.11424
4959,20100726 15:00:00,-0.14,-0.05,-0.19,0.33,0.124317241,0.09383
4960,20100726 16:00:00,-0.21,-0.08,-0.26,0.32,0.108693181,0.07342
4961,20100726 17:00:00,-0.26,-0.09,-0.31,0.31,0.115356593,0.073
4962,20100726 18:00:00,-0.3,-0.09,-0.34,0.28,0.138152984,0.08255
4963,20100726 19:00:00,-0.31,-0.08,-0.36,0.23,0.155944769,0.09211
4964,20100726 20:00:00,-0.29,-0.05,-0.34,0.16,0.147506272,0.09161
4965,20100726 21:00:00,-0.25,-0.01,-0.3,0.07,0.106033872,0.08115
4966,20100726 22:00:00,-0.18,0.03,-0.24,-0.03,0.036251254,0.0407
4967,20100726 23:00:00,-0.1,0.07,-0.16,-0.15,-0.05553401,-0.01968
4968,20100727 00:00:00,-0.03,0.12,-0.07,-0.26,-0.162861438,-0.11002
4969,20100727 01:00:00,0.06,0.16,0.01,-0.36,-0.272392047,-0.21036
4970,20100727 02:00:00,0.16,0.21,0.09,-0.41,-0.3597311,-0.29068
4971,20100727 03:00:00,0.26,0.26,0.17,-0.43,-0.397525165,-0.35109
4972,20100727 04:00:00,0.37,0.31,0.25,-0.4,-0.370519929,-0.36143
4973,20100727 05:00:00,0.46,0.35,0.33,-0.33,-0.284184705,-0.33182
4974,20100727 06:00:00,0.51,0.37,0.39,-0.24,-0.16314973,-0.2522
4975,20100727 07:00:00,0.53,0.37,0.42,-0.13,-0.043033827,-0.15262
4976,20100727 08:00:00,0.52,0.35,0.43,-0.01,0.047193761,-0.06301
4977,20100727 09:00:00,0.49,0.33,0.42,0.1,0.1023235,0.01645
4978,20100727 10:00:00,0.42,0.29,0.39,0.19,0.136140558,0.07611
4979,20100727 11:00:00,0.32,0.23,0.32,0.25,0.160104268,0.1157
4980,20100727 12:00:00,0.21,0.17,0.22,0.28,0.173225983,0.11528
4981,20100727 13:00:00,0.11,0.1,0.11,0.3,0.168429451,0.11487
4982,20100727 14:00:00,0.01,0.04,-0.01,0.3,0.144085831,0.09449
4983,20100727 15:00:00,-0.07,-0.01,-0.11,0.3,0.110724261,0.0741
4984,20100727 16:00:00,-0.14,-0.04,-0.19,0.29,0.086399111,0.05385
4985,20100727 17:00:00,-0.19,-0.05,-0.24,0.28,0.083783911,0.0435
4986,20100727 18:00:00,-0.22,-0.06,-0.28,0.25,0.101931823,0.05304
4987,20100727 19:00:00,-0.25,-0.05,-0.3,0.22,0.125921416,0.06264
4988,20100727 20:00:00,-0.24,-0.04,-0.3,0.17,0.135311317,0.07235
4989,20100727 21:00:00,-0.21,-0.01,-0.27,0.1,0.117425826,0.07207
4990,20100727 22:00:00,-0.16,0.03,-0.22,0.02,0.071302865,0.05169
4991,20100727 23:00:00,-0.1,0.06,-0.16,-0.08,0.001764216,0.01124
4992,20100728 00:00:00,-0.03,0.1,-0.09,-0.18,-0.085949859,-0.04903
4993,20100728 01:00:00,0.04,0.14,-0.02,-0.27,-0.183988012,-0.13927
4994,20100728 02:00:00,0.11,0.18,0.05,-0.34,-0.277445779,-0.21942
4995,20100728 03:00:00,0.2,0.22,0.12,-0.37,-0.342580334,-0.28969
4996,20100728 04:00:00,0.29,0.26,0.19,-0.36,-0.355124726,-0.32997
4997,20100728 05:00:00,0.37,0.3,0.25,-0.31,-0.305639307,-0.33012
4998,20100728 06:00:00,0.43,0.33,0.31,-0.24,-0.207882738,-0.27031
4999,20100728 07:00:00,0.46,0.34,0.35,-0.15,-0.092535109,-0.19049
5000,20100728 08:00:00,0.46,0.33,0.37,-0.05,0.007460693,-0.10075
5001,20100728 09:00:00,0.44,0.31,0.37,0.05,0.074381908,-0.02101
5002,20100728 10:00:00,0.39,0.28,0.35,0.14,0.112734528,0.03863
5003,20100728 11:00:00,0.32,0.24,0.31,0.2,0.136039293,0.08833
5004,20100728 12:00:00,0.23,0.19,0.24,0.24,0.14958568,0.0979
5005,20100728 13:00:00,0.14,0.13,0.15,0.25,0.149004242,0.09767
5006,20100728 14:00:00,0.06,0.08,0.05,0.26,0.129650463,0.07741
5007,20100728 15:00:00,-0.02,0.03,-0.05,0.25,0.095291616,0.05721
5008,20100728 16:00:00,-0.07,0,-0.12,0.24,0.062091867,0.03701
5009,20100728 17:00:00,-0.11,-0.01,-0.17,0.23,0.047738822,0.01693
5010,20100728 18:00:00,-0.15,-0.02,-0.2,0.21,0.057587844,0.01693
5011,20100728 19:00:00,-0.17,-0.02,-0.22,0.18,0.081609379,0.02693
5012,20100728 20:00:00,-0.17,-0.01,-0.23,0.14,0.10230823,0.03691
5013,20100728 21:00:00,-0.15,0.01,-0.22,0.1,0.105000942,0.04681
5014,20100728 22:00:00,-0.11,0.04,-0.18,0.04,0.084084293,0.03673
5015,20100728 23:00:00,-0.06,0.07,-0.14,-0.03,0.040962425,0.02664
5016,20100729 00:00:00,-0.01,0.1,-0.08,-0.11,-0.021933438,-0.01341
5017,20100729 01:00:00,0.04,0.13,-0.02,-0.19,-0.100011191,-0.07341
5018,20100729 02:00:00,0.1,0.16,0.03,-0.26,-0.184009957,-0.15343
5019,20100729 03:00:00,0.16,0.19,0.08,-0.3,-0.257798787,-0.22344
5020,20100729 04:00:00,0.22,0.22,0.14,-0.3,-0.298612986,-0.2734
5021,20100729 05:00:00,0.29,0.25,0.19,-0.28,-0.286754527,-0.28336
5022,20100729 06:00:00,0.34,0.28,0.24,-0.22,-0.221539529,-0.26332
5023,20100729 07:00:00,0.36,0.29,0.27,-0.15,-0.124195463,-0.20335
5024,20100729 08:00:00,0.37,0.29,0.29,-0.07,-0.026071045,-0.12355
5025,20100729 09:00:00,0.36,0.28,0.3,0.02,0.048625469,-0.05369
5026,20100729 10:00:00,0.33,0.26,0.29,0.09,0.094386127,0.00619
5027,20100729 11:00:00,0.29,0.23,0.26,0.15,0.120497768,0.05618
5028,20100729 12:00:00,0.22,0.19,0.22,0.19,0.134941393,0.08616
5029,20100729 13:00:00,0.15,0.14,0.15,0.21,0.135809236,0.08616
5030,20100729 14:00:00,0.08,0.1,0.07,0.21,0.118233823,0.07611
5031,20100729 15:00:00,0.02,0.06,0,0.2,0.083185062,0.04606
5032,20100729 16:00:00,-0.02,0.04,-0.06,0.18,0.042343384,0.01607
5033,20100729 17:00:00,-0.05,0.02,-0.11,0.16,0.014095262,-0.0039
5034,20100729 18:00:00,-0.07,0.02,-0.14,0.14,0.01068122,-0.02392
5035,20100729 19:00:00,-0.08,0.02,-0.15,0.12,0.028676891,-0.01389
5036,20100729 20:00:00,-0.08,0.03,-0.16,0.1,0.053833279,-0.00386
5037,20100729 21:00:00,-0.07,0.04,-0.15,0.07,0.071618099,0.00622
5038,20100729 22:00:00,-0.04,0.06,-0.12,0.03,0.073467024,0.0163
5039,20100729 23:00:00,0,0.09,-0.08,-0.01,0.05694587,0.01641
5040,20100730 00:00:00,0.04,0.11,-0.04,-0.07,0.02231936,-0.00351
5041,20100730 01:00:00,0.07,0.13,0,-0.13,-0.029652364,-0.03332
5042,20100730 02:00:00,0.11,0.15,0.04,-0.19,-0.094579604,-0.08311
5043,20100730 03:00:00,0.14,0.17,0.07,-0.23,-0.161751145,-0.14285
5044,20100730 04:00:00,0.18,0.19,0.1,-0.24,-0.214023387,-0.19275
5045,20100730 05:00:00,0.22,0.21,0.14,-0.22,-0.230858183,-0.22257
5046,20100730 06:00:00,0.25,0.23,0.17,-0.19,-0.200165075,-0.22238
5047,20100730 07:00:00,0.27,0.24,0.2,-0.13,-0.130201097,-0.18222
5048,20100730 08:00:00,0.27,0.24,0.21,-0.07,-0.045564388,-0.1321
5049,20100730 09:00:00,0.26,0.23,0.21,0,0.028419359,-0.06194
5050,20100730 10:00:00,0.24,0.22,0.21,0.07,0.078816842,-0.01177
5051,20100730 11:00:00,0.22,0.2,0.19,0.12,0.108076344,0.03843
5052,20100730 12:00:00,0.18,0.17,0.16,0.15,0.124059792,0.07859
5053,20100730 13:00:00,0.13,0.14,0.12,0.16,0.127244324,0.08877
5054,20100730 14:00:00,0.08,0.11,0.07,0.16,0.111751157,0.06895
5055,20100730 15:00:00,0.04,0.08,0.01,0.14,0.07644071,0.04911
5056,20100730 16:00:00,0.01,0.06,-0.03,0.12,0.030107737,0.00914
5057,20100730 17:00:00,-0.01,0.06,-0.06,0.1,-0.011112571,-0.0207
5058,20100730 18:00:00,-0.01,0.06,-0.08,0.07,-0.031378291,-0.05049
5059,20100730 19:00:00,-0.01,0.06,-0.08,0.05,-0.025935862,-0.0602
5060,20100730 20:00:00,0,0.07,-0.08,0.03,-0.00307828,-0.0499
5061,20100730 21:00:00,0.02,0.08,-0.07,0.01,0.023980025,-0.03962
5062,20100730 22:00:00,0.05,0.1,-0.05,0,0.044422601,-0.01935
5063,20100730 23:00:00,0.08,0.12,-0.02,-0.02,0.052237694,-0.00911
5064,20100731 00:00:00,0.11,0.13,0.02,-0.05,0.045185261,0.00104
5065,20100731 01:00:00,0.13,0.14,0.05,-0.09,0.022087937,-0.0087
5066,20100731 02:00:00,0.15,0.15,0.07,-0.12,-0.017108158,-0.02846
5067,20100731 03:00:00,0.16,0.16,0.09,-0.15,-0.067462958,-0.06823
5068,20100731 04:00:00,0.17,0.17,0.1,-0.17,-0.116731521,-0.10802
5069,20100731 05:00:00,0.18,0.18,0.11,-0.16,-0.14769337,-0.14786
5070,20100731 06:00:00,0.18,0.19,0.12,-0.14,-0.144832392,-0.15769
5071,20100731 07:00:00,0.18,0.19,0.13,-0.1,-0.105134174,-0.14752
5072,20100731 08:00:00,0.17,0.19,0.13,-0.05,-0.0425994,-0.10732
5073,20100731 09:00:00,0.16,0.18,0.12,0,0.021241075,-0.0571
5074,20100731 10:00:00,0.14,0.17,0.11,0.05,0.070533739,-0.01689
5075,20100731 11:00:00,0.13,0.16,0.1,0.09,0.100943773,0.02336
5076,20100731 12:00:00,0.1,0.14,0.08,0.12,0.117003199,0.06357
5077,20100731 13:00:00,0.08,0.12,0.06,0.13,0.121734476,0.07379
5078,20100731 14:00:00,0.05,0.1,0.03,0.12,0.11020923,0.07409
5079,20100731 15:00:00,0.03,0.09,0,0.1,0.077235671,0.04436
5080,20100731 16:00:00,0.02,0.08,-0.02,0.07,0.027598306,0.01468
5081,20100731 17:00:00,0.02,0.08,-0.04,0.03,-0.02439358,-0.02501
5082,20100731 18:00:00,0.03,0.09,-0.04,0,-0.06253429,-0.06469
5083,20100731 19:00:00,0.04,0.1,-0.03,-0.02,-0.076024363,-0.09423
5084,20100731 20:00:00,0.07,0.11,-0.02,-0.05,-0.064345819,-0.10377
5085,20100731 21:00:00,0.1,0.12,0,-0.06,-0.036230817,-0.09336
5086,20100731 22:00:00,0.14,0.14,0.03,-0.06,-0.002408167,-0.07296
5087,20100731 23:00:00,0.17,0.15,0.06,-0.06,0.027412537,-0.04257
5088,20100801 00:00:00,0.2,0.17,0.09,-0.07,0.046422097,-0.02227
5089,20100801 01:00:00,0.21,0.17,0.11,-0.07,0.051467432,-0.00195
5090,20100801 02:00:00,0.21,0.18,0.12,-0.08,0.040792105,-0.00164
5091,20100801 03:00:00,0.2,0.18,0.13,-0.09,0.014434586,-0.0113
5092,20100801 04:00:00,0.19,0.17,0.12,-0.1,-0.021279459,-0.04098
5093,20100801 05:00:00,0.17,0.17,0.11,-0.1,-0.053084219,-0.06062
5094,20100801 06:00:00,0.14,0.16,0.1,-0.08,-0.066130222,-0.08026
5095,20100801 07:00:00,0.11,0.15,0.08,-0.05,-0.051742825,-0.07992
5096,20100801 08:00:00,0.09,0.14,0.06,-0.01,-0.013972854,-0.06955
5097,20100801 09:00:00,0.06,0.13,0.04,0.03,0.033207587,-0.03916
5098,20100801 10:00:00,0.04,0.12,0.02,0.06,0.075407604,0.00119
5099,20100801 11:00:00,0.02,0.11,0.01,0.09,0.104514452,0.0315
5100,20100801 12:00:00,0.01,0.1,-0.01,0.1,0.119390065,0.05184
5101,20100801 13:00:00,0.01,0.09,-0.02,0.11,0.122653474,0.07218
5102,20100801 14:00:00,0,0.08,-0.03,0.09,0.113582913,0.07249
5103,20100801 15:00:00,0,0.08,-0.04,0.06,0.085823744,0.05291
5104,20100801 16:00:00,0.01,0.08,-0.04,0.02,0.037459487,0.02325
5105,20100801 17:00:00,0.02,0.09,-0.04,-0.02,-0.022170243,-0.02646
5106,20100801 18:00:00,0.05,0.1,-0.02,-0.06,-0.077335037,-0.0661
5107,20100801 19:00:00,0.08,0.12,0.01,-0.1,-0.113470062,-0.10571
5108,20100801 20:00:00,0.12,0.14,0.03,-0.12,-0.122277476,-0.13532
5109,20100801 21:00:00,0.17,0.16,0.06,-0.14,-0.104043014,-0.14493
5110,20100801 22:00:00,0.21,0.18,0.09,-0.13,-0.065807713,-0.12458
5111,20100801 23:00:00,0.26,0.2,0.13,-0.12,-0.018440934,-0.09431
5112,20100802 00:00:00,0.29,0.21,0.16,-0.1,0.025999907,-0.05401
5113,20100802 01:00:00,0.3,0.21,0.18,-0.08,0.058501405,-0.02367
5114,20100802 02:00:00,0.29,0.21,0.19,-0.07,0.07570825,0.0067
5115,20100802 03:00:00,0.27,0.2,0.19,-0.05,0.076294801,0.0271
5116,20100802 04:00:00,0.23,0.19,0.17,-0.04,0.06144201,0.01744
5117,20100802 05:00:00,0.18,0.17,0.14,-0.03,0.038544999,0.00781
5118,20100802 06:00:00,0.13,0.15,0.11,-0.01,0.020419964,-0.00185
5119,20100802 07:00:00,0.08,0.13,0.06,0.01,0.017900806,-0.01148
5120,20100802 08:00:00,0.03,0.11,0.02,0.04,0.033709184,-0.01107
5121,20100802 09:00:00,-0.01,0.09,-0.02,0.07,0.06182764,-0.00074
5122,20100802 10:00:00,-0.05,0.07,-0.05,0.09,0.092352441,0.01957
5123,20100802 11:00:00,-0.08,0.05,-0.08,0.1,0.117201554,0.04996
5124,20100802 12:00:00,-0.09,0.05,-0.1,0.11,0.131253395,0.0603
5125,20100802 13:00:00,-0.08,0.04,-0.11,0.1,0.132495448,0.08068
5126,20100802 14:00:00,-0.07,0.05,-0.12,0.08,0.121913407,0.08103
5127,20100802 15:00:00,-0.05,0.05,-0.11,0.05,0.097896626,0.06139
5128,20100802 16:00:00,-0.03,0.07,-0.09,-0.01,0.055348367,0.03176
5129,20100802 17:00:00,0.01,0.09,-0.06,-0.07,-0.005399125,-0.00787
5130,20100802 18:00:00,0.05,0.11,-0.02,-0.12,-0.073422533,-0.05746
5131,20100802 19:00:00,0.1,0.14,0.02,-0.16,-0.132736272,-0.11705
5132,20100802 20:00:00,0.15,0.17,0.06,-0.2,-0.16869442,-0.15659
5133,20100802 21:00:00,0.21,0.19,0.11,-0.22,-0.172105126,-0.18615
5134,20100802 22:00:00,0.27,0.22,0.15,-0.22,-0.14245101,-0.18571
5135,20100802 23:00:00,0.33,0.24,0.2,-0.2,-0.087489654,-0.15533
5136,20100803 00:00:00,0.37,0.25,0.23,-0.17,-0.021200769,-0.11498
5137,20100803 01:00:00,0.39,0.25,0.26,-0.12,0.040384339,-0.05463
5138,20100803 02:00:00,0.39,0.25,0.27,-0.08,0.086427715,-0.00436
5139,20100803 03:00:00,0.36,0.24,0.26,-0.03,0.114118471,0.03596
5140,20100803 04:00:00,0.31,0.22,0.24,0,0.123779446,0.06624
5141,20100803 05:00:00,0.24,0.19,0.2,0.02,0.117875832,0.06652
5142,20100803 06:00:00,0.16,0.16,0.15,0.05,0.104081038,0.06681
5143,20100803 07:00:00,0.08,0.12,0.08,0.08,0.092936789,0.05719
5144,20100803 08:00:00,0,0.09,0.01,0.11,0.092063154,0.04751
5145,20100803 09:00:00,-0.06,0.05,-0.06,0.13,0.102532259,0.04783
5146,20100803 10:00:00,-0.12,0.03,-0.11,0.14,0.119779881,0.05818
5147,20100803 11:00:00,-0.16,0.01,-0.15,0.14,0.13783409,0.06848
5148,20100803 12:00:00,-0.18,-0.01,-0.19,0.14,0.15098957,0.08881
5149,20100803 13:00:00,-0.18,-0.01,-0.21,0.12,0.153444884,0.08916
5150,20100803 14:00:00,-0.16,0,-0.21,0.1,0.142118571,0.08943
5151,20100803 15:00:00,-0.13,0.02,-0.19,0.05,0.118076188,0.07968
5152,20100803 16:00:00,-0.09,0.04,-0.16,-0.01,0.080393921,0.05997
5153,20100803 17:00:00,-0.04,0.07,-0.12,-0.09,0.024642116,0.02026
5154,20100803 18:00:00,0.02,0.11,-0.06,-0.16,-0.048343981,-0.03943
5155,20100803 19:00:00,0.08,0.14,0,-0.22,-0.127072398,-0.09913
5156,20100803 20:00:00,0.15,0.18,0.07,-0.26,-0.193354769,-0.15872
5157,20100803 21:00:00,0.23,0.21,0.13,-0.29,-0.229009068,-0.21833
5158,20100803 22:00:00,0.31,0.25,0.19,-0.3,-0.223259282,-0.23787
5159,20100803 23:00:00,0.38,0.28,0.25,-0.28,-0.17669437,-0.22739
5160,20100804 00:00:00,0.44,0.29,0.3,-0.24,-0.100095084,-0.17701
5161,20100804 01:00:00,0.47,0.3,0.33,-0.19,-0.011865844,-0.11672
5162,20100804 02:00:00,0.48,0.3,0.35,-0.12,0.067436452,-0.04644
5163,20100804 03:00:00,0.47,0.29,0.35,-0.04,0.125539795,0.02389
5164,20100804 04:00:00,0.42,0.27,0.33,0.02,0.161263365,0.07416
5165,20100804 05:00:00,0.34,0.24,0.29,0.07,0.177340732,0.11442
5166,20100804 06:00:00,0.23,0.19,0.22,0.1,0.177017834,0.12478
5167,20100804 07:00:00,0.12,0.14,0.14,0.14,0.166543301,0.12521
5168,20100804 08:00:00,0.02,0.09,0.04,0.17,0.15492256,0.11565
5169,20100804 09:00:00,-0.07,0.04,-0.06,0.2,0.149880591,0.10613
5170,20100804 10:00:00,-0.15,0,-0.14,0.2,0.153900498,0.09659
5171,20100804 11:00:00,-0.21,-0.03,-0.2,0.2,0.163856388,0.10698
5172,20100804 12:00:00,-0.26,-0.05,-0.25,0.19,0.174559195,0.11732
5173,20100804 13:00:00,-0.27,-0.06,-0.29,0.17,0.180147658,0.11772
5174,20100804 14:00:00,-0.26,-0.05,-0.3,0.14,0.173880415,0.11817
5175,20100804 15:00:00,-0.23,-0.03,-0.29,0.09,0.152370843,0.10853
5176,20100804 16:00:00,-0.18,0,-0.26,0.02,0.117164179,0.0889
5177,20100804 17:00:00,-0.12,0.04,-0.2,-0.07,0.067451554,0.04937
5178,20100804 18:00:00,-0.05,0.09,-0.13,-0.17,-0.001687205,-0.0002
5179,20100804 19:00:00,0.03,0.13,-0.04,-0.25,-0.089381724,-0.05971
5180,20100804 20:00:00,0.11,0.18,0.04,-0.31,-0.181611428,-0.13914
5181,20100804 21:00:00,0.21,0.22,0.12,-0.36,-0.254969538,-0.20857
5182,20100804 22:00:00,0.3,0.26,0.2,-0.38,-0.287208494,-0.26806
5183,20100804 23:00:00,0.4,0.3,0.27,-0.37,-0.267835598,-0.27764
5184,20100805 00:00:00,0.47,0.33,0.34,-0.34,-0.200320645,-0.25722
5185,20100805 01:00:00,0.53,0.35,0.39,-0.27,-0.099183902,-0.18684
5186,20100805 02:00:00,0.56,0.35,0.42,-0.19,0.012004094,-0.10649
5187,20100805 03:00:00,0.57,0.35,0.43,-0.09,0.107941441,-0.01606
5188,20100805 04:00:00,0.54,0.33,0.42,0.01,0.175423501,0.0643
5189,20100805 05:00:00,0.46,0.3,0.39,0.08,0.216240906,0.13468
5190,20100805 06:00:00,0.35,0.25,0.33,0.14,0.23551168,0.17497
5191,20100805 07:00:00,0.22,0.18,0.24,0.19,0.235827919,0.18542
5192,20100805 08:00:00,0.09,0.12,0.12,0.23,0.22220788,0.17586
5193,20100805 09:00:00,-0.03,0.05,0,0.26,0.204870424,0.15628
5194,20100805 10:00:00,-0.13,-0.01,-0.12,0.28,0.194606857,0.14669
5195,20100805 11:00:00,-0.22,-0.05,-0.22,0.27,0.194842983,0.13715
5196,20100805 12:00:00,-0.29,-0.09,-0.29,0.26,0.201361478,0.14765
5197,20100805 13:00:00,-0.33,-0.11,-0.35,0.24,0.208555179,0.14808
5198,20100805 14:00:00,-0.35,-0.11,-0.38,0.2,0.210407111,0.14853
5199,20100805 15:00:00,-0.33,-0.09,-0.39,0.15,0.199242165,0.139
5200,20100805 16:00:00,-0.29,-0.05,-0.36,0.08,0.170515058,0.12949
5201,20100805 17:00:00,-0.23,0,-0.3,-0.02,0.125191579,0.09993
5202,20100805 18:00:00,-0.15,0.05,-0.22,-0.13,0.061789425,0.06038
5203,20100805 19:00:00,-0.07,0.1,-0.13,-0.24,-0.024284789,0.00081
5204,20100805 20:00:00,0.03,0.16,-0.03,-0.33,-0.130213735,-0.08881
5205,20100805 21:00:00,0.13,0.21,0.07,-0.4,-0.236933754,-0.17822
5206,20100805 22:00:00,0.25,0.26,0.16,-0.44,-0.315032715,-0.25767
5207,20100805 23:00:00,0.36,0.31,0.26,-0.46,-0.340180768,-0.31718
5208,20100806 00:00:00,0.46,0.35,0.34,-0.43,-0.304105349,-0.31669
5209,20100806 01:00:00,0.55,0.38,0.42,-0.38,-0.213671752,-0.27623
5210,20100806 02:00:00,0.61,0.4,0.47,-0.29,-0.087075779,-0.18572
5211,20100806 03:00:00,0.65,0.41,0.49,-0.18,0.04593331,-0.08533
5212,20100806 04:00:00,0.65,0.4,0.51,-0.05,0.154993207,0.01503
5213,20100806 05:00:00,0.6,0.37,0.49,0.06,0.227847145,0.11542
5214,20100806 06:00:00,0.5,0.32,0.45,0.15,0.270346899,0.18583
5215,20100806 07:00:00,0.37,0.26,0.36,0.22,0.289137558,0.22617
5216,20100806 08:00:00,0.22,0.18,0.25,0.27,0.285407612,0.23649
5217,20100806 09:00:00,0.08,0.1,0.11,0.32,0.264652352,0.21683
5218,20100806 10:00:00,-0.06,0.02,-0.04,0.34,0.24115683,0.18719
5219,20100806 11:00:00,-0.17,-0.05,-0.17,0.35,0.228141481,0.17751
5220,20100806 12:00:00,-0.27,-0.1,-0.28,0.34,0.227235811,0.1778
5221,20100806 13:00:00,-0.34,-0.13,-0.36,0.32,0.232705021,0.17809
5222,20100806 14:00:00,-0.39,-0.15,-0.42,0.29,0.239899542,0.17832
5223,20100806 15:00:00,-0.4,-0.14,-0.46,0.23,0.242831435,0.17855
5224,20100806 16:00:00,-0.39,-0.11,-0.46,0.16,0.230628888,0.16876
5225,20100806 17:00:00,-0.34,-0.06,-0.41,0.07,0.195686313,0.15897
5226,20100806 18:00:00,-0.27,-0.01,-0.34,-0.05,0.138366645,0.11918
5227,20100806 19:00:00,-0.19,0.05,-0.24,-0.18,0.058406795,0.06945
5228,20100806 20:00:00,-0.1,0.11,-0.14,-0.3,-0.047287039,-0.01038
5229,20100806 21:00:00,0.02,0.17,-0.02,-0.4,-0.172292044,-0.11015
5230,20100806 22:00:00,0.14,0.23,0.09,-0.48,-0.291522942,-0.2199
5231,20100806 23:00:00,0.27,0.29,0.19,-0.52,-0.371006785,-0.3096
5232,20100807 00:00:00,0.39,0.35,0.3,-0.52,-0.386630382,-0.34926
5233,20100807 01:00:00,0.51,0.4,0.4,-0.48,-0.333022649,-0.34902
5234,20100807 02:00:00,0.61,0.43,0.47,-0.4,-0.21938504,-0.28881
5235,20100807 03:00:00,0.68,0.45,0.53,-0.29,-0.068395892,-0.18853
5236,20100807 04:00:00,0.72,0.45,0.56,-0.16,0.082610649,-0.06826
5237,20100807 05:00:00,0.72,0.44,0.58,-0.01,0.199160513,0.05198
5238,20100807 06:00:00,0.65,0.4,0.56,0.11,0.272405543,0.16224
5239,20100807 07:00:00,0.54,0.34,0.5,0.21,0.313127487,0.23246
5240,20100807 08:00:00,0.39,0.26,0.4,0.28,0.328089958,0.27267
5241,20100807 09:00:00,0.24,0.18,0.26,0.34,0.317444526,0.26285
5242,20100807 10:00:00,0.08,0.08,0.1,0.38,0.289419403,0.23304
5243,20100807 11:00:00,-0.06,-0.01,-0.06,0.4,0.262203988,0.21328
5244,20100807 12:00:00,-0.18,-0.08,-0.21,0.41,0.248626013,0.19342
5245,20100807 13:00:00,-0.29,-0.13,-0.33,0.39,0.24789515,0.19355
5246,20100807 14:00:00,-0.37,-0.16,-0.42,0.37,0.255122566,0.20373
5247,20100807 15:00:00,-0.42,-0.17,-0.48,0.33,0.267987466,0.2039
5248,20100807 16:00:00,-0.44,-0.16,-0.51,0.26,0.277529136,0.20401
5249,20100807 17:00:00,-0.42,-0.12,-0.5,0.18,0.266049894,0.20415
5250,20100807 18:00:00,-0.38,-0.07,-0.44,0.07,0.222812027,0.18421
5251,20100807 19:00:00,-0.31,-0.01,-0.36,-0.06,0.150598392,0.14441
5252,20100807 20:00:00,-0.23,0.06,-0.26,-0.21,0.052655227,0.08446
5253,20100807 21:00:00,-0.12,0.12,-0.14,-0.35,-0.071707614,-0.0155
5254,20100807 22:00:00,0,0.18,-0.02,-0.46,-0.212461257,-0.13549
5255,20100807 23:00:00,0.14,0.25,0.1,-0.53,-0.339921852,-0.25537
5256,20100808 00:00:00,0.27,0.31,0.21,-0.57,-0.417607125,-0.34523
5257,20100808 01:00:00,0.41,0.37,0.32,-0.56,-0.422577812,-0.38506
5258,20100808 02:00:00,0.54,0.42,0.42,-0.51,-0.351084161,-0.36487
5259,20100808 03:00:00,0.66,0.46,0.51,-0.41,-0.214701912,-0.28465
5260,20100808 04:00:00,0.73,0.48,0.57,-0.28,-0.043080036,-0.17455
5261,20100808 05:00:00,0.77,0.49,0.61,-0.13,0.118338571,-0.03438
5262,20100808 06:00:00,0.76,0.47,0.62,0.02,0.234439302,0.09574
5263,20100808 07:00:00,0.69,0.42,0.6,0.15,0.302861011,0.19577
5264,20100808 08:00:00,0.57,0.36,0.54,0.26,0.338625381,0.26582
5265,20100808 09:00:00,0.42,0.27,0.42,0.33,0.347757614,0.28589
5266,20100808 10:00:00,0.25,0.17,0.27,0.38,0.330178215,0.27601
5267,20100808 11:00:00,0.09,0.07,0.1,0.42,0.296875278,0.2362
5268,20100808 12:00:00,-0.05,-0.02,-0.07,0.43,0.267268318,0.21637
5269,20100808 13:00:00,-0.18,-0.09,-0.23,0.44,0.252893065,0.20652
5270,20100808 14:00:00,-0.29,-0.14,-0.35,0.43,0.253664318,0.19669
5271,20100808 15:00:00,-0.37,-0.17,-0.43,0.4,0.268350385,0.20687
5272,20100808 16:00:00,-0.43,-0.17,-0.49,0.35,0.293768886,0.21707
5273,20100808 17:00:00,-0.45,-0.15,-0.52,0.29,0.312655079,0.22725
5274,20100808 18:00:00,-0.43,-0.12,-0.5,0.19,0.300039996,0.23744
5275,20100808 19:00:00,-0.39,-0.06,-0.44,0.07,0.246482169,0.21767
5276,20100808 20:00:00,-0.32,0,-0.35,-0.07,0.160642699,0.1679
5277,20100808 21:00:00,-0.24,0.06,-0.25,-0.22,0.048897667,0.08816
5278,20100808 22:00:00,-0.13,0.12,-0.13,-0.37,-0.08837143,-0.0215
5279,20100808 23:00:00,0,0.19,-0.01,-0.48,-0.238644761,-0.15112
5280,20100809 00:00:00,0.13,0.25,0.1,-0.56,-0.368933369,-0.27077
5281,20100809 01:00:00,0.27,0.31,0.21,-0.59,-0.441515404,-0.36039
5282,20100809 02:00:00,0.42,0.38,0.32,-0.57,-0.434137832,-0.3901
5283,20100809 03:00:00,0.56,0.43,0.43,-0.5,-0.344534055,-0.35984
5284,20100809 04:00:00,0.67,0.47,0.52,-0.39,-0.188505394,-0.27957
5285,20100809 05:00:00,0.75,0.49,0.58,-0.25,-0.004481733,-0.13928
5286,20100809 06:00:00,0.77,0.49,0.62,-0.1,0.15650575,0.00099
5287,20100809 07:00:00,0.76,0.47,0.64,0.06,0.26354699,0.13127
5288,20100809 08:00:00,0.69,0.43,0.61,0.19,0.322556683,0.2315
5289,20100809 09:00:00,0.57,0.36,0.54,0.28,0.351396792,0.28172
5290,20100809 10:00:00,0.42,0.27,0.43,0.34,0.354035562,0.29195
5291,20100809 11:00:00,0.26,0.17,0.28,0.38,0.329785576,0.2722
5292,20100809 12:00:00,0.11,0.07,0.1,0.41,0.2906991,0.23251
5293,20100809 13:00:00,-0.03,-0.02,-0.07,0.43,0.256869556,0.2128
5294,20100809 14:00:00,-0.16,-0.08,-0.22,0.43,0.241401798,0.19319
5295,20100809 15:00:00,-0.26,-0.12,-0.33,0.42,0.248132515,0.19358
5296,20100809 16:00:00,-0.33,-0.15,-0.4,0.4,0.277291017,0.20403
5297,20100809 17:00:00,-0.39,-0.15,-0.46,0.36,0.319248212,0.2346
5298,20100809 18:00:00,-0.41,-0.13,-0.48,0.29,0.345861742,0.25513
5299,20100809 19:00:00,-0.4,-0.09,-0.45,0.2,0.329454026,0.25571
5300,20100809 20:00:00,-0.36,-0.04,-0.39,0.08,0.267139513,0.23627
5301,20100809 21:00:00,-0.29,0.01,-0.31,-0.06,0.173760232,0.18675
5302,20100809 22:00:00,-0.2,0.07,-0.22,-0.22,0.056345711,0.1072
5303,20100809 23:00:00,-0.11,0.13,-0.11,-0.36,-0.085895942,-0.01242
5304,20100810 00:00:00,0.01,0.18,0,-0.48,-0.238758798,-0.15209
5305,20100810 01:00:00,0.13,0.24,0.1,-0.55,-0.366574321,-0.27165
5306,20100810 02:00:00,0.27,0.3,0.19,-0.57,-0.430327425,-0.35116
5307,20100810 03:00:00,0.42,0.36,0.3,-0.54,-0.40854118,-0.37076
5308,20100810 04:00:00,0.54,0.42,0.4,-0.46,-0.302277748,-0.34017
5309,20100810 05:00:00,0.64,0.45,0.49,-0.35,-0.134355328,-0.2296
5310,20100810 06:00:00,0.7,0.47,0.54,-0.21,0.049157537,-0.09913
5311,20100810 07:00:00,0.72,0.47,0.58,-0.05,0.196629183,0.04141
5312,20100810 08:00:00,0.7,0.45,0.6,0.09,0.277611443,0.15195
5313,20100810 09:00:00,0.64,0.41,0.58,0.2,0.332524979,0.25242
5314,20100810 10:00:00,0.53,0.34,0.51,0.27,0.35294197,0.29283
5315,20100810 11:00:00,0.39,0.26,0.4,0.32,0.347620918,0.29324
5316,20100810 12:00:00,0.24,0.17,0.26,0.34,0.313856277,0.26371
5317,20100810 13:00:00,0.11,0.08,0.1,0.37,0.264857672,0.22419
5318,20100810 14:00:00,-0.01,0,-0.05,0.38,0.22423858,0.19476
5319,20100810 15:00:00,-0.11,-0.05,-0.18,0.38,0.210113593,0.17541
5320,20100810 16:00:00,-0.19,-0.08,-0.26,0.38,0.229071598,0.16587
5321,20100810 17:00:00,-0.26,-0.1,-0.33,0.36,0.276780298,0.19639
5322,20100810 18:00:00,-0.3,-0.1,-0.37,0.32,0.33281565,0.23701
5323,20100810 19:00:00,-0.32,-0.08,-0.39,0.27,0.36269941,0.2674
5324,20100810 20:00:00,-0.31,-0.05,-0.36,0.19,0.343250469,0.27799
5325,20100810 21:00:00,-0.26,0,-0.31,0.08,0.28000145,0.25846
5326,20100810 22:00:00,-0.2,0.04,-0.23,-0.05,0.189938623,0.2087
5327,20100810 23:00:00,-0.13,0.09,-0.15,-0.19,0.077098807,0.11912
5328,20100811 00:00:00,-0.06,0.13,-0.06,-0.33,-0.061057825,0.00951
5329,20100811 01:00:00,0.03,0.17,0.02,-0.43,-0.208501048,-0.12011
5330,20100811 02:00:00,0.14,0.22,0.09,-0.49,-0.327301994,-0.22985
5331,20100811 03:00:00,0.26,0.28,0.17,-0.49,-0.377943794,-0.30957
5332,20100811 04:00:00,0.38,0.33,0.26,-0.46,-0.341277631,-0.31921
5333,20100811 05:00:00,0.48,0.37,0.34,-0.37,-0.224053428,-0.26879
5334,20100811 06:00:00,0.55,0.4,0.41,-0.27,-0.057296306,-0.1685
5335,20100811 07:00:00,0.59,0.41,0.46,-0.14,0.109175386,-0.02835
5336,20100811 08:00:00,0.6,0.41,0.49,-0.01,0.230759321,0.09173
5337,20100811 09:00:00,0.59,0.4,0.5,0.11,0.297747839,0.19198
5338,20100811 10:00:00,0.53,0.36,0.49,0.2,0.329444082,0.26222
5339,20100811 11:00:00,0.44,0.3,0.43,0.24,0.338985207,0.29234
5340,20100811 12:00:00,0.32,0.23,0.34,0.26,0.320581257,0.27252
5341,20100811 13:00:00,0.21,0.16,0.22,0.27,0.270812956,0.23272
5342,20100811 14:00:00,0.11,0.09,0.1,0.28,0.207402377,0.18294
5343,20100811 15:00:00,0.02,0.04,-0.02,0.29,0.160625503,0.14316
5344,20100811 16:00:00,-0.04,0.01,-0.11,0.29,0.152651253,0.12337
5345,20100811 17:00:00,-0.1,-0.01,-0.17,0.29,0.187535791,0.12363
5346,20100811 18:00:00,-0.14,-0.03,-0.21,0.28,0.251793813,0.16395
5347,20100811 19:00:00,-0.18,-0.03,-0.24,0.26,0.316753739,0.21426
5348,20100811 20:00:00,-0.18,-0.01,-0.25,0.22,0.349016788,0.24454
5349,20100811 21:00:00,-0.15,0.02,-0.23,0.16,0.333365293,0.26489
5350,20100811 22:00:00,-0.11,0.05,-0.18,0.08,0.280673883,0.25508
5351,20100811 23:00:00,-0.07,0.08,-0.12,-0.03,0.205599084,0.21522
5352,20100812 00:00:00,-0.04,0.11,-0.06,-0.16,0.107295986,0.13546
5353,20100812 01:00:00,0.01,0.14,-0.01,-0.27,-0.0178791,0.0357
5354,20100812 02:00:00,0.07,0.16,0.04,-0.35,-0.152251669,-0.08414
5355,20100812 03:00:00,0.15,0.2,0.08,-0.38,-0.255377551,-0.18395
5356,20100812 04:00:00,0.23,0.24,0.13,-0.37,-0.28897113,-0.24383
5357,20100812 05:00:00,0.31,0.28,0.19,-0.34,-0.239596021,-0.24381
5358,20100812 06:00:00,0.37,0.3,0.25,-0.27,-0.122202552,-0.18367
5359,20100812 07:00:00,0.4,0.32,0.29,-0.17,0.02768718,-0.0835
5360,20100812 08:00:00,0.43,0.33,0.32,-0.06,0.164103779,0.0265
5361,20100812 09:00:00,0.44,0.33,0.35,0.04,0.254100657,0.12654
5362,20100812 10:00:00,0.43,0.32,0.36,0.13,0.297932927,0.2065
5363,20100812 11:00:00,0.39,0.29,0.36,0.17,0.314482638,0.25648
5364,20100812 12:00:00,0.31,0.25,0.32,0.18,0.309130566,0.26654
5365,20100812 13:00:00,0.23,0.2,0.25,0.17,0.271139079,0.23659
5366,20100812 14:00:00,0.16,0.16,0.17,0.16,0.200460993,0.1766
5367,20100812 15:00:00,0.11,0.11,0.09,0.16,0.123037523,0.11657
5368,20100812 16:00:00,0.07,0.09,0.02,0.16,0.07506094,0.07656
5369,20100812 17:00:00,0.05,0.07,-0.02,0.16,0.077533861,0.04679
5370,20100812 18:00:00,0.02,0.07,-0.05,0.17,0.126378399,0.06692
5371,20100812 19:00:00,0,0.06,-0.08,0.17,0.200496836,0.10696
5372,20100812 20:00:00,-0.01,0.06,-0.09,0.16,0.270550104,0.16702
5373,20100812 21:00:00,0,0.08,-0.09,0.15,0.309287799,0.20702
5374,20100812 22:00:00,0.03,0.1,-0.06,0.13,0.307441727,0.22707
5375,20100812 23:00:00,0.05,0.12,-0.03,0.07,0.275739854,0.23717
5376,20100813 00:00:00,0.06,0.13,0.01,-0.01,0.223927169,0.20723
5377,20100813 01:00:00,0.07,0.14,0.03,-0.1,0.14707249,0.1574
5378,20100813 02:00:00,0.08,0.14,0.05,-0.18,0.04171626,0.06752
5379,20100813 03:00:00,0.1,0.15,0.06,-0.23,-0.072071694,-0.02231
5380,20100813 04:00:00,0.13,0.17,0.07,-0.24,-0.15363805,-0.10219
5381,20100813 05:00:00,0.17,0.19,0.09,-0.23,-0.169608471,-0.15214
5382,20100813 06:00:00,0.2,0.21,0.11,-0.19,-0.115155309,-0.14206
5383,20100813 07:00:00,0.21,0.22,0.14,-0.14,-0.011046118,-0.08202
5384,20100813 08:00:00,0.22,0.22,0.15,-0.06,0.108891912,-0.00206
5385,20100813 09:00:00,0.23,0.23,0.16,0.02,0.208867725,0.08788
5386,20100813 10:00:00,0.24,0.23,0.18,0.09,0.26823189,0.15786
5387,20100813 11:00:00,0.24,0.23,0.19,0.13,0.291548532,0.21781
5388,20100813 12:00:00,0.22,0.22,0.2,0.13,0.291630399,0.24779
5389,20100813 13:00:00,0.18,0.2,0.18,0.11,0.266353571,0.23779
5390,20100813 14:00:00,0.15,0.17,0.15,0.07,0.204869579,0.1878
5391,20100813 15:00:00,0.13,0.15,0.12,0.04,0.114446179,0.11775
5392,20100813 16:00:00,0.13,0.14,0.09,0.02,0.028654621,0.04782
5393,20100813 17:00:00,0.13,0.14,0.07,0.02,-0.015380095,-0.00206
5394,20100813 18:00:00,0.14,0.14,0.06,0.02,-0.003585601,-0.03195
5395,20100813 19:00:00,0.15,0.15,0.06,0.03,0.052541934,-0.01185
5396,20100813 20:00:00,0.15,0.15,0.06,0.04,0.13057837,0.03817
5397,20100813 21:00:00,0.17,0.15,0.06,0.06,0.20606695,0.09815
5398,20100813 22:00:00,0.19,0.16,0.07,0.08,0.257387879,0.14823
5399,20100813 23:00:00,0.21,0.17,0.1,0.09,0.276820233,0.18829
5400,20100814 00:00:00,0.21,0.18,0.12,0.06,0.271656883,0.20831
5401,20100814 01:00:00,0.18,0.17,0.13,0.02,0.246674577,0.20834
5402,20100814 02:00:00,0.16,0.17,0.12,-0.04,0.194992054,0.17842
5403,20100814 03:00:00,0.13,0.15,0.1,-0.08,0.11419261,0.10854
5404,20100814 04:00:00,0.11,0.14,0.08,-0.09,0.025613785,0.03871
5405,20100814 05:00:00,0.1,0.14,0.05,-0.09,-0.032964079,-0.02127
5406,20100814 06:00:00,0.08,0.14,0.03,-0.07,-0.036455902,-0.04133
5407,20100814 07:00:00,0.07,0.13,0.02,-0.05,0.011947321,-0.03135
5408,20100814 08:00:00,0.05,0.13,0.01,-0.01,0.090910161,0.00854
5409,20100814 09:00:00,0.04,0.12,0,0.04,0.17520741,0.06843
5410,20100814 10:00:00,0.04,0.13,-0.01,0.09,0.241313092,0.12838
5411,20100814 11:00:00,0.06,0.13,0,0.12,0.275865428,0.1783
5412,20100814 12:00:00,0.07,0.14,0.02,0.12,0.28155781,0.21825
5413,20100814 13:00:00,0.07,0.14,0.04,0.09,0.263762333,0.22826
5414,20100814 14:00:00,0.07,0.14,0.05,0.03,0.216638682,0.19828
5415,20100814 15:00:00,0.08,0.15,0.06,-0.03,0.134104694,0.12823
5416,20100814 16:00:00,0.11,0.16,0.07,-0.08,0.03117432,0.05816
5417,20100814 17:00:00,0.14,0.17,0.09,-0.1,-0.056103939,-0.02184
5418,20100814 18:00:00,0.19,0.19,0.11,-0.12,-0.095532425,-0.08179
5419,20100814 19:00:00,0.23,0.21,0.14,-0.12,-0.080232329,-0.10175
5420,20100814 20:00:00,0.27,0.22,0.17,-0.11,-0.02386731,-0.08171
5421,20100814 21:00:00,0.3,0.23,0.19,-0.08,0.055721365,-0.03164
5422,20100814 22:00:00,0.33,0.23,0.2,-0.03,0.139359746,0.02849
5423,20100814 23:00:00,0.35,0.24,0.22,0.01,0.206945648,0.08852
5424,20100815 00:00:00,0.35,0.24,0.24,0.04,0.249048191,0.14864
5425,20100815 01:00:00,0.33,0.23,0.24,0.06,0.26959661,0.18869
5426,20100815 02:00:00,0.28,0.21,0.22,0.05,0.270462253,0.20872
5427,20100815 03:00:00,0.22,0.19,0.19,0.04,0.244041662,0.19867
5428,20100815 04:00:00,0.16,0.16,0.14,0.03,0.18908481,0.15867
5429,20100815 05:00:00,0.1,0.13,0.09,0.04,0.12613536,0.11867
5430,20100815 06:00:00,0.04,0.11,0.03,0.05,0.086536402,0.07865
5431,20100815 07:00:00,-0.01,0.09,-0.02,0.07,0.086188436,0.05854
5432,20100815 08:00:00,-0.06,0.07,-0.07,0.08,0.117905619,0.06842
5433,20100815 09:00:00,-0.1,0.05,-0.1,0.1,0.166759984,0.08827
5434,20100815 10:00:00,-0.12,0.04,-0.13,0.13,0.21905262,0.12814
5435,20100815 11:00:00,-0.12,0.04,-0.15,0.14,0.259452906,0.158
5436,20100815 12:00:00,-0.1,0.05,-0.15,0.14,0.275836428,0.19785
5437,20100815 13:00:00,-0.07,0.06,-0.12,0.11,0.26630428,0.20768
5438,20100815 14:00:00,-0.04,0.08,-0.09,0.05,0.231460221,0.19751
5439,20100815 15:00:00,-0.01,0.1,-0.06,-0.03,0.166695215,0.15737
5440,20100815 16:00:00,0.04,0.13,-0.01,-0.11,0.071735546,0.08719
5441,20100815 17:00:00,0.1,0.16,0.04,-0.17,-0.035027229,-0.00292
5442,20100815 18:00:00,0.16,0.2,0.1,-0.21,-0.120569824,-0.08294
5443,20100815 19:00:00,0.24,0.23,0.15,-0.24,-0.158741622,-0.14296
5444,20100815 20:00:00,0.3,0.26,0.2,-0.25,-0.14590004,-0.16296
5445,20100815 21:00:00,0.37,0.28,0.25,-0.23,-0.092428004,-0.143
5446,20100815 22:00:00,0.42,0.29,0.29,-0.18,-0.010707066,-0.09303
5447,20100815 23:00:00,0.45,0.3,0.32,-0.12,0.082101206,-0.03268
5448,20100816 00:00:00,0.47,0.3,0.33,-0.05,0.164853062,0.04705
5449,20100816 01:00:00,0.45,0.29,0.34,0.01,0.226103493,0.11701
5450,20100816 02:00:00,0.41,0.28,0.33,0.06,0.26766611,0.17691
5451,20100816 03:00:00,0.34,0.25,0.29,0.09,0.290188168,0.20674
5452,20100816 04:00:00,0.26,0.21,0.24,0.1,0.286470797,0.21668
5453,20100816 05:00:00,0.17,0.17,0.17,0.12,0.255366291,0.20658
5454,20100816 06:00:00,0.08,0.12,0.09,0.15,0.213649926,0.17646
5455,20100816 07:00:00,-0.01,0.08,0,0.17,0.184553934,0.15646
5456,20100816 08:00:00,-0.08,0.05,-0.08,0.18,0.177828572,0.13637
5457,20100816 09:00:00,-0.15,0.01,-0.14,0.18,0.188548668,0.13628
5458,20100816 10:00:00,-0.2,-0.01,-0.19,0.18,0.211330126,0.14624
5459,20100816 11:00:00,-0.23,-0.03,-0.24,0.19,0.240984017,0.15612
5460,20100816 12:00:00,-0.23,-0.03,-0.26,0.18,0.264854221,0.17593
5461,20100816 13:00:00,-0.2,-0.02,-0.26,0.15,0.268924165,0.19575
5462,20100816 14:00:00,-0.16,0.01,-0.23,0.1,0.247829949,0.19563
5463,20100816 15:00:00,-0.12,0.04,-0.19,0.02,0.20140851,0.16545
5464,20100816 16:00:00,-0.06,0.08,-0.13,-0.08,0.127796769,0.1253
5465,20100816 17:00:00,0.01,0.12,-0.06,-0.17,0.029516923,0.04504
5466,20100816 18:00:00,0.09,0.17,0.02,-0.24,-0.076494185,-0.0351
5467,20100816 19:00:00,0.17,0.21,0.1,-0.29,-0.161391111,-0.12508
5468,20100816 20:00:00,0.27,0.26,0.17,-0.33,-0.202267871,-0.18495
5469,20100816 21:00:00,0.36,0.29,0.24,-0.34,-0.194046269,-0.2049
5470,20100816 22:00:00,0.44,0.32,0.31,-0.31,-0.142635765,-0.19487
5471,20100816 23:00:00,0.49,0.34,0.36,-0.26,-0.057523758,-0.14526
5472,20100817 00:00:00,0.53,0.34,0.39,-0.18,0.043431768,-0.07537
5473,20100817 01:00:00,0.53,0.34,0.4,-0.09,0.137248752,0.00457
5474,20100817 02:00:00,0.51,0.33,0.4,-0.01,0.211502152,0.08442
5475,20100817 03:00:00,0.46,0.31,0.38,0.07,0.267681858,0.16426
5476,20100817 04:00:00,0.38,0.27,0.34,0.12,0.306509942,0.21433
5477,20100817 05:00:00,0.28,0.23,0.27,0.16,0.321158056,0.24435
5478,20100817 06:00:00,0.17,0.17,0.19,0.2,0.308600779,0.24442
5479,20100817 07:00:00,0.06,0.12,0.09,0.24,0.280055484,0.22447
5480,20100817 08:00:00,-0.04,0.06,-0.02,0.26,0.252427147,0.20454
5481,20100817 09:00:00,-0.13,0.01,-0.11,0.25,0.234532408,0.18461
5482,20100817 10:00:00,-0.2,-0.02,-0.19,0.25,0.227325916,0.17461
5483,20100817 11:00:00,-0.26,-0.05,-0.25,0.24,0.232968788,0.17453
5484,20100817 12:00:00,-0.29,-0.07,-0.31,0.23,0.249947662,0.17453
5485,20100817 13:00:00,-0.29,-0.07,-0.34,0.2,0.264816774,0.18452
5486,20100817 14:00:00,-0.26,-0.05,-0.33,0.16,0.261570237,0.18453
5487,20100817 15:00:00,-0.21,-0.02,-0.3,0.1,0.234478446,0.17444
5488,20100817 16:00:00,-0.16,0.02,-0.25,0,0.183821064,0.15443
5489,20100817 17:00:00,-0.09,0.07,-0.17,-0.1,0.108919233,0.10439
5490,20100817 18:00:00,-0.01,0.13,-0.08,-0.2,0.011545128,0.03434
5491,20100817 19:00:00,0.08,0.18,0.02,-0.28,-0.094218429,-0.05572
5492,20100817 20:00:00,0.18,0.23,0.1,-0.35,-0.181268766,-0.14569
5493,20100817 21:00:00,0.28,0.27,0.18,-0.39,-0.226117153,-0.20574
5494,20100817 22:00:00,0.38,0.32,0.27,-0.4,-0.22114019,-0.23586
5495,20100817 23:00:00,0.47,0.35,0.35,-0.37,-0.169551885,-0.2259
5496,20100818 00:00:00,0.53,0.36,0.4,-0.31,-0.080516263,-0.166
5497,20100818 01:00:00,0.56,0.37,0.43,-0.22,0.026345598,-0.09583
5498,20100818 02:00:00,0.57,0.37,0.44,-0.12,0.126475223,-0.00595
5499,20100818 03:00:00,0.55,0.35,0.44,-0.01,0.207326374,0.08398
5500,20100818 04:00:00,0.5,0.33,0.42,0.09,0.271466285,0.16394
5501,20100818 05:00:00,0.4,0.29,0.37,0.16,0.320605413,0.22391
5502,20100818 06:00:00,0.29,0.23,0.29,0.21,0.347141701,0.26388
5503,20100818 07:00:00,0.17,0.17,0.19,0.26,0.344786378,0.26388
5504,20100818 08:00:00,0.05,0.11,0.08,0.3,0.320244591,0.25389
5505,20100818 09:00:00,-0.05,0.05,-0.03,0.31,0.288786793,0.23398
5506,20100818 10:00:00,-0.15,0,-0.13,0.3,0.261369644,0.21394
5507,20100818 11:00:00,-0.23,-0.05,-0.22,0.29,0.243624505,0.19392
5508,20100818 12:00:00,-0.29,-0.08,-0.29,0.28,0.241056519,0.18387
5509,20100818 13:00:00,-0.32,-0.09,-0.34,0.26,0.252371851,0.18385
5510,20100818 14:00:00,-0.32,-0.09,-0.37,0.23,0.26316617,0.1839
5511,20100818 15:00:00,-0.29,-0.07,-0.37,0.18,0.257528306,0.18394
5512,20100818 16:00:00,-0.24,-0.03,-0.33,0.1,0.229239276,0.17397
5513,20100818 17:00:00,-0.18,0.02,-0.26,0,0.17874611,0.14401
5514,20100818 18:00:00,-0.1,0.07,-0.18,-0.11,0.104270557,0.10402
5515,20100818 19:00:00,-0.02,0.13,-0.08,-0.22,0.006184012,0.02415
5516,20100818 20:00:00,0.07,0.18,0.01,-0.31,-0.101740412,-0.06573
5517,20100818 21:00:00,0.18,0.23,0.1,-0.38,-0.191121678,-0.1556
5518,20100818 22:00:00,0.29,0.28,0.19,-0.42,-0.237122699,-0.22554
5519,20100818 23:00:00,0.4,0.33,0.28,-0.43,-0.231292296,-0.24544
5520,20100819 00:00:00,0.49,0.36,0.36,-0.4,-0.176520786,-0.22522
5521,20100819 01:00:00,0.55,0.38,0.42,-0.33,-0.082933044,-0.17502
5522,20100819 02:00:00,0.59,0.39,0.45,-0.23,0.027816441,-0.09489
5523,20100819 03:00:00,0.6,0.38,0.46,-0.11,0.129870794,-0.00474
5524,20100819 04:00:00,0.58,0.37,0.47,0.01,0.21228917,0.08543
5525,20100819 05:00:00,0.51,0.34,0.44,0.11,0.279269291,0.17568
5526,20100819 06:00:00,0.41,0.29,0.39,0.19,0.332951851,0.23592
5527,20100819 07:00:00,0.29,0.24,0.3,0.25,0.364080515,0.27615
5528,20100819 08:00:00,0.17,0.17,0.2,0.31,0.36382276,0.28635
5529,20100819 09:00:00,0.05,0.1,0.08,0.34,0.338149788,0.26657
5530,20100819 10:00:00,-0.05,0.03,-0.04,0.34,0.303392738,0.24681
5531,20100819 11:00:00,-0.15,-0.02,-0.14,0.33,0.271887526,0.22702
5532,20100819 12:00:00,-0.23,-0.06,-0.23,0.32,0.250827428,0.20724
5533,20100819 13:00:00,-0.29,-0.09,-0.3,0.3,0.246700969,0.19744
5534,20100819 14:00:00,-0.32,-0.1,-0.36,0.28,0.257825734,0.1876
5535,20100819 15:00:00,-0.32,-0.09,-0.38,0.25,0.269356918,0.18775
5536,20100819 16:00:00,-0.29,-0.06,-0.37,0.19,0.264532133,0.18795
5537,20100819 17:00:00,-0.24,-0.02,-0.32,0.11,0.236765981,0.17814
5538,20100819 18:00:00,-0.18,0.03,-0.25,0,0.18534665,0.1584
5539,20100819 19:00:00,-0.11,0.08,-0.17,-0.12,0.108192809,0.10868
5540,20100819 20:00:00,-0.02,0.14,-0.07,-0.23,0.006044798,0.02892
5541,20100819 21:00:00,0.07,0.19,0.02,-0.32,-0.104766815,-0.07092
5542,20100819 22:00:00,0.18,0.24,0.11,-0.4,-0.193976711,-0.16067
5543,20100819 23:00:00,0.3,0.29,0.2,-0.44,-0.236844134,-0.2205
5544,20100820 00:00:00,0.4,0.34,0.29,-0.44,-0.226115946,-0.24033
5545,20100820 01:00:00,0.49,0.37,0.37,-0.41,-0.164544542,-0.21997
5546,20100820 02:00:00,0.56,0.39,0.42,-0.33,-0.064449889,-0.15964
5547,20100820 03:00:00,0.6,0.4,0.46,-0.21,0.049490067,-0.07927
5548,20100820 04:00:00,0.62,0.4,0.48,-0.09,0.150419477,0.01114
5549,20100820 05:00:00,0.59,0.38,0.48,0.03,0.229655315,0.11148
5550,20100820 06:00:00,0.51,0.34,0.45,0.14,0.294247192,0.19175
5551,20100820 07:00:00,0.41,0.29,0.39,0.22,0.346124055,0.26198
5552,20100820 08:00:00,0.29,0.23,0.3,0.29,0.374440089,0.28217
5553,20100820 09:00:00,0.17,0.16,0.19,0.33,0.370615334,0.28234
5554,20100820 10:00:00,0.05,0.09,0.07,0.35,0.342710028,0.27252
5555,20100820 11:00:00,-0.05,0.03,-0.05,0.35,0.3075909,0.25282
5556,20100820 12:00:00,-0.15,-0.02,-0.15,0.34,0.276467276,0.2331
5557,20100820 13:00:00,-0.23,-0.06,-0.23,0.33,0.256804935,0.21336
5558,20100820 14:00:00,-0.28,-0.09,-0.3,0.32,0.256109924,0.20366
5559,20100820 15:00:00,-0.31,-0.09,-0.35,0.3,0.271885177,0.19394
5560,20100820 16:00:00,-0.31,-0.07,-0.37,0.26,0.286674547,0.19416
5561,20100820 17:00:00,-0.27,-0.04,-0.35,0.2,0.281843763,0.20438
5562,20100820 18:00:00,-0.23,0,-0.3,0.1,0.250317734,0.19457
5563,20100820 19:00:00,-0.16,0.05,-0.23,-0.01,0.192710438,0.17471
5564,20100820 20:00:00,-0.09,0.1,-0.14,-0.12,0.108468187,0.11492
5565,20100820 21:00:00,-0.01,0.15,-0.05,-0.24,0.000952143,0.02511
5566,20100820 22:00:00,0.09,0.2,0.04,-0.33,-0.110741465,-0.07472
5567,20100820 23:00:00,0.2,0.25,0.13,-0.4,-0.19542719,-0.16444
5568,20100821 00:00:00,0.31,0.3,0.22,-0.44,-0.230141448,-0.21409
5569,20100821 01:00:00,0.41,0.34,0.3,-0.43,-0.209187305,-0.23369
5570,20100821 02:00:00,0.51,0.38,0.37,-0.38,-0.136734938,-0.20323
5571,20100821 03:00:00,0.57,0.39,0.43,-0.29,-0.028255327,-0.13292
5572,20100821 04:00:00,0.61,0.4,0.46,-0.17,0.08669755,-0.04267
5573,20100821 05:00:00,0.62,0.4,0.49,-0.05,0.181921173,0.0476
5574,20100821 06:00:00,0.58,0.38,0.48,0.07,0.253512795,0.1478
5575,20100821 07:00:00,0.5,0.34,0.45,0.17,0.310717954,0.21794
5576,20100821 08:00:00,0.4,0.29,0.38,0.25,0.354880249,0.26807
5577,20100821 09:00:00,0.28,0.22,0.28,0.31,0.37531773,0.2883
5578,20100821 10:00:00,0.16,0.15,0.17,0.34,0.36625086,0.28855
5579,20100821 11:00:00,0.04,0.08,0.05,0.35,0.337353412,0.26884
5580,20100821 12:00:00,-0.06,0.02,-0.07,0.35,0.303895597,0.24917
5581,20100821 13:00:00,-0.15,-0.03,-0.16,0.35,0.275729285,0.22954
5582,20100821 14:00:00,-0.22,-0.06,-0.23,0.34,0.261828295,0.20986
5583,20100821 15:00:00,-0.26,-0.07,-0.29,0.32,0.269920296,0.21023
5584,20100821 16:00:00,-0.29,-0.07,-0.33,0.3,0.293363677,0.2105
5585,20100821 17:00:00,-0.28,-0.05,-0.34,0.26,0.309797891,0.2208
5586,20100821 18:00:00,-0.24,-0.02,-0.31,0.19,0.300058463,0.22112
5587,20100821 19:00:00,-0.19,0.03,-0.26,0.09,0.259935565,0.21144
5588,20100821 20:00:00,-0.13,0.07,-0.19,-0.02,0.192970421,0.18184
5589,20100821 21:00:00,-0.06,0.12,-0.11,-0.14,0.101189737,0.11242
5590,20100821 22:00:00,0.03,0.16,-0.02,-0.24,-0.009361199,0.02306
5591,20100821 23:00:00,0.12,0.21,0.06,-0.33,-0.117465496,-0.07632
5592,20100822 00:00:00,0.22,0.26,0.15,-0.39,-0.192607089,-0.15579
5593,20100822 01:00:00,0.33,0.31,0.23,-0.42,-0.214220457,-0.20525
5594,20100822 02:00:00,0.43,0.35,0.31,-0.39,-0.177565057,-0.2047
5595,20100822 03:00:00,0.52,0.38,0.38,-0.33,-0.089933687,-0.16416
5596,20100822 04:00:00,0.58,0.4,0.43,-0.23,0.026607512,-0.09365
5597,20100822 05:00:00,0.6,0.4,0.46,-0.12,0.138695778,0.00675
5598,20100822 06:00:00,0.59,0.39,0.48,0,0.22380427,0.09722
5599,20100822 07:00:00,0.55,0.37,0.47,0.11,0.283788769,0.18765
5600,20100822 08:00:00,0.47,0.33,0.43,0.2,0.329940841,0.24809
5601,20100822 09:00:00,0.36,0.27,0.35,0.27,0.362761715,0.27848
5602,20100822 10:00:00,0.25,0.2,0.25,0.31,0.373162273,0.28891
5603,20100822 11:00:00,0.13,0.13,0.14,0.33,0.358304108,0.27928
5604,20100822 12:00:00,0.03,0.07,0.02,0.34,0.328245715,0.26971
5605,20100822 13:00:00,-0.06,0.02,-0.08,0.34,0.296556893,0.25018
5606,20100822 14:00:00,-0.14,-0.02,-0.16,0.34,0.27427941,0.23062
5607,20100822 15:00:00,-0.2,-0.04,-0.23,0.33,0.27206568,0.21102
5608,20100822 16:00:00,-0.23,-0.05,-0.27,0.32,0.293554291,0.22157
5609,20100822 17:00:00,-0.24,-0.04,-0.29,0.29,0.323565673,0.23215
5610,20100822 18:00:00,-0.23,-0.02,-0.29,0.24,0.33600625,0.24264
5611,20100822 19:00:00,-0.2,0.02,-0.26,0.16,0.315750204,0.2432
5612,20100822 20:00:00,-0.14,0.05,-0.21,0.06,0.264617037,0.23367
5613,20100822 21:00:00,-0.08,0.09,-0.14,-0.04,0.189021584,0.18416
5614,20100822 22:00:00,-0.01,0.14,-0.07,-0.15,0.09207217,0.10468
5615,20100822 23:00:00,0.07,0.18,0.01,-0.25,-0.018118713,0.01516
5616,20100823 00:00:00,0.15,0.22,0.09,-0.33,-0.118361388,-0.08432
5617,20100823 01:00:00,0.24,0.26,0.16,-0.37,-0.179027392,-0.15368
5618,20100823 02:00:00,0.34,0.31,0.24,-0.37,-0.18174372,-0.183
5619,20100823 03:00:00,0.44,0.35,0.31,-0.33,-0.124814851,-0.17243
5620,20100823 04:00:00,0.52,0.38,0.37,-0.26,-0.021725901,-0.11186
5621,20100823 05:00:00,0.56,0.39,0.42,-0.16,0.097981819,-0.03131
5622,20100823 06:00:00,0.57,0.39,0.45,-0.05,0.200132994,0.06914
5623,20100823 07:00:00,0.55,0.38,0.46,0.06,0.269500999,0.15968
5624,20100823 08:00:00,0.5,0.35,0.44,0.15,0.314489336,0.23028
5625,20100823 09:00:00,0.42,0.3,0.39,0.22,0.346902886,0.28083
5626,20100823 10:00:00,0.31,0.24,0.31,0.27,0.366190827,0.29133
5627,20100823 11:00:00,0.2,0.18,0.21,0.3,0.364989846,0.29185
5628,20100823 12:00:00,0.1,0.11,0.1,0.31,0.342684458,0.2721
5629,20100823 13:00:00,0.01,0.06,0,0.31,0.310045726,0.26262
5630,20100823 14:00:00,-0.06,0.02,-0.09,0.31,0.281699358,0.23325
5631,20100823 15:00:00,-0.12,0,-0.16,0.31,0.270949502,0.22386
5632,20100823 16:00:00,-0.16,-0.01,-0.2,0.3,0.285718075,0.21427
5633,20100823 17:00:00,-0.18,-0.01,-0.23,0.29,0.319810648,0.23467
5634,20100823 18:00:00,-0.18,0,-0.24,0.25,0.349945828,0.25515
5635,20100823 19:00:00,-0.17,0.02,-0.23,0.2,0.352409935,0.26565
5636,20100823 20:00:00,-0.13,0.05,-0.2,0.12,0.320372912,0.26606
5637,20100823 21:00:00,-0.07,0.08,-0.15,0.03,0.26091208,0.23652
5638,20100823 22:00:00,-0.02,0.12,-0.08,-0.07,0.180604283,0.17702
5639,20100823 23:00:00,0.04,0.15,-0.02,-0.17,0.082696043,0.09746
5640,20100824 00:00:00,0.1,0.19,0.05,-0.25,-0.022357605,0.00787
5641,20100824 01:00:00,0.18,0.23,0.11,-0.3,-0.109485574,-0.07179
5642,20100824 02:00:00,0.26,0.27,0.17,-0.32,-0.150274177,-0.13148
5643,20100824 03:00:00,0.35,0.31,0.24,-0.3,-0.129471433,-0.15112
5644,20100824 04:00:00,0.43,0.34,0.31,-0.25,-0.051286251,-0.12068
5645,20100824 05:00:00,0.49,0.37,0.36,-0.17,0.0619121,-0.05028
5646,20100824 06:00:00,0.51,0.37,0.39,-0.08,0.175167828,0.05017
5647,20100824 07:00:00,0.51,0.37,0.41,0.02,0.259310661,0.13056
5648,20100824 08:00:00,0.48,0.35,0.41,0.1,0.309228844,0.21107
5649,20100824 09:00:00,0.43,0.32,0.39,0.18,0.338279918,0.26154
5650,20100824 10:00:00,0.35,0.27,0.34,0.23,0.356190984,0.29201
5651,20100824 11:00:00,0.25,0.21,0.26,0.25,0.360584492,0.29236
5652,20100824 12:00:00,0.16,0.15,0.16,0.27,0.34529533,0.28275
5653,20100824 13:00:00,0.07,0.1,0.07,0.27,0.312866117,0.26319
5654,20100824 14:00:00,0.01,0.06,-0.02,0.27,0.277857019,0.23365
5655,20100824 15:00:00,-0.04,0.04,-0.09,0.27,0.258068791,0.21412
5656,20100824 16:00:00,-0.08,0.02,-0.13,0.27,0.265319331,0.20462
5657,20100824 17:00:00,-0.1,0.02,-0.16,0.26,0.298089162,0.22502
5658,20100824 18:00:00,-0.11,0.03,-0.18,0.24,0.338838421,0.24556
5659,20100824 19:00:00,-0.11,0.04,-0.18,0.2,0.362249362,0.26613
5660,20100824 20:00:00,-0.08,0.06,-0.16,0.15,0.353180465,0.27666
5661,20100824 21:00:00,-0.04,0.09,-0.12,0.08,0.313708215,0.26709
5662,20100824 22:00:00,0,0.11,-0.08,0,0.251966502,0.22748
5663,20100824 23:00:00,0.04,0.14,-0.02,-0.09,0.172109604,0.1779
5664,20100825 00:00:00,0.08,0.17,0.03,-0.17,0.077943113,0.08829
5665,20100825 01:00:00,0.13,0.19,0.08,-0.23,-0.016701622,0.00863
5666,20100825 02:00:00,0.2,0.23,0.12,-0.26,-0.085070348,-0.061
5667,20100825 03:00:00,0.27,0.27,0.17,-0.25,-0.10076975,-0.10067
5668,20100825 04:00:00,0.34,0.3,0.23,-0.22,-0.054866297,-0.10033
5669,20100825 05:00:00,0.4,0.33,0.29,-0.16,0.039495173,-0.04987
5670,20100825 06:00:00,0.43,0.34,0.32,-0.09,0.15186923,0.03055
5671,20100825 07:00:00,0.44,0.34,0.35,-0.01,0.24756098,0.12096
5672,20100825 08:00:00,0.43,0.33,0.36,0.07,0.307966783,0.19133
5673,20100825 09:00:00,0.4,0.31,0.35,0.13,0.338416895,0.25172
5674,20100825 10:00:00,0.34,0.28,0.32,0.18,0.352822089,0.29214
5675,20100825 11:00:00,0.27,0.23,0.27,0.21,0.355925263,0.29253
5676,20100825 12:00:00,0.19,0.18,0.2,0.22,0.343155715,0.28296
5677,20100825 13:00:00,0.12,0.14,0.12,0.22,0.311493318,0.26332
5678,20100825 14:00:00,0.06,0.1,0.04,0.22,0.270045788,0.23375
5679,20100825 15:00:00,0.02,0.08,-0.03,0.22,0.238627092,0.20425
5680,20100825 16:00:00,0,0.06,-0.07,0.21,0.23491629,0.18472
5681,20100825 17:00:00,-0.02,0.06,-0.09,0.21,0.262558412,0.19524
5682,20100825 18:00:00,-0.03,0.07,-0.1,0.2,0.307763538,0.21563
5683,20100825 19:00:00,-0.03,0.07,-0.11,0.18,0.347116117,0.25589
5684,20100825 20:00:00,-0.01,0.09,-0.1,0.15,0.360891604,0.26611
5685,20100825 21:00:00,0.01,0.1,-0.07,0.1,0.344567508,0.27635
5686,20100825 22:00:00,0.05,0.12,-0.04,0.04,0.304400056,0.25661
5687,20100825 23:00:00,0.07,0.14,0,-0.03,0.245655519,0.22689
5688,20100826 00:00:00,0.09,0.16,0.03,-0.1,0.170019659,0.16712
5689,20100826 01:00:00,0.11,0.17,0.06,-0.16,0.083702839,0.09743
5690,20100826 02:00:00,0.15,0.2,0.09,-0.19,0.004855819,0.01779
5691,20100826 03:00:00,0.2,0.22,0.12,-0.19,-0.03940927,-0.03183
5692,20100826 04:00:00,0.26,0.25,0.16,-0.17,-0.02811957,-0.05137
5693,20100826 05:00:00,0.3,0.28,0.21,-0.13,0.038300198,-0.03092
5694,20100826 06:00:00,0.33,0.29,0.24,-0.08,0.137277944,0.02953
5695,20100826 07:00:00,0.34,0.3,0.26,-0.01,0.235222868,0.10988
5696,20100826 08:00:00,0.34,0.3,0.28,0.05,0.305000574,0.18031
5697,20100826 09:00:00,0.33,0.29,0.28,0.1,0.341165492,0.24067
5698,20100826 10:00:00,0.31,0.26,0.28,0.14,0.355244777,0.28107
5699,20100826 11:00:00,0.26,0.23,0.25,0.16,0.356614678,0.30158
5700,20100826 12:00:00,0.2,0.2,0.2,0.17,0.343271166,0.29201
5701,20100826 13:00:00,0.14,0.16,0.14,0.16,0.310704876,0.26241
5702,20100826 14:00:00,0.1,0.13,0.08,0.15,0.26368126,0.22287
5703,20100826 15:00:00,0.07,0.11,0.03,0.15,0.219481345,0.19335
5704,20100826 16:00:00,0.06,0.1,0,0.14,0.200214081,0.16384
5705,20100826 17:00:00,0.06,0.1,-0.02,0.14,0.216689828,0.15429
5706,20100826 18:00:00,0.06,0.11,-0.03,0.14,0.260565028,0.1747
5707,20100826 19:00:00,0.06,0.11,-0.03,0.13,0.310354917,0.21507
5708,20100826 20:00:00,0.07,0.12,-0.02,0.11,0.344425457,0.24543
5709,20100826 21:00:00,0.09,0.13,-0.01,0.09,0.352124076,0.26581
5710,20100826 22:00:00,0.11,0.15,0.02,0.06,0.335881023,0.26615
5711,20100826 23:00:00,0.12,0.16,0.04,0.01,0.30107217,0.25655
5712,20100827 00:00:00,0.12,0.16,0.06,-0.04,0.248657942,0.22692
5713,20100827 01:00:00,0.12,0.17,0.07,-0.09,0.18008205,0.16724
5714,20100827 02:00:00,0.13,0.18,0.08,-0.13,0.105669907,0.10759
5715,20100827 03:00:00,0.16,0.19,0.09,-0.13,0.047138774,0.04789
5716,20100827 04:00:00,0.18,0.21,0.11,-0.12,0.029179113,0.01809
5717,20100827 05:00:00,0.21,0.23,0.14,-0.09,0.063634287,0.01836
5718,20100827 06:00:00,0.23,0.24,0.16,-0.05,0.139333741,0.05859
5719,20100827 07:00:00,0.24,0.25,0.18,0,0.228305684,0.11878
5720,20100827 08:00:00,0.24,0.25,0.19,0.05,0.300918695,0.17898
5721,20100827 09:00:00,0.24,0.24,0.19,0.09,0.342358133,0.22913
5722,20100827 10:00:00,0.23,0.23,0.2,0.12,0.357678341,0.26929
5723,20100827 11:00:00,0.21,0.21,0.19,0.13,0.358323242,0.29945
5724,20100827 12:00:00,0.17,0.19,0.17,0.12,0.345451374,0.28961
5725,20100827 13:00:00,0.14,0.17,0.13,0.11,0.312808537,0.26986
5726,20100827 14:00:00,0.11,0.15,0.09,0.09,0.261221323,0.23006
5727,20100827 15:00:00,0.1,0.13,0.06,0.08,0.205424937,0.18031
5728,20100827 16:00:00,0.1,0.13,0.04,0.07,0.168124263,0.14063
5729,20100827 17:00:00,0.12,0.14,0.03,0.06,0.166794549,0.12107
5730,20100827 18:00:00,0.13,0.15,0.04,0.06,0.201253984,0.13145
5731,20100827 19:00:00,0.14,0.16,0.04,0.06,0.254127717,0.16178
5732,20100827 20:00:00,0.16,0.16,0.05,0.05,0.30355673,0.20206
5733,20100827 21:00:00,0.18,0.17,0.07,0.05,0.334022281,0.23235
5734,20100827 22:00:00,0.2,0.18,0.09,0.05,0.34180528,0.25266
5735,20100827 23:00:00,0.2,0.18,0.1,0.03,0.331089765,0.26289
5736,20100828 00:00:00,0.19,0.18,0.11,0,0.303969346,0.25316
5737,20100828 01:00:00,0.16,0.18,0.11,-0.04,0.258882787,0.22342
5738,20100828 02:00:00,0.15,0.17,0.1,-0.06,0.199592673,0.17372
5739,20100828 03:00:00,0.14,0.17,0.09,-0.07,0.140974206,0.12402
5740,20100828 04:00:00,0.14,0.18,0.08,-0.06,0.105713195,0.08429
5741,20100828 05:00:00,0.14,0.19,0.08,-0.04,0.112085815,0.0746
5742,20100828 06:00:00,0.14,0.19,0.09,-0.01,0.160434394,0.09495
5743,20100828 07:00:00,0.14,0.19,0.09,0.03,0.231581791,0.1352
5744,20100828 08:00:00,0.13,0.19,0.1,0.06,0.29869152,0.18538
5745,20100828 09:00:00,0.13,0.19,0.1,0.09,0.342357993,0.23555
5746,20100828 10:00:00,0.14,0.19,0.1,0.11,0.359189483,0.26569
5747,20100828 11:00:00,0.14,0.18,0.11,0.11,0.358475713,0.28586
5748,20100828 12:00:00,0.12,0.17,0.11,0.09,0.346427498,0.296
5749,20100828 13:00:00,0.11,0.16,0.1,0.07,0.316944829,0.27612
5750,20100828 14:00:00,0.1,0.15,0.08,0.04,0.265059624,0.23619
5751,20100828 15:00:00,0.1,0.15,0.06,0.02,0.200623304,0.18621
5752,20100828 16:00:00,0.13,0.15,0.06,0,0.145835915,0.13626
5753,20100828 17:00:00,0.15,0.17,0.07,-0.02,0.122404277,0.09631
5754,20100828 18:00:00,0.18,0.18,0.09,-0.02,0.138344452,0.08639
5755,20100828 19:00:00,0.21,0.19,0.11,-0.02,0.18420766,0.10652
5756,20100828 20:00:00,0.24,0.2,0.12,-0.02,0.241004586,0.14657
5757,20100828 21:00:00,0.27,0.21,0.14,-0.01,0.290859501,0.18662
5758,20100828 22:00:00,0.29,0.22,0.16,0.01,0.323232401,0.2167
5759,20100828 23:00:00,0.29,0.22,0.18,0.01,0.336529387,0.24678
5760,20100829 00:00:00,0.27,0.21,0.18,0.01,0.333710058,0.25684
5761,20100829 01:00:00,0.23,0.2,0.17,0,0.314376432,0.2569
5762,20100829 02:00:00,0.19,0.18,0.15,-0.01,0.277111443,0.23709
5763,20100829 03:00:00,0.15,0.17,0.12,-0.02,0.229162558,0.19726
5764,20100829 04:00:00,0.12,0.16,0.08,-0.01,0.188667891,0.15741
5765,20100829 05:00:00,0.1,0.16,0.06,0.02,0.175536254,0.13759
5766,20100829 06:00:00,0.08,0.15,0.04,0.04,0.198203992,0.13772
5767,20100829 07:00:00,0.06,0.15,0.03,0.06,0.247182684,0.16779
5768,20100829 08:00:00,0.04,0.14,0.02,0.09,0.3016444,0.20786
5769,20100829 09:00:00,0.03,0.14,0.01,0.1,0.342463566,0.23788
5770,20100829 10:00:00,0.03,0.14,0.01,0.11,0.360345621,0.26792
5771,20100829 11:00:00,0.04,0.13,0.01,0.11,0.358167143,0.27793
5772,20100829 12:00:00,0.05,0.13,0.02,0.09,0.343897749,0.288
5773,20100829 13:00:00,0.06,0.13,0.03,0.05,0.317339332,0.27802
5774,20100829 14:00:00,0.07,0.14,0.04,0.01,0.270706468,0.23802
5775,20100829 15:00:00,0.09,0.15,0.04,-0.03,0.20456147,0.188
5776,20100829 16:00:00,0.13,0.16,0.06,-0.07,0.136563736,0.12796
5777,20100829 17:00:00,0.17,0.18,0.09,-0.09,0.090471021,0.07799
5778,20100829 18:00:00,0.22,0.21,0.12,-0.1,0.081506448,0.0481
5779,20100829 19:00:00,0.26,0.23,0.15,-0.11,0.109455246,0.04814
5780,20100829 20:00:00,0.3,0.24,0.18,-0.1,0.161926071,0.07822
5781,20100829 21:00:00,0.34,0.25,0.21,-0.08,0.222920706,0.11824
5782,20100829 22:00:00,0.37,0.26,0.23,-0.05,0.278127612,0.16822
5783,20100829 23:00:00,0.38,0.26,0.25,-0.02,0.317503721,0.20822
5784,20100830 00:00:00,0.36,0.25,0.26,0,0.338910739,0.24825
5785,20100830 01:00:00,0.32,0.24,0.24,0.01,0.344075493,0.26825
5786,20100830 02:00:00,0.26,0.21,0.21,0.02,0.332109112,0.26823
5787,20100830 03:00:00,0.2,0.19,0.17,0.03,0.30331485,0.24817
5788,20100830 04:00:00,0.14,0.17,0.12,0.04,0.268183181,0.22808
5789,20100830 05:00:00,0.09,0.14,0.07,0.07,0.245146751,0.19795
5790,20100830 06:00:00,0.04,0.13,0.02,0.09,0.247886567,0.19763
5791,20100830 07:00:00,0,0.11,-0.01,0.11,0.27519481,0.20731
5792,20100830 08:00:00,-0.04,0.1,-0.04,0.13,0.313193122,0.2269
5793,20100830 09:00:00,-0.06,0.09,-0.07,0.13,0.345997986,0.2565
5794,20100830 10:00:00,-0.07,0.08,-0.08,0.13,0.363210802,0.27614
5795,20100830 11:00:00,-0.06,0.08,-0.08,0.12,0.361515226,0.28581
5796,20100830 12:00:00,-0.04,0.09,-0.07,0.09,0.344312111,0.28548
5797,20100830 13:00:00,-0.01,0.1,-0.05,0.05,0.316401098,0.27522
5798,20100830 14:00:00,0.01,0.11,-0.03,0,0.275048723,0.24492
5799,20100830 15:00:00,0.05,0.13,0,-0.06,0.21448726,0.19472
5800,20100830 16:00:00,0.1,0.16,0.03,-0.11,0.141151234,0.13453
5801,20100830 17:00:00,0.16,0.19,0.08,-0.14,0.075591498,0.07438
5802,20100830 18:00:00,0.22,0.22,0.13,-0.17,0.038216023,0.03424
5803,20100830 19:00:00,0.28,0.25,0.18,-0.18,0.038297291,0.00408
5804,20100830 20:00:00,0.34,0.27,0.22,-0.18,0.0724955,0.01392
5805,20100830 21:00:00,0.39,0.29,0.26,-0.16,0.13050712,0.04371
5806,20100830 22:00:00,0.43,0.3,0.29,-0.13,0.19928159,0.09358
5807,20100830 23:00:00,0.45,0.3,0.32,-0.08,0.26425472,0.1435
5808,20100831 00:00:00,0.45,0.3,0.33,-0.04,0.313349516,0.20339
5809,20100831 01:00:00,0.41,0.28,0.32,0,0.343266152,0.24323
5810,20100831 02:00:00,0.35,0.26,0.29,0.03,0.355904687,0.27304
5811,20100831 03:00:00,0.28,0.22,0.25,0.06,0.351074247,0.28294
5812,20100831 04:00:00,0.2,0.19,0.19,0.08,0.331217039,0.27284
5813,20100831 05:00:00,0.12,0.16,0.12,0.11,0.3085805,0.25267
5814,20100831 06:00:00,0.04,0.12,0.05,0.14,0.298936784,0.24249
5815,20100831 07:00:00,-0.02,0.09,-0.02,0.17,0.30874964,0.24224
5816,20100831 08:00:00,-0.08,0.07,-0.07,0.18,0.331453963,0.25201
5817,20100831 09:00:00,-0.12,0.05,-0.12,0.18,0.354691612,0.27182
5818,20100831 10:00:00,-0.15,0.03,-0.15,0.17,0.369474931,0.28168
5819,20100831 11:00:00,-0.15,0.03,-0.16,0.15,0.370954449,0.2915
5820,20100831 12:00:00,-0.13,0.04,-0.16,0.12,0.3562778,0.29135
5821,20100831 13:00:00,-0.1,0.05,-0.14,0.08,0.327101976,0.28114
5822,20100831 14:00:00,-0.06,0.08,-0.11,0.02,0.286802582,0.25094
5823,20100831 15:00:00,-0.01,0.11,-0.07,-0.06,0.233353068,0.21074
5824,20100831 16:00:00,0.05,0.14,-0.03,-0.12,0.16441188,0.15055
5825,20100831 17:00:00,0.12,0.18,0.04,-0.18,0.088842181,0.09029
5826,20100831 18:00:00,0.2,0.22,0.1,-0.22,0.025802384,0.04012
5827,20100831 19:00:00,0.28,0.26,0.17,-0.24,-0.007769281,-0.01003
5828,20100831 20:00:00,0.35,0.29,0.23,-0.25,-0.004363469,-0.03012
5829,20100831 21:00:00,0.42,0.32,0.29,-0.24,0.034288302,-0.02024
5830,20100831 22:00:00,0.48,0.33,0.34,-0.21,0.100452289,0.00968
5831,20100831 23:00:00,0.52,0.34,0.37,-0.16,0.181137863,0.06949
5832,20100901 00:00:00,0.53,0.34,0.39,-0.1,0.258702471,0.1293
5833,20100901 01:00:00,0.51,0.33,0.4,-0.04,0.318458831,0.19915
5834,20100901 02:00:00,0.46,0.31,0.38,0.02,0.356813361,0.24904
5835,20100901 03:00:00,0.39,0.28,0.34,0.07,0.37642512,0.28891
5836,20100901 04:00:00,0.3,0.24,0.28,0.11,0.378572985,0.30874
5837,20100901 05:00:00,0.2,0.19,0.2,0.14,0.367265613,0.29865
5838,20100901 06:00:00,0.09,0.14,0.11,0.18,0.353869186,0.28856
5839,20100901 07:00:00,0,0.1,0.02,0.22,0.349990473,0.2884
5840,20100901 08:00:00,-0.08,0.06,-0.06,0.23,0.357842424,0.28819
5841,20100901 09:00:00,-0.14,0.02,-0.13,0.23,0.370763178,0.29791
5842,20100901 10:00:00,-0.19,0,-0.18,0.23,0.38109565,0.30762
5843,20100901 11:00:00,-0.22,-0.01,-0.22,0.21,0.38442469,0.30733
5844,20100901 12:00:00,-0.22,-0.01,-0.24,0.17,0.376478363,0.30709
5845,20100901 13:00:00,-0.2,0,-0.23,0.12,0.352809862,0.2969
5846,20100901 14:00:00,-0.15,0.03,-0.2,0.06,0.314129514,0.27668
5847,20100901 15:00:00,-0.09,0.07,-0.16,-0.02,0.264438536,0.23639
5848,20100901 16:00:00,-0.03,0.11,-0.11,-0.1,0.203075519,0.18618
5849,20100901 17:00:00,0.05,0.15,-0.03,-0.18,0.128714982,0.12596
5850,20100901 18:00:00,0.14,0.2,0.05,-0.24,0.049695015,0.06566
5851,20100901 19:00:00,0.23,0.25,0.13,-0.29,-0.016558363,-0.00457
5852,20100901 20:00:00,0.32,0.29,0.21,-0.31,-0.053072779,-0.05481
5853,20100901 21:00:00,0.41,0.33,0.28,-0.31,-0.050010315,-0.07508
5854,20100901 22:00:00,0.49,0.36,0.35,-0.29,-0.006522941,-0.06538
5855,20100901 23:00:00,0.55,0.38,0.41,-0.24,0.070382416,-0.01562
5856,20100902 00:00:00,0.58,0.38,0.44,-0.18,0.165541482,0.04423
5857,20100902 01:00:00,0.59,0.38,0.46,-0.1,0.257297013,0.12408
5858,20100902 02:00:00,0.57,0.36,0.46,-0.02,0.328236403,0.20391
5859,20100902 03:00:00,0.51,0.34,0.43,0.05,0.374603319,0.26373
5860,20100902 04:00:00,0.43,0.3,0.38,0.12,0.400321782,0.31354
5861,20100902 05:00:00,0.32,0.25,0.31,0.17,0.408219761,0.33331
5862,20100902 06:00:00,0.2,0.19,0.21,0.21,0.402370571,0.33309
5863,20100902 07:00:00,0.08,0.13,0.1,0.25,0.392006086,0.32287
5864,20100902 08:00:00,-0.03,0.07,-0.01,0.29,0.386141887,0.32252
5865,20100902 09:00:00,-0.12,0.02,-0.11,0.29,0.387145261,0.31215
5866,20100902 10:00:00,-0.19,-0.01,-0.19,0.29,0.391425175,0.32181
5867,20100902 11:00:00,-0.25,-0.04,-0.24,0.27,0.39464134,0.32145
5868,20100902 12:00:00,-0.28,-0.05,-0.28,0.24,0.393220521,0.32108
5869,20100902 13:00:00,-0.28,-0.04,-0.3,0.19,0.38127406,0.32071
5870,20100902 14:00:00,-0.25,-0.02,-0.29,0.13,0.352819163,0.30033
5871,20100902 15:00:00,-0.19,0.02,-0.25,0.05,0.308546243,0.26984
5872,20100902 16:00:00,-0.13,0.06,-0.2,-0.04,0.252800376,0.22935
5873,20100902 17:00:00,-0.05,0.12,-0.12,-0.15,0.184957237,0.17886
5874,20100902 18:00:00,0.04,0.17,-0.03,-0.23,0.103299582,0.10844
5875,20100902 19:00:00,0.14,0.22,0.06,-0.3,0.015538943,0.03798
5876,20100902 20:00:00,0.24,0.27,0.15,-0.35,-0.060054876,-0.03248
5877,20100902 21:00:00,0.35,0.32,0.24,-0.37,-0.103332267,-0.09286
5878,20100902 22:00:00,0.45,0.36,0.33,-0.36,-0.100984446,-0.11324
5879,20100902 23:00:00,0.53,0.4,0.4,-0.33,-0.050977431,-0.10363
5880,20100903 00:00:00,0.6,0.42,0.46,-0.27,0.038706103,-0.05396
5881,20100903 01:00:00,0.63,0.42,0.5,-0.19,0.149903055,0.0257
5882,20100903 02:00:00,0.65,0.42,0.51,-0.1,0.256688153,0.11532
5883,20100903 03:00:00,0.63,0.4,0.51,0,0.338464862,0.20494
5884,20100903 04:00:00,0.57,0.37,0.49,0.1,0.391561144,0.27458
5885,20100903 05:00:00,0.47,0.32,0.43,0.17,0.421931652,0.3342
5886,20100903 06:00:00,0.34,0.26,0.34,0.22,0.433140423,0.36381
5887,20100903 07:00:00,0.21,0.19,0.23,0.27,0.428006787,0.36339
5888,20100903 08:00:00,0.08,0.12,0.1,0.32,0.414151538,0.34298
5889,20100903 09:00:00,-0.04,0.05,-0.02,0.34,0.401560124,0.33256
5890,20100903 10:00:00,-0.14,0,-0.14,0.35,0.395803756,0.33214
5891,20100903 11:00:00,-0.22,-0.04,-0.23,0.33,0.395718071,0.33171
5892,20100903 12:00:00,-0.29,-0.07,-0.29,0.31,0.397388361,0.33135
5893,20100903 13:00:00,-0.32,-0.08,-0.34,0.27,0.396812583,0.33093
5894,20100903 14:00:00,-0.32,-0.07,-0.36,0.21,0.386671916,0.32053
5895,20100903 15:00:00,-0.29,-0.04,-0.34,0.14,0.359227173,0.3002
5896,20100903 16:00:00,-0.24,0.01,-0.3,0.05,0.31362055,0.2699
5897,20100903 17:00:00,-0.17,0.07,-0.23,-0.06,0.253247826,0.22956
5898,20100903 18:00:00,-0.08,0.12,-0.14,-0.17,0.177284227,0.17921
5899,20100903 19:00:00,0.02,0.18,-0.04,-0.27,0.084258701,0.10887
5900,20100903 20:00:00,0.13,0.24,0.07,-0.35,-0.016982211,0.01854
5901,20100903 21:00:00,0.24,0.29,0.16,-0.39,-0.105158319,-0.07164
5902,20100903 22:00:00,0.36,0.34,0.26,-0.41,-0.155644576,-0.13195
5903,20100903 23:00:00,0.47,0.39,0.35,-0.4,-0.152730307,-0.16217
5904,20100904 00:00:00,0.56,0.43,0.44,-0.36,-0.094267321,-0.1424
5905,20100904 01:00:00,0.63,0.45,0.5,-0.29,0.010532258,-0.07267
5906,20100904 02:00:00,0.68,0.46,0.54,-0.19,0.139928134,0.01709
5907,20100904 03:00:00,0.7,0.46,0.56,-0.08,0.261994814,0.11685
5908,20100904 04:00:00,0.68,0.44,0.56,0.03,0.352877054,0.21654
5909,20100904 05:00:00,0.62,0.4,0.54,0.13,0.41026652,0.29626
5910,20100904 06:00:00,0.51,0.35,0.48,0.21,0.442577112,0.35598
5911,20100904 07:00:00,0.38,0.28,0.38,0.27,0.4533789,0.38573
5912,20100904 08:00:00,0.23,0.2,0.25,0.33,0.443830358,0.3755
5913,20100904 09:00:00,0.1,0.11,0.11,0.37,0.422215518,0.35526
5914,20100904 10:00:00,-0.03,0.04,-0.03,0.39,0.40221129,0.33505
5915,20100904 11:00:00,-0.14,-0.02,-0.16,0.38,0.392319434,0.33484
5916,20100904 12:00:00,-0.23,-0.06,-0.25,0.37,0.391671171,0.33459
5917,20100904 13:00:00,-0.3,-0.09,-0.33,0.35,0.396612306,0.33438
5918,20100904 14:00:00,-0.34,-0.09,-0.37,0.31,0.403308809,0.33416
5919,20100904 15:00:00,-0.34,-0.08,-0.39,0.24,0.402054939,0.33394
5920,20100904 16:00:00,-0.32,-0.04,-0.38,0.16,0.380214948,0.31373
5921,20100904 17:00:00,-0.26,0.01,-0.32,0.06,0.333842839,0.2936
5922,20100904 18:00:00,-0.19,0.07,-0.24,-0.06,0.266545171,0.25344
5923,20100904 19:00:00,-0.11,0.13,-0.14,-0.19,0.179453681,0.19327
5924,20100904 20:00:00,0,0.19,-0.04,-0.29,0.072444275,0.10302
5925,20100904 21:00:00,0.11,0.24,0.06,-0.37,-0.043989547,0.0028
5926,20100904 22:00:00,0.23,0.3,0.17,-0.43,-0.144710443,-0.09745
5927,20100904 23:00:00,0.35,0.35,0.26,-0.45,-0.20102878,-0.15763
5928,20100905 00:00:00,0.47,0.4,0.36,-0.43,-0.195628413,-0.18789
5929,20100905 01:00:00,0.57,0.44,0.45,-0.38,-0.126383276,-0.16818
5930,20100905 02:00:00,0.65,0.47,0.52,-0.29,-0.004062896,-0.09848
5931,20100905 03:00:00,0.71,0.48,0.56,-0.18,0.143625475,0.01117
5932,20100905 04:00:00,0.74,0.48,0.59,-0.06,0.277582324,0.1208
5933,20100905 05:00:00,0.72,0.46,0.6,0.06,0.372144058,0.23048
5934,20100905 06:00:00,0.65,0.43,0.58,0.16,0.428663548,0.32011
5935,20100905 07:00:00,0.54,0.36,0.51,0.24,0.458193929,0.37971
5936,20100905 08:00:00,0.4,0.29,0.41,0.3,0.463367185,0.38938
5937,20100905 09:00:00,0.26,0.2,0.27,0.35,0.444534694,0.37912
5938,20100905 10:00:00,0.11,0.11,0.12,0.39,0.412743204,0.3489
5939,20100905 11:00:00,-0.02,0.04,-0.03,0.4,0.385369225,0.32872
5940,20100905 12:00:00,-0.13,-0.02,-0.16,0.4,0.37251331,0.31839
5941,20100905 13:00:00,-0.22,-0.06,-0.26,0.39,0.37415541,0.31803
5942,20100905 14:00:00,-0.29,-0.09,-0.33,0.37,0.388218259,0.31772
5943,20100905 15:00:00,-0.33,-0.09,-0.38,0.33,0.409636014,0.3274
5944,20100905 16:00:00,-0.34,-0.06,-0.39,0.26,0.422118424,0.33707
5945,20100905 17:00:00,-0.31,-0.02,-0.37,0.18,0.406017792,0.3367
5946,20100905 18:00:00,-0.26,0.03,-0.3,0.07,0.356218972,0.3164
5947,20100905 19:00:00,-0.19,0.08,-0.23,-0.05,0.280116895,0.27613
5948,20100905 20:00:00,-0.11,0.13,-0.13,-0.18,0.18187444,0.20585
5949,20100905 21:00:00,-0.01,0.19,-0.04,-0.29,0.061926821,0.1056
5950,20100905 22:00:00,0.1,0.24,0.06,-0.38,-0.067870505,-0.00471
5951,20100905 23:00:00,0.21,0.29,0.16,-0.44,-0.178493427,-0.11513
5952,20100906 00:00:00,0.33,0.34,0.25,-0.46,-0.237574438,-0.18559
5953,20100906 01:00:00,0.45,0.4,0.34,-0.43,-0.226434448,-0.20611
5954,20100906 02:00:00,0.56,0.44,0.43,-0.37,-0.143284908,-0.17668
5955,20100906 03:00:00,0.65,0.47,0.5,-0.28,-0.00279639,-0.09721
5956,20100906 04:00:00,0.71,0.49,0.55,-0.16,0.158956328,0.01228
5957,20100906 05:00:00,0.73,0.49,0.59,-0.03,0.296452782,0.14179
5958,20100906 06:00:00,0.71,0.47,0.6,0.08,0.38612484,0.25126
5959,20100906 07:00:00,0.65,0.43,0.58,0.18,0.434991721,0.34076
5960,20100906 08:00:00,0.54,0.37,0.52,0.26,0.456244874,0.39026
5961,20100906 09:00:00,0.41,0.29,0.42,0.31,0.450784481,0.38986
5962,20100906 10:00:00,0.27,0.21,0.28,0.34,0.418966342,0.35945
5963,20100906 11:00:00,0.13,0.12,0.14,0.37,0.375036558,0.32908
5964,20100906 12:00:00,0.01,0.05,-0.01,0.38,0.339895762,0.29875
5965,20100906 13:00:00,-0.09,0,-0.13,0.39,0.325775456,0.27833
5966,20100906 14:00:00,-0.18,-0.04,-0.23,0.38,0.33514074,0.27793
5967,20100906 15:00:00,-0.24,-0.06,-0.29,0.37,0.366729535,0.28744
5968,20100906 16:00:00,-0.27,-0.05,-0.33,0.33,0.409628931,0.31696
5969,20100906 17:00:00,-0.27,-0.03,-0.34,0.27,0.437030966,0.34643
5970,20100906 18:00:00,-0.25,0.01,-0.31,0.2,0.423860889,0.35582
5971,20100906 19:00:00,-0.2,0.05,-0.25,0.09,0.369609885,0.33529
5972,20100906 20:00:00,-0.15,0.1,-0.18,-0.03,0.287739006,0.29479
5973,20100906 21:00:00,-0.08,0.14,-0.1,-0.16,0.183643093,0.21424
5974,20100906 22:00:00,0,0.19,-0.02,-0.27,0.055953566,0.10379
5975,20100906 23:00:00,0.09,0.23,0.07,-0.36,-0.082462051,-0.01672
5976,20100907 00:00:00,0.19,0.27,0.14,-0.41,-0.197680037,-0.11723
5977,20100907 01:00:00,0.3,0.32,0.22,-0.42,-0.253804729,-0.19773
5978,20100907 02:00:00,0.41,0.37,0.3,-0.4,-0.231653865,-0.21826
5979,20100907 03:00:00,0.52,0.41,0.39,-0.33,-0.132301263,-0.17884
5980,20100907 04:00:00,0.6,0.44,0.45,-0.23,0.02258227,-0.08935
5981,20100907 05:00:00,0.65,0.46,0.5,-0.12,0.188335269,0.0399
5982,20100907 06:00:00,0.67,0.46,0.54,0,0.317152769,0.16918
5983,20100907 07:00:00,0.65,0.45,0.56,0.1,0.391751791,0.2685
5984,20100907 08:00:00,0.6,0.42,0.55,0.19,0.426294152,0.34777
5985,20100907 09:00:00,0.5,0.36,0.49,0.24,0.434265453,0.37701
5986,20100907 10:00:00,0.38,0.29,0.4,0.27,0.413596703,0.35634
5987,20100907 11:00:00,0.26,0.21,0.28,0.29,0.364840998,0.31572
5988,20100907 12:00:00,0.14,0.14,0.15,0.3,0.305873292,0.27508
5989,20100907 13:00:00,0.05,0.08,0.02,0.32,0.262515882,0.23437
5990,20100907 14:00:00,-0.03,0.04,-0.08,0.33,0.251349586,0.21369
5991,20100907 15:00:00,-0.09,0.01,-0.15,0.33,0.276643649,0.213
5992,20100907 16:00:00,-0.13,0,-0.2,0.33,0.333042085,0.24227
5993,20100907 17:00:00,-0.15,0.01,-0.23,0.3,0.398569194,0.29163
5994,20100907 18:00:00,-0.15,0.03,-0.23,0.26,0.437127799,0.33098
5995,20100907 19:00:00,-0.13,0.06,-0.21,0.2,0.425515325,0.35031
5996,20100907 20:00:00,-0.1,0.09,-0.16,0.11,0.371449811,0.33986
5997,20100907 21:00:00,-0.06,0.12,-0.1,0,0.292252803,0.29921
5998,20100907 22:00:00,-0.02,0.15,-0.04,-0.11,0.190174042,0.21867
5999,20100907 23:00:00,0.03,0.18,0.02,-0.22,0.061204926,0.10831
6000,20100908 00:00:00,0.09,0.21,0.07,-0.3,-0.079031687,-0.01224
6001,20100908 01:00:00,0.16,0.24,0.11,-0.35,-0.191382816,-0.11284
6002,20100908 02:00:00,0.25,0.28,0.17,-0.35,-0.237827374,-0.18349
6003,20100908 03:00:00,0.35,0.32,0.24,-0.31,-0.200971049,-0.19408
6004,20100908 04:00:00,0.43,0.36,0.31,-0.25,-0.0876877,-0.14462
6005,20100908 05:00:00,0.49,0.39,0.36,-0.17,0.071446027,-0.0452
6006,20100908 06:00:00,0.53,0.4,0.4,-0.07,0.225969226,0.07404
6007,20100908 07:00:00,0.55,0.41,0.44,0.03,0.332433875,0.19335
6008,20100908 08:00:00,0.54,0.4,0.47,0.12,0.384075218,0.28281
6009,20100908 09:00:00,0.5,0.38,0.46,0.17,0.400129962,0.33226
6010,20100908 10:00:00,0.42,0.33,0.43,0.19,0.390717692,0.34159
6011,20100908 11:00:00,0.33,0.28,0.36,0.19,0.350093465,0.31099
6012,20100908 12:00:00,0.24,0.22,0.27,0.19,0.2802258,0.26042
6013,20100908 13:00:00,0.16,0.16,0.16,0.2,0.205353867,0.19978
6014,20100908 14:00:00,0.1,0.12,0.07,0.21,0.158038241,0.14919
6015,20100908 15:00:00,0.06,0.1,0,0.23,0.158179395,0.12868
6016,20100908 16:00:00,0.04,0.09,-0.04,0.25,0.207326244,0.13823
6017,20100908 17:00:00,0.02,0.08,-0.07,0.26,0.290360057,0.19779
6018,20100908 18:00:00,0,0.09,-0.09,0.25,0.373995419,0.25734
6019,20100908 19:00:00,0.01,0.1,-0.09,0.23,0.4196665,0.30684
6020,20100908 20:00:00,0.02,0.12,-0.07,0.19,0.412361641,0.33638
6021,20100908 21:00:00,0.04,0.14,-0.03,0.13,0.367311409,0.33594
6022,20100908 22:00:00,0.05,0.16,0,0.05,0.300475447,0.29549
6023,20100908 23:00:00,0.06,0.17,0.04,-0.06,0.207966861,0.22511
6024,20100909 00:00:00,0.06,0.17,0.06,-0.15,0.084357121,0.12477
6025,20100909 01:00:00,0.09,0.18,0.07,-0.21,-0.049737486,0.01437
6026,20100909 02:00:00,0.13,0.2,0.08,-0.24,-0.150591368,-0.08599
6027,20100909 03:00:00,0.19,0.23,0.11,-0.23,-0.180624903,-0.14646
6028,20100909 04:00:00,0.25,0.26,0.15,-0.2,-0.128943155,-0.14698
6029,20100909 05:00:00,0.3,0.29,0.2,-0.15,-0.010589709,-0.08759
6030,20100909 06:00:00,0.33,0.31,0.23,-0.08,0.137370478,0.01189
6031,20100909 07:00:00,0.36,0.32,0.27,0,0.265273623,0.12128
6032,20100909 08:00:00,0.39,0.33,0.3,0.07,0.339710449,0.22059
6033,20100909 09:00:00,0.39,0.34,0.33,0.11,0.358543021,0.27994
6034,20100909 10:00:00,0.37,0.32,0.35,0.13,0.35967612,0.31928
6035,20100909 11:00:00,0.32,0.29,0.33,0.11,0.329232733,0.29868
6036,20100909 12:00:00,0.26,0.26,0.29,0.08,0.264001832,0.24809
6037,20100909 13:00:00,0.22,0.22,0.24,0.07,0.171032988,0.17743
6038,20100909 14:00:00,0.19,0.19,0.18,0.07,0.083770768,0.10676
6039,20100909 15:00:00,0.18,0.18,0.13,0.08,0.040708254,0.04616
6040,20100909 16:00:00,0.19,0.17,0.11,0.11,0.059921286,0.03561
6041,20100909 17:00:00,0.19,0.17,0.09,0.13,0.133955299,0.06515
6042,20100909 18:00:00,0.18,0.17,0.08,0.16,0.236991395,0.13462
6043,20100909 19:00:00,0.18,0.17,0.07,0.18,0.331040947,0.21419
6044,20100909 20:00:00,0.19,0.18,0.07,0.19,0.382868056,0.27388
6045,20100909 21:00:00,0.2,0.19,0.09,0.18,0.386565055,0.30354
6046,20100909 22:00:00,0.19,0.19,0.11,0.15,0.359443102,0.31319
6047,20100909 23:00:00,0.16,0.19,0.12,0.08,0.311431186,0.2928
6048,20100910 00:00:00,0.12,0.18,0.11,0.01,0.233443673,0.23241
6049,20100910 01:00:00,0.09,0.16,0.09,-0.06,0.121834365,0.14205
6050,20100910 02:00:00,0.08,0.16,0.06,-0.1,0.002746266,0.05167
6051,20100910 03:00:00,0.09,0.16,0.04,-0.1,-0.078594266,-0.03875
6052,20100910 04:00:00,0.11,0.17,0.04,-0.09,-0.089980629,-0.07927
6053,20100910 05:00:00,0.13,0.19,0.05,-0.07,-0.029501741,-0.0698
6054,20100910 06:00:00,0.14,0.2,0.07,-0.03,0.080500845,-0.00029
6055,20100910 07:00:00,0.15,0.21,0.09,0.01,0.201909391,0.08915
6056,20100910 08:00:00,0.18,0.23,0.11,0.06,0.293038754,0.1686
6057,20100910 09:00:00,0.21,0.25,0.14,0.09,0.333470946,0.2281
6058,20100910 10:00:00,0.23,0.26,0.18,0.1,0.333280329,0.27757
6059,20100910 11:00:00,0.23,0.26,0.21,0.07,0.30767383,0.27703
6060,20100910 12:00:00,0.21,0.25,0.22,0.02,0.253367926,0.24652
6061,20100910 13:00:00,0.2,0.24,0.22,-0.03,0.162422275,0.17595
6062,20100910 14:00:00,0.21,0.23,0.21,-0.06,0.050860813,0.08529
6063,20100910 15:00:00,0.23,0.23,0.19,-0.06,-0.039116029,0.00466
6064,20100910 16:00:00,0.27,0.24,0.19,-0.05,-0.068722351,-0.05579
6065,20100910 17:00:00,0.31,0.25,0.21,-0.03,-0.028551921,-0.05627
6066,20100910 18:00:00,0.33,0.26,0.22,0.01,0.063369157,-0.00671
6067,20100910 19:00:00,0.34,0.26,0.23,0.05,0.176085374,0.07289
6068,20100910 20:00:00,0.35,0.26,0.22,0.09,0.274955012,0.15253
6069,20100910 21:00:00,0.36,0.26,0.23,0.14,0.33498901,0.22224
6070,20100910 22:00:00,0.35,0.26,0.24,0.16,0.355366424,0.27197
6071,20100910 23:00:00,0.31,0.24,0.23,0.15,0.350313548,0.30159
6072,20100911 00:00:00,0.24,0.22,0.21,0.12,0.323138224,0.29119
6073,20100911 01:00:00,0.17,0.19,0.17,0.07,0.262633346,0.25082
6074,20100911 02:00:00,0.1,0.16,0.11,0.04,0.169141898,0.17047
6075,20100911 03:00:00,0.06,0.13,0.05,0.03,0.07245934,0.09014
6076,20100911 04:00:00,0.03,0.12,0,0.04,0.0148148,0.02978
6077,20100911 05:00:00,0.02,0.12,-0.03,0.05,0.018838324,0.00931
6078,20100911 06:00:00,0,0.12,-0.04,0.06,0.077285837,0.02888
6079,20100911 07:00:00,-0.02,0.12,-0.05,0.08,0.165264293,0.07846
6080,20100911 08:00:00,-0.01,0.12,-0.05,0.1,0.250820225,0.14801
6081,20100911 09:00:00,0.01,0.14,-0.04,0.11,0.304673524,0.19761
6082,20100911 10:00:00,0.05,0.16,-0.01,0.11,0.316437889,0.23717
6083,20100911 11:00:00,0.09,0.18,0.04,0.08,0.29589092,0.25671
6084,20100911 12:00:00,0.11,0.19,0.08,0.01,0.250441886,0.23631
6085,20100911 13:00:00,0.13,0.21,0.12,-0.07,0.173040485,0.18585
6086,20100911 14:00:00,0.16,0.22,0.15,-0.13,0.06192642,0.0953
6087,20100911 15:00:00,0.21,0.24,0.18,-0.17,-0.056851313,-0.00524
6088,20100911 16:00:00,0.28,0.26,0.21,-0.18,-0.138220593,-0.08557
6089,20100911 17:00:00,0.34,0.29,0.25,-0.17,-0.150839739,-0.13584
6090,20100911 18:00:00,0.4,0.31,0.29,-0.15,-0.096329127,-0.12606
6091,20100911 19:00:00,0.45,0.33,0.32,-0.11,0.001785111,-0.06625
6092,20100911 20:00:00,0.47,0.33,0.34,-0.05,0.115248105,0.01356
6093,20100911 21:00:00,0.49,0.33,0.35,0.02,0.216544986,0.0934
6094,20100911 22:00:00,0.48,0.32,0.36,0.09,0.286459107,0.17325
6095,20100911 23:00:00,0.45,0.31,0.35,0.13,0.324581338,0.23311
6096,20100912 00:00:00,0.38,0.28,0.33,0.15,0.340455798,0.27293
6097,20100912 01:00:00,0.29,0.24,0.28,0.15,0.332989777,0.28269
6098,20100912 02:00:00,0.2,0.2,0.21,0.13,0.29182714,0.25251
6099,20100912 03:00:00,0.11,0.16,0.13,0.13,0.22118532,0.20237
6100,20100912 04:00:00,0.04,0.12,0.04,0.15,0.150834925,0.15231
6101,20100912 05:00:00,-0.02,0.09,-0.03,0.16,0.115328652,0.10223
6102,20100912 06:00:00,-0.07,0.07,-0.08,0.16,0.126279371,0.09211
6103,20100912 07:00:00,-0.11,0.06,-0.12,0.16,0.171053207,0.11197
6104,20100912 08:00:00,-0.14,0.05,-0.15,0.17,0.229126869,0.15186
6105,20100912 09:00:00,-0.14,0.05,-0.17,0.16,0.279756722,0.19171
6106,20100912 10:00:00,-0.11,0.06,-0.17,0.15,0.304511845,0.22156
6107,20100912 11:00:00,-0.07,0.09,-0.13,0.11,0.29687244,0.24142
6108,20100912 12:00:00,-0.03,0.11,-0.08,0.05,0.261532657,0.23128
6109,20100912 13:00:00,0.01,0.14,-0.02,-0.04,0.199655385,0.20116
6110,20100912 14:00:00,0.06,0.18,0.03,-0.13,0.10597514,0.13102
6111,20100912 15:00:00,0.13,0.21,0.09,-0.21,-0.01288146,0.03089
6112,20100912 16:00:00,0.21,0.25,0.16,-0.25,-0.125948073,-0.06916
6113,20100912 17:00:00,0.3,0.29,0.22,-0.27,-0.193047728,-0.13915
6114,20100912 18:00:00,0.39,0.33,0.28,-0.27,-0.193617497,-0.17917
6115,20100912 19:00:00,0.47,0.36,0.35,-0.25,-0.136204423,-0.16923
6116,20100912 20:00:00,0.52,0.38,0.39,-0.2,-0.042487314,-0.10924
6117,20100912 21:00:00,0.56,0.38,0.42,-0.13,0.066379084,-0.02928
6118,20100912 22:00:00,0.57,0.38,0.44,-0.04,0.168594388,0.05069
6119,20100912 23:00:00,0.56,0.37,0.44,0.04,0.246791543,0.13068
6120,20100913 00:00:00,0.51,0.34,0.43,0.1,0.298984112,0.20028
6121,20100913 01:00:00,0.42,0.31,0.39,0.15,0.331072337,0.26042
6122,20100913 02:00:00,0.32,0.26,0.32,0.17,0.340438748,0.28029
6123,20100913 03:00:00,0.22,0.21,0.24,0.19,0.318949419,0.27031
6124,20100913 04:00:00,0.12,0.16,0.14,0.21,0.272624183,0.24041
6125,20100913 05:00:00,0.03,0.11,0.04,0.24,0.226905471,0.20041
6126,20100913 06:00:00,-0.05,0.07,-0.05,0.25,0.206034189,0.18051
6127,20100913 07:00:00,-0.12,0.04,-0.12,0.25,0.213095408,0.17068
6128,20100913 08:00:00,-0.18,0.02,-0.18,0.24,0.236606448,0.18068
6129,20100913 09:00:00,-0.21,0,-0.22,0.22,0.265696446,0.20075
6130,20100913 10:00:00,-0.22,0,-0.25,0.2,0.290177775,0.21082
6131,20100913 11:00:00,-0.2,0.01,-0.25,0.17,0.297157565,0.22083
6132,20100913 12:00:00,-0.16,0.03,-0.22,0.11,0.278476942,0.2309
6133,20100913 13:00:00,-0.11,0.07,-0.16,0.03,0.233677941,0.211
6134,20100913 14:00:00,-0.05,0.11,-0.1,-0.07,0.16206792,0.16107
6135,20100913 15:00:00,0.03,0.16,-0.03,-0.17,0.063441433,0.09111
6136,20100913 16:00:00,0.11,0.21,0.05,-0.25,-0.050289491,0.00121
6137,20100913 17:00:00,0.21,0.26,0.14,-0.3,-0.15035767,-0.08864
6138,20100913 18:00:00,0.31,0.31,0.22,-0.32,-0.205653533,-0.15845
6139,20100913 19:00:00,0.41,0.35,0.3,-0.33,-0.203696301,-0.19836
6140,20100913 20:00:00,0.49,0.38,0.37,-0.31,-0.153212172,-0.17838
6141,20100913 21:00:00,0.56,0.4,0.43,-0.26,-0.069450423,-0.12839
6142,20100913 22:00:00,0.6,0.41,0.47,-0.18,0.032659797,-0.05849
6143,20100913 23:00:00,0.61,0.4,0.48,-0.09,0.133595369,0.02142
6144,20100914 00:00:00,0.59,0.39,0.48,0,0.216039968,0.10141
6145,20100914 01:00:00,0.53,0.36,0.46,0.08,0.276789606,0.18142
6146,20100914 02:00:00,0.45,0.32,0.42,0.14,0.320118921,0.24142
6147,20100914 03:00:00,0.34,0.28,0.34,0.19,0.343450178,0.27146
6148,20100914 04:00:00,0.24,0.22,0.25,0.23,0.340390349,0.28156
6149,20100914 05:00:00,0.13,0.17,0.15,0.27,0.31584137,0.26158
6150,20100914 06:00:00,0.03,0.11,0.05,0.3,0.287644695,0.25155
6151,20100914 07:00:00,-0.06,0.06,-0.05,0.31,0.270787743,0.23149
6152,20100914 08:00:00,-0.14,0.02,-0.14,0.3,0.265614988,0.22155
6153,20100914 09:00:00,-0.21,-0.01,-0.2,0.28,0.267493634,0.22131
6154,20100914 10:00:00,-0.25,-0.03,-0.25,0.26,0.2754951,0.22115
6155,20100914 11:00:00,-0.26,-0.03,-0.29,0.23,0.285132329,0.221
6156,20100914 12:00:00,-0.24,-0.02,-0.29,0.18,0.283699012,0.22083
6157,20100914 13:00:00,-0.2,0.01,-0.26,0.12,0.26012099,0.22071
6158,20100914 14:00:00,-0.15,0.05,-0.21,0.03,0.211551485,0.19054
6159,20100914 15:00:00,-0.08,0.09,-0.14,-0.07,0.139134762,0.14039
6160,20100914 16:00:00,0,0.15,-0.06,-0.17,0.046274373,0.07021
6161,20100914 17:00:00,0.1,0.21,0.03,-0.26,-0.055387583,-0.00996
6162,20100914 18:00:00,0.2,0.26,0.13,-0.31,-0.143688986,-0.09017
6163,20100914 19:00:00,0.3,0.31,0.22,-0.35,-0.194925623,-0.16027
6164,20100914 20:00:00,0.41,0.36,0.3,-0.36,-0.19873074,-0.19033
6165,20100914 21:00:00,0.5,0.39,0.37,-0.35,-0.159441092,-0.18043
6166,20100914 22:00:00,0.57,0.41,0.44,-0.3,-0.086152815,-0.14048
6167,20100914 23:00:00,0.61,0.42,0.48,-0.22,0.00904398,-0.08048
6168,20100915 00:00:00,0.61,0.41,0.5,-0.13,0.106796298,-0.00047
6169,20100915 01:00:00,0.59,0.4,0.49,-0.03,0.189898624,0.07946
6170,20100915 02:00:00,0.54,0.37,0.47,0.07,0.25468467,0.15928
6171,20100915 03:00:00,0.46,0.34,0.43,0.15,0.304970553,0.21905
6172,20100915 04:00:00,0.36,0.29,0.35,0.21,0.339026164,0.25882
6173,20100915 05:00:00,0.25,0.23,0.26,0.26,0.350825743,0.27857
6174,20100915 06:00:00,0.14,0.17,0.16,0.3,0.341276075,0.27837
6175,20100915 07:00:00,0.04,0.11,0.06,0.33,0.320769792,0.26813
6176,20100915 08:00:00,-0.06,0.06,-0.05,0.34,0.299531941,0.25796
6177,20100915 09:00:00,-0.14,0.02,-0.13,0.32,0.280999408,0.24776
6178,20100915 10:00:00,-0.21,-0.01,-0.2,0.3,0.26812154,0.22753
6179,20100915 11:00:00,-0.25,-0.04,-0.26,0.28,0.265582071,0.21727
6180,20100915 12:00:00,-0.27,-0.04,-0.29,0.24,0.269675879,0.21694
6181,20100915 13:00:00,-0.26,-0.03,-0.3,0.19,0.266173511,0.2066
6182,20100915 14:00:00,-0.22,0,-0.28,0.13,0.242814409,0.19622
6183,20100915 15:00:00,-0.16,0.04,-0.23,0.04,0.197090211,0.17592
6184,20100915 16:00:00,-0.09,0.1,-0.16,-0.06,0.13159057,0.12565
6185,20100915 17:00:00,0,0.15,-0.07,-0.16,0.049891795,0.07534
6186,20100915 18:00:00,0.09,0.21,0.03,-0.25,-0.040515281,-0.00495
6187,20100915 19:00:00,0.19,0.26,0.12,-0.31,-0.123161589,-0.08525
6188,20100915 20:00:00,0.29,0.31,0.21,-0.35,-0.177019388,-0.1455
6189,20100915 21:00:00,0.4,0.35,0.29,-0.37,-0.189677541,-0.18576
6190,20100915 22:00:00,0.49,0.39,0.37,-0.36,-0.161034845,-0.18609
6191,20100915 23:00:00,0.56,0.41,0.43,-0.31,-0.09643491,-0.14645
6192,20100916 00:00:00,0.59,0.41,0.47,-0.23,-0.007220496,-0.08684
6193,20100916 01:00:00,0.6,0.41,0.49,-0.14,0.086942635,-0.01734
6194,20100916 02:00:00,0.59,0.4,0.49,-0.03,0.168889014,0.06215
6195,20100916 03:00:00,0.55,0.38,0.47,0.07,0.235072785,0.1417
6196,20100916 04:00:00,0.47,0.34,0.43,0.16,0.289413789,0.20123
6197,20100916 05:00:00,0.37,0.29,0.36,0.22,0.33059789,0.25076
6198,20100916 06:00:00,0.26,0.24,0.27,0.28,0.351109846,0.28026
6199,20100916 07:00:00,0.15,0.18,0.17,0.32,0.347066918,0.27971
6200,20100916 08:00:00,0.05,0.12,0.06,0.34,0.325049046,0.27914
6201,20100916 09:00:00,-0.05,0.06,-0.04,0.34,0.295699512,0.25858
6202,20100916 10:00:00,-0.13,0.02,-0.12,0.32,0.267256894,0.23792
6203,20100916 11:00:00,-0.2,-0.01,-0.19,0.31,0.247430316,0.21715
6204,20100916 12:00:00,-0.24,-0.03,-0.25,0.28,0.242102946,0.20635
6205,20100916 13:00:00,-0.26,-0.04,-0.28,0.25,0.246474181,0.19562
6206,20100916 14:00:00,-0.25,-0.02,-0.29,0.21,0.245371687,0.18497
6207,20100916 15:00:00,-0.2,0.01,-0.26,0.14,0.226566377,0.17444
6208,20100916 16:00:00,-0.15,0.06,-0.22,0.06,0.187539528,0.15398
6209,20100916 17:00:00,-0.08,0.11,-0.14,-0.04,0.130709757,0.12354
6210,20100916 18:00:00,0.01,0.16,-0.06,-0.14,0.057614474,0.07317
6211,20100916 19:00:00,0.09,0.21,0.04,-0.23,-0.027859838,0.00279
6212,20100916 20:00:00,0.19,0.26,0.12,-0.29,-0.111214063,-0.0777
6213,20100916 21:00:00,0.29,0.3,0.2,-0.34,-0.170165858,-0.13814
6214,20100916 22:00:00,0.39,0.35,0.28,-0.36,-0.189619941,-0.17852
6215,20100916 23:00:00,0.47,0.38,0.36,-0.35,-0.166826839,-0.18905
6216,20100917 00:00:00,0.54,0.4,0.42,-0.3,-0.105895696,-0.15948
6217,20100917 01:00:00,0.58,0.41,0.46,-0.23,-0.018573,-0.09987
6218,20100917 02:00:00,0.59,0.41,0.47,-0.13,0.074305665,-0.03033
6219,20100917 03:00:00,0.58,0.4,0.48,-0.02,0.155191396,0.04921
6220,20100917 04:00:00,0.54,0.38,0.46,0.09,0.220831571,0.12874
6221,20100917 05:00:00,0.47,0.34,0.42,0.17,0.275970154,0.19823
6222,20100917 06:00:00,0.37,0.3,0.36,0.24,0.31914701,0.24771
6223,20100917 07:00:00,0.26,0.24,0.27,0.29,0.340501348,0.26716
6224,20100917 08:00:00,0.16,0.18,0.17,0.33,0.333718934,0.26658
6225,20100917 09:00:00,0.05,0.12,0.07,0.34,0.305780538,0.25603
6226,20100917 10:00:00,-0.04,0.07,-0.03,0.33,0.27054918,0.23559
6227,20100917 11:00:00,-0.12,0.03,-0.11,0.32,0.239109506,0.2152
6228,20100917 12:00:00,-0.18,0,-0.17,0.3,0.22012232,0.19479
6229,20100917 13:00:00,-0.22,-0.02,-0.23,0.29,0.218686803,0.18439
6230,20100917 14:00:00,-0.23,-0.02,-0.26,0.26,0.228606306,0.17399
6231,20100917 15:00:00,-0.22,0,-0.26,0.22,0.233846024,0.17359
6232,20100917 16:00:00,-0.17,0.04,-0.24,0.16,0.221212421,0.16315
6233,20100917 17:00:00,-0.11,0.08,-0.18,0.07,0.187736451,0.15271
6234,20100917 18:00:00,-0.05,0.13,-0.11,-0.03,0.135424359,0.13227
6235,20100917 19:00:00,0.03,0.18,-0.03,-0.12,0.064596062,0.08175
6236,20100917 20:00:00,0.11,0.22,0.05,-0.21,-0.021807932,0.01126
6237,20100917 21:00:00,0.19,0.26,0.13,-0.28,-0.108136058,-0.06926
6238,20100917 22:00:00,0.29,0.3,0.2,-0.32,-0.170091802,-0.13973
6239,20100917 23:00:00,0.38,0.34,0.28,-0.34,-0.191249849,-0.18019
6240,20100918 00:00:00,0.46,0.37,0.35,-0.32,-0.167965119,-0.19065
6241,20100918 01:00:00,0.52,0.39,0.4,-0.27,-0.104519492,-0.16117
6242,20100918 02:00:00,0.56,0.4,0.43,-0.19,-0.0144858,-0.1018
6243,20100918 03:00:00,0.57,0.4,0.45,-0.09,0.078736083,-0.02253
6244,20100918 04:00:00,0.57,0.39,0.46,0.01,0.157109933,0.05693
6245,20100918 05:00:00,0.52,0.37,0.45,0.11,0.219155629,0.13641
6246,20100918 06:00:00,0.45,0.34,0.41,0.19,0.270662174,0.19583
6247,20100918 07:00:00,0.36,0.29,0.35,0.25,0.309119825,0.23528
6248,20100918 08:00:00,0.25,0.24,0.26,0.29,0.323430738,0.25479
6249,20100918 09:00:00,0.15,0.18,0.17,0.32,0.308375929,0.25429
6250,20100918 10:00:00,0.05,0.12,0.07,0.32,0.273988293,0.23379
6251,20100918 11:00:00,-0.03,0.07,-0.02,0.31,0.236286603,0.21331
6252,20100918 12:00:00,-0.1,0.04,-0.1,0.31,0.206474191,0.18276
6253,20100918 13:00:00,-0.15,0.01,-0.15,0.3,0.192854446,0.16216
6254,20100918 14:00:00,-0.18,0,-0.2,0.28,0.199701722,0.16151
6255,20100918 15:00:00,-0.19,0.01,-0.22,0.26,0.218439317,0.1609
6256,20100918 16:00:00,-0.17,0.04,-0.22,0.22,0.230224656,0.16019
6257,20100918 17:00:00,-0.12,0.07,-0.19,0.16,0.220597749,0.16962
6258,20100918 18:00:00,-0.06,0.11,-0.13,0.08,0.187422593,0.15898
6259,20100918 19:00:00,0,0.15,-0.07,-0.02,0.133800388,0.12836
6260,20100918 20:00:00,0.06,0.19,0,-0.11,0.060260829,0.07785
6261,20100918 21:00:00,0.13,0.22,0.07,-0.19,-0.029548636,-0.00274
6262,20100918 22:00:00,0.21,0.26,0.14,-0.25,-0.117889493,-0.08356
6263,20100918 23:00:00,0.29,0.3,0.21,-0.29,-0.178936255,-0.14442
6264,20100919 00:00:00,0.37,0.33,0.27,-0.3,-0.195802196,-0.18527
6265,20100919 01:00:00,0.44,0.36,0.33,-0.28,-0.165071571,-0.18603
6266,20100919 02:00:00,0.49,0.38,0.38,-0.22,-0.09267464,-0.15671
6267,20100919 03:00:00,0.53,0.39,0.41,-0.14,0.002910221,-0.08747
6268,20100919 04:00:00,0.54,0.39,0.43,-0.04,0.095212747,-0.00823
6269,20100919 05:00:00,0.53,0.39,0.44,0.05,0.167610256,0.07107
6270,20100919 06:00:00,0.49,0.36,0.43,0.13,0.22149474,0.14049
6271,20100919 07:00:00,0.42,0.33,0.39,0.2,0.263412028,0.19983
6272,20100919 08:00:00,0.33,0.28,0.32,0.25,0.290076683,0.22916
6273,20100919 09:00:00,0.23,0.23,0.24,0.28,0.290987877,0.22846
6274,20100919 10:00:00,0.13,0.17,0.15,0.29,0.264970278,0.21782
6275,20100919 11:00:00,0.05,0.12,0.06,0.29,0.225476829,0.19721
6276,20100919 12:00:00,-0.02,0.08,-0.02,0.29,0.188683607,0.16665
6277,20100919 13:00:00,-0.08,0.05,-0.08,0.29,0.165331008,0.14609
6278,20100919 14:00:00,-0.11,0.04,-0.12,0.28,0.16355292,0.13548
6279,20100919 15:00:00,-0.13,0.04,-0.16,0.27,0.184346166,0.13491
6280,20100919 16:00:00,-0.12,0.05,-0.17,0.25,0.213447207,0.14432
6281,20100919 17:00:00,-0.09,0.07,-0.16,0.21,0.228254665,0.15372
6282,20100919 18:00:00,-0.05,0.11,-0.13,0.15,0.215958581,0.16312
6283,20100919 19:00:00,0,0.14,-0.08,0.07,0.17851764,0.15253
6284,20100919 20:00:00,0.05,0.17,-0.02,-0.01,0.120845712,0.12189
6285,20100919 21:00:00,0.1,0.2,0.04,-0.1,0.043215133,0.06134
6286,20100919 22:00:00,0.15,0.23,0.1,-0.17,-0.049199116,-0.01923
6287,20100919 23:00:00,0.21,0.26,0.15,-0.22,-0.135570601,-0.09983
6288,20100920 00:00:00,0.28,0.29,0.2,-0.25,-0.188914026,-0.16038
6289,20100920 01:00:00,0.35,0.32,0.26,-0.25,-0.193561633,-0.19093
6290,20100920 02:00:00,0.41,0.35,0.31,-0.22,-0.148057009,-0.18158
6291,20100920 03:00:00,0.46,0.37,0.35,-0.16,-0.063317975,-0.1322
6292,20100920 04:00:00,0.49,0.38,0.38,-0.08,0.036274353,-0.06282
6293,20100920 05:00:00,0.5,0.38,0.4,0.01,0.122724932,0.01656
6294,20100920 06:00:00,0.48,0.37,0.4,0.08,0.183375002,0.09593
6295,20100920 07:00:00,0.44,0.35,0.39,0.15,0.223916268,0.15538
6296,20100920 08:00:00,0.37,0.31,0.35,0.2,0.251234435,0.19479
6297,20100920 09:00:00,0.29,0.26,0.29,0.23,0.261098158,0.20413
6298,20100920 10:00:00,0.2,0.21,0.22,0.25,0.245765421,0.19349
6299,20100920 11:00:00,0.12,0.16,0.13,0.25,0.208819511,0.17291
6300,20100920 12:00:00,0.05,0.12,0.06,0.25,0.166360718,0.15234
6301,20100920 13:00:00,0,0.09,-0.01,0.25,0.134585898,0.12185
6302,20100920 14:00:00,-0.03,0.08,-0.06,0.26,0.124223005,0.10134
6303,20100920 15:00:00,-0.05,0.07,-0.09,0.26,0.140962569,0.10087
6304,20100920 16:00:00,-0.05,0.08,-0.1,0.25,0.178200832,0.1104
6305,20100920 17:00:00,-0.04,0.09,-0.11,0.23,0.213995507,0.14005
6306,20100920 18:00:00,-0.01,0.11,-0.09,0.19,0.225806476,0.14974
6307,20100920 19:00:00,0.02,0.14,-0.06,0.13,0.20716177,0.15933
6308,20100920 20:00:00,0.06,0.16,-0.02,0.06,0.164763982,0.1489
6309,20100920 21:00:00,0.1,0.19,0.03,-0.01,0.103608394,0.10864
6310,20100920 22:00:00,0.13,0.21,0.07,-0.08,0.02314149,0.03827
6311,20100920 23:00:00,0.16,0.23,0.11,-0.15,-0.068766863,-0.0421
6312,20100921 00:00:00,0.21,0.25,0.15,-0.18,-0.147765541,-0.11242
6313,20100921 01:00:00,0.26,0.28,0.19,-0.19,-0.186658587,-0.16278
6314,20100921 02:00:00,0.32,0.31,0.23,-0.18,-0.172572829,-0.18313
6315,20100921 03:00:00,0.37,0.33,0.28,-0.14,-0.108895826,-0.1635
6316,20100921 04:00:00,0.41,0.35,0.31,-0.08,-0.01391491,-0.10391
6317,20100921 05:00:00,0.43,0.36,0.34,-0.01,0.082585266,-0.02438
6318,20100921 06:00:00,0.43,0.36,0.35,0.05,0.155220121,0.05517
6319,20100921 07:00:00,0.42,0.35,0.36,0.11,0.198665814,0.12468
6320,20100921 08:00:00,0.38,0.32,0.35,0.15,0.22200557,0.1742
6321,20100921 09:00:00,0.31,0.29,0.31,0.18,0.230940052,0.18365
6322,20100921 10:00:00,0.24,0.24,0.25,0.2,0.220966778,0.18312
6323,20100921 11:00:00,0.17,0.2,0.19,0.2,0.188154211,0.15266
6324,20100921 12:00:00,0.11,0.16,0.12,0.2,0.141306066,0.12223
6325,20100921 13:00:00,0.07,0.13,0.06,0.2,0.099483144,0.09172
6326,20100921 14:00:00,0.05,0.12,0.01,0.21,0.079615787,0.06118
6327,20100921 15:00:00,0.03,0.11,-0.02,0.22,0.090199409,0.05076
6328,20100921 16:00:00,0.04,0.12,-0.03,0.22,0.12924282,0.07033
6329,20100921 17:00:00,0.04,0.12,-0.04,0.22,0.179426783,0.09989
6330,20100921 18:00:00,0.05,0.14,-0.03,0.2,0.214584132,0.1295
6331,20100921 19:00:00,0.08,0.15,-0.01,0.17,0.218754357,0.14902
6332,20100921 20:00:00,0.1,0.17,0.01,0.12,0.194102203,0.14854
6333,20100921 21:00:00,0.12,0.18,0.04,0.06,0.149268121,0.13812
6334,20100921 22:00:00,0.13,0.2,0.07,-0.01,0.085994491,0.0877
6335,20100921 23:00:00,0.14,0.21,0.1,-0.07,0.004154853,0.01727
6336,20100922 00:00:00,0.16,0.22,0.12,-0.11,-0.083341654,-0.05317
6337,20100922 01:00:00,0.19,0.24,0.14,-0.13,-0.148866962,-0.1136
6338,20100922 02:00:00,0.23,0.26,0.16,-0.12,-0.167316697,-0.15403
6339,20100922 03:00:00,0.28,0.29,0.2,-0.1,-0.131311638,-0.16453
6340,20100922 04:00:00,0.32,0.31,0.23,-0.06,-0.052186461,-0.11511
6341,20100922 05:00:00,0.34,0.32,0.26,-0.01,0.044305304,-0.05566
6342,20100922 06:00:00,0.35,0.33,0.28,0.04,0.127033072,0.02374
6343,20100922 07:00:00,0.36,0.32,0.3,0.08,0.178220743,0.09311
6344,20100922 08:00:00,0.34,0.31,0.3,0.12,0.20102365,0.14247
6345,20100922 09:00:00,0.31,0.29,0.29,0.14,0.205608266,0.16182
6346,20100922 10:00:00,0.26,0.26,0.26,0.14,0.19418212,0.16113
6347,20100922 11:00:00,0.2,0.23,0.21,0.14,0.162452053,0.14045
6348,20100922 12:00:00,0.16,0.19,0.16,0.14,0.112191578,0.09979
6349,20100922 13:00:00,0.13,0.17,0.11,0.14,0.058804246,0.05917
6350,20100922 14:00:00,0.11,0.16,0.07,0.14,0.024732902,0.01857
6351,20100922 15:00:00,0.11,0.15,0.05,0.16,0.02517571,-0.00208
6352,20100922 16:00:00,0.12,0.16,0.04,0.17,0.061564269,0.00727
6353,20100922 17:00:00,0.13,0.16,0.04,0.18,0.120082765,0.04667
6354,20100922 18:00:00,0.14,0.17,0.04,0.18,0.174919135,0.09603
6355,20100922 19:00:00,0.15,0.18,0.05,0.17,0.203522394,0.12547
6356,20100922 20:00:00,0.16,0.19,0.07,0.14,0.200427431,0.135
6357,20100922 21:00:00,0.17,0.2,0.08,0.1,0.173899917,0.13454
6358,20100922 22:00:00,0.16,0.2,0.1,0.06,0.129342523,0.11406
6359,20100922 23:00:00,0.15,0.2,0.11,0,0.065390053,0.06358
6360,20100923 00:00:00,0.14,0.2,0.11,-0.04,-0.014690412,0.00308
6361,20100923 01:00:00,0.14,0.2,0.1,-0.06,-0.091725523,-0.06729
6362,20100923 02:00:00,0.16,0.22,0.11,-0.06,-0.136986956,-0.11772
6363,20100923 03:00:00,0.19,0.24,0.13,-0.04,-0.131232595,-0.13826
6364,20100923 04:00:00,0.22,0.26,0.15,-0.02,-0.075595953,-0.11888
6365,20100923 05:00:00,0.24,0.27,0.18,0.01,0.010245027,-0.06959
6366,20100923 06:00:00,0.26,0.28,0.19,0.05,0.096048423,-0.00031
6367,20100923 07:00:00,0.27,0.29,0.21,0.08,0.155406609,0.05892
6368,20100923 08:00:00,0.28,0.29,0.23,0.1,0.181621513,0.10818
6369,20100923 09:00:00,0.27,0.28,0.24,0.1,0.18419433,0.13736
6370,20100923 10:00:00,0.24,0.26,0.23,0.1,0.170154319,0.14661
6371,20100923 11:00:00,0.21,0.24,0.21,0.08,0.137230198,0.11584
6372,20100923 12:00:00,0.18,0.21,0.18,0.07,0.083506575,0.07497
6373,20100923 13:00:00,0.16,0.2,0.15,0.06,0.019326297,0.02395
6374,20100923 14:00:00,0.16,0.19,0.12,0.06,-0.032224815,-0.02687
6375,20100923 15:00:00,0.17,0.19,0.1,0.08,-0.048367645,-0.05768
6376,20100923 16:00:00,0.2,0.2,0.11,0.09,-0.020669209,-0.05851
6377,20100923 17:00:00,0.22,0.21,0.11,0.11,0.040332191,-0.02924
6378,20100923 18:00:00,0.23,0.21,0.12,0.13,0.110329292,0.0301
6379,20100923 19:00:00,0.24,0.22,0.13,0.13,0.162514355,0.07943
6380,20100923 20:00:00,0.24,0.22,0.14,0.13,0.183549198,0.10882
6381,20100923 21:00:00,0.24,0.22,0.14,0.12,0.177639068,0.11819
6382,20100923 22:00:00,0.22,0.21,0.15,0.1,0.153053014,0.11748
6383,20100923 23:00:00,0.18,0.2,0.14,0.06,0.109668092,0.09681
6384,20100924 00:00:00,0.14,0.19,0.12,0.02,0.045901698,0.04614
6385,20100924 01:00:00,0.12,0.18,0.1,0,-0.028324987,-0.01449
6386,20100924 02:00:00,0.11,0.18,0.08,0,-0.088733266,-0.07504
6387,20100924 03:00:00,0.12,0.19,0.07,0.02,-0.109633467,-0.10562
6388,20100924 04:00:00,0.13,0.2,0.08,0.03,-0.081081331,-0.1162
6389,20100924 05:00:00,0.14,0.22,0.09,0.05,-0.013899196,-0.07675
6390,20100924 06:00:00,0.15,0.23,0.1,0.07,0.066121004,-0.01732
6391,20100924 07:00:00,0.17,0.23,0.12,0.09,0.129931342,0.04211
6392,20100924 08:00:00,0.18,0.24,0.14,0.09,0.161156417,0.08155
6393,20100924 09:00:00,0.2,0.24,0.16,0.09,0.164148815,0.11104
6394,20100924 10:00:00,0.2,0.24,0.17,0.07,0.14941333,0.12056
6395,20100924 11:00:00,0.18,0.23,0.18,0.04,0.117306488,0.1001
6396,20100924 12:00:00,0.17,0.22,0.17,0.01,0.062681406,0.05965
6397,20100924 13:00:00,0.17,0.21,0.16,-0.01,-0.009312971,-0.00084
6398,20100924 14:00:00,0.18,0.21,0.15,-0.02,-0.077790944,-0.06138
6399,20100924 15:00:00,0.21,0.22,0.14,-0.01,-0.115271519,-0.10179
6400,20100924 16:00:00,0.25,0.23,0.16,0.01,-0.104646131,-0.12221
6401,20100924 17:00:00,0.28,0.25,0.18,0.03,-0.04942042,-0.10263
6402,20100924 18:00:00,0.31,0.26,0.19,0.05,0.028979034,-0.05301
6403,20100924 19:00:00,0.33,0.26,0.2,0.07,0.102068376,0.00652
6404,20100924 20:00:00,0.33,0.26,0.21,0.1,0.148941872,0.05606
6405,20100924 21:00:00,0.33,0.26,0.22,0.11,0.166153802,0.09567
6406,20100924 22:00:00,0.3,0.24,0.21,0.11,0.162176322,0.11533
6407,20100924 23:00:00,0.25,0.22,0.2,0.1,0.14098109,0.10496
6408,20100925 00:00:00,0.18,0.2,0.16,0.07,0.098960936,0.08463
6409,20100925 01:00:00,0.13,0.18,0.12,0.06,0.038201018,0.03426
6410,20100925 02:00:00,0.09,0.16,0.07,0.06,-0.024159746,-0.016
6411,20100925 03:00:00,0.07,0.16,0.04,0.07,-0.062677031,-0.06629
6412,20100925 04:00:00,0.06,0.16,0.02,0.09,-0.059301093,-0.0767
6413,20100925 05:00:00,0.06,0.16,0.02,0.1,-0.015143284,-0.06704
6414,20100925 06:00:00,0.05,0.17,0.02,0.11,0.051028234,-0.01745
6415,20100925 07:00:00,0.06,0.18,0.02,0.11,0.112592161,0.03214
6416,20100925 08:00:00,0.08,0.19,0.04,0.11,0.147718697,0.06181
6417,20100925 09:00:00,0.1,0.2,0.06,0.09,0.152075491,0.09153
6418,20100925 10:00:00,0.12,0.2,0.09,0.06,0.135943194,0.10122
6419,20100925 11:00:00,0.13,0.21,0.11,0.02,0.105488616,0.09098
6420,20100925 12:00:00,0.14,0.21,0.13,-0.03,0.054572196,0.05072
6421,20100925 13:00:00,0.15,0.21,0.14,-0.06,-0.019797364,-0.00952
6422,20100925 14:00:00,0.18,0.22,0.15,-0.09,-0.101637162,-0.06976
6423,20100925 15:00:00,0.22,0.24,0.16,-0.09,-0.161864532,-0.12993
6424,20100925 16:00:00,0.28,0.26,0.19,-0.08,-0.175486525,-0.17004
6425,20100925 17:00:00,0.33,0.28,0.23,-0.06,-0.136661492,-0.17015
6426,20100925 18:00:00,0.37,0.3,0.25,-0.04,-0.060762306,-0.13028
6427,20100925 19:00:00,0.4,0.3,0.27,0,0.025882669,-0.06041
6428,20100925 20:00:00,0.42,0.3,0.28,0.03,0.097798301,-0.00055
6429,20100925 21:00:00,0.41,0.3,0.29,0.07,0.141424549,0.04936
6430,20100925 22:00:00,0.39,0.28,0.29,0.1,0.159191255,0.08926
6431,20100925 23:00:00,0.33,0.26,0.27,0.11,0.158818796,0.10907
6432,20100926 00:00:00,0.25,0.23,0.23,0.11,0.140241592,0.1089
6433,20100926 01:00:00,0.17,0.19,0.17,0.1,0.09991423,0.07875
6434,20100926 02:00:00,0.1,0.16,0.1,0.11,0.046061427,0.03863
6435,20100926 03:00:00,0.05,0.14,0.04,0.12,0.000289989,-0.01154
6436,20100926 04:00:00,0.02,0.13,-0.01,0.14,-0.015433365,-0.03168
6437,20100926 05:00:00,-0.01,0.12,-0.03,0.15,0.006192888,-0.03186
6438,20100926 06:00:00,-0.03,0.12,-0.05,0.16,0.054148073,-0.00209
6439,20100926 07:00:00,-0.04,0.12,-0.06,0.15,0.106748985,0.03766
6440,20100926 08:00:00,-0.03,0.13,-0.06,0.14,0.142277799,0.06743
6441,20100926 09:00:00,0,0.14,-0.04,0.11,0.149040753,0.08719
6442,20100926 10:00:00,0.03,0.15,-0.01,0.08,0.131225011,0.08688
6443,20100926 11:00:00,0.06,0.17,0.03,0.02,0.099432724,0.08653
6444,20100926 12:00:00,0.08,0.18,0.06,-0.04,0.053224694,0.05622
6445,20100926 13:00:00,0.12,0.2,0.1,-0.1,-0.015884022,-0.00413
6446,20100926 14:00:00,0.16,0.22,0.13,-0.14,-0.103087734,-0.0744
6447,20100926 15:00:00,0.22,0.24,0.16,-0.16,-0.18293921,-0.14462
6448,20100926 16:00:00,0.28,0.27,0.2,-0.16,-0.224744802,-0.19474
6449,20100926 17:00:00,0.35,0.3,0.25,-0.15,-0.212623345,-0.22496
6450,20100926 18:00:00,0.41,0.33,0.29,-0.13,-0.152645986,-0.19518
6451,20100926 19:00:00,0.45,0.34,0.33,-0.09,-0.065726556,-0.14542
6452,20100926 20:00:00,0.48,0.34,0.35,-0.05,0.023297531,-0.07572
6453,20100926 21:00:00,0.49,0.34,0.36,0.01,0.093911044,-0.00601
6454,20100926 22:00:00,0.48,0.32,0.36,0.06,0.137187401,0.04377
6455,20100926 23:00:00,0.42,0.3,0.35,0.1,0.157294429,0.08353
6456,20100927 00:00:00,0.34,0.26,0.31,0.12,0.160140996,0.11328
6457,20100927 01:00:00,0.24,0.22,0.24,0.13,0.143617824,0.10311
6458,20100927 02:00:00,0.15,0.18,0.16,0.14,0.107204482,0.08296
6459,20100927 03:00:00,0.07,0.14,0.08,0.16,0.064338767,0.04279
6460,20100927 04:00:00,0.01,0.12,0,0.18,0.037179943,0.01267
6461,20100927 05:00:00,-0.04,0.1,-0.05,0.2,0.040209997,0.00252
6462,20100927 06:00:00,-0.08,0.09,-0.09,0.2,0.070070006,0.02247
6463,20100927 07:00:00,-0.11,0.08,-0.11,0.2,0.110242242,0.05254
6464,20100927 08:00:00,-0.12,0.08,-0.13,0.18,0.142094539,0.07264
6465,20100927 09:00:00,-0.11,0.08,-0.13,0.15,0.152163383,0.08268
6466,20100927 10:00:00,-0.07,0.1,-0.11,0.11,0.136690394,0.08265
6467,20100927 11:00:00,-0.03,0.12,-0.07,0.05,0.102855966,0.0826
6468,20100927 12:00:00,0.01,0.14,-0.02,-0.02,0.057715844,0.05252
6469,20100927 13:00:00,0.06,0.17,0.02,-0.1,-0.003139511,0.01236
6470,20100927 14:00:00,0.11,0.2,0.07,-0.16,-0.085138185,-0.05782
6471,20100927 15:00:00,0.18,0.23,0.13,-0.2,-0.174771643,-0.13792
6472,20100927 16:00:00,0.26,0.27,0.18,-0.22,-0.242247425,-0.20808
6473,20100927 17:00:00,0.34,0.31,0.24,-0.22,-0.262584368,-0.24818
6474,20100927 18:00:00,0.42,0.34,0.3,-0.21,-0.230612942,-0.24834
6475,20100927 19:00:00,0.48,0.36,0.35,-0.18,-0.158895484,-0.2185
6476,20100927 20:00:00,0.52,0.37,0.39,-0.13,-0.067654917,-0.14873
6477,20100927 21:00:00,0.55,0.37,0.41,-0.07,0.022559646,-0.07896
6478,20100927 22:00:00,0.55,0.37,0.42,0,0.094313211,-0.00908
6479,20100927 23:00:00,0.51,0.34,0.42,0.06,0.13981832,0.05079
6480,20100928 00:00:00,0.44,0.31,0.39,0.1,0.163159639,0.09064
6481,20100928 01:00:00,0.34,0.27,0.33,0.13,0.169278445,0.12054
6482,20100928 02:00:00,0.23,0.22,0.25,0.16,0.156383851,0.11056
6483,20100928 03:00:00,0.14,0.17,0.15,0.18,0.127412747,0.09064
6484,20100928 04:00:00,0.05,0.13,0.06,0.21,0.09845184,0.06079
6485,20100928 05:00:00,-0.03,0.1,-0.02,0.24,0.088280974,0.05089
6486,20100928 06:00:00,-0.09,0.07,-0.09,0.25,0.102182017,0.05104
6487,20100928 07:00:00,-0.14,0.05,-0.14,0.24,0.129541788,0.0712
6488,20100928 08:00:00,-0.17,0.04,-0.17,0.22,0.154402274,0.09135
6489,20100928 09:00:00,-0.18,0.04,-0.19,0.19,0.165123305,0.10144
6490,20100928 10:00:00,-0.17,0.05,-0.19,0.15,0.155252534,0.10148
6491,20100928 11:00:00,-0.13,0.07,-0.16,0.09,0.124198113,0.09143
6492,20100928 12:00:00,-0.08,0.1,-0.12,0.02,0.077996632,0.07139
6493,20100928 13:00:00,-0.02,0.13,-0.06,-0.06,0.020787377,0.03129
6494,20100928 14:00:00,0.04,0.17,0,-0.15,-0.051327854,-0.02877
6495,20100928 15:00:00,0.12,0.21,0.06,-0.21,-0.138040333,-0.10883
6496,20100928 16:00:00,0.21,0.25,0.13,-0.25,-0.221139882,-0.17876
6497,20100928 17:00:00,0.31,0.3,0.21,-0.27,-0.273669861,-0.2387
6498,20100928 18:00:00,0.39,0.34,0.28,-0.27,-0.278845075,-0.26861
6499,20100928 19:00:00,0.47,0.37,0.35,-0.25,-0.237797333,-0.26867
6500,20100928 20:00:00,0.54,0.39,0.4,-0.21,-0.163079406,-0.22882
6501,20100928 21:00:00,0.58,0.4,0.44,-0.15,-0.070658135,-0.15899
6502,20100928 22:00:00,0.6,0.4,0.47,-0.08,0.021637542,-0.08927
6503,20100928 23:00:00,0.59,0.39,0.47,0,0.096190936,-0.00946
6504,20100929 00:00:00,0.53,0.36,0.46,0.06,0.144892294,0.0505
6505,20100929 01:00:00,0.45,0.32,0.42,0.12,0.17209414,0.10044
6506,20100929 02:00:00,0.35,0.27,0.34,0.16,0.182339876,0.12036
6507,20100929 03:00:00,0.23,0.22,0.25,0.19,0.174898772,0.12028
6508,20100929 04:00:00,0.13,0.17,0.15,0.23,0.155156379,0.11021
6509,20100929 05:00:00,0.03,0.12,0.05,0.26,0.138727423,0.09018
6510,20100929 06:00:00,-0.06,0.08,-0.04,0.28,0.138463078,0.09004
6511,20100929 07:00:00,-0.13,0.04,-0.12,0.28,0.152864206,0.09982
6512,20100929 08:00:00,-0.18,0.02,-0.18,0.27,0.169760477,0.10966
6513,20100929 09:00:00,-0.22,0.01,-0.21,0.24,0.178551707,0.11952
6514,20100929 10:00:00,-0.23,0.01,-0.24,0.2,0.174035154,0.11943
6515,20100929 11:00:00,-0.21,0.02,-0.24,0.15,0.152214611,0.10935
6516,20100929 12:00:00,-0.17,0.04,-0.21,0.08,0.111533121,0.08924
6517,20100929 13:00:00,-0.11,0.08,-0.16,0,0.056350574,0.0491
6518,20100929 14:00:00,-0.04,0.12,-0.09,-0.1,-0.009212235,-0.00109
6519,20100929 15:00:00,0.04,0.17,-0.02,-0.18,-0.086298446,-0.0613
6520,20100929 16:00:00,0.13,0.22,0.06,-0.25,-0.171077928,-0.14152
6521,20100929 17:00:00,0.23,0.27,0.14,-0.29,-0.245961997,-0.21171
6522,20100929 18:00:00,0.33,0.32,0.23,-0.31,-0.289578525,-0.26186
6523,20100929 19:00:00,0.43,0.36,0.31,-0.3,-0.290373054,-0.29202
6524,20100929 20:00:00,0.51,0.4,0.38,-0.28,-0.249795287,-0.28225
6525,20100929 21:00:00,0.58,0.42,0.44,-0.23,-0.176553537,-0.24243
6526,20100929 22:00:00,0.62,0.43,0.48,-0.16,-0.083220787,-0.17262
6527,20100929 23:00:00,0.63,0.42,0.51,-0.08,0.012494331,-0.09279
6528,20100930 00:00:00,0.61,0.41,0.51,0,0.09120602,-0.02297
6529,20100930 01:00:00,0.55,0.38,0.49,0.07,0.144401619,0.04685
6530,20100930 02:00:00,0.47,0.34,0.44,0.14,0.176615118,0.09664
6531,20100930 03:00:00,0.36,0.29,0.36,0.19,0.192424368,0.12642
6532,20100930 04:00:00,0.25,0.23,0.27,0.23,0.192020194,0.13619
6533,20100930 05:00:00,0.13,0.17,0.16,0.27,0.181260706,0.12599
6534,20100930 06:00:00,0.03,0.11,0.05,0.3,0.172830794,0.11578
6535,20100930 07:00:00,-0.07,0.07,-0.05,0.32,0.174449924,0.11556
6536,20100930 08:00:00,-0.15,0.03,-0.14,0.31,0.182302013,0.12536
6537,20100930 09:00:00,-0.21,0,-0.2,0.29,0.187744065,0.13518
6538,20100930 10:00:00,-0.25,-0.02,-0.25,0.26,0.186035865,0.13505
6539,20100930 11:00:00,-0.27,-0.02,-0.27,0.22,0.174536562,0.12478
6540,20100930 12:00:00,-0.25,0,-0.27,0.15,0.147721097,0.10436
6541,20100930 13:00:00,-0.2,0.03,-0.24,0.07,0.10210623,0.08389
6542,20100930 14:00:00,-0.14,0.07,-0.18,-0.02,0.042248414,0.0433
6543,20100930 15:00:00,-0.06,0.13,-0.11,-0.11,-0.026491641,-0.01734
6544,20100930 16:00:00,0.02,0.18,-0.04,-0.2,-0.103466427,-0.07799
6545,20100930 17:00:00,0.13,0.24,0.06,-0.27,-0.184900387,-0.14863
6546,20100930 18:00:00,0.24,0.29,0.15,-0.31,-0.256622851,-0.21913
6547,20100930 19:00:00,0.34,0.34,0.24,-0.33,-0.301139161,-0.27959
6548,20100930 20:00:00,0.44,0.38,0.33,-0.33,-0.306971912,-0.29985
6549,20100930 21:00:00,0.53,0.41,0.4,-0.3,-0.272126127,-0.30002
6550,20100930 22:00:00,0.6,0.44,0.47,-0.24,-0.201654887,-0.26011
6551,20100930 23:00:00,0.64,0.45,0.51,-0.17,-0.106490914,-0.19032
6552,20101001 00:00:00,0.65,0.44,0.53,-0.08,-0.005675182,-0.11054
6553,20101001 01:00:00,0.63,0.42,0.53,0,0.079396978,-0.0309
6554,20101001 02:00:00,0.58,0.4,0.51,0.09,0.139088341,0.0387
6555,20101001 03:00:00,0.5,0.36,0.46,0.16,0.177485278,0.09814
6556,20101001 04:00:00,0.39,0.3,0.39,0.21,0.199228519,0.12757
6557,20101001 05:00:00,0.27,0.24,0.29,0.25,0.204891636,0.13708
6558,20101001 06:00:00,0.15,0.18,0.17,0.29,0.198955844,0.13657
6559,20101001 07:00:00,0.03,0.11,0.06,0.33,0.19075104,0.13615
6560,20101001 08:00:00,-0.07,0.06,-0.06,0.34,0.186359706,0.12584
6561,20101001 09:00:00,-0.16,0.01,-0.15,0.33,0.184685151,0.13562
6562,20101001 10:00:00,-0.23,-0.02,-0.22,0.31,0.182309681,0.13543
6563,20101001 11:00:00,-0.27,-0.03,-0.27,0.28,0.177459678,0.12521
6564,20101001 12:00:00,-0.29,-0.03,-0.3,0.23,0.166656949,0.12508
6565,20101001 13:00:00,-0.27,-0.01,-0.3,0.16,0.141988727,0.10491
6566,20101001 14:00:00,-0.23,0.03,-0.26,0.08,0.098656507,0.0748
6567,20101001 15:00:00,-0.16,0.08,-0.2,-0.01,0.041141862,0.0347
6568,20101001 16:00:00,-0.08,0.13,-0.13,-0.11,-0.024847952,-0.01539
6569,20101001 17:00:00,0.02,0.19,-0.04,-0.2,-0.099000125,-0.07552
6570,20101001 18:00:00,0.12,0.25,0.06,-0.28,-0.179315944,-0.14557
6571,20101001 19:00:00,0.23,0.3,0.16,-0.32,-0.254626548,-0.21553
6572,20101001 20:00:00,0.33,0.34,0.24,-0.34,-0.307840972,-0.27546
6573,20101001 21:00:00,0.43,0.39,0.33,-0.34,-0.324099915,-0.31536
6574,20101001 22:00:00,0.53,0.42,0.41,-0.31,-0.2967889,-0.31534
6575,20101001 23:00:00,0.6,0.45,0.48,-0.25,-0.227870815,-0.27536
6576,20101002 00:00:00,0.64,0.46,0.52,-0.17,-0.12814344,-0.21544
6577,20101002 01:00:00,0.66,0.45,0.54,-0.08,-0.018761127,-0.12562
6578,20101002 02:00:00,0.65,0.44,0.55,0.01,0.075707844,-0.04576
6579,20101002 03:00:00,0.61,0.42,0.53,0.1,0.143466728,0.03414
6580,20101002 04:00:00,0.53,0.37,0.48,0.17,0.18820477,0.10407
6581,20101002 05:00:00,0.42,0.32,0.41,0.23,0.214830153,0.1441
6582,20101002 06:00:00,0.3,0.26,0.31,0.27,0.22336993,0.15412
6583,20101002 07:00:00,0.17,0.19,0.2,0.31,0.215891945,0.15415
6584,20101002 08:00:00,0.05,0.12,0.07,0.34,0.200276436,0.14415
6585,20101002 09:00:00,-0.06,0.06,-0.05,0.34,0.185227181,0.13412
6586,20101002 10:00:00,-0.15,0.01,-0.15,0.33,0.175161506,0.12406
6587,20101002 11:00:00,-0.22,-0.02,-0.22,0.32,0.170253033,0.12399
6588,20101002 12:00:00,-0.27,-0.03,-0.27,0.29,0.168995544,0.12392
6589,20101002 13:00:00,-0.29,-0.03,-0.3,0.24,0.165983685,0.11388
6590,20101002 14:00:00,-0.27,-0.01,-0.3,0.18,0.150715293,0.10385
6591,20101002 15:00:00,-0.23,0.04,-0.26,0.1,0.116050576,0.08389
6592,20101002 16:00:00,-0.16,0.09,-0.21,0.01,0.06470457,0.05393
6593,20101002 17:00:00,-0.08,0.14,-0.13,-0.09,0.001844594,0.00398
6594,20101002 18:00:00,0.01,0.2,-0.04,-0.19,-0.072553728,-0.05596
6595,20101002 19:00:00,0.11,0.25,0.06,-0.27,-0.157838142,-0.12594
6596,20101002 20:00:00,0.21,0.3,0.15,-0.32,-0.243769207,-0.20597
6597,20101002 21:00:00,0.31,0.34,0.23,-0.34,-0.31072503,-0.276
6598,20101002 22:00:00,0.41,0.38,0.31,-0.34,-0.338832218,-0.31605
6599,20101002 23:00:00,0.5,0.42,0.39,-0.3,-0.317384114,-0.32605
6600,20101003 00:00:00,0.57,0.44,0.46,-0.24,-0.246700743,-0.29604
6601,20101003 01:00:00,0.62,0.45,0.51,-0.17,-0.13815186,-0.22597
6602,20101003 02:00:00,0.64,0.46,0.53,-0.07,-0.016948964,-0.13588
6603,20101003 03:00:00,0.65,0.45,0.54,0.02,0.087196034,-0.03578
6604,20101003 04:00:00,0.62,0.43,0.53,0.11,0.160364075,0.04431
6605,20101003 05:00:00,0.54,0.39,0.49,0.18,0.207017594,0.12443
6606,20101003 06:00:00,0.44,0.33,0.43,0.23,0.232881358,0.16452
6607,20101003 07:00:00,0.32,0.27,0.33,0.27,0.23649854,0.17459
6608,20101003 08:00:00,0.19,0.2,0.22,0.3,0.218275439,0.15468
6609,20101003 09:00:00,0.07,0.13,0.09,0.32,0.188189779,0.13477
6610,20101003 10:00:00,-0.03,0.07,-0.03,0.33,0.160913248,0.12484
6611,20101003 11:00:00,-0.12,0.02,-0.13,0.32,0.145623061,0.10485
6612,20101003 12:00:00,-0.19,0,-0.2,0.31,0.143853104,0.10478
6613,20101003 13:00:00,-0.23,-0.01,-0.25,0.29,0.15332906,0.10482
6614,20101003 14:00:00,-0.25,-0.01,-0.28,0.25,0.166425817,0.10489
6615,20101003 15:00:00,-0.23,0.02,-0.27,0.2,0.167980301,0.10505
6616,20101003 16:00:00,-0.19,0.06,-0.24,0.13,0.146035503,0.10514
6617,20101003 17:00:00,-0.13,0.11,-0.17,0.04,0.101306731,0.07523
6618,20101003 18:00:00,-0.05,0.16,-0.1,-0.06,0.040055108,0.04532
6619,20101003 19:00:00,0.02,0.2,-0.02,-0.16,-0.036801029,-0.01469
6620,20101003 20:00:00,0.1,0.25,0.07,-0.24,-0.129817711,-0.09474
6621,20101003 21:00:00,0.19,0.28,0.14,-0.29,-0.228551105,-0.18484
6622,20101003 22:00:00,0.28,0.32,0.21,-0.32,-0.309237159,-0.26498
6623,20101003 23:00:00,0.37,0.36,0.28,-0.32,-0.346459384,-0.31509
6624,20101004 00:00:00,0.45,0.39,0.35,-0.28,-0.326423101,-0.32513
6625,20101004 01:00:00,0.52,0.42,0.42,-0.22,-0.248960107,-0.29511
6626,20101004 02:00:00,0.57,0.43,0.46,-0.15,-0.128262689,-0.22505
6627,20101004 03:00:00,0.6,0.44,0.49,-0.06,0.004062343,-0.12496
6628,20101004 04:00:00,0.61,0.44,0.5,0.04,0.112966518,-0.02486
6629,20101004 05:00:00,0.59,0.42,0.5,0.12,0.184443957,0.07523
6630,20101004 06:00:00,0.52,0.39,0.48,0.17,0.225666802,0.14524
6631,20101004 07:00:00,0.43,0.34,0.42,0.21,0.242824155,0.17526
6632,20101004 08:00:00,0.32,0.28,0.34,0.24,0.232683089,0.17533
6633,20101004 09:00:00,0.2,0.21,0.23,0.26,0.195860374,0.14532
6634,20101004 10:00:00,0.09,0.14,0.11,0.27,0.147533394,0.11534
6635,20101004 11:00:00,0,0.09,0,0.28,0.108911825,0.08543
6636,20101004 12:00:00,-0.07,0.06,-0.08,0.28,0.09252622,0.06553
6637,20101004 13:00:00,-0.12,0.03,-0.15,0.29,0.100303925,0.05546
6638,20101004 14:00:00,-0.15,0.03,-0.19,0.28,0.128974518,0.06544
6639,20101004 15:00:00,-0.16,0.04,-0.21,0.25,0.166299313,0.0955
6640,20101004 16:00:00,-0.14,0.06,-0.2,0.21,0.189019125,0.11554
6641,20101004 17:00:00,-0.1,0.1,-0.16,0.16,0.179538615,0.11559
6642,20101004 18:00:00,-0.05,0.14,-0.11,0.08,0.140043435,0.11559
6643,20101004 19:00:00,0,0.18,-0.04,-0.02,0.080752874,0.0756
6644,20101004 20:00:00,0.05,0.21,0.02,-0.11,0.002607656,0.01571
6645,20101004 21:00:00,0.11,0.23,0.08,-0.19,-0.097336516,-0.06421
6646,20101004 22:00:00,0.17,0.26,0.13,-0.24,-0.207584116,-0.16415
6647,20101004 23:00:00,0.23,0.29,0.18,-0.27,-0.298162281,-0.24417
6648,20101005 00:00:00,0.3,0.32,0.23,-0.27,-0.338591303,-0.30419
6649,20101005 01:00:00,0.37,0.35,0.28,-0.23,-0.313758257,-0.31413
6650,20101005 02:00:00,0.43,0.38,0.34,-0.18,-0.225318618,-0.27406
6651,20101005 03:00:00,0.48,0.39,0.38,-0.11,-0.093107873,-0.19405
6652,20101005 04:00:00,0.51,0.41,0.4,-0.03,0.043883291,-0.094
6653,20101005 05:00:00,0.53,0.41,0.43,0.05,0.147518316,0.00604
6654,20101005 06:00:00,0.52,0.4,0.44,0.11,0.207077883,0.10608
6655,20101005 07:00:00,0.47,0.38,0.44,0.15,0.23391356,0.16603
6656,20101005 08:00:00,0.39,0.34,0.39,0.17,0.233922679,0.17611
6657,20101005 09:00:00,0.3,0.28,0.33,0.17,0.201913013,0.15614
6658,20101005 10:00:00,0.21,0.22,0.24,0.18,0.140853916,0.10626
6659,20101005 11:00:00,0.13,0.17,0.14,0.18,0.073105634,0.05623
6660,20101005 12:00:00,0.06,0.13,0.05,0.19,0.026339459,0.0163
6661,20101005 13:00:00,0.02,0.11,-0.01,0.21,0.015416207,-0.00373
6662,20101005 14:00:00,-0.01,0.1,-0.05,0.23,0.041910723,-0.0038
6663,20101005 15:00:00,-0.02,0.09,-0.08,0.24,0.099106063,0.02595
6664,20101005 16:00:00,-0.01,0.1,-0.09,0.24,0.165143893,0.07567
6665,20101005 17:00:00,0.01,0.13,-0.08,0.22,0.207750984,0.1156
6666,20101005 18:00:00,0.04,0.15,-0.05,0.18,0.208348506,0.13573
6667,20101005 19:00:00,0.06,0.18,-0.01,0.12,0.174907725,0.14592
6668,20101005 20:00:00,0.08,0.2,0.03,0.04,0.121050611,0.11609
6669,20101005 21:00:00,0.1,0.21,0.07,-0.04,0.044689015,0.05615
6670,20101005 22:00:00,0.11,0.22,0.1,-0.11,-0.060172855,-0.03376
6671,20101005 23:00:00,0.13,0.22,0.11,-0.16,-0.178086389,-0.13367
6672,20101006 00:00:00,0.17,0.24,0.13,-0.19,-0.272184665,-0.21359
6673,20101006 01:00:00,0.21,0.26,0.15,-0.18,-0.308487971,-0.27378
6674,20101006 02:00:00,0.26,0.29,0.19,-0.15,-0.273766398,-0.28416
6675,20101006 03:00:00,0.31,0.31,0.23,-0.11,-0.174582634,-0.23446
6676,20101006 04:00:00,0.35,0.33,0.26,-0.05,-0.037780098,-0.1548
6677,20101006 05:00:00,0.38,0.35,0.29,0.01,0.091769147,-0.0451
6678,20101006 06:00:00,0.4,0.36,0.32,0.06,0.177323992,0.04469
6679,20101006 07:00:00,0.41,0.36,0.35,0.09,0.215090831,0.12461
6680,20101006 08:00:00,0.38,0.35,0.36,0.1,0.220092618,0.16458
6681,20101006 09:00:00,0.33,0.32,0.34,0.09,0.196154289,0.15453
6682,20101006 10:00:00,0.26,0.28,0.3,0.07,0.136676062,0.11449
6683,20101006 11:00:00,0.21,0.24,0.24,0.06,0.049382286,0.04438
6684,20101006 12:00:00,0.17,0.21,0.18,0.06,-0.035307884,-0.01586
6685,20101006 13:00:00,0.15,0.19,0.12,0.08,-0.083770539,-0.07606
6686,20101006 14:00:00,0.14,0.18,0.09,0.11,-0.079882688,-0.09623
6687,20101006 15:00:00,0.15,0.18,0.07,0.15,-0.02493106,-0.07639
6688,20101006 16:00:00,0.16,0.18,0.07,0.18,0.065835365,-0.02646
6689,20101006 17:00:00,0.17,0.19,0.06,0.2,0.159431675,0.05346
6690,20101006 18:00:00,0.18,0.2,0.07,0.21,0.217455606,0.11346
6691,20101006 19:00:00,0.19,0.21,0.09,0.2,0.226844809,0.15349
6692,20101006 20:00:00,0.19,0.22,0.11,0.16,0.20312524,0.16349
6693,20101006 21:00:00,0.17,0.22,0.12,0.11,0.159300778,0.14341
6694,20101006 22:00:00,0.14,0.21,0.12,0.04,0.087576198,0.08329
6695,20101006 23:00:00,0.1,0.19,0.11,-0.02,-0.01880026,0.00319
6696,20101007 00:00:00,0.09,0.18,0.08,-0.06,-0.13784233,-0.09701
6697,20101007 01:00:00,0.09,0.18,0.06,-0.07,-0.226376916,-0.17736
6698,20101007 02:00:00,0.11,0.19,0.06,-0.07,-0.251347481,-0.22783
6699,20101007 03:00:00,0.14,0.21,0.07,-0.05,-0.204874486,-0.22822
6700,20101007 04:00:00,0.16,0.23,0.1,-0.02,-0.100048439,-0.17846
6701,20101007 05:00:00,0.19,0.25,0.12,0.01,0.029624497,-0.08873
6702,20101007 06:00:00,0.22,0.27,0.14,0.04,0.137619444,0.00091
6703,20101007 07:00:00,0.25,0.29,0.19,0.06,0.193966138,0.08052
6704,20101007 08:00:00,0.28,0.31,0.23,0.06,0.203299259,0.13011
6705,20101007 09:00:00,0.27,0.31,0.26,0.03,0.181795706,0.14965
6706,20101007 10:00:00,0.25,0.3,0.27,-0.01,0.129483788,0.10909
6707,20101007 11:00:00,0.23,0.28,0.27,-0.06,0.039778974,0.04848
6708,20101007 12:00:00,0.22,0.26,0.25,-0.08,-0.072030669,-0.04217
6709,20101007 13:00:00,0.23,0.25,0.22,-0.07,-0.166400444,-0.12276
6710,20101007 14:00:00,0.26,0.25,0.2,-0.05,-0.206022247,-0.18324
6711,20101007 15:00:00,0.29,0.26,0.2,0,-0.177657406,-0.20359
6712,20101007 16:00:00,0.32,0.27,0.22,0.05,-0.090187127,-0.15388
6713,20101007 17:00:00,0.34,0.27,0.22,0.11,0.030034851,-0.07411
6714,20101007 18:00:00,0.35,0.27,0.22,0.15,0.141794506,0.01563
6715,20101007 19:00:00,0.35,0.28,0.23,0.19,0.209164389,0.09553
6716,20101007 20:00:00,0.34,0.27,0.24,0.21,0.228462147,0.14543
6717,20101007 21:00:00,0.3,0.26,0.23,0.21,0.219200376,0.17532
6718,20101007 22:00:00,0.24,0.23,0.21,0.17,0.188682216,0.16519
6719,20101007 23:00:00,0.16,0.2,0.17,0.12,0.123572753,0.1151
6720,20101008 00:00:00,0.08,0.17,0.11,0.08,0.020530106,0.03495
6721,20101008 01:00:00,0.03,0.14,0.04,0.06,-0.090606729,-0.05522
6722,20101008 02:00:00,0.01,0.12,-0.01,0.05,-0.164760467,-0.13548
6723,20101008 03:00:00,0,0.13,-0.04,0.06,-0.174754685,-0.17588
6724,20101008 04:00:00,0,0.14,-0.04,0.06,-0.120339871,-0.16641
6725,20101008 05:00:00,0.01,0.15,-0.04,0.07,-0.020650185,-0.10701
6726,20101008 06:00:00,0.02,0.16,-0.03,0.08,0.088079981,-0.02753
6727,20101008 07:00:00,0.06,0.19,0,0.07,0.163654575,0.04206
6728,20101008 08:00:00,0.11,0.22,0.05,0.06,0.18645604,0.10175
6729,20101008 09:00:00,0.15,0.24,0.11,0.02,0.167740274,0.12148
6730,20101008 10:00:00,0.17,0.26,0.16,-0.05,0.120780629,0.11119
6731,20101008 11:00:00,0.18,0.27,0.2,-0.12,0.040836995,0.05101
6732,20101008 12:00:00,0.21,0.27,0.23,-0.18,-0.075479392,-0.03915
6733,20101008 13:00:00,0.24,0.28,0.25,-0.21,-0.203030617,-0.14943
6734,20101008 14:00:00,0.3,0.29,0.26,-0.2,-0.294559842,-0.23972
6735,20101008 15:00:00,0.36,0.32,0.28,-0.17,-0.313729086,-0.28989
6736,20101008 16:00:00,0.43,0.34,0.32,-0.11,-0.255630833,-0.28007
6737,20101008 17:00:00,0.48,0.35,0.35,-0.04,-0.140035243,-0.22033
6738,20101008 18:00:00,0.5,0.35,0.37,0.03,-0.001404096,-0.11047
6739,20101008 19:00:00,0.5,0.35,0.37,0.1,0.118730915,-0.01054
6740,20101008 20:00:00,0.49,0.34,0.37,0.17,0.192471864,0.07942
6741,20101008 21:00:00,0.46,0.32,0.36,0.22,0.22376531,0.13935
6742,20101008 22:00:00,0.38,0.29,0.33,0.24,0.230621119,0.17923
6743,20101008 23:00:00,0.27,0.24,0.28,0.22,0.212989708,0.17905
6744,20101009 00:00:00,0.16,0.19,0.2,0.19,0.156035484,0.1289
6745,20101009 01:00:00,0.06,0.14,0.1,0.17,0.062945385,0.05876
6746,20101009 02:00:00,-0.01,0.1,0.01,0.17,-0.031439719,-0.02136
6747,20101009 03:00:00,-0.06,0.08,-0.07,0.18,-0.085777944,-0.08156
6748,20101009 04:00:00,-0.1,0.07,-0.12,0.17,-0.081856876,-0.10183
6749,20101009 05:00:00,-0.12,0.07,-0.15,0.16,-0.026926148,-0.08212
6750,20101009 06:00:00,-0.13,0.07,-0.16,0.15,0.056678324,-0.03233
6751,20101009 07:00:00,-0.11,0.09,-0.16,0.13,0.135010379,0.02757
6752,20101009 08:00:00,-0.07,0.12,-0.13,0.1,0.17517132,0.07751
6753,20101009 09:00:00,-0.01,0.15,-0.07,0.05,0.167804704,0.09743
6754,20101009 10:00:00,0.04,0.18,0,-0.03,0.1200777,0.09732
6755,20101009 11:00:00,0.08,0.21,0.07,-0.12,0.055643701,0.06724
6756,20101009 12:00:00,0.13,0.24,0.13,-0.22,-0.049069848,-0.01285
6757,20101009 13:00:00,0.19,0.27,0.19,-0.29,-0.184189492,-0.12308
6758,20101009 14:00:00,0.27,0.3,0.24,-0.31,-0.31432331,-0.23322
6759,20101009 15:00:00,0.36,0.33,0.29,-0.3,-0.390109025,-0.32322
6760,20101009 16:00:00,0.45,0.37,0.35,-0.26,-0.383373011,-0.36315
6761,20101009 17:00:00,0.53,0.4,0.41,-0.2,-0.300874551,-0.33313
6762,20101009 18:00:00,0.58,0.41,0.45,-0.13,-0.170276493,-0.25306
6763,20101009 19:00:00,0.61,0.42,0.47,-0.04,-0.027017463,-0.14305
6764,20101009 20:00:00,0.61,0.41,0.48,0.06,0.092868696,-0.0331
6765,20101009 21:00:00,0.58,0.39,0.47,0.15,0.170395479,0.0568
6766,20101009 22:00:00,0.52,0.36,0.45,0.22,0.212802397,0.12663
6767,20101009 23:00:00,0.41,0.31,0.4,0.25,0.232995849,0.17638
6768,20101010 00:00:00,0.28,0.25,0.31,0.25,0.225970349,0.17611
6769,20101010 01:00:00,0.15,0.19,0.21,0.25,0.179547667,0.14593
6770,20101010 02:00:00,0.04,0.12,0.09,0.25,0.102969261,0.08577
6771,20101010 03:00:00,-0.05,0.08,-0.03,0.27,0.031069009,0.02564
6772,20101010 04:00:00,-0.11,0.04,-0.12,0.27,-0.003179293,-0.01448
6773,20101010 05:00:00,-0.17,0.02,-0.18,0.26,0.008519764,-0.02467
6774,20101010 06:00:00,-0.21,0.01,-0.22,0.23,0.054047785,-0.00491
6775,20101010 07:00:00,-0.22,0.01,-0.25,0.2,0.11261458,0.03485
6776,20101010 08:00:00,-0.21,0.03,-0.25,0.16,0.157800443,0.06462
6777,20101010 09:00:00,-0.16,0.06,-0.23,0.1,0.167317905,0.08433
6778,20101010 10:00:00,-0.1,0.1,-0.17,0.03,0.137842472,0.09401
6779,20101010 11:00:00,-0.04,0.14,-0.09,-0.07,0.078457239,0.07371
6780,20101010 12:00:00,0.02,0.18,-0.01,-0.18,-0.009638357,0.01332
6781,20101010 13:00:00,0.09,0.22,0.08,-0.28,-0.130717099,-0.07704
6782,20101010 14:00:00,0.18,0.27,0.16,-0.35,-0.270699738,-0.19731
6783,20101010 15:00:00,0.28,0.31,0.24,-0.38,-0.388901563,-0.30747
6784,20101010 16:00:00,0.39,0.36,0.31,-0.37,-0.441654417,-0.38759
6785,20101010 17:00:00,0.5,0.41,0.39,-0.33,-0.413275223,-0.39771
6786,20101010 18:00:00,0.59,0.44,0.46,-0.27,-0.319668065,-0.3578
6787,20101010 19:00:00,0.64,0.45,0.51,-0.19,-0.189380505,-0.2679
6788,20101010 20:00:00,0.67,0.45,0.54,-0.09,-0.052980133,-0.16806
6789,20101010 21:00:00,0.66,0.44,0.54,0.02,0.061161539,-0.05822
6790,20101010 22:00:00,0.62,0.41,0.53,0.12,0.139759941,0.0316
6791,20101010 23:00:00,0.54,0.37,0.49,0.2,0.189540445,0.10135
6792,20101011 00:00:00,0.41,0.32,0.42,0.25,0.218799828,0.15104
6793,20101011 01:00:00,0.28,0.25,0.32,0.27,0.221206506,0.16078
6794,20101011 02:00:00,0.15,0.18,0.2,0.29,0.188629163,0.14059
6795,20101011 03:00:00,0.03,0.12,0.07,0.31,0.133060148,0.10046
6796,20101011 04:00:00,-0.06,0.07,-0.04,0.33,0.084317858,0.06034
6797,20101011 05:00:00,-0.14,0.03,-0.14,0.33,0.065054072,0.03019
6798,20101011 06:00:00,-0.2,0,-0.21,0.31,0.075823949,0.02996
6799,20101011 07:00:00,-0.25,-0.02,-0.26,0.27,0.104342382,0.04973
6800,20101011 08:00:00,-0.27,-0.02,-0.29,0.23,0.136267472,0.06947
6801,20101011 09:00:00,-0.26,-0.01,-0.31,0.17,0.154439252,0.07921
6802,20101011 10:00:00,-0.22,0.02,-0.28,0.1,0.144157769,0.07889
6803,20101011 11:00:00,-0.16,0.06,-0.22,0.02,0.102615336,0.06857
6804,20101011 12:00:00,-0.1,0.11,-0.14,-0.09,0.033221031,0.03822
6805,20101011 13:00:00,-0.02,0.16,-0.05,-0.21,-0.06480131,-0.03215
6806,20101011 14:00:00,0.07,0.21,0.04,-0.31,-0.189151129,-0.13249
6807,20101011 15:00:00,0.17,0.27,0.13,-0.37,-0.318826275,-0.24278
6808,20101011 16:00:00,0.29,0.32,0.23,-0.4,-0.415552814,-0.343
6809,20101011 17:00:00,0.41,0.38,0.32,-0.39,-0.447014704,-0.40325
6810,20101011 18:00:00,0.51,0.42,0.4,-0.36,-0.40837143,-0.40354
6811,20101011 19:00:00,0.6,0.45,0.48,-0.3,-0.317924199,-0.35384
6812,20101011 20:00:00,0.66,0.47,0.53,-0.22,-0.199403533,-0.27413
6813,20101011 21:00:00,0.68,0.46,0.56,-0.11,-0.076394461,-0.18437
6814,20101011 22:00:00,0.67,0.45,0.56,0,0.028499614,-0.08462
6815,20101011 23:00:00,0.62,0.42,0.54,0.1,0.104675183,0.00517
6816,20101012 00:00:00,0.52,0.37,0.5,0.18,0.157563306,0.07499
6817,20101012 01:00:00,0.4,0.32,0.42,0.24,0.192672957,0.12474
6818,20101012 02:00:00,0.27,0.25,0.32,0.27,0.204400321,0.14448
6819,20101012 03:00:00,0.15,0.18,0.19,0.31,0.187603069,0.12425
6820,20101012 04:00:00,0.04,0.12,0.07,0.34,0.153207727,0.10409
6821,20101012 05:00:00,-0.06,0.07,-0.04,0.36,0.123063318,0.08392
6822,20101012 06:00:00,-0.14,0.02,-0.14,0.35,0.110331685,0.07377
6823,20101012 07:00:00,-0.21,-0.01,-0.22,0.32,0.112483427,0.07363
6824,20101012 08:00:00,-0.27,-0.03,-0.27,0.28,0.121903235,0.07358
6825,20101012 09:00:00,-0.29,-0.04,-0.31,0.24,0.13271864,0.07338
6826,20101012 10:00:00,-0.28,-0.03,-0.32,0.18,0.134787638,0.07347
6827,20101012 11:00:00,-0.25,0,-0.3,0.1,0.115977158,0.06346
6828,20101012 12:00:00,-0.19,0.04,-0.24,0.01,0.070506206,0.04345
6829,20101012 13:00:00,-0.12,0.09,-0.17,-0.1,-0.001717305,0.00343
6830,20101012 14:00:00,-0.04,0.15,-0.08,-0.21,-0.09893113,-0.06659
6831,20101012 15:00:00,0.06,0.21,0.02,-0.3,-0.212813372,-0.15657
6832,20101012 16:00:00,0.17,0.27,0.12,-0.36,-0.321859954,-0.25658
6833,20101012 17:00:00,0.28,0.33,0.22,-0.39,-0.396363116,-0.33654
6834,20101012 18:00:00,0.4,0.38,0.31,-0.38,-0.415209627,-0.38647
6835,20101012 19:00:00,0.5,0.42,0.39,-0.36,-0.378248525,-0.38644
6836,20101012 20:00:00,0.59,0.45,0.47,-0.31,-0.300368154,-0.3365
6837,20101012 21:00:00,0.64,0.46,0.52,-0.23,-0.198400748,-0.26657
6838,20101012 22:00:00,0.66,0.45,0.55,-0.12,-0.090685495,-0.18667
6839,20101012 23:00:00,0.64,0.44,0.55,-0.02,0.003584629,-0.10672
6840,20101013 00:00:00,0.59,0.41,0.53,0.08,0.075419336,-0.01685
6841,20101013 01:00:00,0.5,0.37,0.48,0.16,0.129291945,0.05303
6842,20101013 02:00:00,0.39,0.31,0.41,0.22,0.169074666,0.09296
6843,20101013 03:00:00,0.28,0.25,0.3,0.27,0.190381598,0.11297
6844,20101013 04:00:00,0.16,0.19,0.19,0.31,0.188890141,0.12307
6845,20101013 05:00:00,0.06,0.13,0.08,0.34,0.171367235,0.11317
6846,20101013 06:00:00,-0.04,0.07,-0.03,0.36,0.151363998,0.10328
6847,20101013 07:00:00,-0.13,0.03,-0.13,0.34,0.136402676,0.0934
6848,20101013 08:00:00,-0.21,0,-0.2,0.31,0.12592907,0.08357
6849,20101013 09:00:00,-0.26,-0.02,-0.26,0.27,0.119576168,0.07375
6850,20101013 10:00:00,-0.29,-0.03,-0.29,0.23,0.117794465,0.06388
6851,20101013 11:00:00,-0.28,-0.02,-0.31,0.17,0.113282519,0.06404
6852,20101013 12:00:00,-0.25,0,-0.29,0.1,0.093113064,0.05422
6853,20101013 13:00:00,-0.2,0.05,-0.23,0.01,0.049183251,0.02445
6854,20101013 14:00:00,-0.13,0.1,-0.16,-0.09,-0.018628702,-0.01534
6855,20101013 15:00:00,-0.04,0.15,-0.08,-0.18,-0.104972273,-0.0751
6856,20101013 16:00:00,0.06,0.21,0.01,-0.27,-0.199847344,-0.15485
6857,20101013 17:00:00,0.17,0.27,0.12,-0.32,-0.287166125,-0.23459
6858,20101013 18:00:00,0.28,0.32,0.21,-0.35,-0.346736502,-0.30433
6859,20101013 19:00:00,0.39,0.37,0.3,-0.36,-0.363417556,-0.34411
6860,20101013 20:00:00,0.48,0.41,0.37,-0.34,-0.336119938,-0.34388
6861,20101013 21:00:00,0.56,0.43,0.44,-0.29,-0.273942477,-0.31377
6862,20101013 22:00:00,0.61,0.44,0.49,-0.21,-0.188398064,-0.25363
6863,20101013 23:00:00,0.62,0.43,0.52,-0.12,-0.094506206,-0.18339
6864,20101014 00:00:00,0.6,0.42,0.52,-0.03,-0.009461651,-0.11314
6865,20101014 01:00:00,0.55,0.39,0.49,0.07,0.058745938,-0.03292
6866,20101014 02:00:00,0.48,0.35,0.45,0.15,0.113242729,0.02734
6867,20101014 03:00:00,0.38,0.31,0.38,0.22,0.157052402,0.07763
6868,20101014 04:00:00,0.28,0.25,0.29,0.26,0.186201463,0.10783
6869,20101014 05:00:00,0.17,0.2,0.18,0.3,0.19533045,0.11802
6870,20101014 06:00:00,0.07,0.14,0.08,0.33,0.185946687,0.11822
6871,20101014 07:00:00,-0.03,0.09,-0.02,0.33,0.166023502,0.11843
6872,20101014 08:00:00,-0.12,0.04,-0.11,0.31,0.14279348,0.10872
6873,20101014 09:00:00,-0.19,0.01,-0.18,0.28,0.120635945,0.08902
6874,20101014 10:00:00,-0.24,-0.01,-0.23,0.25,0.105352118,0.06934
6875,20101014 11:00:00,-0.26,-0.02,-0.26,0.21,0.099772924,0.05971
6876,20101014 12:00:00,-0.26,-0.01,-0.27,0.16,0.095885627,0.05017
6877,20101014 13:00:00,-0.23,0.02,-0.25,0.1,0.079432823,0.04067
6878,20101014 14:00:00,-0.17,0.06,-0.21,0.02,0.041882869,0.01108
6879,20101014 15:00:00,-0.1,0.11,-0.14,-0.06,-0.015250459,-0.01859
6880,20101014 16:00:00,-0.01,0.17,-0.06,-0.15,-0.085354275,-0.06836
6881,20101014 17:00:00,0.08,0.22,0.03,-0.22,-0.161125462,-0.13819
6882,20101014 18:00:00,0.18,0.27,0.12,-0.28,-0.23337057,-0.19807
6883,20101014 19:00:00,0.28,0.32,0.21,-0.31,-0.287616912,-0.25801
6884,20101014 20:00:00,0.37,0.35,0.28,-0.32,-0.309350442,-0.29797
6885,20101014 21:00:00,0.46,0.39,0.35,-0.3,-0.29383088,-0.30786
6886,20101014 22:00:00,0.53,0.41,0.41,-0.26,-0.245573266,-0.28772
6887,20101014 23:00:00,0.57,0.41,0.46,-0.19,-0.172891706,-0.23753
6888,20101015 00:00:00,0.57,0.41,0.47,-0.11,-0.089142679,-0.17724
6889,20101015 01:00:00,0.55,0.39,0.47,-0.02,-0.010169616,-0.10705
6890,20101015 02:00:00,0.51,0.37,0.45,0.07,0.055813245,-0.0369
6891,20101015 03:00:00,0.45,0.34,0.41,0.15,0.110417321,0.02326
6892,20101015 04:00:00,0.36,0.3,0.35,0.21,0.156079006,0.07341
6893,20101015 05:00:00,0.26,0.25,0.27,0.25,0.18871574,0.10349
6894,20101015 06:00:00,0.16,0.2,0.18,0.28,0.200645374,0.12361
6895,20101015 07:00:00,0.07,0.15,0.09,0.3,0.189346396,0.12379
6896,20101015 08:00:00,-0.03,0.1,-0.01,0.29,0.161882199,0.11407
6897,20101015 09:00:00,-0.1,0.06,-0.09,0.27,0.129001537,0.09438
6898,20101015 10:00:00,-0.17,0.03,-0.15,0.25,0.100060976,0.0747
6899,20101015 11:00:00,-0.21,0.01,-0.19,0.22,0.08295189,0.05498
6900,20101015 12:00:00,-0.22,0.01,-0.22,0.19,0.07954052,0.04521
6901,20101015 13:00:00,-0.22,0.02,-0.22,0.15,0.080292885,0.03545
6902,20101015 14:00:00,-0.18,0.05,-0.21,0.11,0.070762525,0.02561
6903,20101015 15:00:00,-0.12,0.09,-0.16,0.04,0.042957547,0.00577
6904,20101015 16:00:00,-0.05,0.14,-0.1,-0.03,-0.001186953,-0.01411
6905,20101015 17:00:00,0.04,0.19,-0.02,-0.11,-0.056001816,-0.05399
6906,20101015 18:00:00,0.12,0.23,0.06,-0.18,-0.118256366,-0.10382
6907,20101015 19:00:00,0.2,0.27,0.14,-0.23,-0.183429719,-0.16366
6908,20101015 20:00:00,0.28,0.31,0.21,-0.26,-0.238423697,-0.21346
6909,20101015 21:00:00,0.36,0.34,0.27,-0.27,-0.266611941,-0.25327
6910,20101015 22:00:00,0.43,0.36,0.33,-0.25,-0.260194648,-0.2731
6911,20101015 23:00:00,0.48,0.38,0.38,-0.21,-0.22065214,-0.26299
6912,20101016 00:00:00,0.51,0.38,0.41,-0.15,-0.154647835,-0.22287
6913,20101016 01:00:00,0.51,0.38,0.42,-0.08,-0.07524545,-0.16281
6914,20101016 02:00:00,0.5,0.37,0.42,0.01,0.001358086,-0.09276
6915,20101016 03:00:00,0.46,0.35,0.4,0.09,0.065775137,-0.03265
6916,20101016 04:00:00,0.41,0.33,0.37,0.15,0.11869237,0.03747
6917,20101016 05:00:00,0.33,0.29,0.31,0.2,0.162337539,0.08758
6918,20101016 06:00:00,0.24,0.25,0.25,0.23,0.191800899,0.11765
6919,20101016 07:00:00,0.15,0.2,0.17,0.25,0.197103218,0.12772
6920,20101016 08:00:00,0.06,0.15,0.09,0.26,0.17545885,0.11788
6921,20101016 09:00:00,-0.02,0.11,0,0.24,0.137268569,0.10804
6922,20101016 10:00:00,-0.08,0.07,-0.06,0.23,0.097731082,0.07823
6923,20101016 11:00:00,-0.13,0.05,-0.11,0.21,0.068163179,0.04841
6924,20101016 12:00:00,-0.16,0.04,-0.14,0.2,0.055532995,0.02855
6925,20101016 13:00:00,-0.16,0.04,-0.16,0.18,0.059662733,0.01869
6926,20101016 14:00:00,-0.15,0.06,-0.17,0.15,0.069674574,0.01882
6927,20101016 15:00:00,-0.1,0.09,-0.15,0.11,0.07029246,0.01892
6928,20101016 16:00:00,-0.04,0.13,-0.1,0.06,0.053193925,0.00898
6929,20101016 17:00:00,0.02,0.17,-0.04,0,0.020215669,-0.00092
6930,20101016 18:00:00,0.09,0.21,0.02,-0.07,-0.024423618,-0.03076
6931,20101016 19:00:00,0.15,0.24,0.09,-0.14,-0.080517597,-0.08062
6932,20101016 20:00:00,0.21,0.27,0.15,-0.18,-0.145168251,-0.13052
6933,20101016 21:00:00,0.27,0.29,0.2,-0.21,-0.203498581,-0.1904
6934,20101016 22:00:00,0.34,0.32,0.25,-0.21,-0.236371755,-0.23031
6935,20101016 23:00:00,0.39,0.34,0.3,-0.2,-0.233786256,-0.2502
6936,20101017 00:00:00,0.42,0.35,0.34,-0.16,-0.196019174,-0.24009
6937,20101017 01:00:00,0.44,0.35,0.36,-0.11,-0.129837666,-0.20001
6938,20101017 02:00:00,0.44,0.35,0.37,-0.04,-0.049929385,-0.13994
6939,20101017 03:00:00,0.43,0.35,0.36,0.04,0.025482119,-0.06993
6940,20101017 04:00:00,0.4,0.33,0.35,0.1,0.086253443,-0.0099
6941,20101017 05:00:00,0.35,0.31,0.32,0.15,0.133421585,0.05016
6942,20101017 06:00:00,0.29,0.28,0.28,0.18,0.169112651,0.10017
6943,20101017 07:00:00,0.21,0.24,0.22,0.2,0.18716512,0.12012
6944,20101017 08:00:00,0.13,0.2,0.15,0.2,0.177561751,0.12013
6945,20101017 09:00:00,0.06,0.15,0.08,0.2,0.141373658,0.10022
6946,20101017 10:00:00,-0.01,0.12,0.02,0.19,0.094308955,0.07033
6947,20101017 11:00:00,-0.05,0.09,-0.04,0.18,0.053841647,0.04047
6948,20101017 12:00:00,-0.08,0.08,-0.07,0.18,0.030322796,0.01057
6949,20101017 13:00:00,-0.09,0.08,-0.09,0.17,0.028583611,0.00068
6950,20101017 14:00:00,-0.08,0.09,-0.1,0.16,0.045975475,0.00088
6951,20101017 15:00:00,-0.06,0.1,-0.1,0.15,0.068730166,0.01115
6952,20101017 16:00:00,-0.01,0.13,-0.07,0.12,0.079590319,0.01135
6953,20101017 17:00:00,0.04,0.16,-0.03,0.08,0.070391297,0.02164
6954,20101017 18:00:00,0.1,0.19,0.02,0.02,0.044014336,0.01189
6955,20101017 19:00:00,0.14,0.22,0.07,-0.04,0.004041391,-0.00785
6956,20101017 20:00:00,0.18,0.24,0.12,-0.1,-0.051199908,-0.05756
6957,20101017 21:00:00,0.22,0.26,0.16,-0.13,-0.118004436,-0.11723
6958,20101017 22:00:00,0.25,0.27,0.19,-0.15,-0.178480577,-0.16697
6959,20101017 23:00:00,0.29,0.29,0.23,-0.15,-0.211172781,-0.2067
6960,20101018 00:00:00,0.33,0.31,0.26,-0.14,-0.205632922,-0.22642
6961,20101018 01:00:00,0.35,0.32,0.28,-0.1,-0.162509934,-0.20616
6962,20101018 02:00:00,0.37,0.32,0.3,-0.05,-0.091000413,-0.16592
6963,20101018 03:00:00,0.37,0.32,0.3,0.01,-0.009647535,-0.10564
6964,20101018 04:00:00,0.36,0.32,0.3,0.06,0.061795322,-0.03534
6965,20101018 05:00:00,0.34,0.31,0.29,0.1,0.114424153,0.02499
6966,20101018 06:00:00,0.3,0.29,0.28,0.13,0.150684895,0.07532
6967,20101018 07:00:00,0.24,0.27,0.24,0.14,0.172062637,0.10568
6968,20101018 08:00:00,0.18,0.23,0.19,0.15,0.171769046,0.11602
6969,20101018 09:00:00,0.11,0.19,0.14,0.14,0.142831012,0.09644
6970,20101018 10:00:00,0.06,0.16,0.08,0.13,0.092792979,0.06688
6971,20101018 11:00:00,0.02,0.13,0.03,0.13,0.042079233,0.02741
6972,20101018 12:00:00,0,0.12,0,0.13,0.007768934,-0.00216
6973,20101018 13:00:00,-0.01,0.12,-0.02,0.14,-0.002127614,-0.02172
6974,20101018 14:00:00,0,0.12,-0.03,0.14,0.014285981,-0.02138
6975,20101018 15:00:00,0.02,0.13,-0.03,0.15,0.049505579,-0.01106
6976,20101018 16:00:00,0.05,0.15,-0.02,0.15,0.084812267,0.00922
6977,20101018 17:00:00,0.09,0.18,0.01,0.13,0.101879485,0.02949
6978,20101018 18:00:00,0.13,0.2,0.04,0.09,0.095900967,0.03977
6979,20101018 19:00:00,0.16,0.22,0.08,0.04,0.072145886,0.04006
6980,20101018 20:00:00,0.18,0.23,0.11,-0.01,0.03291451,0.01035
6981,20101018 21:00:00,0.19,0.24,0.14,-0.05,-0.024633167,-0.02929
6982,20101018 22:00:00,0.2,0.24,0.16,-0.08,-0.094112201,-0.089
6983,20101018 23:00:00,0.22,0.25,0.17,-0.09,-0.153457044,-0.14876
6984,20101019 00:00:00,0.24,0.26,0.19,-0.08,-0.180200706,-0.1785
6985,20101019 01:00:00,0.26,0.27,0.2,-0.07,-0.165178064,-0.18831
6986,20101019 02:00:00,0.27,0.28,0.22,-0.04,-0.112323389,-0.16818
6987,20101019 03:00:00,0.29,0.29,0.23,0,-0.035408337,-0.11801
6988,20101019 04:00:00,0.29,0.29,0.23,0.04,0.043057185,-0.05784
6989,20101019 05:00:00,0.29,0.29,0.23,0.07,0.103970348,0.00225
6990,20101019 06:00:00,0.27,0.29,0.24,0.09,0.142082892,0.06242
6991,20101019 07:00:00,0.24,0.27,0.23,0.1,0.161220117,0.10255
6992,20101019 08:00:00,0.2,0.25,0.2,0.09,0.161560798,0.11265
6993,20101019 09:00:00,0.15,0.22,0.17,0.08,0.136993752,0.10269
6994,20101019 10:00:00,0.11,0.19,0.13,0.07,0.086609879,0.06275
6995,20101019 11:00:00,0.08,0.17,0.09,0.06,0.025693035,0.02277
6996,20101019 12:00:00,0.07,0.16,0.06,0.07,-0.023040775,-0.02719
6997,20101019 13:00:00,0.07,0.16,0.04,0.08,-0.044080854,-0.05726
6998,20101019 14:00:00,0.08,0.16,0.04,0.1,-0.032900945,-0.0673
6999,20101019 15:00:00,0.11,0.17,0.04,0.12,0.006834909,-0.04742
7000,20101019 16:00:00,0.13,0.18,0.05,0.14,0.059569222,-0.0176
7001,20101019 17:00:00,0.16,0.2,0.07,0.14,0.102007189,0.01219
7002,20101019 18:00:00,0.19,0.21,0.09,0.13,0.119389405,0.04184
7003,20101019 19:00:00,0.2,0.22,0.11,0.1,0.113069731,0.06145
7004,20101019 20:00:00,0.2,0.23,0.13,0.07,0.089463847,0.0511
7005,20101019 21:00:00,0.19,0.23,0.14,0.03,0.047937762,0.02084
7006,20101019 22:00:00,0.17,0.22,0.14,0,-0.014016001,-0.02938
7007,20101019 23:00:00,0.16,0.22,0.14,-0.02,-0.084371476,-0.07958
7008,20101020 00:00:00,0.16,0.22,0.13,-0.02,-0.137251991,-0.1298
7009,20101020 01:00:00,0.16,0.23,0.13,-0.01,-0.151697744,-0.16001
7010,20101020 02:00:00,0.18,0.24,0.14,0,-0.123237552,-0.16028
7011,20101020 03:00:00,0.19,0.24,0.14,0.03,-0.060831826,-0.13059
7012,20101020 04:00:00,0.2,0.25,0.15,0.05,0.01610411,-0.08092
7013,20101020 05:00:00,0.21,0.26,0.16,0.07,0.083566581,-0.01122
7014,20101020 06:00:00,0.21,0.26,0.17,0.07,0.126597018,0.03853
7015,20101020 07:00:00,0.21,0.26,0.18,0.06,0.144921336,0.07833
7016,20101020 08:00:00,0.19,0.25,0.18,0.04,0.142639573,0.09825
7017,20101020 09:00:00,0.16,0.24,0.17,0.02,0.118134965,0.08816
7018,20101020 10:00:00,0.14,0.22,0.15,0,0.067945361,0.0482
7019,20101020 11:00:00,0.12,0.2,0.13,-0.01,-0.000444736,-0.00167
7020,20101020 12:00:00,0.12,0.19,0.11,-0.01,-0.06502996,-0.05147
7021,20101020 13:00:00,0.13,0.19,0.1,0.01,-0.102209303,-0.10127
7022,20101020 14:00:00,0.16,0.2,0.1,0.03,-0.100258721,-0.12107
7023,20101020 15:00:00,0.19,0.21,0.11,0.06,-0.060355063,-0.11085
7024,20101020 16:00:00,0.22,0.22,0.13,0.1,0.004565658,-0.0706
7025,20101020 17:00:00,0.25,0.23,0.14,0.13,0.070486795,-0.02035
7026,20101020 18:00:00,0.26,0.24,0.16,0.14,0.11457079,0.01997
7027,20101020 19:00:00,0.27,0.24,0.17,0.14,0.130498835,0.06028
7028,20101020 20:00:00,0.25,0.24,0.17,0.12,0.124990965,0.07052
7029,20101020 21:00:00,0.22,0.23,0.17,0.1,0.101811615,0.07083
7030,20101020 22:00:00,0.18,0.21,0.15,0.07,0.057016472,0.03111
7031,20101020 23:00:00,0.13,0.19,0.12,0.05,-0.007566684,-0.01862
7032,20101021 00:00:00,0.1,0.18,0.09,0.05,-0.072750041,-0.06831
7033,20101021 01:00:00,0.09,0.18,0.07,0.05,-0.111528777,-0.10806
7034,20101021 02:00:00,0.09,0.18,0.06,0.06,-0.108446336,-0.12786
7035,20101021 03:00:00,0.09,0.19,0.06,0.07,-0.065451686,-0.11766
7036,20101021 04:00:00,0.1,0.2,0.06,0.08,0.002634869,-0.0775
7037,20101021 05:00:00,0.11,0.21,0.07,0.08,0.072308548,-0.02729
7038,20101021 06:00:00,0.13,0.22,0.08,0.07,0.121605722,0.03295
7039,20101021 07:00:00,0.14,0.23,0.11,0.05,0.142768565,0.07315
7040,20101021 08:00:00,0.15,0.23,0.13,0.01,0.139597312,0.09328
7041,20101021 09:00:00,0.15,0.23,0.14,-0.03,0.11401638,0.08328
7042,20101021 10:00:00,0.14,0.23,0.15,-0.07,0.062975699,0.05312
7043,20101021 11:00:00,0.14,0.22,0.15,-0.09,-0.011364864,-0.0071
7044,20101021 12:00:00,0.15,0.22,0.15,-0.1,-0.0918676,-0.06734
7045,20101021 13:00:00,0.18,0.22,0.15,-0.08,-0.150863781,-0.12752
7046,20101021 14:00:00,0.22,0.24,0.16,-0.06,-0.166623757,-0.16752
7047,20101021 15:00:00,0.26,0.25,0.18,-0.02,-0.134080671,-0.16761
7048,20101021 16:00:00,0.31,0.27,0.2,0.03,-0.064042887,-0.12771
7049,20101021 17:00:00,0.34,0.28,0.22,0.08,0.020061777,-0.06764
7050,20101021 18:00:00,0.35,0.28,0.23,0.11,0.09013135,-0.00758
7051,20101021 19:00:00,0.35,0.28,0.24,0.14,0.130445873,0.04252
7052,20101021 20:00:00,0.32,0.26,0.24,0.15,0.144166162,0.07258
7053,20101021 21:00:00,0.27,0.24,0.22,0.14,0.138711888,0.09257
7054,20101021 22:00:00,0.21,0.22,0.18,0.13,0.11270955,0.08254
7055,20101021 23:00:00,0.14,0.19,0.14,0.11,0.062447672,0.04254
7056,20101022 00:00:00,0.08,0.16,0.08,0.11,-0.002284505,-0.00754
7057,20101022 01:00:00,0.04,0.14,0.03,0.12,-0.056732186,-0.0577
7058,20101022 02:00:00,0.01,0.14,0,0.13,-0.077486324,-0.08793
7059,20101022 03:00:00,0.01,0.14,-0.02,0.13,-0.057489862,-0.09822
7060,20101022 04:00:00,0,0.15,-0.03,0.13,-0.005634309,-0.06857
7061,20101022 05:00:00,0.01,0.16,-0.03,0.11,0.058368663,-0.02886
7062,20101022 06:00:00,0.03,0.17,-0.01,0.09,0.110257374,0.02092
7063,20101022 07:00:00,0.05,0.19,0.01,0.06,0.134206828,0.06073
7064,20101022 08:00:00,0.08,0.2,0.05,0.01,0.13080641,0.08053
7065,20101022 09:00:00,0.1,0.21,0.08,-0.05,0.105419539,0.08033
7066,20101022 10:00:00,0.11,0.22,0.11,-0.11,0.055948137,0.05019
7067,20101022 11:00:00,0.13,0.22,0.13,-0.16,-0.020418702,-0.00989
7068,20101022 12:00:00,0.16,0.23,0.15,-0.18,-0.112694944,-0.07995
7069,20101022 13:00:00,0.2,0.24,0.17,-0.18,-0.193817285,-0.14999
7070,20101022 14:00:00,0.25,0.26,0.19,-0.15,-0.234050349,-0.20993
7071,20101022 15:00:00,0.31,0.29,0.23,-0.11,-0.218255096,-0.22979
7072,20101022 16:00:00,0.37,0.31,0.27,-0.06,-0.151798833,-0.20966
7073,20101022 17:00:00,0.41,0.32,0.29,0,-0.056192556,-0.13955
7074,20101022 18:00:00,0.44,0.32,0.31,0.06,0.038110963,-0.05945
7075,20101022 19:00:00,0.44,0.32,0.32,0.11,0.105867722,0.00065
7076,20101022 20:00:00,0.41,0.3,0.31,0.15,0.141789994,0.06072
7077,20101022 21:00:00,0.36,0.27,0.29,0.17,0.154806068,0.09076
7078,20101022 22:00:00,0.27,0.24,0.24,0.17,0.148524364,0.10077
7079,20101022 23:00:00,0.18,0.2,0.18,0.16,0.117810713,0.08073
7080,20101023 00:00:00,0.09,0.15,0.11,0.16,0.064110475,0.0407
7081,20101023 01:00:00,0.02,0.12,0.03,0.17,0.005831019,0.0007
7082,20101023 02:00:00,-0.03,0.1,-0.04,0.18,-0.031453099,-0.03924
7083,20101023 03:00:00,-0.06,0.09,-0.08,0.19,-0.032542679,-0.0593
7084,20101023 04:00:00,-0.08,0.09,-0.1,0.18,0.00052759,-0.0494
7085,20101023 05:00:00,-0.09,0.1,-0.11,0.16,0.053336986,-0.01942
7086,20101023 06:00:00,-0.08,0.11,-0.11,0.13,0.104047216,0.02046
7087,20101023 07:00:00,-0.05,0.13,-0.09,0.09,0.13145498,0.05031
7088,20101023 08:00:00,-0.01,0.15,-0.05,0.03,0.128773803,0.07018
7089,20101023 09:00:00,0.03,0.17,-0.01,-0.05,0.102990569,0.07003
7090,20101023 10:00:00,0.06,0.19,0.04,-0.13,0.056889326,0.04984
7091,20101023 11:00:00,0.09,0.21,0.09,-0.2,-0.015757456,-0.00034
7092,20101023 12:00:00,0.13,0.23,0.13,-0.24,-0.113322479,-0.08052
7093,20101023 13:00:00,0.19,0.25,0.17,-0.26,-0.213601443,-0.16067
7094,20101023 14:00:00,0.25,0.28,0.21,-0.25,-0.282384711,-0.24079
7095,20101023 15:00:00,0.33,0.31,0.25,-0.21,-0.293759472,-0.28081
7096,20101023 16:00:00,0.41,0.34,0.31,-0.16,-0.243442713,-0.28082
7097,20101023 17:00:00,0.47,0.36,0.35,-0.09,-0.14793252,-0.22087
7098,20101023 18:00:00,0.51,0.36,0.37,-0.02,-0.036490832,-0.14089
7099,20101023 19:00:00,0.52,0.36,0.39,0.05,0.059615353,-0.05091
7100,20101023 20:00:00,0.5,0.34,0.39,0.11,0.122289343,0.01909
7101,20101023 21:00:00,0.45,0.31,0.37,0.16,0.154858501,0.06907
7102,20101023 22:00:00,0.36,0.27,0.32,0.19,0.166881092,0.109
7103,20101023 23:00:00,0.25,0.22,0.25,0.2,0.157292183,0.10892
7104,20101024 00:00:00,0.13,0.17,0.16,0.2,0.121617827,0.08894
7105,20101024 01:00:00,0.03,0.12,0.06,0.21,0.069157816,0.04893
7106,20101024 02:00:00,-0.04,0.08,-0.04,0.23,0.023451311,-0.00106
7107,20101024 03:00:00,-0.1,0.06,-0.11,0.24,0.005349597,-0.02105
7108,20101024 04:00:00,-0.13,0.05,-0.15,0.24,0.01998486,-0.03105
7109,20101024 05:00:00,-0.16,0.05,-0.18,0.22,0.058063836,-0.00108
7110,20101024 06:00:00,-0.17,0.05,-0.19,0.18,0.102343057,0.02888
7111,20101024 07:00:00,-0.15,0.07,-0.18,0.13,0.131953518,0.04888
7112,20101024 08:00:00,-0.11,0.09,-0.16,0.06,0.132478398,0.06893
7113,20101024 09:00:00,-0.07,0.12,-0.11,-0.02,0.105954483,0.06897
7114,20101024 10:00:00,-0.02,0.15,-0.05,-0.11,0.061250059,0.049
7115,20101024 11:00:00,0.03,0.18,0.02,-0.2,-0.003717792,-0.00091
7116,20101024 12:00:00,0.09,0.21,0.08,-0.27,-0.096261567,-0.07079
7117,20101024 13:00:00,0.15,0.24,0.14,-0.31,-0.206020869,-0.15065
7118,20101024 14:00:00,0.23,0.28,0.2,-0.32,-0.300541053,-0.24041
7119,20101024 15:00:00,0.32,0.32,0.26,-0.3,-0.344894287,-0.31022
7120,20101024 16:00:00,0.42,0.35,0.32,-0.26,-0.322801865,-0.33009
7121,20101024 17:00:00,0.49,0.38,0.38,-0.19,-0.242194506,-0.29004
7122,20101024 18:00:00,0.55,0.4,0.42,-0.12,-0.12733684,-0.21989
7123,20101024 19:00:00,0.58,0.4,0.44,-0.04,-0.009350884,-0.11976
7124,20101024 20:00:00,0.58,0.38,0.45,0.05,0.083798134,-0.02963
7125,20101024 21:00:00,0.54,0.36,0.44,0.13,0.141538665,0.04058
7126,20101024 22:00:00,0.46,0.32,0.4,0.18,0.171698935,0.09073
7127,20101024 23:00:00,0.34,0.26,0.34,0.21,0.181857323,0.12083
7128,20101025 00:00:00,0.21,0.2,0.24,0.23,0.168530274,0.12095
7129,20101025 01:00:00,0.09,0.14,0.13,0.24,0.131237161,0.0911
7130,20101025 02:00:00,-0.02,0.09,0.01,0.26,0.085994929,0.05124
7131,20101025 03:00:00,-0.1,0.05,-0.09,0.28,0.056244676,0.02139
7132,20101025 04:00:00,-0.15,0.02,-0.17,0.29,0.054815493,0.01154
7133,20101025 05:00:00,-0.2,0.01,-0.21,0.27,0.077934442,0.02171
7134,20101025 06:00:00,-0.23,0.01,-0.24,0.23,0.111987178,0.04191
7135,20101025 07:00:00,-0.24,0.01,-0.25,0.18,0.140016804,0.07207
7136,20101025 08:00:00,-0.21,0.03,-0.24,0.11,0.145576221,0.07227
7137,20101025 09:00:00,-0.17,0.06,-0.21,0.03,0.121810005,0.07246
7138,20101025 10:00:00,-0.11,0.1,-0.15,-0.06,0.076042839,0.05268
7139,20101025 11:00:00,-0.05,0.14,-0.08,-0.17,0.015138895,0.0229
7140,20101025 12:00:00,0.02,0.18,0,-0.26,-0.066749781,-0.04686
7141,20101025 13:00:00,0.09,0.22,0.08,-0.33,-0.172841603,-0.12658
7142,20101025 14:00:00,0.18,0.26,0.15,-0.37,-0.282858341,-0.22628
7143,20101025 15:00:00,0.28,0.31,0.23,-0.37,-0.359674173,-0.30595
7144,20101025 16:00:00,0.39,0.35,0.3,-0.34,-0.374829685,-0.35565
7145,20101025 17:00:00,0.49,0.39,0.38,-0.28,-0.324047374,-0.34537
7146,20101025 18:00:00,0.56,0.42,0.44,-0.21,-0.223736695,-0.29513
7147,20101025 19:00:00,0.61,0.43,0.48,-0.13,-0.100200703,-0.20487
7148,20101025 20:00:00,0.63,0.42,0.5,-0.03,0.017437745,-0.10465
7149,20101025 21:00:00,0.61,0.4,0.5,0.06,0.105701588,-0.01431
7150,20101025 22:00:00,0.55,0.36,0.48,0.14,0.159008226,0.05598
7151,20101025 23:00:00,0.45,0.32,0.42,0.2,0.186925534,0.10612
7152,20101026 00:00:00,0.32,0.25,0.34,0.23,0.195101582,0.13625
7153,20101026 01:00:00,0.18,0.19,0.23,0.25,0.180274095,0.12642
7154,20101026 02:00:00,0.05,0.12,0.1,0.28,0.146453366,0.09656
7155,20101026 03:00:00,-0.05,0.07,-0.03,0.3,0.11271353,0.06666
7156,20101026 04:00:00,-0.13,0.02,-0.13,0.32,0.098360032,0.04672
7157,20101026 05:00:00,-0.2,0,-0.21,0.31,0.107655039,0.04676
7158,20101026 06:00:00,-0.25,-0.02,-0.26,0.28,0.130615829,0.06675
7159,20101026 07:00:00,-0.28,-0.02,-0.29,0.23,0.153086648,0.08673
7160,20101026 08:00:00,-0.29,-0.02,-0.3,0.17,0.161565601,0.09672
7161,20101026 09:00:00,-0.26,0.01,-0.29,0.09,0.145248082,0.08673
7162,20101026 10:00:00,-0.21,0.04,-0.24,0,0.102596442,0.06669
7163,20101026 11:00:00,-0.14,0.08,-0.17,-0.1,0.042119516,0.03664
7164,20101026 12:00:00,-0.07,0.13,-0.09,-0.21,-0.032405573,-0.0134
7165,20101026 13:00:00,0.01,0.18,-0.01,-0.31,-0.126719327,-0.09343
7166,20101026 14:00:00,0.11,0.23,0.08,-0.37,-0.236851721,-0.18336
7167,20101026 15:00:00,0.22,0.28,0.16,-0.4,-0.336235875,-0.27327
7168,20101026 16:00:00,0.33,0.33,0.25,-0.39,-0.390496912,-0.34312
7169,20101026 17:00:00,0.44,0.38,0.34,-0.35,-0.381369165,-0.37306
7170,20101026 18:00:00,0.53,0.42,0.42,-0.3,-0.313524743,-0.35301
7171,20101026 19:00:00,0.6,0.44,0.48,-0.22,-0.205804589,-0.28294
7172,20101026 20:00:00,0.64,0.44,0.52,-0.13,-0.08219388,-0.19279
7173,20101026 21:00:00,0.65,0.43,0.53,-0.02,0.031180072,-0.09259
7174,20101026 22:00:00,0.62,0.41,0.52,0.08,0.113897654,-0.00236
7175,20101026 23:00:00,0.55,0.37,0.49,0.16,0.163432207,0.06792
7176,20101027 00:00:00,0.43,0.31,0.43,0.21,0.190097777,0.11811
7177,20101027 01:00:00,0.3,0.25,0.33,0.24,0.198481874,0.13821
7178,20101027 02:00:00,0.16,0.18,0.21,0.27,0.186353251,0.12831
7179,20101027 03:00:00,0.04,0.11,0.07,0.3,0.160597765,0.0984
7180,20101027 04:00:00,-0.07,0.05,-0.05,0.33,0.139630855,0.07853
7181,20101027 05:00:00,-0.15,0.01,-0.16,0.33,0.136794644,0.07864
7182,20101027 06:00:00,-0.23,-0.02,-0.23,0.32,0.14964602,0.08872
7183,20101027 07:00:00,-0.28,-0.04,-0.29,0.28,0.166099931,0.09886
7184,20101027 08:00:00,-0.32,-0.04,-0.32,0.23,0.174901496,0.10909
7185,20101027 09:00:00,-0.32,-0.03,-0.33,0.16,0.167379472,0.10928
7186,20101027 10:00:00,-0.29,-0.01,-0.32,0.08,0.136415153,0.08949
7187,20101027 11:00:00,-0.24,0.03,-0.27,-0.02,0.082274204,0.05967
7188,20101027 12:00:00,-0.17,0.08,-0.19,-0.13,0.012330649,0.01981
7189,20101027 13:00:00,-0.09,0.13,-0.11,-0.24,-0.070604134,-0.04007
7190,20101027 14:00:00,0.01,0.18,-0.02,-0.33,-0.168658867,-0.12991
7191,20101027 15:00:00,0.12,0.24,0.08,-0.38,-0.272288591,-0.21966
7192,20101027 16:00:00,0.24,0.3,0.17,-0.4,-0.354970549,-0.30941
7193,20101027 17:00:00,0.36,0.35,0.27,-0.39,-0.389978233,-0.35914
7194,20101027 18:00:00,0.47,0.4,0.36,-0.35,-0.367484415,-0.36891
7195,20101027 19:00:00,0.56,0.43,0.44,-0.3,-0.295126202,-0.33872
7196,20101027 20:00:00,0.62,0.45,0.5,-0.21,-0.189400887,-0.26852
7197,20101027 21:00:00,0.66,0.45,0.53,-0.11,-0.070819424,-0.17829
7198,20101027 22:00:00,0.66,0.44,0.54,-0.01,0.036518464,-0.08802
7199,20101027 23:00:00,0.62,0.41,0.53,0.08,0.114334916,-0.00774
7200,20101028 00:00:00,0.54,0.37,0.5,0.16,0.162250377,0.06252
7201,20101028 01:00:00,0.42,0.31,0.43,0.21,0.190659985,0.11279
7202,20101028 02:00:00,0.29,0.24,0.32,0.25,0.202947209,0.13304
7203,20101028 03:00:00,0.16,0.17,0.2,0.28,0.197309273,0.12337
7204,20101028 04:00:00,0.04,0.11,0.06,0.31,0.181287585,0.1137
7205,20101028 05:00:00,-0.07,0.05,-0.06,0.33,0.170346251,0.1041
7206,20101028 06:00:00,-0.16,0.01,-0.16,0.33,0.172286288,0.10447
7207,20101028 07:00:00,-0.24,-0.03,-0.24,0.3,0.181587617,0.11486
7208,20101028 08:00:00,-0.3,-0.05,-0.3,0.26,0.188147487,0.1253
7209,20101028 09:00:00,-0.34,-0.05,-0.33,0.21,0.185596608,0.12573
7210,20101028 10:00:00,-0.34,-0.04,-0.35,0.15,0.168679103,0.11616
7211,20101028 11:00:00,-0.31,-0.02,-0.33,0.07,0.130962544,0.09654
7212,20101028 12:00:00,-0.25,0.03,-0.27,-0.03,0.072039682,0.05712
7213,20101028 13:00:00,-0.18,0.08,-0.2,-0.14,-0.001239748,0.00785
7214,20101028 14:00:00,-0.09,0.13,-0.11,-0.24,-0.084493809,-0.06139
7215,20101028 15:00:00,0.01,0.19,-0.02,-0.32,-0.176629471,-0.14052
7216,20101028 16:00:00,0.13,0.25,0.08,-0.37,-0.267220555,-0.22956
7217,20101028 17:00:00,0.25,0.31,0.18,-0.39,-0.334756929,-0.2985
7218,20101028 18:00:00,0.37,0.36,0.28,-0.37,-0.359639068,-0.33744
7219,20101028 19:00:00,0.47,0.4,0.36,-0.34,-0.335512759,-0.34654
7220,20101028 20:00:00,0.56,0.43,0.44,-0.28,-0.26814573,-0.31577
7221,20101028 21:00:00,0.62,0.45,0.5,-0.2,-0.1700627,-0.24511
7222,20101028 22:00:00,0.65,0.45,0.53,-0.1,-0.058838523,-0.16471
7223,20101028 23:00:00,0.64,0.43,0.54,0,0.043045746,-0.08434
7224,20101029 00:00:00,0.6,0.4,0.53,0.09,0.11873362,0.00614
7225,20101029 01:00:00,0.52,0.36,0.49,0.16,0.168627071,0.07661
7226,20101029 02:00:00,0.42,0.31,0.41,0.21,0.201851471,0.11713
7227,20101029 03:00:00,0.3,0.25,0.31,0.25,0.220263027,0.14773
7228,20101029 04:00:00,0.17,0.18,0.19,0.28,0.22176896,0.13852
7229,20101029 05:00:00,0.05,0.12,0.07,0.3,0.212814284,0.13935
7230,20101029 06:00:00,-0.06,0.06,-0.05,0.32,0.205238483,0.13014
7231,20101029 07:00:00,-0.16,0.01,-0.15,0.31,0.203697186,0.14075
7232,20101029 08:00:00,-0.24,-0.02,-0.23,0.28,0.204076233,0.14113
7233,20101029 09:00:00,-0.3,-0.05,-0.29,0.24,0.201083959,0.14132
7234,20101029 10:00:00,-0.34,-0.05,-0.33,0.2,0.19239306,0.1414
7235,20101029 11:00:00,-0.34,-0.04,-0.34,0.14,0.173355847,0.12149
7236,20101029 12:00:00,-0.31,-0.01,-0.32,0.06,0.135810267,0.10168
7237,20101029 13:00:00,-0.25,0.03,-0.27,-0.03,0.07827218,0.06183
7238,20101029 14:00:00,-0.18,0.09,-0.19,-0.12,0.007976344,0.012
7239,20101029 15:00:00,-0.08,0.14,-0.11,-0.22,-0.069323957,-0.04781
7240,20101029 16:00:00,0.02,0.2,-0.02,-0.29,-0.151832047,-0.12756
7241,20101029 17:00:00,0.14,0.26,0.08,-0.34,-0.232104521,-0.19742
7242,20101029 18:00:00,0.25,0.31,0.18,-0.36,-0.294504523,-0.26741
7243,20101029 19:00:00,0.36,0.35,0.27,-0.35,-0.322742032,-0.30758
7244,20101029 20:00:00,0.45,0.39,0.35,-0.32,-0.308534731,-0.31779
7245,20101029 21:00:00,0.54,0.42,0.42,-0.26,-0.253428416,-0.29807
7246,20101029 22:00:00,0.59,0.43,0.47,-0.17,-0.166089136,-0.23843
7247,20101029 23:00:00,0.61,0.43,0.51,-0.08,-0.062086486,-0.16876
7248,20101030 00:00:00,0.6,0.42,0.51,0,0.03671532,-0.07888
7249,20101030 01:00:00,0.57,0.39,0.5,0.08,0.113402076,0.0011
7250,20101030 02:00:00,0.5,0.36,0.46,0.15,0.167028641,0.07111
7251,20101030 03:00:00,0.41,0.31,0.39,0.2,0.204434237,0.12104
7252,20101030 04:00:00,0.3,0.25,0.3,0.23,0.226087804,0.14096
7253,20101030 05:00:00,0.18,0.19,0.2,0.25,0.229279001,0.15084
7254,20101030 06:00:00,0.06,0.13,0.08,0.27,0.218387331,0.14066
7255,20101030 07:00:00,-0.05,0.07,-0.03,0.28,0.202857885,0.14044
7256,20101030 08:00:00,-0.15,0.02,-0.13,0.27,0.189134891,0.13015
7257,20101030 09:00:00,-0.22,-0.01,-0.21,0.24,0.178445449,0.12996
7258,20101030 10:00:00,-0.28,-0.03,-0.27,0.22,0.170492179,0.11984
7259,20101030 11:00:00,-0.31,-0.03,-0.3,0.19,0.163993769,0.10981
7260,20101030 12:00:00,-0.31,-0.02,-0.31,0.14,0.151785695,0.09993
7261,20101030 13:00:00,-0.28,0.01,-0.29,0.07,0.123283476,0.08008
7262,20101030 14:00:00,-0.22,0.05,-0.24,-0.01,0.075843896,0.05022
7263,20101030 15:00:00,-0.14,0.11,-0.17,-0.09,0.016628296,0.01044
7264,20101030 16:00:00,-0.06,0.16,-0.09,-0.17,-0.048716167,-0.03939
7265,20101030 17:00:00,0.04,0.21,0,-0.25,-0.119925346,-0.09924
7266,20101030 18:00:00,0.14,0.26,0.09,-0.29,-0.193541578,-0.16919
7267,20101030 19:00:00,0.24,0.3,0.18,-0.31,-0.257090476,-0.23912
7268,20101030 20:00:00,0.33,0.34,0.25,-0.31,-0.29384969,-0.27895
7269,20101030 21:00:00,0.42,0.37,0.32,-0.27,-0.291790249,-0.29863
7270,20101030 22:00:00,0.49,0.39,0.38,-0.22,-0.248127763,-0.28825
7271,20101030 23:00:00,0.53,0.4,0.43,-0.15,-0.168301762,-0.2379
7272,20101031 00:00:00,0.55,0.4,0.45,-0.07,-0.066567886,-0.16752
7273,20101031 01:00:00,0.54,0.39,0.46,0.01,0.034211091,-0.08721
7274,20101031 02:00:00,0.52,0.38,0.45,0.08,0.114611274,-0.007
7275,20101031 03:00:00,0.47,0.35,0.42,0.14,0.171588893,0.0631
7276,20101031 04:00:00,0.39,0.31,0.36,0.18,0.210608625,0.12318
7277,20101031 05:00:00,0.28,0.26,0.29,0.19,0.231328301,0.14338
7278,20101031 06:00:00,0.18,0.2,0.19,0.2,0.22974876,0.15358
7279,20101031 07:00:00,0.07,0.14,0.09,0.21,0.208144569,0.14384
7280,20101031 08:00:00,-0.03,0.09,-0.01,0.21,0.177259979,0.12416
7281,20101031 09:00:00,-0.12,0.05,-0.1,0.2,0.149188261,0.10454
7282,20101031 10:00:00,-0.18,0.02,-0.17,0.19,0.131186205,0.09492
7283,20101031 11:00:00,-0.23,0,-0.22,0.18,0.125428728,0.0853
7284,20101031 12:00:00,-0.25,0,-0.24,0.17,0.129307952,0.07568
7285,20101031 13:00:00,-0.24,0.02,-0.25,0.13,0.132881401,0.07607
7286,20101031 14:00:00,-0.21,0.05,-0.23,0.08,0.122369525,0.07652
7287,20101031 15:00:00,-0.15,0.09,-0.18,0.03,0.092653656,0.05702
7288,20101031 16:00:00,-0.08,0.13,-0.11,-0.04,0.049644884,0.02745
7289,20101031 17:00:00,0,0.18,-0.04,-0.11,-0.00180651,-0.00201
7290,20101031 18:00:00,0.08,0.22,0.04,-0.18,-0.063229878,-0.05141
7291,20101031 19:00:00,0.15,0.25,0.11,-0.23,-0.134489053,-0.12082
7292,20101031 20:00:00,0.22,0.28,0.17,-0.25,-0.204705017,-0.19024
7293,20101031 21:00:00,0.29,0.3,0.22,-0.24,-0.25391172,-0.23968
7294,20101031 22:00:00,0.35,0.33,0.26,-0.22,-0.264818548,-0.26911
7295,20101031 23:00:00,0.4,0.35,0.31,-0.17,-0.230473468,-0.25855
7296,20101101 00:00:00,0.43,0.36,0.35,-0.11,-0.154098131,-0.218
7297,20101101 01:00:00,0.45,0.36,0.37,-0.05,-0.050350207,-0.14749
7298,20101101 02:00:00,0.45,0.35,0.37,0.02,0.054393207,-0.06702
7299,20101101 03:00:00,0.44,0.35,0.36,0.08,0.136950969,0.01349
7300,20101101 04:00:00,0.4,0.33,0.35,0.12,0.192599825,0.084
7301,20101101 05:00:00,0.34,0.3,0.32,0.13,0.226658466,0.14447
7302,20101101 06:00:00,0.25,0.26,0.26,0.13,0.238109224,0.16497
7303,20101101 07:00:00,0.16,0.21,0.19,0.13,0.221118471,0.15545
7304,20101101 08:00:00,0.07,0.16,0.11,0.13,0.178206014,0.12596
7305,20101101 09:00:00,-0.01,0.11,0.02,0.12,0.125572848,0.09643
7306,20101101 10:00:00,-0.07,0.08,-0.05,0.12,0.083331518,0.06701
7307,20101101 11:00:00,-0.11,0.06,-0.11,0.13,0.063357156,0.03748
7308,20101101 12:00:00,-0.13,0.06,-0.14,0.13,0.067607695,0.02792
7309,20101101 13:00:00,-0.14,0.06,-0.15,0.14,0.091159685,0.03842
7310,20101101 14:00:00,-0.12,0.07,-0.15,0.12,0.119921243,0.05901
7311,20101101 15:00:00,-0.08,0.1,-0.13,0.1,0.134798373,0.06961
7312,20101101 16:00:00,-0.03,0.14,-0.08,0.07,0.126466104,0.07021
7313,20101101 17:00:00,0.03,0.17,-0.03,0.02,0.100115885,0.07087
7314,20101101 18:00:00,0.08,0.2,0.03,-0.04,0.061462098,0.0515
7315,20101101 19:00:00,0.12,0.22,0.08,-0.1,0.007138198,0.00214
7316,20101101 20:00:00,0.15,0.23,0.12,-0.14,-0.066003109,-0.05729
7317,20101101 21:00:00,0.18,0.24,0.14,-0.16,-0.146090587,-0.12679
7318,20101101 22:00:00,0.22,0.25,0.16,-0.16,-0.207606236,-0.18633
7319,20101101 23:00:00,0.26,0.27,0.19,-0.14,-0.227761617,-0.22581
7320,20101102 00:00:00,0.28,0.28,0.21,-0.11,-0.197247118,-0.22529
7321,20101102 01:00:00,0.3,0.29,0.24,-0.06,-0.119305241,-0.18474
7322,20101102 02:00:00,0.31,0.29,0.24,-0.01,-0.011678456,-0.11426
7323,20101102 03:00:00,0.32,0.3,0.25,0.03,0.093989137,-0.03382
7324,20101102 04:00:00,0.32,0.3,0.26,0.07,0.171478159,0.04655
7325,20101102 05:00:00,0.31,0.3,0.26,0.08,0.216680343,0.11683
7326,20101102 06:00:00,0.27,0.28,0.25,0.07,0.236295586,0.16711
7327,20101102 07:00:00,0.21,0.25,0.22,0.05,0.228351008,0.16736
7328,20101102 08:00:00,0.14,0.22,0.18,0.02,0.185592772,0.13777
7329,20101102 09:00:00,0.08,0.18,0.12,0.01,0.114142873,0.09799
7330,20101102 10:00:00,0.04,0.15,0.06,0,0.038675414,0.03812
7331,20101102 11:00:00,0.01,0.13,0.01,0.01,-0.012713755,-0.01194
7332,20101102 12:00:00,0.01,0.13,-0.01,0.04,-0.026951897,-0.04192
7333,20101102 13:00:00,0.01,0.13,-0.02,0.07,-0.003929963,-0.04212
7334,20101102 14:00:00,0.02,0.13,-0.03,0.09,0.047709773,-0.01241
7335,20101102 15:00:00,0.05,0.15,-0.02,0.11,0.107534745,0.02736
7336,20101102 16:00:00,0.09,0.17,0.01,0.13,0.148769222,0.06727
7337,20101102 17:00:00,0.13,0.19,0.04,0.12,0.16022679,0.09732
7338,20101102 18:00:00,0.15,0.21,0.08,0.09,0.14910719,0.10733
7339,20101102 19:00:00,0.16,0.22,0.11,0.04,0.122089633,0.09727
7340,20101102 20:00:00,0.15,0.21,0.12,0,0.072572113,0.0571
7341,20101102 21:00:00,0.13,0.21,0.12,-0.04,-0.005090013,-0.00312
7342,20101102 22:00:00,0.12,0.2,0.11,-0.06,-0.095368535,-0.08317
7343,20101102 23:00:00,0.12,0.19,0.09,-0.06,-0.165571988,-0.14341
7344,20101103 00:00:00,0.13,0.2,0.08,-0.05,-0.189414239,-0.1839
7345,20101103 01:00:00,0.14,0.21,0.09,-0.03,-0.158018907,-0.18455
7346,20101103 02:00:00,0.14,0.21,0.1,0,-0.077307512,-0.14502
7347,20101103 03:00:00,0.15,0.22,0.1,0.03,0.030189015,-0.07539
7348,20101103 04:00:00,0.17,0.23,0.11,0.04,0.128352742,0.00422
7349,20101103 05:00:00,0.19,0.25,0.13,0.05,0.190511011,0.07387
7350,20101103 06:00:00,0.2,0.26,0.16,0.03,0.215631254,0.13346
7351,20101103 07:00:00,0.18,0.25,0.17,-0.01,0.211835149,0.16297
7352,20101103 08:00:00,0.15,0.24,0.17,-0.06,0.175617305,0.14255
7353,20101103 09:00:00,0.13,0.23,0.16,-0.11,0.100134264,0.08213
7354,20101103 10:00:00,0.11,0.21,0.14,-0.13,-0.001592344,0.01165
7355,20101103 11:00:00,0.11,0.2,0.12,-0.13,-0.094695019,-0.05893
7356,20101103 12:00:00,0.12,0.2,0.1,-0.1,-0.146412198,-0.11944
7357,20101103 13:00:00,0.15,0.2,0.11,-0.06,-0.143931159,-0.14973
7358,20101103 14:00:00,0.18,0.21,0.12,-0.01,-0.090984347,-0.12989
7359,20101103 15:00:00,0.21,0.22,0.12,0.05,-0.002492761,-0.07987
7360,20101103 16:00:00,0.25,0.23,0.14,0.1,0.090857843,-0.00976
7361,20101103 17:00:00,0.27,0.24,0.16,0.14,0.15603401,0.05025
7362,20101103 18:00:00,0.28,0.25,0.18,0.16,0.183321931,0.11037
7363,20101103 19:00:00,0.27,0.24,0.19,0.16,0.186026372,0.14041
7364,20101103 20:00:00,0.22,0.23,0.18,0.13,0.170249289,0.14037
7365,20101103 21:00:00,0.16,0.2,0.15,0.1,0.124392431,0.1003
7366,20101103 22:00:00,0.1,0.17,0.11,0.07,0.042330275,0.04031
7367,20101103 23:00:00,0.05,0.14,0.05,0.06,-0.053450352,-0.03964
7368,20101104 00:00:00,0.01,0.12,0,0.05,-0.124027577,-0.09958
7369,20101104 01:00:00,-0.01,0.12,-0.03,0.06,-0.143232296,-0.13943
7370,20101104 02:00:00,-0.02,0.12,-0.05,0.06,-0.10609316,-0.13921
7371,20101104 03:00:00,-0.02,0.13,-0.05,0.07,-0.022716503,-0.09883
7372,20101104 04:00:00,-0.01,0.14,-0.06,0.07,0.079489192,-0.02851
7373,20101104 05:00:00,0.02,0.16,-0.04,0.05,0.16177018,0.04172
7374,20101104 06:00:00,0.06,0.19,0,0.02,0.20094063,0.10197
7375,20101104 07:00:00,0.09,0.21,0.05,-0.04,0.200861901,0.14233
7376,20101104 08:00:00,0.1,0.23,0.09,-0.11,0.169965186,0.1427
7377,20101104 09:00:00,0.11,0.23,0.13,-0.19,0.102727876,0.09313
7378,20101104 10:00:00,0.12,0.24,0.15,-0.25,-0.004550264,0.01359
7379,20101104 11:00:00,0.15,0.24,0.17,-0.27,-0.129215528,-0.07585
7380,20101104 12:00:00,0.19,0.25,0.18,-0.26,-0.227726778,-0.17516
7381,20101104 13:00:00,0.25,0.26,0.2,-0.22,-0.266050288,-0.23435
7382,20101104 14:00:00,0.3,0.28,0.23,-0.16,-0.235677079,-0.24353
7383,20101104 15:00:00,0.35,0.3,0.26,-0.08,-0.146110959,-0.20273
7384,20101104 16:00:00,0.4,0.31,0.29,0.01,-0.021329391,-0.11197
7385,20101104 17:00:00,0.43,0.31,0.3,0.09,0.09872362,-0.02132
7386,20101104 18:00:00,0.43,0.31,0.31,0.16,0.180104092,0.06931
7387,20101104 19:00:00,0.41,0.3,0.31,0.2,0.220506075,0.13981
7388,20101104 20:00:00,0.35,0.27,0.29,0.22,0.236917906,0.18011
7389,20101104 21:00:00,0.25,0.23,0.24,0.22,0.231052767,0.19033
7390,20101104 22:00:00,0.15,0.18,0.17,0.2,0.186578613,0.15056
7391,20101104 23:00:00,0.05,0.13,0.09,0.18,0.101727198,0.09078
7392,20101105 00:00:00,-0.04,0.08,-0.01,0.17,0.007606102,0.02105
7393,20101105 01:00:00,-0.1,0.05,-0.09,0.17,-0.055115336,-0.04857
7394,20101105 02:00:00,-0.13,0.04,-0.15,0.16,-0.065589107,-0.07816
7395,20101105 03:00:00,-0.16,0.04,-0.18,0.15,-0.024211417,-0.06773
7396,20101105 04:00:00,-0.17,0.05,-0.2,0.13,0.055478778,-0.02721
7397,20101105 05:00:00,-0.15,0.06,-0.2,0.09,0.14303637,0.03341
7398,20101105 06:00:00,-0.11,0.09,-0.17,0.04,0.200621634,0.09407
7399,20101105 07:00:00,-0.06,0.13,-0.11,-0.02,0.211053157,0.13461
7400,20101105 08:00:00,-0.01,0.17,-0.05,-0.11,0.182657521,0.14498
7401,20101105 09:00:00,0.03,0.2,0.02,-0.21,0.122498723,0.11524
7402,20101105 10:00:00,0.07,0.22,0.09,-0.31,0.023666543,0.04542
7403,20101105 11:00:00,0.12,0.24,0.15,-0.37,-0.111557532,-0.05431
7404,20101105 12:00:00,0.19,0.27,0.2,-0.4,-0.250134806,-0.17406
7405,20101105 13:00:00,0.27,0.3,0.24,-0.38,-0.342774086,-0.27373
7406,20101105 14:00:00,0.36,0.33,0.29,-0.32,-0.358260989,-0.32327
7407,20101105 15:00:00,0.44,0.36,0.35,-0.24,-0.295446398,-0.31272
7408,20101105 16:00:00,0.51,0.38,0.4,-0.14,-0.172413851,-0.24217
7409,20101105 17:00:00,0.55,0.38,0.42,-0.03,-0.022222912,-0.13167
7410,20101105 18:00:00,0.56,0.38,0.43,0.08,0.111356665,-0.01116
7411,20101105 19:00:00,0.55,0.36,0.43,0.17,0.199969936,0.07918
7412,20101105 20:00:00,0.49,0.33,0.41,0.24,0.249411577,0.15942
7413,20101105 21:00:00,0.39,0.29,0.36,0.27,0.276419959,0.21957
7414,20101105 22:00:00,0.26,0.22,0.28,0.28,0.276351278,0.22977
7415,20101105 23:00:00,0.12,0.16,0.17,0.27,0.232087035,0.18998
7416,20101106 00:00:00,-0.01,0.09,0.05,0.27,0.14963632,0.13025
7417,20101106 01:00:00,-0.11,0.03,-0.07,0.27,0.065332746,0.06057
7418,20101106 02:00:00,-0.18,0,-0.18,0.27,0.015745342,0.01091
7419,20101106 03:00:00,-0.23,-0.02,-0.24,0.25,0.013942979,-0.00876
7420,20101106 04:00:00,-0.27,-0.03,-0.29,0.22,0.055337955,0.00155
7421,20101106 05:00:00,-0.28,-0.02,-0.31,0.17,0.124042485,0.04187
7422,20101106 06:00:00,-0.26,0,-0.31,0.11,0.188961459,0.09219
7423,20101106 07:00:00,-0.21,0.04,-0.28,0.03,0.217027547,0.12244
7424,20101106 08:00:00,-0.15,0.08,-0.21,-0.07,0.198766508,0.14261
7425,20101106 09:00:00,-0.08,0.13,-0.12,-0.18,0.144668147,0.13277
7426,20101106 10:00:00,-0.02,0.17,-0.03,-0.3,0.058362533,0.08293
7427,20101106 11:00:00,0.05,0.21,0.06,-0.41,-0.066383561,-0.01691
7428,20101106 12:00:00,0.13,0.25,0.14,-0.47,-0.21864308,-0.13671
7429,20101106 13:00:00,0.23,0.29,0.22,-0.48,-0.356176769,-0.25644
7430,20101106 14:00:00,0.34,0.34,0.29,-0.45,-0.429627853,-0.35606
7431,20101106 15:00:00,0.45,0.38,0.36,-0.39,-0.415870098,-0.38568
7432,20101106 16:00:00,0.55,0.42,0.44,-0.29,-0.32309224,-0.34537
7433,20101106 17:00:00,0.62,0.43,0.49,-0.18,-0.177177584,-0.2551
7434,20101106 18:00:00,0.65,0.43,0.52,-0.06,-0.016027549,-0.12489
7435,20101106 19:00:00,0.65,0.42,0.53,0.06,0.118965006,-0.00477
7436,20101106 20:00:00,0.61,0.4,0.51,0.17,0.208366557,0.09539
7437,20101106 21:00:00,0.52,0.35,0.47,0.25,0.263498893,0.17556
7438,20101106 22:00:00,0.39,0.29,0.4,0.3,0.296845626,0.23577
7439,20101106 23:00:00,0.24,0.21,0.29,0.32,0.29917932,0.24598
7440,20101107 00:00:00,0.09,0.13,0.16,0.32,0.257450268,0.20623
7441,20101107 01:00:00,-0.04,0.06,0.01,0.33,0.184905268,0.15653
7442,20101107 02:00:00,-0.15,0,-0.13,0.34,0.117125688,0.09682
7443,20101107 03:00:00,-0.23,-0.04,-0.24,0.33,0.082296728,0.05707
7444,20101107 04:00:00,-0.29,-0.06,-0.31,0.3,0.086407949,0.04727
7445,20101107 05:00:00,-0.33,-0.07,-0.36,0.26,0.122739607,0.06736
7446,20101107 06:00:00,-0.35,-0.07,-0.39,0.19,0.174947058,0.09746
7447,20101107 07:00:00,-0.33,-0.04,-0.38,0.11,0.214196456,0.12761
7448,20101107 08:00:00,-0.28,0,-0.35,0.01,0.214777174,0.13766
7449,20101107 09:00:00,-0.21,0.05,-0.27,-0.1,0.173453229,0.13761
7450,20101107 10:00:00,-0.14,0.1,-0.18,-0.23,0.099431662,0.10755
7451,20101107 11:00:00,-0.06,0.15,-0.07,-0.36,-0.007135288,0.03752
7452,20101107 12:00:00,0.03,0.2,0.03,-0.47,-0.148563977,-0.0725
7453,20101107 13:00:00,0.13,0.26,0.13,-0.52,-0.304011806,-0.2024
7454,20101107 14:00:00,0.25,0.31,0.22,-0.53,-0.426896429,-0.32231
7455,20101107 15:00:00,0.38,0.37,0.31,-0.49,-0.474031542,-0.40226
7456,20101107 16:00:00,0.5,0.42,0.41,-0.41,-0.433157889,-0.41221
7457,20101107 17:00:00,0.6,0.45,0.49,-0.31,-0.320967625,-0.35222
7458,20101107 18:00:00,0.66,0.47,0.54,-0.2,-0.167352613,-0.25211
7459,20101107 19:00:00,0.69,0.46,0.57,-0.07,-0.009563121,-0.12191
7460,20101107 20:00:00,0.68,0.44,0.57,0.05,0.117394766,-0.00166
7461,20101107 21:00:00,0.62,0.41,0.55,0.17,0.202647304,0.09855
7462,20101107 22:00:00,0.52,0.35,0.5,0.25,0.258781518,0.17866
7463,20101107 23:00:00,0.37,0.28,0.41,0.3,0.293645068,0.22875
7464,20101108 00:00:00,0.22,0.2,0.28,0.33,0.297372721,0.23891
7465,20101108 01:00:00,0.07,0.12,0.13,0.35,0.262649471,0.2091
7466,20101108 02:00:00,-0.06,0.04,-0.02,0.37,0.20555661,0.16921
7467,20101108 03:00:00,-0.16,-0.01,-0.15,0.38,0.156145029,0.12934
7468,20101108 04:00:00,-0.25,-0.06,-0.27,0.36,0.133609292,0.09938
7469,20101108 05:00:00,-0.32,-0.08,-0.34,0.32,0.139560375,0.09948
7470,20101108 06:00:00,-0.37,-0.09,-0.39,0.26,0.166655763,0.10964
7471,20101108 07:00:00,-0.39,-0.09,-0.42,0.19,0.199988347,0.12984
7472,20101108 08:00:00,-0.37,-0.07,-0.42,0.09,0.215774751,0.14002
7473,20101108 09:00:00,-0.32,-0.03,-0.38,-0.01,0.195800401,0.14015
7474,20101108 10:00:00,-0.25,0.02,-0.3,-0.13,0.139673927,0.12021
7475,20101108 11:00:00,-0.17,0.08,-0.2,-0.26,0.046484931,0.07026
7476,20101108 12:00:00,-0.09,0.14,-0.1,-0.39,-0.065561156,-0.00972
7477,20101108 13:00:00,0.01,0.2,0.01,-0.48,-0.21037996,-0.12966
7478,20101108 14:00:00,0.13,0.26,0.12,-0.53,-0.353666678,-0.24953
7479,20101108 15:00:00,0.26,0.32,0.22,-0.52,-0.451398457,-0.35937
7480,20101108 16:00:00,0.4,0.38,0.32,-0.48,-0.471265021,-0.40924
7481,20101108 17:00:00,0.52,0.43,0.42,-0.41,-0.411725008,-0.39913
7482,20101108 18:00:00,0.61,0.46,0.5,-0.31,-0.293834708,-0.33897
7483,20101108 19:00:00,0.67,0.47,0.56,-0.2,-0.146670617,-0.22877
7484,20101108 20:00:00,0.69,0.46,0.58,-0.07,-0.003182984,-0.10863
7485,20101108 21:00:00,0.67,0.44,0.57,0.05,0.10973322,-0.00853
7486,20101108 22:00:00,0.6,0.4,0.55,0.16,0.18695179,0.09155
7487,20101108 23:00:00,0.49,0.34,0.49,0.24,0.240298058,0.1716
7488,20101109 00:00:00,0.34,0.27,0.39,0.29,0.274679819,0.21163
7489,20101109 01:00:00,0.2,0.19,0.25,0.32,0.2818349,0.22169
7490,20101109 02:00:00,0.06,0.11,0.1,0.35,0.25826337,0.20176
7491,20101109 03:00:00,-0.06,0.04,-0.04,0.37,0.218357124,0.17185
7492,20101109 04:00:00,-0.16,-0.02,-0.17,0.38,0.184560235,0.14192
7493,20101109 05:00:00,-0.25,-0.06,-0.27,0.35,0.169239168,0.13195
7494,20101109 06:00:00,-0.32,-0.09,-0.34,0.31,0.171949307,0.13193
7495,20101109 07:00:00,-0.38,-0.1,-0.39,0.24,0.186695638,0.1419
7496,20101109 08:00:00,-0.4,-0.09,-0.42,0.16,0.201922747,0.14185
7497,20101109 09:00:00,-0.38,-0.07,-0.42,0.07,0.199947654,0.14178
7498,20101109 10:00:00,-0.33,-0.03,-0.38,-0.03,0.167890801,0.1317
7499,20101109 11:00:00,-0.27,0.02,-0.3,-0.15,0.104363629,0.10161
7500,20101109 12:00:00,-0.19,0.08,-0.21,-0.27,0.011547585,0.0415
7501,20101109 13:00:00,-0.1,0.14,-0.1,-0.38,-0.108318788,-0.0486
7502,20101109 14:00:00,0.01,0.2,0.01,-0.46,-0.242989392,-0.15863
7503,20101109 15:00:00,0.14,0.26,0.12,-0.5,-0.363371431,-0.2687
7504,20101109 16:00:00,0.27,0.33,0.22,-0.48,-0.433949122,-0.35873
7505,20101109 17:00:00,0.4,0.38,0.32,-0.44,-0.434025709,-0.3888
7506,20101109 18:00:00,0.52,0.43,0.41,-0.37,-0.368320267,-0.36882
7507,20101109 19:00:00,0.6,0.45,0.49,-0.29,-0.257244861,-0.29888
7508,20101109 20:00:00,0.65,0.46,0.54,-0.18,-0.126155965,-0.20887
7509,20101109 21:00:00,0.66,0.44,0.55,-0.06,-0.002182974,-0.09883
7510,20101109 22:00:00,0.63,0.42,0.55,0.05,0.094452923,-0.00877
7511,20101109 23:00:00,0.55,0.38,0.52,0.15,0.162387139,0.08127
7512,20101110 00:00:00,0.44,0.32,0.45,0.22,0.211949869,0.14132
7513,20101110 01:00:00,0.31,0.25,0.34,0.27,0.246346445,0.18136
7514,20101110 02:00:00,0.18,0.18,0.21,0.3,0.258872812,0.19138
7515,20101110 03:00:00,0.05,0.1,0.08,0.33,0.24697988,0.1814
7516,20101110 04:00:00,-0.06,0.04,-0.06,0.35,0.22109483,0.16147
7517,20101110 05:00:00,-0.16,-0.01,-0.17,0.34,0.196937173,0.15155
7518,20101110 06:00:00,-0.25,-0.05,-0.26,0.31,0.182843096,0.15159
7519,20101110 07:00:00,-0.32,-0.07,-0.33,0.26,0.178453734,0.14168
7520,20101110 08:00:00,-0.37,-0.08,-0.37,0.2,0.180841828,0.14181
7521,20101110 09:00:00,-0.39,-0.08,-0.4,0.13,0.182697788,0.1318
7522,20101110 10:00:00,-0.37,-0.06,-0.39,0.05,0.171087421,0.12175
7523,20101110 11:00:00,-0.33,-0.02,-0.35,-0.05,0.134780843,0.11174
7524,20101110 12:00:00,-0.26,0.03,-0.28,-0.15,0.070175066,0.07159
7525,20101110 13:00:00,-0.18,0.09,-0.19,-0.26,-0.020858379,0.01137
7526,20101110 14:00:00,-0.08,0.14,-0.09,-0.35,-0.13122725,-0.06893
7527,20101110 15:00:00,0.03,0.21,0.01,-0.41,-0.24552637,-0.1692
7528,20101110 16:00:00,0.16,0.27,0.12,-0.44,-0.339364841,-0.25938
7529,20101110 17:00:00,0.28,0.32,0.22,-0.42,-0.38773076,-0.32959
7530,20101110 18:00:00,0.4,0.37,0.31,-0.39,-0.377767492,-0.34977
7531,20101110 19:00:00,0.5,0.41,0.39,-0.33,-0.315326326,-0.31981
7532,20101110 20:00:00,0.58,0.43,0.46,-0.25,-0.21800837,-0.25972
7533,20101110 21:00:00,0.61,0.43,0.5,-0.15,-0.10664505,-0.17965
7534,20101110 22:00:00,0.61,0.41,0.51,-0.04,-0.002909851,-0.09964
7535,20101110 23:00:00,0.57,0.38,0.5,0.06,0.078632148,-0.00971
7536,20101111 00:00:00,0.49,0.34,0.46,0.14,0.138550013,0.06012
7537,20101111 01:00:00,0.39,0.29,0.39,0.2,0.18523812,0.1199
7538,20101111 02:00:00,0.27,0.23,0.29,0.24,0.220253505,0.14972
7539,20101111 03:00:00,0.15,0.17,0.17,0.27,0.237558391,0.15955
7540,20101111 04:00:00,0.04,0.1,0.05,0.29,0.233759291,0.15938
7541,20101111 05:00:00,-0.06,0.05,-0.06,0.3,0.214980129,0.15935
7542,20101111 06:00:00,-0.16,0,-0.16,0.29,0.192562648,0.14942
7543,20101111 07:00:00,-0.24,-0.03,-0.24,0.25,0.17359778,0.14949
7544,20101111 08:00:00,-0.31,-0.05,-0.3,0.21,0.15997972,0.12954
7545,20101111 09:00:00,-0.35,-0.06,-0.34,0.15,0.152449905,0.11948
7546,20101111 10:00:00,-0.36,-0.06,-0.35,0.09,0.147093749,0.10943
7547,20101111 11:00:00,-0.34,-0.03,-0.34,0.02,0.132848543,0.09935
7548,20101111 12:00:00,-0.29,0,-0.3,-0.06,0.09794018,0.07926
7549,20101111 13:00:00,-0.22,0.05,-0.23,-0.15,0.038176795,0.04913
7550,20101111 14:00:00,-0.14,0.1,-0.15,-0.23,-0.042260424,-0.01093
7551,20101111 15:00:00,-0.04,0.16,-0.06,-0.3,-0.13333944,-0.08089
7552,20101111 16:00:00,0.07,0.22,0.04,-0.35,-0.222008081,-0.1608
7553,20101111 17:00:00,0.18,0.27,0.13,-0.37,-0.292150308,-0.24072
7554,20101111 18:00:00,0.29,0.32,0.22,-0.35,-0.326335611,-0.28065
7555,20101111 19:00:00,0.39,0.35,0.3,-0.32,-0.314611817,-0.3006
7556,20101111 20:00:00,0.48,0.38,0.37,-0.27,-0.26142299,-0.28061
7557,20101111 21:00:00,0.53,0.39,0.42,-0.19,-0.180542104,-0.23063
7558,20101111 22:00:00,0.55,0.39,0.45,-0.1,-0.08832209,-0.16068
7559,20101111 23:00:00,0.54,0.37,0.45,-0.02,-0.001505828,-0.09072
7560,20101112 00:00:00,0.49,0.34,0.43,0.06,0.069371916,-0.01076
7561,20101112 01:00:00,0.42,0.31,0.39,0.13,0.125019596,0.0492
7562,20101112 02:00:00,0.33,0.26,0.32,0.18,0.170487651,0.09922
7563,20101112 03:00:00,0.23,0.21,0.23,0.21,0.205700007,0.12925
7564,20101112 04:00:00,0.12,0.16,0.13,0.23,0.22470349,0.14925
7565,20101112 05:00:00,0.02,0.11,0.03,0.24,0.222655106,0.15925
7566,20101112 06:00:00,-0.07,0.06,-0.06,0.24,0.202774796,0.15929
7567,20101112 07:00:00,-0.16,0.02,-0.15,0.22,0.174764896,0.14929
7568,20101112 08:00:00,-0.23,-0.01,-0.21,0.18,0.147453483,0.1293
7569,20101112 09:00:00,-0.28,-0.03,-0.26,0.14,0.126092263,0.10928
7570,20101112 10:00:00,-0.31,-0.03,-0.29,0.1,0.113908471,0.08924
7571,20101112 11:00:00,-0.31,-0.02,-0.3,0.05,0.108004032,0.07921
7572,20101112 12:00:00,-0.28,0,-0.28,0,0.096931373,0.06922
7573,20101112 13:00:00,-0.23,0.04,-0.24,-0.06,0.068677727,0.04927
7574,20101112 14:00:00,-0.16,0.08,-0.18,-0.13,0.019749744,0.01932
7575,20101112 15:00:00,-0.07,0.13,-0.1,-0.19,-0.044033888,-0.02059
7576,20101112 16:00:00,0.03,0.18,-0.02,-0.25,-0.113197067,-0.08061
7577,20101112 17:00:00,0.12,0.23,0.07,-0.28,-0.179652568,-0.14058
7578,20101112 18:00:00,0.21,0.27,0.15,-0.29,-0.233752086,-0.20053
7579,20101112 19:00:00,0.3,0.3,0.22,-0.28,-0.261511431,-0.23045
7580,20101112 20:00:00,0.37,0.33,0.28,-0.25,-0.253049028,-0.25037
7581,20101112 21:00:00,0.43,0.35,0.33,-0.2,-0.210531942,-0.23022
7582,20101112 22:00:00,0.47,0.35,0.37,-0.13,-0.144407656,-0.19008
7583,20101112 23:00:00,0.47,0.34,0.38,-0.06,-0.067016013,-0.13991
7584,20101113 00:00:00,0.44,0.33,0.38,0.01,0.008751344,-0.0697
7585,20101113 01:00:00,0.4,0.3,0.35,0.07,0.073922581,-0.00949
7586,20101113 02:00:00,0.34,0.27,0.31,0.12,0.126980379,0.05076
7587,20101113 03:00:00,0.26,0.24,0.25,0.16,0.169997246,0.10093
7588,20101113 04:00:00,0.17,0.19,0.17,0.17,0.201944477,0.13106
7589,20101113 05:00:00,0.08,0.15,0.09,0.18,0.216867478,0.14123
7590,20101113 06:00:00,-0.01,0.11,0.01,0.17,0.20875122,0.15143
7591,20101113 07:00:00,-0.09,0.07,-0.06,0.16,0.180109135,0.14169
7592,20101113 08:00:00,-0.15,0.04,-0.13,0.13,0.142404629,0.12198
7593,20101113 09:00:00,-0.2,0.02,-0.18,0.11,0.107658776,0.09227
7594,20101113 10:00:00,-0.24,0.01,-0.21,0.08,0.083566886,0.07253
7595,20101113 11:00:00,-0.24,0.01,-0.23,0.05,0.073443078,0.05281
7596,20101113 12:00:00,-0.23,0.02,-0.22,0.02,0.073015422,0.05307
7597,20101113 13:00:00,-0.2,0.05,-0.2,-0.01,0.070187938,0.04333
7598,20101113 14:00:00,-0.14,0.08,-0.16,-0.05,0.053259218,0.03359
7599,20101113 15:00:00,-0.06,0.12,-0.11,-0.09,0.0193719,0.00384
7600,20101113 16:00:00,0.02,0.16,-0.04,-0.14,-0.025532668,-0.02577
7601,20101113 17:00:00,0.09,0.2,0.04,-0.19,-0.074709127,-0.06533
7602,20101113 18:00:00,0.16,0.23,0.1,-0.21,-0.125007936,-0.10488
7603,20101113 19:00:00,0.23,0.26,0.16,-0.22,-0.170304773,-0.15453
7604,20101113 20:00:00,0.28,0.28,0.21,-0.2,-0.196975844,-0.18416
7605,20101113 21:00:00,0.33,0.29,0.25,-0.17,-0.193913848,-0.19377
7606,20101113 22:00:00,0.37,0.3,0.28,-0.13,-0.161287295,-0.19343
7607,20101113 23:00:00,0.38,0.3,0.3,-0.08,-0.106227094,-0.15313
7608,20101114 00:00:00,0.37,0.29,0.3,-0.02,-0.0380183,-0.10283
7609,20101114 01:00:00,0.34,0.28,0.29,0.03,0.031919127,-0.05251
7610,20101114 02:00:00,0.3,0.26,0.26,0.07,0.093679194,0.00788
7611,20101114 03:00:00,0.25,0.24,0.22,0.11,0.142999468,0.06822
7612,20101114 04:00:00,0.19,0.21,0.18,0.12,0.179879902,0.10834
7613,20101114 05:00:00,0.12,0.18,0.12,0.12,0.203118329,0.13838
7614,20101114 06:00:00,0.04,0.15,0.06,0.11,0.206399219,0.14817
7615,20101114 07:00:00,-0.03,0.11,0,0.09,0.183583525,0.13779
7616,20101114 08:00:00,-0.09,0.08,-0.06,0.07,0.139731502,0.11726
7617,20101114 09:00:00,-0.13,0.06,-0.11,0.05,0.090898465,0.08669
7618,20101114 10:00:00,-0.16,0.05,-0.14,0.03,0.052072697,0.05607
7619,20101114 11:00:00,-0.16,0.05,-0.15,0.02,0.030930161,0.0255
7620,20101114 12:00:00,-0.15,0.05,-0.15,0.02,0.028552516,0.01494
7621,20101114 13:00:00,-0.13,0.07,-0.14,0,0.038603393,0.01442
7622,20101114 14:00:00,-0.09,0.09,-0.12,-0.01,0.047922254,0.01392
7623,20101114 15:00:00,-0.03,0.12,-0.08,-0.03,0.04447539,0.01343
7624,20101114 16:00:00,0.04,0.16,-0.02,-0.06,0.025443952,0.0028
7625,20101114 17:00:00,0.1,0.19,0.03,-0.09,-0.004280936,-0.01786
7626,20101114 18:00:00,0.15,0.21,0.09,-0.12,-0.040699308,-0.03859
7627,20101114 19:00:00,0.19,0.23,0.13,-0.14,-0.083612406,-0.07939
7628,20101114 20:00:00,0.22,0.24,0.16,-0.14,-0.12764581,-0.12027
7629,20101114 21:00:00,0.25,0.25,0.18,-0.12,-0.157874328,-0.15122
7630,20101114 22:00:00,0.27,0.25,0.2,-0.1,-0.161678919,-0.17225
7631,20101114 23:00:00,0.28,0.26,0.22,-0.06,-0.137122612,-0.1632
7632,20101115 00:00:00,0.27,0.25,0.22,-0.03,-0.089131727,-0.13427
7633,20101115 01:00:00,0.25,0.25,0.21,0.01,-0.026333749,-0.09537
7634,20101115 02:00:00,0.23,0.23,0.19,0.05,0.038622943,-0.03653
7635,20101115 03:00:00,0.2,0.22,0.17,0.07,0.093869073,0.01225
7636,20101115 04:00:00,0.17,0.21,0.14,0.08,0.133878885,0.06087
7637,20101115 05:00:00,0.12,0.19,0.11,0.07,0.158410678,0.09943
7638,20101115 06:00:00,0.07,0.17,0.07,0.05,0.165919118,0.11796
7639,20101115 07:00:00,0.01,0.14,0.03,0.02,0.149755892,0.10656
7640,20101115 08:00:00,-0.03,0.12,0,0,0.106561982,0.08515
7641,20101115 09:00:00,-0.07,0.1,-0.04,-0.02,0.047256728,0.05381
7642,20101115 10:00:00,-0.08,0.08,-0.07,-0.03,-0.007421593,0.00249
7643,20101115 11:00:00,-0.08,0.08,-0.08,-0.03,-0.042170971,-0.03873
7644,20101115 12:00:00,-0.07,0.09,-0.08,-0.02,-0.052234225,-0.05995
7645,20101115 13:00:00,-0.04,0.1,-0.07,-0.01,-0.039310747,-0.06108
7646,20101115 14:00:00,-0.01,0.12,-0.05,0,-0.012691284,-0.04215
7647,20101115 15:00:00,0.04,0.14,-0.02,0.01,0.012201019,-0.03303
7648,20101115 16:00:00,0.09,0.17,0.02,0,0.022659327,-0.02379
7649,20101115 17:00:00,0.14,0.19,0.06,-0.01,0.016519224,-0.0145
7650,20101115 18:00:00,0.17,0.21,0.1,-0.04,-0.001347548,-0.02518
7651,20101115 19:00:00,0.18,0.21,0.12,-0.06,-0.02938814,-0.03584
7652,20101115 20:00:00,0.18,0.22,0.14,-0.07,-0.069412068,-0.07653
7653,20101115 21:00:00,0.18,0.21,0.14,-0.06,-0.114463999,-0.10724
7654,20101115 22:00:00,0.18,0.21,0.14,-0.05,-0.147046865,-0.14794
7655,20101115 23:00:00,0.18,0.21,0.14,-0.02,-0.152978849,-0.15864
7656,20101116 00:00:00,0.17,0.21,0.14,0,-0.129671422,-0.15929
7657,20101116 01:00:00,0.16,0.2,0.13,0.02,-0.081997475,-0.13002
7658,20101116 02:00:00,0.14,0.2,0.11,0.04,-0.020620705,-0.09076
7659,20101116 03:00:00,0.13,0.19,0.09,0.05,0.039750065,-0.03144
7660,20101116 04:00:00,0.11,0.19,0.08,0.05,0.086502461,0.01792
7661,20101116 05:00:00,0.09,0.18,0.07,0.03,0.114857661,0.05731
7662,20101116 06:00:00,0.06,0.17,0.06,0,0.124401078,0.07676
7663,20101116 07:00:00,0.03,0.16,0.04,-0.04,0.112356628,0.07619
7664,20101116 08:00:00,0,0.14,0.02,-0.08,0.073144002,0.05574
7665,20101116 09:00:00,-0.02,0.13,0,-0.1,0.009711057,0.01528
7666,20101116 10:00:00,-0.03,0.12,-0.01,-0.11,-0.059113953,-0.03511
7667,20101116 11:00:00,-0.01,0.12,-0.02,-0.1,-0.109916802,-0.08544
7668,20101116 12:00:00,0.01,0.13,-0.01,-0.08,-0.130417073,-0.1257
7669,20101116 13:00:00,0.04,0.14,0.01,-0.06,-0.11935868,-0.12586
7670,20101116 14:00:00,0.08,0.16,0.03,-0.03,-0.082946748,-0.11585
7671,20101116 15:00:00,0.12,0.17,0.05,0.01,-0.035168219,-0.0858
7672,20101116 16:00:00,0.16,0.19,0.08,0.03,0.00528541,-0.05567
7673,20101116 17:00:00,0.19,0.21,0.11,0.04,0.027056573,-0.02552
7674,20101116 18:00:00,0.21,0.21,0.13,0.03,0.030953236,-0.00529
7675,20101116 19:00:00,0.2,0.21,0.14,0.02,0.021476973,-0.00493
7676,20101116 20:00:00,0.18,0.2,0.14,0,-0.002852478,-0.01452
7677,20101116 21:00:00,0.15,0.19,0.12,0,-0.043795392,-0.05416
7678,20101116 22:00:00,0.12,0.17,0.1,0.01,-0.090308664,-0.08393
7679,20101116 23:00:00,0.1,0.16,0.08,0.03,-0.121587496,-0.12367
7680,20101117 00:00:00,0.08,0.16,0.06,0.04,-0.123847399,-0.1334
7681,20101117 01:00:00,0.06,0.15,0.04,0.06,-0.096264274,-0.1231
7682,20101117 02:00:00,0.05,0.15,0.02,0.06,-0.046199862,-0.09284
7683,20101117 03:00:00,0.04,0.15,0.01,0.06,0.01299164,-0.05252
7684,20101117 04:00:00,0.03,0.15,0,0.04,0.065084113,-0.01216
7685,20101117 05:00:00,0.03,0.15,0,0.01,0.099043327,0.03828
7686,20101117 06:00:00,0.03,0.16,0.01,-0.04,0.111541883,0.06869
7687,20101117 07:00:00,0.02,0.16,0.02,-0.09,0.101295914,0.06905
7688,20101117 08:00:00,0.01,0.15,0.02,-0.14,0.064429573,0.05936
7689,20101117 09:00:00,0,0.15,0.02,-0.18,-0.000574959,0.00956
7690,20101117 10:00:00,0.01,0.15,0.02,-0.2,-0.081399756,-0.05027
7691,20101117 11:00:00,0.03,0.15,0.03,-0.19,-0.152183477,-0.11019
7692,20101117 12:00:00,0.07,0.16,0.04,-0.17,-0.190288273,-0.16015
7693,20101117 13:00:00,0.12,0.18,0.07,-0.13,-0.187969985,-0.19016
7694,20101117 14:00:00,0.16,0.2,0.1,-0.08,-0.149150175,-0.17013
7695,20101117 15:00:00,0.21,0.21,0.12,-0.03,-0.086347644,-0.1302
7696,20101117 16:00:00,0.25,0.23,0.15,0.03,-0.020208532,-0.09019
7697,20101117 17:00:00,0.27,0.23,0.17,0.06,0.029769687,-0.04023
7698,20101117 18:00:00,0.27,0.23,0.19,0.08,0.057079773,-0.00021
7699,20101117 19:00:00,0.25,0.22,0.19,0.08,0.066030045,0.02972
7700,20101117 20:00:00,0.2,0.2,0.17,0.07,0.05860581,0.02959
7701,20101117 21:00:00,0.15,0.18,0.13,0.07,0.030786608,0.0095
7702,20101117 22:00:00,0.09,0.15,0.09,0.08,-0.015473076,-0.02064
7703,20101117 23:00:00,0.04,0.12,0.04,0.09,-0.062685742,-0.06081
7704,20101118 00:00:00,0,0.11,-0.01,0.1,-0.089011184,-0.09099
7705,20101118 01:00:00,-0.03,0.1,-0.04,0.11,-0.084477254,-0.10119
7706,20101118 02:00:00,-0.05,0.09,-0.06,0.1,-0.0520926,-0.09137
7707,20101118 03:00:00,-0.06,0.09,-0.08,0.09,-0.002374754,-0.06159
7708,20101118 04:00:00,-0.06,0.1,-0.09,0.06,0.048716784,-0.0218
7709,20101118 05:00:00,-0.05,0.11,-0.09,0.01,0.085473135,0.01806
7710,20101118 06:00:00,-0.03,0.13,-0.06,-0.05,0.100306159,0.04792
7711,20101118 07:00:00,-0.02,0.14,-0.04,-0.12,0.091221815,0.05779
7712,20101118 08:00:00,-0.01,0.15,-0.01,-0.2,0.055240863,0.04773
7713,20101118 09:00:00,0,0.15,0.01,-0.25,-0.010634827,0.00775
7714,20101118 10:00:00,0.02,0.16,0.04,-0.29,-0.099995751,-0.0621
7715,20101118 11:00:00,0.06,0.17,0.06,-0.29,-0.190546601,-0.13177
7716,20101118 12:00:00,0.11,0.19,0.09,-0.27,-0.252590201,-0.20131
7717,20101118 13:00:00,0.17,0.22,0.12,-0.22,-0.267364993,-0.24074
7718,20101118 14:00:00,0.23,0.24,0.16,-0.16,-0.233526823,-0.24022
7719,20101118 15:00:00,0.29,0.25,0.19,-0.09,-0.162066034,-0.19971
7720,20101118 16:00:00,0.34,0.27,0.23,-0.02,-0.074253049,-0.13919
7721,20101118 17:00:00,0.36,0.27,0.25,0.05,0.004343557,-0.07871
7722,20101118 18:00:00,0.36,0.27,0.26,0.09,0.058159625,-0.01837
7723,20101118 19:00:00,0.32,0.25,0.25,0.12,0.087970033,0.03189
7724,20101118 20:00:00,0.26,0.22,0.22,0.13,0.098813082,0.06204
7725,20101118 21:00:00,0.18,0.18,0.17,0.13,0.088531364,0.06219
7726,20101118 22:00:00,0.1,0.14,0.1,0.14,0.053784203,0.03236
7727,20101118 23:00:00,0.02,0.1,0.02,0.15,0.004284081,-0.00751
7728,20101119 00:00:00,-0.05,0.07,-0.05,0.16,-0.037429954,-0.03726
7729,20101119 01:00:00,-0.1,0.05,-0.1,0.16,-0.052923373,-0.06702
7730,20101119 02:00:00,-0.13,0.04,-0.14,0.16,-0.038750772,-0.06671
7731,20101119 03:00:00,-0.15,0.04,-0.17,0.14,-0.001797369,-0.04638
7732,20101119 04:00:00,-0.16,0.05,-0.19,0.1,0.044657152,-0.01605
7733,20101119 05:00:00,-0.14,0.06,-0.18,0.04,0.083067633,0.01422
7734,20101119 06:00:00,-0.12,0.08,-0.16,-0.03,0.100567997,0.0444
7735,20101119 07:00:00,-0.09,0.1,-0.12,-0.12,0.093750799,0.06446
7736,20101119 08:00:00,-0.06,0.13,-0.07,-0.22,0.061129593,0.05449
7737,20101119 09:00:00,-0.03,0.15,-0.03,-0.3,-0.002145556,0.01451
7738,20101119 10:00:00,0.01,0.16,0.02,-0.36,-0.09575949,-0.05541
7739,20101119 11:00:00,0.06,0.19,0.07,-0.38,-0.203096272,-0.13536
7740,20101119 12:00:00,0.13,0.21,0.11,-0.37,-0.292762913,-0.22523
7741,20101119 13:00:00,0.2,0.24,0.16,-0.32,-0.33532146,-0.28506
7742,20101119 14:00:00,0.28,0.27,0.21,-0.26,-0.318993502,-0.30492
7743,20101119 15:00:00,0.35,0.29,0.25,-0.18,-0.250276219,-0.27488
7744,20101119 16:00:00,0.41,0.31,0.3,-0.09,-0.148839554,-0.21487
7745,20101119 17:00:00,0.45,0.31,0.32,0,-0.043847864,-0.12492
7746,20101119 18:00:00,0.45,0.31,0.33,0.08,0.038500379,-0.04497
7747,20101119 19:00:00,0.42,0.29,0.33,0.13,0.090961226,0.01491
7748,20101119 20:00:00,0.34,0.25,0.29,0.16,0.119977858,0.06475
7749,20101119 21:00:00,0.25,0.2,0.23,0.18,0.127831782,0.08464
7750,20101119 22:00:00,0.13,0.15,0.15,0.19,0.109256024,0.08461
7751,20101119 23:00:00,0.03,0.09,0.05,0.2,0.066605928,0.04462
7752,20101120 00:00:00,-0.07,0.05,-0.05,0.21,0.018121538,0.01465
7753,20101120 01:00:00,-0.14,0.01,-0.14,0.22,-0.01338629,-0.02533
7754,20101120 02:00:00,-0.19,-0.01,-0.2,0.22,-0.017096682,-0.03533
7755,20101120 03:00:00,-0.23,-0.01,-0.24,0.2,0.004124285,-0.03534
7756,20101120 04:00:00,-0.25,-0.01,-0.27,0.16,0.040892223,-0.00539
7757,20101120 05:00:00,-0.24,0,-0.28,0.09,0.077864561,0.0145
7758,20101120 06:00:00,-0.21,0.03,-0.26,0.01,0.097670139,0.04438
7759,20101120 07:00:00,-0.17,0.06,-0.21,-0.09,0.092072554,0.05427
7760,20101120 08:00:00,-0.13,0.09,-0.16,-0.2,0.061880595,0.04419
7761,20101120 09:00:00,-0.08,0.12,-0.09,-0.31,0.004417389,0.01404
7762,20101120 10:00:00,-0.03,0.15,-0.02,-0.4,-0.085932214,-0.04609
7763,20101120 11:00:00,0.04,0.18,0.04,-0.45,-0.202158453,-0.12624
7764,20101120 12:00:00,0.11,0.22,0.11,-0.46,-0.316592082,-0.22636
7765,20101120 13:00:00,0.2,0.25,0.17,-0.43,-0.392504702,-0.3164
7766,20101120 14:00:00,0.29,0.29,0.23,-0.37,-0.405385457,-0.3665
7767,20101120 15:00:00,0.38,0.32,0.29,-0.28,-0.35258001,-0.35664
7768,20101120 16:00:00,0.46,0.34,0.35,-0.18,-0.249399402,-0.29681
7769,20101120 17:00:00,0.51,0.35,0.39,-0.08,-0.124156833,-0.20697
7770,20101120 18:00:00,0.53,0.35,0.4,0.02,-0.010805654,-0.10708
7771,20101120 19:00:00,0.51,0.33,0.4,0.11,0.069590658,-0.01716
7772,20101120 20:00:00,0.44,0.29,0.37,0.17,0.118530316,0.05275
7773,20101120 21:00:00,0.34,0.24,0.31,0.21,0.144341532,0.09263
7774,20101120 22:00:00,0.21,0.18,0.22,0.23,0.144901553,0.11251
7775,20101120 23:00:00,0.08,0.11,0.11,0.24,0.116399329,0.09238
7776,20101121 00:00:00,-0.04,0.05,-0.02,0.25,0.069823436,0.05225
7777,20101121 01:00:00,-0.14,0,-0.13,0.27,0.028397675,0.0121
7778,20101121 02:00:00,-0.22,-0.04,-0.23,0.27,0.009586724,-0.00805
7779,20101121 03:00:00,-0.27,-0.06,-0.29,0.26,0.01574478,-0.0083
7780,20101121 04:00:00,-0.31,-0.06,-0.33,0.22,0.040275374,0.00145
7781,20101121 05:00:00,-0.33,-0.06,-0.35,0.15,0.072442825,0.02121
7782,20101121 06:00:00,-0.31,-0.03,-0.35,0.07,0.094980194,0.04097
7783,20101121 07:00:00,-0.27,0,-0.31,-0.04,0.092482385,0.05077
7784,20101121 08:00:00,-0.22,0.04,-0.26,-0.16,0.062922273,0.05052
7785,20101121 09:00:00,-0.16,0.08,-0.18,-0.29,0.009825295,0.02027
7786,20101121 10:00:00,-0.1,0.12,-0.1,-0.4,-0.07162297,-0.02998
7787,20101121 11:00:00,-0.02,0.16,-0.01,-0.48,-0.185472129,-0.12024
7788,20101121 12:00:00,0.07,0.2,0.07,-0.52,-0.315131931,-0.22043
7789,20101121 13:00:00,0.17,0.25,0.15,-0.51,-0.423367591,-0.32057
7790,20101121 14:00:00,0.27,0.29,0.23,-0.47,-0.474115633,-0.4007
7791,20101121 15:00:00,0.38,0.34,0.3,-0.39,-0.451720546,-0.42088
7792,20101121 16:00:00,0.48,0.37,0.38,-0.29,-0.363468159,-0.38106
7793,20101121 17:00:00,0.55,0.39,0.43,-0.17,-0.232585311,-0.3012
7794,20101121 18:00:00,0.59,0.39,0.46,-0.06,-0.093332762,-0.19127
7795,20101121 19:00:00,0.59,0.37,0.47,0.05,0.020383498,-0.08141
7796,20101121 20:00:00,0.54,0.34,0.45,0.14,0.094980526,0.00848
7797,20101121 21:00:00,0.45,0.29,0.4,0.21,0.138664034,0.07833
7798,20101121 22:00:00,0.32,0.23,0.32,0.24,0.158424709,0.11816
7799,20101121 23:00:00,0.17,0.15,0.2,0.26,0.150175939,0.118
7800,20101122 00:00:00,0.02,0.07,0.06,0.28,0.11500516,0.08784
7801,20101122 01:00:00,-0.1,0.01,-0.08,0.3,0.071100312,0.04768
7802,20101122 02:00:00,-0.2,-0.05,-0.21,0.32,0.040858008,0.01757
7803,20101122 03:00:00,-0.28,-0.08,-0.3,0.31,0.033881545,0.00743
7804,20101122 04:00:00,-0.34,-0.1,-0.37,0.28,0.046650688,0.01732
7805,20101122 05:00:00,-0.38,-0.1,-0.4,0.22,0.071011167,0.02716
7806,20101122 06:00:00,-0.39,-0.09,-0.42,0.14,0.094483707,0.04698
7807,20101122 07:00:00,-0.37,-0.06,-0.4,0.04,0.098999868,0.05681
7808,20101122 08:00:00,-0.32,-0.02,-0.36,-0.08,0.073519814,0.04663
7809,20101122 09:00:00,-0.26,0.02,-0.29,-0.22,0.022007468,0.02643
7810,20101122 10:00:00,-0.19,0.07,-0.2,-0.35,-0.051620103,-0.01382
7811,20101122 11:00:00,-0.11,0.12,-0.1,-0.47,-0.153761402,-0.09406
7812,20101122 12:00:00,-0.01,0.17,0,-0.54,-0.283428058,-0.19427
7813,20101122 13:00:00,0.1,0.23,0.1,-0.56,-0.41410264,-0.3044
7814,20101122 14:00:00,0.21,0.28,0.19,-0.54,-0.504412257,-0.40449
7815,20101122 15:00:00,0.34,0.33,0.28,-0.48,-0.524273461,-0.45454
7816,20101122 16:00:00,0.46,0.38,0.37,-0.39,-0.468603641,-0.45468
7817,20101122 17:00:00,0.55,0.41,0.44,-0.28,-0.3527379,-0.38487
7818,20101122 18:00:00,0.62,0.42,0.49,-0.16,-0.205004138,-0.28499
7819,20101122 19:00:00,0.64,0.41,0.51,-0.04,-0.06203677,-0.16515
7820,20101122 20:00:00,0.62,0.39,0.51,0.08,0.045861121,-0.05524
7821,20101122 21:00:00,0.55,0.34,0.48,0.18,0.112670026,0.03467
7822,20101122 22:00:00,0.44,0.28,0.41,0.23,0.150168249,0.09448
7823,20101122 23:00:00,0.29,0.21,0.31,0.27,0.163628118,0.12432
7824,20101123 00:00:00,0.13,0.13,0.17,0.29,0.149287085,0.11423
7825,20101123 01:00:00,-0.02,0.04,0.02,0.31,0.113739717,0.08414
7826,20101123 02:00:00,-0.14,-0.03,-0.14,0.33,0.077784235,0.04402
7827,20101123 03:00:00,-0.24,-0.08,-0.26,0.34,0.059161878,0.02395
7828,20101123 04:00:00,-0.32,-0.11,-0.36,0.32,0.060822809,0.02385
7829,20101123 05:00:00,-0.39,-0.13,-0.42,0.27,0.076273859,0.0338
7830,20101123 06:00:00,-0.43,-0.13,-0.45,0.2,0.096616464,0.05371
7831,20101123 07:00:00,-0.44,-0.11,-0.46,0.11,0.107770052,0.06367
7832,20101123 08:00:00,-0.41,-0.08,-0.44,0,0.092938314,0.06359
7833,20101123 09:00:00,-0.36,-0.04,-0.39,-0.13,0.046923278,0.04345
7834,20101123 10:00:00,-0.29,0.02,-0.3,-0.27,-0.02250897,0.00326
7835,20101123 11:00:00,-0.21,0.07,-0.2,-0.4,-0.112665126,-0.05695
7836,20101123 12:00:00,-0.11,0.13,-0.1,-0.51,-0.229428299,-0.14712
7837,20101123 13:00:00,0,0.18,0.01,-0.57,-0.364460696,-0.26722
7838,20101123 14:00:00,0.12,0.24,0.11,-0.58,-0.484520393,-0.37732
7839,20101123 15:00:00,0.26,0.3,0.21,-0.54,-0.550501479,-0.45745
7840,20101123 16:00:00,0.39,0.36,0.31,-0.47,-0.54160468,-0.48766
7841,20101123 17:00:00,0.51,0.4,0.41,-0.38,-0.461391455,-0.45789
7842,20101123 18:00:00,0.6,0.43,0.48,-0.26,-0.329574805,-0.37811
7843,20101123 19:00:00,0.65,0.43,0.52,-0.14,-0.176486179,-0.26836
7844,20101123 20:00:00,0.66,0.42,0.54,-0.01,-0.038333511,-0.14865
7845,20101123 21:00:00,0.63,0.39,0.53,0.11,0.059599683,-0.03886
7846,20101123 22:00:00,0.54,0.34,0.49,0.19,0.117827921,0.04093
7847,20101123 23:00:00,0.42,0.27,0.41,0.24,0.149917624,0.10064
7848,20101124 00:00:00,0.26,0.19,0.29,0.27,0.159612797,0.12036
7849,20101124 01:00:00,0.1,0.11,0.14,0.3,0.144305117,0.10006
7850,20101124 02:00:00,-0.04,0.03,-0.02,0.32,0.113500366,0.06981
7851,20101124 03:00:00,-0.16,-0.04,-0.17,0.34,0.086832222,0.04956
7852,20101124 04:00:00,-0.26,-0.09,-0.29,0.34,0.077117911,0.0393
7853,20101124 05:00:00,-0.35,-0.12,-0.38,0.31,0.08332022,0.04902
7854,20101124 06:00:00,-0.42,-0.14,-0.44,0.25,0.097726515,0.05876
7855,20101124 07:00:00,-0.46,-0.14,-0.47,0.18,0.110624472,0.06852
7856,20101124 08:00:00,-0.47,-0.13,-0.49,0.08,0.107863509,0.06826
7857,20101124 09:00:00,-0.44,-0.09,-0.46,-0.03,0.075950528,0.05797
7858,20101124 10:00:00,-0.38,-0.04,-0.4,-0.16,0.014478792,0.01765
7859,20101124 11:00:00,-0.31,0.01,-0.31,-0.29,-0.067679277,-0.03277
7860,20101124 12:00:00,-0.22,0.07,-0.21,-0.42,-0.16888577,-0.10321
7861,20101124 13:00:00,-0.11,0.13,-0.1,-0.51,-0.291547986,-0.2036
7862,20101124 14:00:00,0.01,0.19,0.01,-0.56,-0.421022674,-0.32392
7863,20101124 15:00:00,0.15,0.26,0.12,-0.56,-0.523223009,-0.42427
7864,20101124 16:00:00,0.29,0.32,0.23,-0.51,-0.565827089,-0.48464
7865,20101124 17:00:00,0.42,0.37,0.33,-0.44,-0.536630586,-0.49502
7866,20101124 18:00:00,0.53,0.41,0.42,-0.35,-0.443757169,-0.45536
7867,20101124 19:00:00,0.61,0.43,0.49,-0.24,-0.308072063,-0.36567
7868,20101124 20:00:00,0.65,0.43,0.53,-0.11,-0.159788934,-0.25594
7869,20101124 21:00:00,0.65,0.41,0.54,0.01,-0.032698535,-0.14623
7870,20101124 22:00:00,0.61,0.38,0.53,0.12,0.053668814,-0.04648
7871,20101124 23:00:00,0.52,0.33,0.48,0.19,0.104993521,0.03317
7872,20101125 00:00:00,0.39,0.26,0.39,0.23,0.134858445,0.08275
7873,20101125 01:00:00,0.24,0.18,0.27,0.26,0.144938405,0.0923
7874,20101125 02:00:00,0.09,0.1,0.11,0.29,0.132878482,0.08186
7875,20101125 03:00:00,-0.05,0.02,-0.04,0.31,0.108554317,0.05144
7876,20101125 04:00:00,-0.17,-0.04,-0.18,0.32,0.089228547,0.04094
7877,20101125 05:00:00,-0.27,-0.09,-0.3,0.31,0.084239286,0.04047
7878,20101125 06:00:00,-0.36,-0.12,-0.38,0.27,0.090720751,0.04998
7879,20101125 07:00:00,-0.43,-0.14,-0.44,0.22,0.10076885,0.05949
7880,20101125 08:00:00,-0.47,-0.14,-0.48,0.14,0.105033583,0.06902
7881,20101125 09:00:00,-0.48,-0.12,-0.49,0.05,0.090919185,0.05852
7882,20101125 10:00:00,-0.45,-0.09,-0.46,-0.05,0.04811001,0.03799
7883,20101125 11:00:00,-0.39,-0.04,-0.39,-0.17,-0.021531616,-0.00253
7884,20101125 12:00:00,-0.31,0.02,-0.3,-0.29,-0.109368125,-0.06309
7885,20101125 13:00:00,-0.22,0.08,-0.2,-0.4,-0.213016632,-0.14369
7886,20101125 14:00:00,-0.1,0.14,-0.09,-0.48,-0.330867367,-0.2443
7887,20101125 15:00:00,0.03,0.2,0.02,-0.52,-0.446308057,-0.35479
7888,20101125 16:00:00,0.16,0.26,0.12,-0.51,-0.529519171,-0.44528
7889,20101125 17:00:00,0.3,0.32,0.23,-0.47,-0.555568303,-0.49578
7890,20101125 18:00:00,0.42,0.37,0.33,-0.4,-0.517131285,-0.4963
7891,20101125 19:00:00,0.52,0.4,0.41,-0.31,-0.423377292,-0.44677
7892,20101125 20:00:00,0.59,0.42,0.47,-0.2,-0.294470766,-0.35724
7893,20101125 21:00:00,0.63,0.41,0.5,-0.08,-0.158703428,-0.25768
7894,20101125 22:00:00,0.62,0.4,0.51,0.03,-0.045758807,-0.14811
7895,20101125 23:00:00,0.57,0.36,0.49,0.11,0.030515661,-0.05848
7896,20101126 00:00:00,0.48,0.31,0.44,0.17,0.078559006,0.01114
7897,20101126 01:00:00,0.35,0.25,0.35,0.21,0.109705884,0.06071
7898,20101126 02:00:00,0.21,0.17,0.23,0.23,0.122697167,0.0703
7899,20101126 03:00:00,0.08,0.09,0.09,0.25,0.114450835,0.04995
7900,20101126 04:00:00,-0.05,0.02,-0.05,0.27,0.094280537,0.03957
7901,20101126 05:00:00,-0.17,-0.04,-0.18,0.27,0.077724998,0.02922
7902,20101126 06:00:00,-0.27,-0.08,-0.29,0.25,0.072367093,0.02888
7903,20101126 07:00:00,-0.36,-0.11,-0.36,0.22,0.075259419,0.03862
7904,20101126 08:00:00,-0.43,-0.13,-0.42,0.17,0.079839691,0.04859
7905,20101126 09:00:00,-0.47,-0.13,-0.45,0.11,0.07854925,0.04871
7906,20101126 10:00:00,-0.47,-0.11,-0.46,0.03,0.060507397,0.029
7907,20101126 11:00:00,-0.43,-0.07,-0.42,-0.06,0.016710345,0.00934
7908,20101126 12:00:00,-0.37,-0.02,-0.36,-0.16,-0.051173677,-0.03034
7909,20101126 13:00:00,-0.29,0.03,-0.27,-0.27,-0.134465242,-0.09008
7910,20101126 14:00:00,-0.19,0.09,-0.18,-0.36,-0.229157246,-0.1698
7911,20101126 15:00:00,-0.08,0.15,-0.08,-0.43,-0.332072862,-0.25955
7912,20101126 16:00:00,0.05,0.21,0.02,-0.45,-0.429024141,-0.34932
7913,20101126 17:00:00,0.18,0.26,0.12,-0.44,-0.496317187,-0.42916
7914,20101126 18:00:00,0.3,0.31,0.22,-0.4,-0.513815064,-0.46888
7915,20101126 19:00:00,0.41,0.35,0.3,-0.34,-0.475142392,-0.45847
7916,20101126 20:00:00,0.49,0.37,0.37,-0.26,-0.388632638,-0.41796
7917,20101126 21:00:00,0.55,0.38,0.42,-0.16,-0.272296566,-0.33751
7918,20101126 22:00:00,0.56,0.38,0.45,-0.06,-0.151035009,-0.24704
7919,20101126 23:00:00,0.55,0.36,0.45,0.03,-0.049996518,-0.15655
7920,20101127 00:00:00,0.5,0.33,0.43,0.1,0.02075612,-0.0661
7921,20101127 01:00:00,0.41,0.28,0.38,0.15,0.069051685,0.00416
7922,20101127 02:00:00,0.3,0.23,0.3,0.17,0.102499815,0.04433
7923,20101127 03:00:00,0.18,0.16,0.19,0.19,0.117140811,0.05452
7924,20101127 04:00:00,0.05,0.1,0.06,0.19,0.109472168,0.04473
7925,20101127 05:00:00,-0.06,0.03,-0.06,0.2,0.088158569,0.03502
7926,20101127 06:00:00,-0.17,-0.02,-0.17,0.19,0.067770269,0.02537
7927,20101127 07:00:00,-0.26,-0.06,-0.26,0.17,0.056141374,0.02571
7928,20101127 08:00:00,-0.34,-0.08,-0.33,0.14,0.052528433,0.02602
7929,20101127 09:00:00,-0.4,-0.1,-0.38,0.11,0.052823551,0.01614
7930,20101127 10:00:00,-0.42,-0.09,-0.4,0.07,0.050851388,0.01596
7931,20101127 11:00:00,-0.41,-0.07,-0.4,0.01,0.036032057,0.00573
7932,20101127 12:00:00,-0.37,-0.04,-0.36,-0.06,-0.001247961,-0.01446
7933,20101127 13:00:00,-0.31,0.01,-0.3,-0.14,-0.059565828,-0.0449
7934,20101127 14:00:00,-0.23,0.06,-0.22,-0.22,-0.130251192,-0.09549
7935,20101127 15:00:00,-0.13,0.11,-0.14,-0.29,-0.208847284,-0.16607
7936,20101127 16:00:00,-0.03,0.16,-0.05,-0.35,-0.293643495,-0.24673
7937,20101127 17:00:00,0.08,0.21,0.04,-0.37,-0.37523805,-0.31741
7938,20101127 18:00:00,0.18,0.25,0.12,-0.36,-0.4346234,-0.37812
7939,20101127 19:00:00,0.28,0.28,0.19,-0.32,-0.453446658,-0.4188
7940,20101127 20:00:00,0.36,0.31,0.26,-0.27,-0.424691423,-0.4196
7941,20101127 21:00:00,0.42,0.33,0.31,-0.2,-0.35431258,-0.38059
7942,20101127 22:00:00,0.46,0.33,0.35,-0.11,-0.256386628,-0.32178
7943,20101127 23:00:00,0.46,0.32,0.36,-0.03,-0.151297634,-0.24299
7944,20101128 00:00:00,0.44,0.31,0.35,0.03,-0.060886131,-0.1641
7945,20101128 01:00:00,0.39,0.28,0.33,0.08,0.00494076,-0.08519
7946,20101128 02:00:00,0.33,0.25,0.29,0.11,0.051064522,-0.01618
7947,20101128 03:00:00,0.23,0.2,0.22,0.12,0.081507008,0.01279
7948,20101128 04:00:00,0.13,0.15,0.13,0.11,0.090429433,0.02179
7949,20101128 05:00:00,0.03,0.1,0.04,0.11,0.074122188,0.02078
7950,20101128 06:00:00,-0.07,0.05,-0.06,0.1,0.040894218,-0.00029
7951,20101128 07:00:00,-0.16,0.01,-0.15,0.09,0.005872518,-0.01133
7952,20101128 08:00:00,-0.24,-0.02,-0.22,0.07,-0.019745067,-0.0324
7953,20101128 09:00:00,-0.29,-0.04,-0.27,0.06,-0.032650654,-0.05349
7954,20101128 10:00:00,-0.32,-0.05,-0.3,0.04,-0.033889864,-0.05452
7955,20101128 11:00:00,-0.33,-0.04,-0.31,0.02,-0.028920863,-0.05552
7956,20101128 12:00:00,-0.31,-0.02,-0.3,-0.01,-0.030458229,-0.06645
7957,20101128 13:00:00,-0.27,0.01,-0.27,-0.05,-0.05064023,-0.06734
7958,20101128 14:00:00,-0.2,0.05,-0.21,-0.1,-0.089302331,-0.0882
7959,20101128 15:00:00,-0.13,0.09,-0.14,-0.15,-0.13828056,-0.12903
7960,20101128 16:00:00,-0.04,0.13,-0.07,-0.21,-0.194557566,-0.16983
7961,20101128 17:00:00,0.03,0.17,0,-0.25,-0.259793877,-0.23061
7962,20101128 18:00:00,0.11,0.2,0.06,-0.26,-0.328933847,-0.29144
7963,20101128 19:00:00,0.17,0.22,0.11,-0.26,-0.385363252,-0.35225
7964,20101128 20:00:00,0.23,0.24,0.15,-0.23,-0.41006326,-0.38304
7965,20101128 21:00:00,0.28,0.25,0.19,-0.18,-0.393677091,-0.39376
7966,20101128 22:00:00,0.31,0.26,0.22,-0.13,-0.338701773,-0.37443
7967,20101128 23:00:00,0.32,0.26,0.24,-0.06,-0.254946176,-0.31513
7968,20101129 00:00:00,0.31,0.25,0.24,-0.01,-0.159789633,-0.24588
7969,20101129 01:00:00,0.29,0.24,0.22,0.03,-0.075038413,-0.17664
7970,20101129 02:00:00,0.26,0.23,0.21,0.06,-0.012926908,-0.10743
7971,20101129 03:00:00,0.22,0.21,0.18,0.07,0.028369234,-0.04825
7972,20101129 04:00:00,0.15,0.18,0.13,0.05,0.050683447,-0.00913
7973,20101129 05:00:00,0.07,0.14,0.08,0.02,0.047764484,-0.00995
7974,20101129 06:00:00,-0.01,0.11,0.01,-0.01,0.015422509,-0.02076
7975,20101129 07:00:00,-0.08,0.07,-0.05,-0.02,-0.037514393,-0.0515
7976,20101129 08:00:00,-0.14,0.04,-0.11,-0.04,-0.09204129,-0.09221
7977,20101129 09:00:00,-0.18,0.03,-0.16,-0.05,-0.131115384,-0.12294
7978,20101129 10:00:00,-0.2,0.02,-0.19,-0.04,-0.147044158,-0.15358
7979,20101129 11:00:00,-0.2,0.02,-0.2,-0.03,-0.139894393,-0.15423
7980,20101129 12:00:00,-0.19,0.03,-0.19,-0.02,-0.117266275,-0.15485
7981,20101129 13:00:00,-0.16,0.05,-0.18,-0.02,-0.095087096,-0.13549
7982,20101129 14:00:00,-0.11,0.08,-0.14,-0.03,-0.088892139,-0.12615
7983,20101129 15:00:00,-0.05,0.11,-0.09,-0.04,-0.100898026,-0.12679
7984,20101129 16:00:00,0.01,0.13,-0.04,-0.07,-0.124222399,-0.1374
7985,20101129 17:00:00,0.06,0.16,0.01,-0.11,-0.157289898,-0.15803
7986,20101129 18:00:00,0.09,0.17,0.05,-0.14,-0.205170444,-0.19868
7987,20101129 19:00:00,0.11,0.18,0.08,-0.15,-0.266284368,-0.24927
7988,20101129 20:00:00,0.13,0.18,0.08,-0.14,-0.324747527,-0.29987
7989,20101129 21:00:00,0.15,0.18,0.09,-0.12,-0.35895964,-0.34041
7990,20101129 22:00:00,0.16,0.18,0.09,-0.09,-0.356012443,-0.36097
7991,20101129 23:00:00,0.16,0.18,0.1,-0.05,-0.314495561,-0.34151
7992,20101130 00:00:00,0.15,0.18,0.1,-0.01,-0.240889941,-0.30211
7993,20101130 01:00:00,0.14,0.17,0.08,0.01,-0.15237665,-0.24269
7994,20101130 02:00:00,0.13,0.17,0.07,0.03,-0.073319586,-0.17321
7995,20101130 03:00:00,0.12,0.17,0.06,0.03,-0.018878306,-0.10372
7996,20101130 04:00:00,0.09,0.16,0.06,0,0.011320302,-0.05423
7997,20101130 05:00:00,0.06,0.15,0.04,-0.05,0.018809866,-0.03462
7998,20101130 06:00:00,0.01,0.14,0.02,-0.1,-0.003365889,-0.04493
7999,20101130 07:00:00,-0.03,0.12,0,-0.14,-0.059995438,-0.07525
8000,20101130 08:00:00,-0.07,0.1,-0.03,-0.17,-0.139275728,-0.12555
8001,20101130 09:00:00,-0.08,0.09,-0.06,-0.18,-0.214939127,-0.18588
8002,20101130 10:00:00,-0.08,0.08,-0.08,-0.17,-0.263007435,-0.23615
8003,20101130 11:00:00,-0.07,0.09,-0.07,-0.14,-0.273397856,-0.2662
8004,20101130 12:00:00,-0.04,0.1,-0.06,-0.1,-0.248133175,-0.2661
8005,20101130 13:00:00,-0.01,0.11,-0.05,-0.06,-0.197744075,-0.23595
8006,20101130 14:00:00,0.03,0.12,-0.03,-0.03,-0.14328081,-0.19563
8007,20101130 15:00:00,0.07,0.15,0,0,-0.104892855,-0.1651
8008,20101130 16:00:00,0.12,0.16,0.05,0.02,-0.087687767,-0.13455
8009,20101130 17:00:00,0.14,0.18,0.08,0.02,-0.085024359,-0.11394
8010,20101130 18:00:00,0.14,0.17,0.1,0,-0.096584058,-0.11344
8011,20101130 19:00:00,0.12,0.16,0.09,-0.02,-0.130780641,-0.14313
8012,20101130 20:00:00,0.09,0.15,0.07,-0.03,-0.188620782,-0.18299
8013,20101130 21:00:00,0.06,0.13,0.04,-0.02,-0.252372467,-0.24277
8014,20101130 22:00:00,0.04,0.11,0,0,-0.29600042,-0.28257
8015,20101130 23:00:00,0.02,0.1,-0.02,0.01,-0.302668141,-0.30243
8016,20101201 00:00:00,-0.01,0.09,-0.04,0.03,-0.268840094,-0.30216
8017,20101201 01:00:00,-0.03,0.09,-0.06,0.04,-0.200460764,-0.26169
8018,20101201 02:00:00,-0.04,0.09,-0.08,0.04,-0.116764526,-0.20109
8019,20101201 03:00:00,-0.04,0.09,-0.09,0.02,-0.045650487,-0.14048
8020,20101201 04:00:00,-0.03,0.11,-0.08,-0.01,-0.00363537,-0.08983
8021,20101201 05:00:00,-0.02,0.12,-0.06,-0.08,0.010271203,-0.04923
8022,20101201 06:00:00,-0.03,0.13,-0.04,-0.15,-0.002617497,-0.03862
8023,20101201 07:00:00,-0.04,0.13,-0.02,-0.23,-0.050451802,-0.06807
8024,20101201 08:00:00,-0.04,0.13,-0.01,-0.29,-0.136950584,-0.11759
8025,20101201 09:00:00,-0.03,0.13,0,-0.32,-0.243630052,-0.19718
8026,20101201 10:00:00,0,0.14,0,-0.32,-0.334865438,-0.2767
8027,20101201 11:00:00,0.04,0.15,0.02,-0.29,-0.382081321,-0.33613
8028,20101201 12:00:00,0.09,0.17,0.05,-0.24,-0.376796931,-0.36541
8029,20101201 13:00:00,0.14,0.18,0.09,-0.17,-0.324194137,-0.34469
8030,20101201 14:00:00,0.18,0.19,0.11,-0.1,-0.239927661,-0.29404
8031,20101201 15:00:00,0.22,0.2,0.13,-0.02,-0.151627187,-0.23345
8032,20101201 16:00:00,0.26,0.22,0.16,0.04,-0.085156943,-0.16296
8033,20101201 17:00:00,0.28,0.22,0.18,0.09,-0.044930931,-0.11256
8034,20101201 18:00:00,0.25,0.21,0.19,0.1,-0.022211294,-0.0622
8035,20101201 19:00:00,0.19,0.18,0.17,0.1,-0.017763361,-0.05199
8036,20101201 20:00:00,0.12,0.15,0.12,0.1,-0.044541603,-0.07173
8037,20101201 21:00:00,0.04,0.1,0.05,0.1,-0.104399695,-0.11141
8038,20101201 22:00:00,-0.02,0.06,-0.02,0.1,-0.174806581,-0.17091
8039,20101201 23:00:00,-0.08,0.04,-0.1,0.11,-0.224679123,-0.22048
8040,20101202 00:00:00,-0.13,0.02,-0.15,0.11,-0.235987751,-0.23997
8041,20101202 01:00:00,-0.17,0,-0.19,0.1,-0.206155914,-0.2394
8042,20101202 02:00:00,-0.2,0,-0.22,0.08,-0.142735262,-0.19908
8043,20101202 03:00:00,-0.2,0.01,-0.24,0.05,-0.067838134,-0.14871
8044,20101202 04:00:00,-0.18,0.03,-0.24,0,-0.01130015,-0.10846
8045,20101202 05:00:00,-0.15,0.05,-0.21,-0.07,0.011496296,-0.05836
8046,20101202 06:00:00,-0.12,0.08,-0.16,-0.16,0.003155717,-0.03818
8047,20101202 07:00:00,-0.1,0.11,-0.11,-0.27,-0.035769129,-0.04798
8048,20101202 08:00:00,-0.07,0.13,-0.06,-0.37,-0.114464532,-0.09776
8049,20101202 09:00:00,-0.03,0.15,-0.01,-0.43,-0.232432552,-0.1875
8050,20101202 10:00:00,0.02,0.16,0.04,-0.46,-0.361605314,-0.28718
8051,20101202 11:00:00,0.09,0.19,0.08,-0.44,-0.458556012,-0.37676
8052,20101202 12:00:00,0.17,0.22,0.13,-0.39,-0.49491004,-0.44626
8053,20101202 13:00:00,0.24,0.24,0.18,-0.32,-0.466036706,-0.45583
8054,20101202 14:00:00,0.3,0.26,0.23,-0.22,-0.381326764,-0.40547
8055,20101202 15:00:00,0.35,0.27,0.25,-0.11,-0.262668268,-0.3352
8056,20101202 16:00:00,0.4,0.28,0.28,-0.01,-0.145607997,-0.24492
8057,20101202 17:00:00,0.41,0.28,0.3,0.08,-0.058215671,-0.15463
8058,20101202 18:00:00,0.39,0.26,0.3,0.15,-0.001312744,-0.07433
8059,20101202 19:00:00,0.32,0.23,0.27,0.18,0.036527769,-0.01406
8060,20101202 20:00:00,0.21,0.18,0.21,0.19,0.050735211,0.00626
8061,20101202 21:00:00,0.1,0.12,0.12,0.2,0.024786166,-0.01336
8062,20101202 22:00:00,-0.01,0.06,0.02,0.21,-0.039926791,-0.05295
8063,20101202 23:00:00,-0.11,0.01,-0.1,0.21,-0.113785089,-0.11261
8064,20101203 00:00:00,-0.19,-0.03,-0.19,0.2,-0.163686074,-0.16217
8065,20101203 01:00:00,-0.26,-0.06,-0.27,0.19,-0.175129441,-0.18185
8066,20101203 02:00:00,-0.31,-0.07,-0.32,0.16,-0.147745754,-0.1816
8067,20101203 03:00:00,-0.33,-0.08,-0.36,0.12,-0.090329196,-0.15135
8068,20101203 04:00:00,-0.33,-0.06,-0.38,0.06,-0.027053342,-0.11112
8069,20101203 05:00:00,-0.29,-0.03,-0.36,-0.03,0.011775367,-0.0709
8070,20101203 06:00:00,-0.24,0.01,-0.3,-0.13,0.013037452,-0.04052
8071,20101203 07:00:00,-0.19,0.05,-0.23,-0.25,-0.019037972,-0.04014
8072,20101203 08:00:00,-0.14,0.09,-0.16,-0.38,-0.085102149,-0.06967
8073,20101203 09:00:00,-0.09,0.13,-0.08,-0.48,-0.193784057,-0.14919
8074,20101203 10:00:00,-0.02,0.16,0,-0.55,-0.337525221,-0.2587
8075,20101203 11:00:00,0.07,0.2,0.08,-0.57,-0.478184303,-0.37809
8076,20101203 12:00:00,0.17,0.24,0.15,-0.54,-0.568659216,-0.47748
8077,20101203 13:00:00,0.27,0.28,0.22,-0.47,-0.584073938,-0.527
8078,20101203 14:00:00,0.37,0.31,0.29,-0.37,-0.525571833,-0.51665
8079,20101203 15:00:00,0.44,0.33,0.34,-0.25,-0.407976036,-0.44629
8080,20101203 16:00:00,0.5,0.34,0.38,-0.12,-0.260856444,-0.34589
8081,20101203 17:00:00,0.52,0.34,0.4,0.01,-0.125247203,-0.23546
8082,20101203 18:00:00,0.51,0.32,0.41,0.11,-0.026868144,-0.13494
8083,20101203 19:00:00,0.45,0.29,0.39,0.19,0.039853096,-0.0345
8084,20101203 20:00:00,0.34,0.24,0.33,0.24,0.086561011,0.02599
8085,20101203 21:00:00,0.21,0.17,0.23,0.26,0.103572944,0.04644
8086,20101203 22:00:00,0.06,0.09,0.11,0.28,0.074187985,0.02691
8087,20101203 23:00:00,-0.07,0.02,-0.03,0.28,0.007089489,-0.01261
8088,20101204 00:00:00,-0.18,-0.05,-0.16,0.29,-0.063252914,-0.07208
8089,20101204 01:00:00,-0.27,-0.09,-0.28,0.27,-0.107210703,-0.11161
8090,20101204 02:00:00,-0.34,-0.12,-0.36,0.25,-0.115814904,-0.13113
8091,20101204 03:00:00,-0.4,-0.13,-0.42,0.2,-0.090132611,-0.12068
8092,20101204 04:00:00,-0.42,-0.13,-0.46,0.14,-0.039511526,-0.10023
8093,20101204 05:00:00,-0.41,-0.11,-0.47,0.05,0.010079952,-0.06974
8094,20101204 06:00:00,-0.37,-0.07,-0.44,-0.06,0.029217129,-0.03919
8095,20101204 07:00:00,-0.31,-0.03,-0.37,-0.19,0.008305434,-0.02872
8096,20101204 08:00:00,-0.25,0.03,-0.29,-0.33,-0.047500824,-0.04838
8097,20101204 09:00:00,-0.18,0.08,-0.19,-0.46,-0.140017878,-0.1081
8098,20101204 10:00:00,-0.1,0.12,-0.09,-0.57,-0.274554002,-0.20784
8099,20101204 11:00:00,0,0.17,0.02,-0.63,-0.434160264,-0.32747
8100,20101204 12:00:00,0.11,0.22,0.11,-0.63,-0.573245843,-0.45702
8101,20101204 13:00:00,0.23,0.27,0.2,-0.59,-0.646075144,-0.54669
8102,20101204 14:00:00,0.35,0.32,0.29,-0.5,-0.634742775,-0.58643
8103,20101204 15:00:00,0.46,0.36,0.37,-0.39,-0.546664194,-0.54622
8104,20101204 16:00:00,0.54,0.38,0.43,-0.25,-0.402995278,-0.45619
8105,20101204 17:00:00,0.59,0.38,0.47,-0.11,-0.240041352,-0.33621
8106,20101204 18:00:00,0.6,0.37,0.48,0.02,-0.099894536,-0.2161
8107,20101204 19:00:00,0.56,0.35,0.47,0.13,-0.000796005,-0.10603
8108,20101204 20:00:00,0.47,0.3,0.43,0.22,0.068244812,-0.00588
8109,20101204 21:00:00,0.34,0.23,0.35,0.27,0.116102095,0.05422
8110,20101204 22:00:00,0.19,0.15,0.23,0.3,0.129749561,0.07434
8111,20101204 23:00:00,0.03,0.07,0.08,0.32,0.097014153,0.05448
8112,20101205 00:00:00,-0.11,-0.02,-0.07,0.33,0.033511854,0.00464
8113,20101205 01:00:00,-0.22,-0.08,-0.22,0.33,-0.027273135,-0.04518
8114,20101205 02:00:00,-0.32,-0.13,-0.34,0.32,-0.063160701,-0.07508
8115,20101205 03:00:00,-0.4,-0.16,-0.43,0.28,-0.069123599,-0.08501
8116,20101205 04:00:00,-0.45,-0.17,-0.49,0.22,-0.04585943,-0.08505
8117,20101205 05:00:00,-0.48,-0.17,-0.53,0.14,-0.003544512,-0.0651
8118,20101205 06:00:00,-0.46,-0.14,-0.53,0.03,0.030068907,-0.04507
8119,20101205 07:00:00,-0.42,-0.1,-0.49,-0.1,0.028412037,-0.02508
8120,20101205 08:00:00,-0.36,-0.05,-0.41,-0.24,-0.013830622,-0.03503
8121,20101205 09:00:00,-0.29,0.01,-0.31,-0.38,-0.091044425,-0.07495
8122,20101205 10:00:00,-0.21,0.07,-0.21,-0.52,-0.205341376,-0.14475
8123,20101205 11:00:00,-0.11,0.13,-0.09,-0.62,-0.356497892,-0.26451
8124,20101205 12:00:00,0,0.18,0.02,-0.66,-0.518802865,-0.39432
8125,20101205 13:00:00,0.13,0.24,0.13,-0.65,-0.643692998,-0.52413
8126,20101205 14:00:00,0.26,0.3,0.23,-0.6,-0.691504227,-0.60392
8127,20101205 15:00:00,0.4,0.35,0.33,-0.5,-0.652627356,-0.61365
8128,20101205 16:00:00,0.51,0.39,0.42,-0.38,-0.540337791,-0.55339
8129,20101205 17:00:00,0.59,0.41,0.48,-0.24,-0.381357748,-0.44312
8130,20101205 18:00:00,0.63,0.41,0.51,-0.1,-0.215834488,-0.32278
8131,20101205 19:00:00,0.62,0.39,0.52,0.03,-0.081871133,-0.1926
8132,20101205 20:00:00,0.57,0.35,0.5,0.14,0.01079412,-0.08251
8133,20101205 21:00:00,0.47,0.3,0.44,0.23,0.076443377,0.00752
8134,20101205 22:00:00,0.32,0.22,0.34,0.28,0.120328573,0.05758
8135,20101205 23:00:00,0.16,0.13,0.21,0.31,0.129612198,0.06772
8136,20101206 00:00:00,0.01,0.04,0.05,0.33,0.09840333,0.04789
8137,20101206 01:00:00,-0.13,-0.04,-0.12,0.35,0.045056848,0.00803
8138,20101206 02:00:00,-0.24,-0.11,-0.27,0.35,-0.002991278,-0.03184
8139,20101206 03:00:00,-0.34,-0.15,-0.38,0.33,-0.030517671,-0.05164
8140,20101206 04:00:00,-0.42,-0.18,-0.47,0.28,-0.033535338,-0.06149
8141,20101206 05:00:00,-0.48,-0.19,-0.52,0.21,-0.011804709,-0.05124
8142,20101206 06:00:00,-0.5,-0.18,-0.55,0.12,0.0217204,-0.0311
8143,20101206 07:00:00,-0.49,-0.15,-0.55,0,0.03913093,-0.021
8144,20101206 08:00:00,-0.45,-0.11,-0.5,-0.13,0.018813987,-0.02094
8145,20101206 09:00:00,-0.39,-0.05,-0.42,-0.27,-0.04050312,-0.04082
8146,20101206 10:00:00,-0.31,0,-0.32,-0.42,-0.134061317,-0.09061
8147,20101206 11:00:00,-0.22,0.07,-0.21,-0.54,-0.262721071,-0.19037
8148,20101206 12:00:00,-0.11,0.13,-0.09,-0.62,-0.419064375,-0.31011
8149,20101206 13:00:00,0.01,0.19,0.03,-0.65,-0.571098643,-0.44989
8150,20101206 14:00:00,0.15,0.25,0.14,-0.63,-0.67284811,-0.55957
8151,20101206 15:00:00,0.29,0.31,0.24,-0.56,-0.693654067,-0.60933
8152,20101206 16:00:00,0.43,0.37,0.34,-0.46,-0.631850582,-0.59913
8153,20101206 17:00:00,0.54,0.4,0.43,-0.35,-0.505484833,-0.529
8154,20101206 18:00:00,0.61,0.42,0.49,-0.22,-0.344682173,-0.41878
8155,20101206 19:00:00,0.63,0.41,0.52,-0.08,-0.189082151,-0.28859
8156,20101206 20:00:00,0.61,0.38,0.52,0.04,-0.069431221,-0.17841
8157,20101206 21:00:00,0.55,0.34,0.49,0.15,0.012500826,-0.06818
8158,20101206 22:00:00,0.44,0.28,0.42,0.22,0.071009084,0.01204
8159,20101206 23:00:00,0.29,0.2,0.31,0.26,0.10910544,0.05227
8160,20101207 00:00:00,0.14,0.11,0.17,0.29,0.116649138,0.0525
8161,20101207 01:00:00,-0.01,0.02,0.01,0.32,0.091780276,0.03271
8162,20101207 02:00:00,-0.14,-0.05,-0.15,0.33,0.05066756,0.00295
8163,20101207 03:00:00,-0.25,-0.11,-0.29,0.33,0.013936612,-0.0168
8164,20101207 04:00:00,-0.35,-0.15,-0.4,0.3,-0.00659294,-0.03651
8165,20101207 05:00:00,-0.43,-0.18,-0.47,0.25,-0.006358158,-0.03615
8166,20101207 06:00:00,-0.49,-0.18,-0.52,0.18,0.013251386,-0.02579
8167,20101207 07:00:00,-0.52,-0.18,-0.55,0.08,0.036718846,-0.01539
8168,20101207 08:00:00,-0.51,-0.15,-0.54,-0.04,0.038696476,-0.01501
8169,20101207 09:00:00,-0.46,-0.1,-0.49,-0.16,0.003799035,-0.02468
8170,20101207 10:00:00,-0.4,-0.05,-0.41,-0.3,-0.067299366,-0.05435
8171,20101207 11:00:00,-0.31,0.01,-0.31,-0.43,-0.170990844,-0.12397
8172,20101207 12:00:00,-0.22,0.07,-0.19,-0.53,-0.304612561,-0.21363
8173,20101207 13:00:00,-0.1,0.13,-0.08,-0.6,-0.453787679,-0.34326
8174,20101207 14:00:00,0.02,0.2,0.03,-0.61,-0.585005213,-0.46282
8175,20101207 15:00:00,0.17,0.26,0.14,-0.57,-0.659534478,-0.55241
8176,20101207 16:00:00,0.31,0.32,0.24,-0.5,-0.656130061,-0.59202
8177,20101207 17:00:00,0.44,0.37,0.34,-0.41,-0.578833822,-0.5617
8178,20101207 18:00:00,0.54,0.4,0.43,-0.3,-0.448491936,-0.49136
8179,20101207 19:00:00,0.6,0.4,0.48,-0.18,-0.296559608,-0.38111
8180,20101207 20:00:00,0.61,0.39,0.5,-0.06,-0.159139087,-0.2609
8181,20101207 21:00:00,0.58,0.36,0.49,0.05,-0.057980389,-0.15074
8182,20101207 22:00:00,0.5,0.32,0.46,0.14,0.010865626,-0.06058
8183,20101207 23:00:00,0.39,0.25,0.38,0.2,0.061006073,-0.00044
8184,20101208 00:00:00,0.24,0.17,0.26,0.23,0.094140152,0.02968
8185,20101208 01:00:00,0.1,0.09,0.12,0.26,0.102224297,0.03979
8186,20101208 02:00:00,-0.03,0.01,-0.04,0.28,0.084177435,0.01994
8187,20101208 03:00:00,-0.16,-0.06,-0.18,0.3,0.052101595,0.00012
8188,20101208 04:00:00,-0.26,-0.11,-0.3,0.29,0.022669058,-0.0097
8189,20101208 05:00:00,-0.36,-0.14,-0.4,0.25,0.006712642,-0.01951
8190,20101208 06:00:00,-0.44,-0.16,-0.46,0.2,0.008129346,-0.01935
8191,20101208 07:00:00,-0.49,-0.17,-0.5,0.12,0.02263698,-0.01917
8192,20101208 08:00:00,-0.51,-0.16,-0.52,0.03,0.034527305,-0.00906
8193,20101208 09:00:00,-0.5,-0.13,-0.51,-0.08,0.023470694,-0.019
8194,20101208 10:00:00,-0.45,-0.09,-0.45,-0.19,-0.020935742,-0.03875
8195,20101208 11:00:00,-0.38,-0.03,-0.37,-0.31,-0.098117537,-0.07855
8196,20101208 12:00:00,-0.29,0.02,-0.27,-0.42,-0.208662357,-0.1483
8197,20101208 13:00:00,-0.19,0.08,-0.17,-0.5,-0.332079225,-0.24797
8198,20101208 14:00:00,-0.07,0.14,-0.06,-0.54,-0.463090529,-0.36756
8199,20101208 15:00:00,0.06,0.2,0.05,-0.54,-0.567686666,-0.46709
8200,20101208 16:00:00,0.2,0.26,0.15,-0.49,-0.615817888,-0.53666
8201,20101208 17:00:00,0.33,0.31,0.25,-0.42,-0.593747878,-0.54638
8202,20101208 18:00:00,0.44,0.35,0.34,-0.34,-0.509007976,-0.51617
8203,20101208 19:00:00,0.52,0.37,0.4,-0.24,-0.3840811,-0.43602
8204,20101208 20:00:00,0.56,0.37,0.44,-0.13,-0.249424965,-0.33599
8205,20101208 21:00:00,0.56,0.36,0.45,-0.03,-0.134344623,-0.23603
8206,20101208 22:00:00,0.51,0.32,0.44,0.06,-0.051914493,-0.14602
8207,20101208 23:00:00,0.43,0.28,0.39,0.13,0.005477683,-0.06587
8208,20101209 00:00:00,0.32,0.22,0.31,0.17,0.049038769,-0.00566
8209,20101209 01:00:00,0.19,0.14,0.19,0.2,0.078845884,0.01454
8210,20101209 02:00:00,0.05,0.07,0.06,0.22,0.087379731,0.01474
8211,20101209 03:00:00,-0.07,0,-0.08,0.23,0.072710581,0.00491
8212,20101209 04:00:00,-0.18,-0.05,-0.2,0.23,0.044740274,-0.00496
8213,20101209 05:00:00,-0.28,-0.1,-0.31,0.22,0.018678258,-0.0149
8214,20101209 06:00:00,-0.37,-0.12,-0.38,0.18,0.004654862,-0.0249
8215,20101209 07:00:00,-0.43,-0.14,-0.43,0.13,0.004245523,-0.02505
8216,20101209 08:00:00,-0.48,-0.14,-0.47,0.06,0.011477022,-0.02522
8217,20101209 09:00:00,-0.49,-0.13,-0.48,-0.03,0.013185447,-0.02536
8218,20101209 10:00:00,-0.46,-0.1,-0.45,-0.11,-0.00582957,-0.03541
8219,20101209 11:00:00,-0.41,-0.06,-0.4,-0.21,-0.05375578,-0.05547
8220,20101209 12:00:00,-0.33,-0.01,-0.32,-0.3,-0.130672618,-0.10552
8221,20101209 13:00:00,-0.24,0.04,-0.23,-0.39,-0.230767484,-0.17554
8222,20101209 14:00:00,-0.14,0.1,-0.13,-0.45,-0.343052544,-0.2655
8223,20101209 15:00:00,-0.02,0.15,-0.03,-0.47,-0.450034729,-0.36547
8224,20101209 16:00:00,0.1,0.21,0.07,-0.45,-0.528434438,-0.44549
8225,20101209 17:00:00,0.23,0.26,0.16,-0.4,-0.555320475,-0.49563
8226,20101209 18:00:00,0.34,0.3,0.24,-0.34,-0.521385157,-0.49578
8227,20101209 19:00:00,0.43,0.33,0.31,-0.26,-0.436601435,-0.4559
8228,20101209 20:00:00,0.48,0.34,0.36,-0.17,-0.323851361,-0.38592
8229,20101209 21:00:00,0.5,0.33,0.39,-0.08,-0.210023657,-0.29593
8230,20101209 22:00:00,0.48,0.31,0.39,0,-0.116578761,-0.20585
8231,20101209 23:00:00,0.42,0.28,0.36,0.06,-0.049440661,-0.13582
8232,20101210 00:00:00,0.34,0.23,0.31,0.11,-0.000492088,-0.06586
8233,20101210 01:00:00,0.23,0.18,0.23,0.14,0.037614384,-0.02597
8234,20101210 02:00:00,0.11,0.12,0.12,0.16,0.062576617,-0.00606
8235,20101210 03:00:00,0,0.06,0,0.16,0.067274094,-0.00629
8236,20101210 04:00:00,-0.11,0,-0.12,0.16,0.050173403,-0.00655
8237,20101210 05:00:00,-0.21,-0.05,-0.22,0.15,0.021048325,-0.0168
8238,20101210 06:00:00,-0.29,-0.08,-0.3,0.13,-0.005518388,-0.02701
8239,20101210 07:00:00,-0.36,-0.1,-0.36,0.09,-0.021201893,-0.03722
8240,20101210 08:00:00,-0.41,-0.11,-0.39,0.04,-0.02600378,-0.04745
8241,20101210 09:00:00,-0.44,-0.11,-0.41,-0.01,-0.025258496,-0.05767
8242,20101210 10:00:00,-0.43,-0.09,-0.41,-0.08,-0.029070992,-0.05787
8243,20101210 11:00:00,-0.39,-0.06,-0.38,-0.15,-0.049692755,-0.06808
8244,20101210 12:00:00,-0.33,-0.02,-0.32,-0.22,-0.094983223,-0.09829
8245,20101210 13:00:00,-0.25,0.02,-0.25,-0.29,-0.16449764,-0.13853
8246,20101210 14:00:00,-0.16,0.07,-0.17,-0.34,-0.250344773,-0.20881
8247,20101210 15:00:00,-0.06,0.12,-0.08,-0.38,-0.340827576,-0.27916
8248,20101210 16:00:00,0.04,0.17,0.01,-0.39,-0.422348329,-0.35947
8249,20101210 17:00:00,0.15,0.21,0.09,-0.36,-0.477435111,-0.4197
8250,20101210 18:00:00,0.24,0.25,0.16,-0.31,-0.488047793,-0.44995
8251,20101210 19:00:00,0.32,0.27,0.22,-0.25,-0.44829017,-0.45017
8252,20101210 20:00:00,0.38,0.29,0.27,-0.18,-0.37002042,-0.41044
8253,20101210 21:00:00,0.41,0.29,0.31,-0.11,-0.274399437,-0.34075
8254,20101210 22:00:00,0.41,0.28,0.32,-0.04,-0.18213434,-0.27101
8255,20101210 23:00:00,0.37,0.26,0.3,0.02,-0.106720748,-0.19122
8256,20101211 00:00:00,0.31,0.23,0.27,0.06,-0.050184542,-0.12146
8257,20101211 01:00:00,0.23,0.19,0.21,0.09,-0.007362919,-0.07175
8258,20101211 02:00:00,0.14,0.14,0.13,0.1,0.024435057,-0.04206
8259,20101211 03:00:00,0.04,0.09,0.04,0.1,0.041580133,-0.03241
8260,20101211 04:00:00,-0.06,0.04,-0.06,0.09,0.03826725,-0.02274
8261,20101211 05:00:00,-0.15,0,-0.15,0.08,0.014467524,-0.03303
8262,20101211 06:00:00,-0.22,-0.03,-0.22,0.06,-0.019552748,-0.0433
8263,20101211 07:00:00,-0.29,-0.06,-0.28,0.03,-0.050072573,-0.0636
8264,20101211 08:00:00,-0.34,-0.07,-0.32,0,-0.069813669,-0.08391
8265,20101211 09:00:00,-0.36,-0.07,-0.34,-0.04,-0.07872032,-0.09425
8266,20101211 10:00:00,-0.37,-0.06,-0.35,-0.08,-0.080566003,-0.10463
8267,20101211 11:00:00,-0.34,-0.04,-0.33,-0.12,-0.083663753,-0.1049
8268,20101211 12:00:00,-0.3,-0.02,-0.29,-0.16,-0.099482334,-0.11521
8269,20101211 13:00:00,-0.23,0.02,-0.24,-0.21,-0.135527798,-0.13552
8270,20101211 14:00:00,-0.15,0.06,-0.17,-0.25,-0.190685351,-0.17586
8271,20101211 15:00:00,-0.07,0.1,-0.1,-0.29,-0.256520911,-0.22615
8272,20101211 16:00:00,0.02,0.14,-0.03,-0.31,-0.323364767,-0.28647
8273,20101211 17:00:00,0.1,0.17,0.04,-0.3,-0.382022012,-0.34687
8274,20101211 18:00:00,0.17,0.2,0.1,-0.27,-0.418953509,-0.38721
8275,20101211 19:00:00,0.23,0.22,0.15,-0.22,-0.419508797,-0.40756
8276,20101211 20:00:00,0.28,0.24,0.19,-0.17,-0.380434216,-0.3978
8277,20101211 21:00:00,0.31,0.24,0.22,-0.11,-0.313739991,-0.35806
8278,20101211 22:00:00,0.31,0.24,0.23,-0.05,-0.236310231,-0.2983
8279,20101211 23:00:00,0.29,0.22,0.22,-0.01,-0.16192,-0.23856
8280,20101212 00:00:00,0.25,0.2,0.2,0.03,-0.098793214,-0.17876
8281,20101212 01:00:00,0.19,0.17,0.16,0.05,-0.049418376,-0.11902
8282,20101212 02:00:00,0.12,0.14,0.11,0.05,-0.013020026,-0.07934
8283,20101212 03:00:00,0.04,0.1,0.04,0.04,0.009550752,-0.05977
8284,20101212 04:00:00,-0.03,0.07,-0.03,0.02,0.015104566,-0.0501
8285,20101212 05:00:00,-0.11,0.04,-0.1,0,0.000140209,-0.0501
8286,20101212 06:00:00,-0.17,0.01,-0.16,-0.02,-0.033667344,-0.06004
8287,20101212 07:00:00,-0.22,-0.02,-0.21,-0.05,-0.07535499,-0.07963
8288,20101212 08:00:00,-0.26,-0.03,-0.25,-0.07,-0.110604972,-0.10895
8289,20101212 09:00:00,-0.28,-0.03,-0.27,-0.09,-0.1318639,-0.13798
8290,20101212 10:00:00,-0.28,-0.03,-0.27,-0.11,-0.138592612,-0.14699
8291,20101212 11:00:00,-0.26,-0.01,-0.26,-0.12,-0.134629872,-0.15606
8292,20101212 12:00:00,-0.23,0.01,-0.23,-0.14,-0.128634495,-0.15502
8293,20101212 13:00:00,-0.18,0.03,-0.19,-0.16,-0.132029779,-0.15398
8294,20101212 14:00:00,-0.11,0.06,-0.14,-0.18,-0.151990553,-0.16296
8295,20101212 15:00:00,-0.05,0.1,-0.09,-0.2,-0.187360453,-0.19181
8296,20101212 16:00:00,0.02,0.12,-0.03,-0.22,-0.230547743,-0.22065
8297,20101212 17:00:00,0.08,0.15,0.02,-0.23,-0.274613955,-0.25872
8298,20101212 18:00:00,0.12,0.17,0.07,-0.21,-0.313633159,-0.29778
8299,20101212 19:00:00,0.16,0.18,0.1,-0.18,-0.337128752,-0.32663
8300,20101212 20:00:00,0.19,0.19,0.12,-0.14,-0.333026323,-0.33505
8301,20101212 21:00:00,0.21,0.19,0.13,-0.09,-0.298672075,-0.32359
8302,20101212 22:00:00,0.21,0.19,0.14,-0.05,-0.243971502,-0.29216
8303,20101212 23:00:00,0.19,0.18,0.13,-0.01,-0.180846365,-0.24082
8304,20101213 00:00:00,0.16,0.16,0.12,0.01,-0.11777634,-0.18961
8305,20101213 01:00:00,0.12,0.14,0.08,0.02,-0.061708273,-0.13816
8306,20101213 02:00:00,0.07,0.12,0.05,0.02,-0.017535074,-0.08672
8307,20101213 03:00:00,0.02,0.1,0,0,0.011503863,-0.05526
8308,20101213 04:00:00,-0.04,0.08,-0.04,-0.03,0.023328634,-0.03387
8309,20101213 05:00:00,-0.09,0.05,-0.09,-0.07,0.016006708,-0.03234
8310,20101213 06:00:00,-0.14,0.04,-0.13,-0.1,-0.012666056,-0.04074
8311,20101213 07:00:00,-0.18,0.02,-0.16,-0.13,-0.058984694,-0.06914
8312,20101213 08:00:00,-0.2,0.01,-0.19,-0.15,-0.10960091,-0.09777
8313,20101213 09:00:00,-0.21,0,-0.2,-0.16,-0.148478691,-0.13649
8314,20101213 10:00:00,-0.2,0.01,-0.2,-0.16,-0.167450869,-0.16515
8315,20101213 11:00:00,-0.17,0.02,-0.18,-0.16,-0.166291688,-0.17375
8316,20101213 12:00:00,-0.14,0.04,-0.16,-0.15,-0.150559975,-0.17248
8317,20101213 13:00:00,-0.1,0.06,-0.13,-0.15,-0.130531571,-0.16126
8318,20101213 14:00:00,-0.05,0.08,-0.09,-0.14,-0.118426485,-0.15016
8319,20101213 15:00:00,0,0.11,-0.05,-0.14,-0.121535472,-0.14908
8320,20101213 16:00:00,0.06,0.13,0,-0.14,-0.1384669,-0.15803
8321,20101213 17:00:00,0.09,0.14,0.03,-0.15,-0.163457899,-0.16718
8322,20101213 18:00:00,0.11,0.15,0.06,-0.15,-0.192190863,-0.19648
8323,20101213 19:00:00,0.12,0.15,0.07,-0.13,-0.220726399,-0.21586
8324,20101213 20:00:00,0.12,0.15,0.07,-0.09,-0.23967394,-0.23527
8325,20101213 21:00:00,0.12,0.14,0.07,-0.06,-0.238080493,-0.2446
8326,20101213 22:00:00,0.11,0.14,0.06,-0.02,-0.213703985,-0.24391
8327,20101213 23:00:00,0.09,0.13,0.04,0,-0.172475462,-0.21346
8328,20101214 00:00:00,0.06,0.11,0.02,0.01,-0.12162642,-0.18306
8329,20101214 01:00:00,0.03,0.1,0,0.01,-0.068751096,-0.13263
8330,20101214 02:00:00,-0.01,0.09,-0.03,0,-0.02219665,-0.09226
8331,20101214 03:00:00,-0.04,0.08,-0.06,-0.03,0.011051606,-0.05186
8332,20101214 04:00:00,-0.07,0.07,-0.09,-0.07,0.026456785,-0.03151
8333,20101214 05:00:00,-0.1,0.06,-0.11,-0.12,0.021776141,-0.02125
8334,20101214 06:00:00,-0.13,0.05,-0.12,-0.18,-0.00465156,-0.031
8335,20101214 07:00:00,-0.15,0.04,-0.13,-0.22,-0.053383585,-0.06078
8336,20101214 08:00:00,-0.16,0.04,-0.14,-0.24,-0.116855895,-0.10057
8337,20101214 09:00:00,-0.15,0.04,-0.15,-0.25,-0.176540415,-0.15037
8338,20101214 10:00:00,-0.13,0.05,-0.14,-0.24,-0.214454709,-0.20001
8339,20101214 11:00:00,-0.09,0.06,-0.12,-0.22,-0.223986103,-0.21962
8340,20101214 12:00:00,-0.05,0.08,-0.08,-0.2,-0.207842925,-0.21928
8341,20101214 13:00:00,-0.01,0.1,-0.05,-0.16,-0.174441649,-0.19905
8342,20101214 14:00:00,0.03,0.11,-0.02,-0.13,-0.136967887,-0.17898
8343,20101214 15:00:00,0.08,0.13,0.01,-0.1,-0.108875402,-0.15896
8344,20101214 16:00:00,0.12,0.14,0.05,-0.08,-0.096904403,-0.13894
8345,20101214 17:00:00,0.13,0.15,0.07,-0.08,-0.099277404,-0.12898
8346,20101214 18:00:00,0.13,0.15,0.08,-0.08,-0.111210459,-0.12903
8347,20101214 19:00:00,0.11,0.14,0.07,-0.07,-0.130854589,-0.13911
8348,20101214 20:00:00,0.08,0.12,0.05,-0.04,-0.155890269,-0.15925
8349,20101214 21:00:00,0.06,0.1,0.02,-0.01,-0.176375186,-0.17933
8350,20101214 22:00:00,0.03,0.09,-0.01,0.02,-0.180428122,-0.19942
8351,20101214 23:00:00,0,0.07,-0.04,0.03,-0.164403298,-0.18949
8352,20101215 00:00:00,-0.04,0.06,-0.06,0.04,-0.131984672,-0.16969
8353,20101215 01:00:00,-0.07,0.05,-0.09,0.03,-0.089762047,-0.14008
8354,20101215 02:00:00,-0.1,0.04,-0.12,0,-0.046367828,-0.1005
8355,20101215 03:00:00,-0.11,0.04,-0.14,-0.03,-0.011233569,-0.07089
8356,20101215 04:00:00,-0.12,0.04,-0.15,-0.09,0.008294504,-0.04142
8357,20101215 05:00:00,-0.13,0.04,-0.15,-0.16,0.007440049,-0.03203
8358,20101215 06:00:00,-0.14,0.05,-0.15,-0.23,-0.016655805,-0.04263
8359,20101215 07:00:00,-0.14,0.05,-0.14,-0.29,-0.06559966,-0.06313
8360,20101215 08:00:00,-0.14,0.06,-0.12,-0.33,-0.136537592,-0.11353
8361,20101215 09:00:00,-0.12,0.06,-0.11,-0.35,-0.2148062,-0.17386
8362,20101215 10:00:00,-0.08,0.08,-0.09,-0.34,-0.276643443,-0.23414
8363,20101215 11:00:00,-0.03,0.1,-0.06,-0.31,-0.304561698,-0.28433
8364,20101215 12:00:00,0.02,0.12,-0.02,-0.26,-0.295539275,-0.29447
8365,20101215 13:00:00,0.08,0.13,0.02,-0.21,-0.256423012,-0.27462
8366,20101215 14:00:00,0.12,0.15,0.05,-0.15,-0.200068826,-0.24484
8367,20101215 15:00:00,0.16,0.16,0.08,-0.1,-0.143513455,-0.19508
8368,20101215 16:00:00,0.2,0.17,0.11,-0.05,-0.100882919,-0.15527
8369,20101215 17:00:00,0.2,0.17,0.13,-0.02,-0.076737541,-0.12545
8370,20101215 18:00:00,0.18,0.16,0.12,-0.01,-0.068122839,-0.10564
8371,20101215 19:00:00,0.13,0.14,0.1,0,-0.072335376,-0.09586
8372,20101215 20:00:00,0.08,0.11,0.06,0.01,-0.089800972,-0.10603
8373,20101215 21:00:00,0.02,0.08,0.01,0.04,-0.116802302,-0.12612
8374,20101215 22:00:00,-0.03,0.05,-0.05,0.06,-0.140220224,-0.14618
8375,20101215 23:00:00,-0.08,0.03,-0.1,0.08,-0.147154092,-0.16632
8376,20101216 00:00:00,-0.12,0.01,-0.14,0.08,-0.134483655,-0.16646
8377,20101216 01:00:00,-0.16,0,-0.18,0.06,-0.106462673,-0.1467
8378,20101216 02:00:00,-0.19,-0.01,-0.21,0.03,-0.070585322,-0.11699
8379,20101216 03:00:00,-0.2,-0.01,-0.23,-0.02,-0.036820741,-0.08738
8380,20101216 04:00:00,-0.2,0,-0.24,-0.08,-0.014495859,-0.06779
8381,20101216 05:00:00,-0.19,0.02,-0.22,-0.17,-0.010198736,-0.0483
8382,20101216 06:00:00,-0.18,0.03,-0.2,-0.26,-0.028827625,-0.04877
8383,20101216 07:00:00,-0.16,0.05,-0.17,-0.35,-0.07489415,-0.06915
8384,20101216 08:00:00,-0.14,0.06,-0.13,-0.41,-0.148872225,-0.11946
8385,20101216 09:00:00,-0.1,0.08,-0.1,-0.44,-0.240903082,-0.1897
8386,20101216 10:00:00,-0.05,0.1,-0.06,-0.44,-0.327461965,-0.25997
8387,20101216 11:00:00,0.01,0.12,-0.02,-0.41,-0.381703902,-0.33027
8388,20101216 12:00:00,0.08,0.15,0.03,-0.35,-0.389860671,-0.36042
8389,20101216 13:00:00,0.15,0.17,0.08,-0.28,-0.354034994,-0.36058
8390,20101216 14:00:00,0.2,0.19,0.12,-0.21,-0.286184913,-0.32079
8391,20101216 15:00:00,0.25,0.2,0.15,-0.12,-0.205411791,-0.26106
8392,20101216 16:00:00,0.28,0.21,0.19,-0.05,-0.132523145,-0.20133
8393,20101216 17:00:00,0.29,0.2,0.2,0.01,-0.079924741,-0.14155
8394,20101216 18:00:00,0.25,0.19,0.19,0.03,-0.048112733,-0.10173
8395,20101216 19:00:00,0.19,0.15,0.16,0.05,-0.033858253,-0.07184
8396,20101216 20:00:00,0.11,0.12,0.1,0.07,-0.037516362,-0.06197
8397,20101216 21:00:00,0.02,0.07,0.02,0.09,-0.059604856,-0.08209
8398,20101216 22:00:00,-0.05,0.03,-0.06,0.11,-0.091097238,-0.10223
8399,20101216 23:00:00,-0.12,-0.01,-0.14,0.12,-0.115379573,-0.1224
8400,20101217 00:00:00,-0.19,-0.04,-0.2,0.13,-0.121155461,-0.14244
8401,20101217 01:00:00,-0.24,-0.05,-0.26,0.11,-0.108291308,-0.13254
8402,20101217 02:00:00,-0.28,-0.06,-0.3,0.08,-0.082641683,-0.12265
8403,20101217 03:00:00,-0.29,-0.06,-0.32,0.03,-0.05289852,-0.10282
8404,20101217 04:00:00,-0.29,-0.05,-0.33,-0.05,-0.029921551,-0.08293
8405,20101217 05:00:00,-0.27,-0.03,-0.31,-0.14,-0.022144131,-0.06301
8406,20101217 06:00:00,-0.24,0,-0.27,-0.26,-0.034949421,-0.06304
8407,20101217 07:00:00,-0.21,0.03,-0.22,-0.37,-0.07458239,-0.07306
8408,20101217 08:00:00,-0.17,0.05,-0.17,-0.46,-0.146291904,-0.11306
8409,20101217 09:00:00,-0.12,0.08,-0.11,-0.52,-0.245977794,-0.18308
8410,20101217 10:00:00,-0.05,0.11,-0.05,-0.53,-0.353758155,-0.2731
8411,20101217 11:00:00,0.02,0.14,0.01,-0.51,-0.438569326,-0.35313
8412,20101217 12:00:00,0.11,0.17,0.07,-0.46,-0.474601499,-0.41322
8413,20101217 13:00:00,0.19,0.21,0.13,-0.38,-0.454342777,-0.43335
8414,20101217 14:00:00,0.27,0.23,0.18,-0.28,-0.385821208,-0.40353
8415,20101217 15:00:00,0.33,0.24,0.22,-0.18,-0.287379568,-0.33363
8416,20101217 16:00:00,0.37,0.25,0.26,-0.08,-0.185108598,-0.26369
8417,20101217 17:00:00,0.38,0.24,0.27,0,-0.101858255,-0.18371
8418,20101217 18:00:00,0.35,0.22,0.27,0.06,-0.044772685,-0.11369
8419,20101217 19:00:00,0.27,0.19,0.23,0.09,-0.01008042,-0.05372
8420,20101217 20:00:00,0.17,0.14,0.16,0.11,0.003292882,-0.03371
8421,20101217 21:00:00,0.07,0.08,0.07,0.13,-0.007170349,-0.03378
8422,20101217 22:00:00,-0.04,0.02,-0.04,0.15,-0.037462523,-0.05378
8423,20101217 23:00:00,-0.14,-0.03,-0.14,0.17,-0.071495223,-0.08383
8424,20101218 00:00:00,-0.22,-0.07,-0.24,0.18,-0.092116514,-0.10388
8425,20101218 01:00:00,-0.29,-0.1,-0.31,0.17,-0.093560189,-0.11397
8426,20101218 02:00:00,-0.34,-0.11,-0.37,0.14,-0.079448796,-0.10403
8427,20101218 03:00:00,-0.37,-0.12,-0.4,0.09,-0.056025861,-0.09408
8428,20101218 04:00:00,-0.38,-0.1,-0.42,0.01,-0.033092394,-0.07416
8429,20101218 05:00:00,-0.35,-0.08,-0.4,-0.09,-0.022606265,-0.06418
8430,20101218 06:00:00,-0.32,-0.04,-0.36,-0.22,-0.031805435,-0.05414
8431,20101218 07:00:00,-0.28,-0.01,-0.3,-0.35,-0.065058356,-0.0641
8432,20101218 08:00:00,-0.23,0.03,-0.23,-0.47,-0.129402782,-0.10406
8433,20101218 09:00:00,-0.16,0.07,-0.15,-0.56,-0.228581963,-0.17407
8434,20101218 10:00:00,-0.08,0.11,-0.07,-0.61,-0.350577077,-0.26402
8435,20101218 11:00:00,0.01,0.15,0,-0.61,-0.465185736,-0.36395
8436,20101218 12:00:00,0.11,0.19,0.08,-0.56,-0.537504388,-0.4438
8437,20101218 13:00:00,0.21,0.23,0.16,-0.49,-0.546696424,-0.49366
8438,20101218 14:00:00,0.3,0.26,0.22,-0.38,-0.492466994,-0.48356
8439,20101218 15:00:00,0.38,0.28,0.28,-0.27,-0.389074096,-0.42342
8440,20101218 16:00:00,0.45,0.29,0.32,-0.15,-0.262784078,-0.33329
8441,20101218 17:00:00,0.47,0.29,0.35,-0.03,-0.145856934,-0.23315
8442,20101218 18:00:00,0.45,0.27,0.35,0.05,-0.059005855,-0.14301
8443,20101218 19:00:00,0.38,0.23,0.32,0.11,-0.002313913,-0.06293
8444,20101218 20:00:00,0.28,0.18,0.25,0.15,0.029851368,-0.01291
8445,20101218 21:00:00,0.15,0.11,0.15,0.17,0.035813455,0.00709
8446,20101218 22:00:00,0.02,0.04,0.03,0.19,0.014407124,-0.01289
8447,20101218 23:00:00,-0.11,-0.03,-0.1,0.21,-0.02224917,-0.04284
8448,20101219 00:00:00,-0.21,-0.08,-0.23,0.23,-0.053785104,-0.07275
8449,20101219 01:00:00,-0.3,-0.13,-0.33,0.22,-0.067761387,-0.08266
8450,20101219 02:00:00,-0.37,-0.15,-0.41,0.2,-0.064731458,-0.08261
8451,20101219 03:00:00,-0.43,-0.16,-0.46,0.16,-0.049412621,-0.08255
8452,20101219 04:00:00,-0.45,-0.16,-0.49,0.08,-0.027980925,-0.06246
8453,20101219 05:00:00,-0.44,-0.13,-0.49,-0.02,-0.012893845,-0.05239
8454,20101219 06:00:00,-0.41,-0.1,-0.46,-0.15,-0.017547246,-0.05236
8455,20101219 07:00:00,-0.36,-0.06,-0.39,-0.29,-0.046784776,-0.05233
8456,20101219 08:00:00,-0.31,-0.01,-0.32,-0.44,-0.103146707,-0.08238
8457,20101219 09:00:00,-0.24,0.04,-0.23,-0.56,-0.193531858,-0.14236
8458,20101219 10:00:00,-0.15,0.08,-0.13,-0.65,-0.317727219,-0.23242
8459,20101219 11:00:00,-0.05,0.13,-0.03,-0.68,-0.454097202,-0.34238
8460,20101219 12:00:00,0.06,0.18,0.06,-0.66,-0.56447652,-0.4523
8461,20101219 13:00:00,0.18,0.23,0.15,-0.59,-0.615084459,-0.52224
8462,20101219 14:00:00,0.29,0.28,0.24,-0.49,-0.592598993,-0.5422
8463,20101219 15:00:00,0.4,0.31,0.31,-0.37,-0.503374454,-0.51217
8464,20101219 16:00:00,0.49,0.33,0.37,-0.24,-0.368407756,-0.42212
8465,20101219 17:00:00,0.54,0.33,0.4,-0.11,-0.221743133,-0.31208
8466,20101219 18:00:00,0.54,0.32,0.42,0.01,-0.098815266,-0.20197
8467,20101219 19:00:00,0.5,0.29,0.4,0.1,-0.014588708,-0.10187
8468,20101219 20:00:00,0.4,0.24,0.35,0.16,0.037395949,-0.02179
8469,20101219 21:00:00,0.27,0.17,0.26,0.19,0.062596522,0.01822
8470,20101219 22:00:00,0.12,0.09,0.13,0.22,0.057838945,0.02833
8471,20101219 23:00:00,-0.03,0,-0.01,0.24,0.027161107,-0.00152
8472,20101220 00:00:00,-0.16,-0.07,-0.17,0.26,-0.010540596,-0.03132
8473,20101220 01:00:00,-0.27,-0.13,-0.31,0.27,-0.035834117,-0.06105
8474,20101220 02:00:00,-0.37,-0.17,-0.41,0.26,-0.043339981,-0.06083
8475,20101220 03:00:00,-0.44,-0.2,-0.49,0.22,-0.036513031,-0.06061
8476,20101220 04:00:00,-0.5,-0.2,-0.54,0.16,-0.019260618,-0.0503
8477,20101220 05:00:00,-0.52,-0.19,-0.56,0.06,0.000279706,-0.04008
8478,20101220 06:00:00,-0.5,-0.16,-0.55,-0.06,0.005287941,-0.02982
8479,20101220 07:00:00,-0.46,-0.11,-0.49,-0.2,-0.017485192,-0.03954
8480,20101220 08:00:00,-0.41,-0.06,-0.42,-0.36,-0.068471243,-0.05934
8481,20101220 09:00:00,-0.34,-0.01,-0.33,-0.51,-0.148036579,-0.1091
8482,20101220 10:00:00,-0.24,0.05,-0.22,-0.63,-0.262083556,-0.18887
8483,20101220 11:00:00,-0.14,0.1,-0.11,-0.7,-0.404403816,-0.29858
8484,20101220 12:00:00,-0.02,0.16,0,-0.71,-0.544525303,-0.4182
8485,20101220 13:00:00,0.11,0.21,0.1,-0.68,-0.640660884,-0.51786
8486,20101220 14:00:00,0.24,0.27,0.2,-0.6,-0.664108249,-0.57754
8487,20101220 15:00:00,0.37,0.32,0.3,-0.48,-0.609143838,-0.57739
8488,20101220 16:00:00,0.48,0.35,0.38,-0.35,-0.488172438,-0.51733
8489,20101220 17:00:00,0.56,0.37,0.44,-0.21,-0.32873221,-0.40729
8490,20101220 18:00:00,0.6,0.36,0.47,-0.07,-0.171491402,-0.27723
8491,20101220 19:00:00,0.59,0.34,0.47,0.05,-0.05100962,-0.15725
8492,20101220 20:00:00,0.52,0.3,0.44,0.14,0.025830412,-0.0572
8493,20101220 21:00:00,0.41,0.23,0.37,0.19,0.070268066,0.01278
8494,20101220 22:00:00,0.26,0.15,0.26,0.22,0.086525118,0.04279
8495,20101220 23:00:00,0.1,0.06,0.11,0.24,0.072367649,0.03278
8496,20101221 00:00:00,-0.06,-0.03,-0.06,0.26,0.037445015,0.00283
8497,20101221 01:00:00,-0.2,-0.11,-0.22,0.29,0.00297354,-0.02719
8498,20101221 02:00:00,-0.31,-0.17,-0.37,0.29,-0.016186045,-0.04717
8499,20101221 03:00:00,-0.41,-0.21,-0.47,0.27,-0.018997939,-0.04712
8500,20101221 04:00:00,-0.49,-0.23,-0.55,0.22,-0.008749043,-0.03714
8501,20101221 05:00:00,-0.55,-0.23,-0.59,0.15,0.010751681,-0.02712
8502,20101221 06:00:00,-0.56,-0.21,-0.6,0.04,0.026235468,-0.01712
8503,20101221 07:00:00,-0.55,-0.17,-0.58,-0.09,0.016997359,-0.01717
8504,20101221 08:00:00,-0.51,-0.12,-0.52,-0.24,-0.026184949,-0.02723
8505,20101221 09:00:00,-0.44,-0.07,-0.43,-0.4,-0.09850885,-0.06725
8506,20101221 10:00:00,-0.36,-0.01,-0.33,-0.55,-0.199039198,-0.13727
8507,20101221 11:00:00,-0.25,0.05,-0.21,-0.66,-0.331667268,-0.23729
8508,20101221 12:00:00,-0.13,0.11,-0.09,-0.72,-0.483695292,-0.3672
8509,20101221 13:00:00,0,0.17,0.02,-0.72,-0.618163634,-0.48703
8510,20101221 14:00:00,0.15,0.24,0.13,-0.67,-0.694559139,-0.57705
8511,20101221 15:00:00,0.29,0.3,0.24,-0.58,-0.690752501,-0.61695
8512,20101221 16:00:00,0.43,0.35,0.34,-0.46,-0.607322461,-0.58681
8513,20101221 17:00:00,0.54,0.38,0.42,-0.32,-0.46198745,-0.50663
8514,20101221 18:00:00,0.61,0.39,0.48,-0.18,-0.288645005,-0.37649
8515,20101221 19:00:00,0.63,0.38,0.5,-0.05,-0.131560315,-0.24631
8516,20101221 20:00:00,0.61,0.35,0.5,0.07,-0.020301601,-0.12608
8517,20101221 21:00:00,0.53,0.3,0.46,0.15,0.046718169,-0.02589
8518,20101221 22:00:00,0.4,0.23,0.37,0.2,0.083499664,0.03416
8519,20101221 23:00:00,0.24,0.14,0.25,0.22,0.092974256,0.05419
8520,20101222 00:00:00,0.08,0.04,0.08,0.25,0.07441747,0.03418
8521,20101222 01:00:00,-0.08,-0.05,-0.09,0.27,0.040166603,0.00422
8522,20101222 02:00:00,-0.22,-0.13,-0.26,0.29,0.010319454,-0.0258
8523,20101222 03:00:00,-0.34,-0.18,-0.4,0.29,-0.004008783,-0.03599
8524,20101222 04:00:00,-0.44,-0.22,-0.5,0.26,-0.002437446,-0.03623
8525,20101222 05:00:00,-0.52,-0.24,-0.57,0.21,0.012763789,-0.01632
8526,20101222 06:00:00,-0.58,-0.24,-0.61,0.12,0.034248665,-0.00635
8527,20101222 07:00:00,-0.6,-0.22,-0.62,0.01,0.042761589,0.00358
8528,20101222 08:00:00,-0.59,-0.18,-0.6,-0.12,0.017987855,-0.00646
8529,20101222 09:00:00,-0.54,-0.13,-0.53,-0.27,-0.043128032,-0.03651
8530,20101222 10:00:00,-0.46,-0.07,-0.44,-0.43,-0.13174032,-0.08655
8531,20101222 11:00:00,-0.37,-0.01,-0.33,-0.56,-0.246699553,-0.16655
8532,20101222 12:00:00,-0.26,0.05,-0.21,-0.66,-0.388960099,-0.28652
8533,20101222 13:00:00,-0.12,0.12,-0.09,-0.7,-0.539947644,-0.41648
8534,20101222 14:00:00,0.02,0.18,0.03,-0.69,-0.660925468,-0.53663
8535,20101222 15:00:00,0.17,0.25,0.14,-0.63,-0.715792628,-0.60659
8536,20101222 16:00:00,0.33,0.31,0.25,-0.54,-0.688667612,-0.62656
8537,20101222 17:00:00,0.46,0.36,0.35,-0.42,-0.584752541,-0.58653
8538,20101222 18:00:00,0.56,0.38,0.43,-0.29,-0.426366,-0.48644
8539,20101222 19:00:00,0.62,0.39,0.48,-0.15,-0.252069139,-0.35634
8540,20101222 20:00:00,0.63,0.38,0.5,-0.02,-0.105478504,-0.21617
8541,20101222 21:00:00,0.6,0.34,0.49,0.08,-0.008176301,-0.1061
8542,20101222 22:00:00,0.51,0.29,0.45,0.15,0.048783085,-0.01608
8543,20101222 23:00:00,0.37,0.21,0.35,0.18,0.080150186,0.03389
8544,20101223 00:00:00,0.22,0.12,0.22,0.2,0.086656024,0.04391
8545,20101223 01:00:00,0.05,0.03,0.05,0.23,0.067556407,0.01399
8546,20101223 02:00:00,-0.1,-0.06,-0.12,0.25,0.035542715,-0.00585
8547,20101223 03:00:00,-0.23,-0.13,-0.28,0.26,0.009147757,-0.0257
8548,20101223 04:00:00,-0.35,-0.18,-0.41,0.26,-0.001088224,-0.03555
8549,20101223 05:00:00,-0.46,-0.22,-0.51,0.22,0.00618003,-0.0253
8550,20101223 06:00:00,-0.54,-0.23,-0.57,0.17,0.026800493,-0.01501
8551,20101223 07:00:00,-0.6,-0.23,-0.61,0.09,0.048100814,0.00531
8552,20101223 08:00:00,-0.62,-0.21,-0.62,-0.02,0.048120597,0.00564
8553,20101223 09:00:00,-0.59,-0.17,-0.58,-0.14,0.010561312,-0.00401
8554,20101223 10:00:00,-0.54,-0.12,-0.51,-0.28,-0.06162049,-0.0437
8555,20101223 11:00:00,-0.46,-0.06,-0.42,-0.42,-0.158296674,-0.10332
8556,20101223 12:00:00,-0.36,0,-0.31,-0.54,-0.278147294,-0.193
8557,20101223 13:00:00,-0.25,0.06,-0.2,-0.62,-0.418856246,-0.31259
8558,20101223 14:00:00,-0.11,0.12,-0.09,-0.65,-0.558939816,-0.44218
8559,20101223 15:00:00,0.04,0.18,0.02,-0.63,-0.662002892,-0.5417
8560,20101223 16:00:00,0.19,0.25,0.13,-0.57,-0.696984811,-0.60133
8561,20101223 17:00:00,0.34,0.3,0.24,-0.48,-0.652564368,-0.61101
8562,20101223 18:00:00,0.46,0.35,0.34,-0.37,-0.537662579,-0.55069
8563,20101223 19:00:00,0.54,0.37,0.41,-0.25,-0.378422302,-0.44038
8564,20101223 20:00:00,0.59,0.37,0.45,-0.12,-0.215048382,-0.32017
8565,20101223 21:00:00,0.59,0.35,0.46,-0.01,-0.085980734,-0.19998
8566,20101223 22:00:00,0.55,0.32,0.45,0.07,-0.003659835,-0.09983
8567,20101223 23:00:00,0.46,0.27,0.4,0.12,0.045784093,-0.01975
8568,20101224 00:00:00,0.32,0.19,0.3,0.15,0.074581647,0.0203
8569,20101224 01:00:00,0.17,0.11,0.17,0.16,0.07957194,0.03023
8570,20101224 02:00:00,0.02,0.02,0.01,0.18,0.058764445,-7.00E-05
8571,20101224 03:00:00,-0.12,-0.06,-0.15,0.2,0.025087208,-0.02061
8572,20101224 04:00:00,-0.25,-0.12,-0.29,0.2,-0.00196035,-0.0312
8573,20101224 05:00:00,-0.36,-0.16,-0.4,0.19,-0.010365882,-0.04168
8574,20101224 06:00:00,-0.46,-0.19,-0.48,0.16,0.000396574,-0.03218
8575,20101224 07:00:00,-0.53,-0.21,-0.54,0.11,0.022467736,-0.01271
8576,20101224 08:00:00,-0.58,-0.21,-0.57,0.04,0.03986933,-0.00318
8577,20101224 09:00:00,-0.59,-0.19,-0.58,-0.05,0.032316419,-0.00354
8578,20101224 10:00:00,-0.56,-0.15,-0.54,-0.15,-0.01159514,-0.02384
8579,20101224 11:00:00,-0.5,-0.1,-0.46,-0.27,-0.086234377,-0.06422
8580,20101224 12:00:00,-0.42,-0.04,-0.38,-0.39,-0.181651634,-0.12454
8581,20101224 13:00:00,-0.32,0.01,-0.28,-0.49,-0.296038368,-0.21488
8582,20101224 14:00:00,-0.21,0.06,-0.18,-0.55,-0.425565917,-0.32526
8583,20101224 15:00:00,-0.08,0.12,-0.08,-0.57,-0.549630811,-0.44577
8584,20101224 16:00:00,0.06,0.18,0.02,-0.54,-0.635393772,-0.53622
8585,20101224 17:00:00,0.2,0.23,0.12,-0.48,-0.655735452,-0.57663
8586,20101224 18:00:00,0.32,0.28,0.21,-0.4,-0.602636088,-0.57704
8587,20101224 19:00:00,0.42,0.31,0.29,-0.31,-0.488638077,-0.51748
8588,20101224 20:00:00,0.48,0.32,0.34,-0.2,-0.341726915,-0.41784
8589,20101224 21:00:00,0.51,0.32,0.37,-0.1,-0.199043585,-0.2982
8590,20101224 22:00:00,0.5,0.31,0.38,-0.01,-0.090937333,-0.19845
8591,20101224 23:00:00,0.45,0.28,0.36,0.05,-0.022277556,-0.10874
8592,20101225 00:00:00,0.36,0.23,0.31,0.08,0.021254819,-0.0391
8593,20101225 01:00:00,0.24,0.16,0.22,0.09,0.046803482,-0.00943
8594,20101225 02:00:00,0.11,0.09,0.1,0.09,0.047279151,-0.0097
8595,20101225 03:00:00,-0.02,0.02,-0.03,0.1,0.02079733,-0.02994
8596,20101225 04:00:00,-0.14,-0.04,-0.16,0.11,-0.017815452,-0.05018
8597,20101225 05:00:00,-0.25,-0.09,-0.28,0.11,-0.047163913,-0.07037
8598,20101225 06:00:00,-0.35,-0.13,-0.37,0.09,-0.054963216,-0.07059
8599,20101225 07:00:00,-0.43,-0.15,-0.43,0.07,-0.042877961,-0.0708
8600,20101225 08:00:00,-0.49,-0.16,-0.47,0.03,-0.021069319,-0.06099
8601,20101225 09:00:00,-0.52,-0.16,-0.5,-0.02,-0.004924349,-0.04108
8602,20101225 10:00:00,-0.52,-0.14,-0.49,-0.08,-0.011725727,-0.04092
8603,20101225 11:00:00,-0.47,-0.1,-0.45,-0.16,-0.049952127,-0.06049
8604,20101225 12:00:00,-0.41,-0.06,-0.38,-0.25,-0.114045493,-0.09002
8605,20101225 13:00:00,-0.34,-0.02,-0.31,-0.34,-0.195249499,-0.14967
8606,20101225 14:00:00,-0.25,0.03,-0.22,-0.41,-0.291668492,-0.22914
8607,20101225 15:00:00,-0.15,0.07,-0.14,-0.45,-0.400017545,-0.32857
8608,20101225 16:00:00,-0.03,0.12,-0.06,-0.46,-0.502707344,-0.41804
8609,20101225 17:00:00,0.08,0.16,0.01,-0.43,-0.570673611,-0.48756
8610,20101225 18:00:00,0.18,0.2,0.09,-0.38,-0.579820355,-0.52704
8611,20101225 19:00:00,0.27,0.23,0.16,-0.31,-0.525224924,-0.51655
8612,20101225 20:00:00,0.33,0.25,0.21,-0.23,-0.421301953,-0.45598
8613,20101225 21:00:00,0.37,0.26,0.24,-0.14,-0.293973026,-0.37532
8614,20101225 22:00:00,0.37,0.25,0.25,-0.07,-0.173775592,-0.27454
8615,20101225 23:00:00,0.36,0.24,0.25,-0.01,-0.083253392,-0.18364
8616,20101226 00:00:00,0.31,0.21,0.24,0.02,-0.024109537,-0.10273
8617,20101226 01:00:00,0.23,0.17,0.19,0.03,0.014528316,-0.04188
8618,20101226 02:00:00,0.13,0.13,0.12,0.02,0.034060943,-0.02114
8619,20101226 03:00:00,0.03,0.07,0.02,0,0.025486211,-0.03049
8620,20101226 04:00:00,-0.07,0.02,-0.08,-0.01,-0.011320291,-0.04976
8621,20101226 05:00:00,-0.17,-0.02,-0.17,-0.01,-0.058620442,-0.07896
8622,20101226 06:00:00,-0.25,-0.06,-0.25,-0.02,-0.093632147,-0.09812
8623,20101226 07:00:00,-0.32,-0.08,-0.31,-0.03,-0.10462807,-0.11729
8624,20101226 08:00:00,-0.37,-0.1,-0.35,-0.04,-0.094061963,-0.11648
8625,20101226 09:00:00,-0.4,-0.1,-0.38,-0.06,-0.071199323,-0.1056
8626,20101226 10:00:00,-0.41,-0.1,-0.39,-0.08,-0.049242207,-0.0947
8627,20101226 11:00:00,-0.38,-0.08,-0.37,-0.11,-0.04447131,-0.08384
8628,20101226 12:00:00,-0.33,-0.04,-0.33,-0.15,-0.066231235,-0.083
8629,20101226 13:00:00,-0.28,-0.01,-0.27,-0.21,-0.109937209,-0.10217
8630,20101226 14:00:00,-0.21,0.02,-0.21,-0.26,-0.167518794,-0.14136
8631,20101226 15:00:00,-0.14,0.05,-0.15,-0.31,-0.238553401,-0.20055
8632,20101226 16:00:00,-0.07,0.08,-0.09,-0.33,-0.322455752,-0.26982
8633,20101226 17:00:00,0.01,0.11,-0.04,-0.33,-0.404674669,-0.34917
8634,20101226 18:00:00,0.07,0.13,0.01,-0.3,-0.458808391,-0.40851
8635,20101226 19:00:00,0.13,0.15,0.04,-0.26,-0.463534645,-0.42787
8636,20101226 20:00:00,0.18,0.17,0.07,-0.21,-0.416911639,-0.41729
8637,20101226 21:00:00,0.2,0.17,0.1,-0.15,-0.332369818,-0.3768
8638,20101226 22:00:00,0.21,0.17,0.11,-0.09,-0.229938074,-0.30636
8639,20101226 23:00:00,0.2,0.17,0.11,-0.05,-0.132529092,-0.226
8640,20101227 00:00:00,0.18,0.16,0.1,-0.02,-0.058188341,-0.14562
8641,20101227 01:00:00,0.14,0.14,0.08,-0.02,-0.009739034,-0.08525
8642,20101227 02:00:00,0.09,0.12,0.05,-0.04,0.018626438,-0.0349
8643,20101227 03:00:00,0.02,0.09,0,-0.07,0.024586472,-0.02456
8644,20101227 04:00:00,-0.06,0.06,-0.06,-0.11,-0.000296249,-0.04414
8645,20101227 05:00:00,-0.12,0.03,-0.11,-0.14,-0.053497205,-0.07362
8646,20101227 06:00:00,-0.18,0,-0.16,-0.15,-0.115431872,-0.11306
8647,20101227 07:00:00,-0.22,-0.02,-0.21,-0.16,-0.162190519,-0.15251
8648,20101227 08:00:00,-0.25,-0.03,-0.24,-0.17,-0.181382767,-0.17203
8649,20101227 09:00:00,-0.27,-0.03,-0.25,-0.16,-0.1738084,-0.18148
8650,20101227 10:00:00,-0.26,-0.03,-0.26,-0.15,-0.146404918,-0.17098
8651,20101227 11:00:00,-0.24,-0.02,-0.25,-0.14,-0.111423873,-0.15055
8652,20101227 12:00:00,-0.21,0,-0.22,-0.13,-0.086737781,-0.13015
8653,20101227 13:00:00,-0.16,0.02,-0.18,-0.14,-0.083889867,-0.11973
8654,20101227 14:00:00,-0.11,0.05,-0.14,-0.15,-0.100032004,-0.10931
8655,20101227 15:00:00,-0.07,0.07,-0.1,-0.17,-0.128811767,-0.12889
8656,20101227 16:00:00,-0.03,0.08,-0.05,-0.19,-0.171740306,-0.15848
8657,20101227 17:00:00,0,0.09,-0.03,-0.2,-0.231216567,-0.20802
8658,20101227 18:00:00,0.02,0.09,-0.02,-0.19,-0.295734485,-0.26763
8659,20101227 19:00:00,0.03,0.09,-0.02,-0.17,-0.341382015,-0.30731
8660,20101227 20:00:00,0.05,0.09,-0.03,-0.13,-0.349399416,-0.33705
8661,20101227 21:00:00,0.05,0.09,-0.03,-0.1,-0.317898677,-0.33669
8662,20101227 22:00:00,0.04,0.09,-0.03,-0.07,-0.255706148,-0.29635
8663,20101227 23:00:00,0.02,0.08,-0.05,-0.04,-0.175622804,-0.24607
8664,20101228 00:00:00,0,0.07,-0.06,-0.03,-0.09617154,-0.18581
8665,20101228 01:00:00,-0.01,0.07,-0.08,-0.04,-0.035454066,-0.12555
8666,20101228 02:00:00,-0.03,0.06,-0.09,-0.06,0.000421832,-0.06526
8667,20101228 03:00:00,-0.06,0.06,-0.1,-0.11,0.013987152,-0.03499
8668,20101228 04:00:00,-0.09,0.05,-0.11,-0.18,0.00212102,-0.03473
8669,20101228 05:00:00,-0.13,0.04,-0.12,-0.24,-0.042466254,-0.06438
8670,20101228 06:00:00,-0.15,0.04,-0.14,-0.29,-0.115673097,-0.1041
8671,20101228 07:00:00,-0.16,0.03,-0.14,-0.31,-0.196559097,-0.16385
8672,20101228 08:00:00,-0.16,0.03,-0.15,-0.32,-0.258495535,-0.22359
8673,20101228 09:00:00,-0.15,0.04,-0.15,-0.31,-0.285550995,-0.26333
8674,20101228 10:00:00,-0.12,0.04,-0.13,-0.27,-0.276163094,-0.27315
8675,20101228 11:00:00,-0.09,0.05,-0.11,-0.23,-0.236378311,-0.26305
8676,20101228 12:00:00,-0.05,0.06,-0.09,-0.19,-0.180071234,-0.22303
8677,20101228 13:00:00,-0.01,0.08,-0.06,-0.14,-0.128443635,-0.18301
8678,20101228 14:00:00,0.03,0.09,-0.03,-0.11,-0.096180253,-0.15296
8679,20101228 15:00:00,0.06,0.1,0,-0.08,-0.082327735,-0.12301
8680,20101228 16:00:00,0.08,0.11,0.03,-0.08,-0.082050606,-0.11306
8681,20101228 17:00:00,0.07,0.1,0.03,-0.08,-0.098776162,-0.11318
8682,20101228 18:00:00,0.04,0.09,0.02,-0.07,-0.137521316,-0.1433
8683,20101228 19:00:00,0,0.06,-0.02,-0.06,-0.190008082,-0.18356
8684,20101228 20:00:00,-0.03,0.04,-0.06,-0.03,-0.23440579,-0.22379
8685,20101228 21:00:00,-0.06,0.02,-0.11,-0.02,-0.251970396,-0.25392
8686,20101228 22:00:00,-0.09,0.01,-0.14,0,-0.237906393,-0.25411
8687,20101228 23:00:00,-0.13,-0.01,-0.17,0.01,-0.195718025,-0.23442
8688,20101229 00:00:00,-0.16,-0.02,-0.21,0,-0.133385021,-0.19473
8689,20101229 01:00:00,-0.18,-0.02,-0.24,-0.02,-0.06861013,-0.14506
8690,20101229 02:00:00,-0.19,-0.02,-0.25,-0.05,-0.021995741,-0.10547
8691,20101229 03:00:00,-0.18,0,-0.24,-0.11,-0.001558439,-0.06581
8692,20101229 04:00:00,-0.18,0.01,-0.22,-0.2,-0.005856363,-0.0461
8693,20101229 05:00:00,-0.18,0.02,-0.2,-0.29,-0.03782256,-0.06631
8694,20101229 06:00:00,-0.17,0.04,-0.17,-0.37,-0.104520592,-0.10651
8695,20101229 07:00:00,-0.16,0.05,-0.14,-0.43,-0.201155844,-0.16682
8696,20101229 08:00:00,-0.13,0.06,-0.11,-0.46,-0.303177206,-0.24717
8697,20101229 09:00:00,-0.09,0.08,-0.09,-0.45,-0.378760814,-0.31753
8698,20101229 10:00:00,-0.03,0.1,-0.05,-0.42,-0.408695562,-0.36783
8699,20101229 11:00:00,0.03,0.12,0,-0.37,-0.390511844,-0.38817
8700,20101229 12:00:00,0.08,0.13,0.04,-0.3,-0.331351921,-0.35848
8701,20101229 13:00:00,0.13,0.14,0.07,-0.22,-0.248376743,-0.30872
8702,20101229 14:00:00,0.17,0.15,0.09,-0.14,-0.16735742,-0.2389
8703,20101229 15:00:00,0.2,0.16,0.11,-0.07,-0.106396128,-0.17904
8704,20101229 16:00:00,0.21,0.16,0.14,-0.01,-0.065648389,-0.12921
8705,20101229 17:00:00,0.18,0.14,0.13,0.02,-0.040095552,-0.0894
8706,20101229 18:00:00,0.12,0.11,0.1,0.03,-0.035257643,-0.06965
8707,20101229 19:00:00,0.05,0.07,0.04,0.04,-0.059648418,-0.08991
8708,20101229 20:00:00,-0.03,0.03,-0.03,0.06,-0.10724466,-0.12011
8709,20101229 21:00:00,-0.1,-0.01,-0.12,0.08,-0.155552354,-0.16037
8710,20101229 22:00:00,-0.17,-0.05,-0.2,0.09,-0.183812191,-0.19059
8711,20101229 23:00:00,-0.23,-0.07,-0.26,0.08,-0.183949016,-0.20094
8712,20101230 00:00:00,-0.28,-0.09,-0.31,0.06,-0.155590433,-0.19133
8713,20101230 01:00:00,-0.32,-0.1,-0.36,0.03,-0.105647235,-0.16181
8714,20101230 02:00:00,-0.34,-0.1,-0.39,-0.01,-0.053138339,-0.13239
8715,20101230 03:00:00,-0.33,-0.09,-0.39,-0.08,-0.02011832,-0.09274
8716,20101230 04:00:00,-0.3,-0.06,-0.36,-0.17,-0.015107549,-0.07319
8717,20101230 05:00:00,-0.27,-0.03,-0.32,-0.28,-0.036550357,-0.06355
8718,20101230 06:00:00,-0.24,0,-0.26,-0.4,-0.088299438,-0.09386
8719,20101230 07:00:00,-0.2,0.04,-0.2,-0.49,-0.17797328,-0.1543
8720,20101230 08:00:00,-0.15,0.07,-0.13,-0.56,-0.298265177,-0.23478
8721,20101230 09:00:00,-0.08,0.09,-0.08,-0.58,-0.418101455,-0.33523
8722,20101230 10:00:00,0,0.13,-0.02,-0.56,-0.500228438,-0.42562
8723,20101230 11:00:00,0.09,0.16,0.05,-0.52,-0.524197606,-0.47603
8724,20101230 12:00:00,0.17,0.19,0.12,-0.44,-0.489656018,-0.47647
8725,20101230 13:00:00,0.23,0.2,0.17,-0.34,-0.406083939,-0.43689
8726,20101230 14:00:00,0.28,0.21,0.2,-0.23,-0.295250262,-0.36729
8727,20101230 15:00:00,0.32,0.22,0.22,-0.12,-0.188353384,-0.27768
8728,20101230 16:00:00,0.34,0.21,0.24,-0.02,-0.105449624,-0.19802
8729,20101230 17:00:00,0.32,0.2,0.24,0.05,-0.044985715,-0.1184
8730,20101230 18:00:00,0.24,0.16,0.21,0.09,-0.001504184,-0.05889
8731,20101230 19:00:00,0.14,0.11,0.14,0.12,0.016770182,-0.02941
8732,20101230 20:00:00,0.03,0.06,0.05,0.14,-0.002125614,-0.03992
8733,20101230 21:00:00,-0.07,-0.01,-0.06,0.16,-0.051442349,-0.07043
8734,20101230 22:00:00,-0.17,-0.06,-0.18,0.17,-0.105450321,-0.12091
8735,20101230 23:00:00,-0.26,-0.11,-0.28,0.16,-0.141078083,-0.15136
8736,20101231 00:00:00,-0.34,-0.14,-0.36,0.14,-0.149740931,-0.16178
8737,20101231 01:00:00,-0.4,-0.16,-0.43,0.11,-0.130305321,-0.16232
8738,20101231 02:00:00,-0.44,-0.17,-0.48,0.05,-0.089375373,-0.14279
8739,20101231 03:00:00,-0.45,-0.16,-0.51,-0.02,-0.047290425,-0.12329
8740,20101231 04:00:00,-0.42,-0.13,-0.5,-0.11,-0.026893841,-0.09386
8741,20101231 05:00:00,-0.38,-0.1,-0.45,-0.23,-0.036289582,-0.08443
8742,20101231 06:00:00,-0.33,-0.05,-0.38,-0.36,-0.074464304,-0.09501
8743,20101231 07:00:00,-0.28,-0.01,-0.3,-0.49,-0.146554099,-0.13577
8744,20101231 08:00:00,-0.22,0.04,-0.21,-0.59,-0.259638148,-0.20652
8745,20101231 09:00:00,-0.14,0.08,-0.12,-0.65,-0.400726829,-0.31727
8746,20101231 10:00:00,-0.04,0.12,-0.04,-0.66,-0.531021354,-0.42797
8747,20101231 11:00:00,0.07,0.16,0.04,-0.64,-0.610101225,-0.5286
8748,20101231 12:00:00,0.18,0.21,0.13,-0.57,-0.620443655,-0.56925
8749,20101231 13:00:00,0.27,0.24,0.21,-0.47,-0.564829042,-0.55993
8750,20101231 14:00:00,0.35,0.26,0.26,-0.35,-0.456145426,-0.49053
8751,20101231 15:00:00,0.4,0.27,0.3,-0.22,-0.321345094,-0.40102
8752,20101231 16:00:00,0.44,0.27,0.33,-0.09,-0.196350235,-0.30157
8753,20101231 17:00:00,0.43,0.25,0.33,0.01,-0.100526473,-0.2021
8754,20101231 18:00:00,0.38,0.22,0.31,0.09,-0.02876631,-0.11267
8755,20101231 19:00:00,0.27,0.17,0.25,0.15,0.024526202,-0.04329
8756,20101231 20:00:00,0.15,0.11,0.16,0.18,0.047431714,-0.0139
8757,20101231 21:00:00,0.02,0.03,0.04,0.21,0.026993465,-0.02453
8758,20101231 22:00:00,-0.11,-0.04,-0.1,0.23,-0.02585282,-0.05509
8759,20101231 23:00:00,-0.22,-0.1,-0.24,0.23,-0.081796369,-0.09566
8760,20110101 00:00:00,-0.32,-0.15,-0.35,0.23,-0.119138818,-0.12625
8761,20110101 01:00:00,-0.41,-0.19,-0.44,0.19,-0.131494715,-0.1469
8762,20110101 02:00:00,-0.48,-0.21,-0.51,0.15,-0.117253973,-0.14757
8763,20110101 03:00:00,-0.51,-0.22,-0.57,0.08,-0.082493009,-0.13828
8764,20110101 04:00:00,-0.51,-0.2,-0.59,-0.01,-0.048871502,-0.11901
8765,20110101 05:00:00,-0.48,-0.16,-0.56,-0.13,-0.03977696,-0.09978
8766,20110101 06:00:00,-0.43,-0.12,-0.5,-0.26,-0.063082506,-0.10058
8767,20110101 07:00:00,-0.37,-0.07,-0.41,-0.41,-0.118350474,-0.12145
8768,20110101 08:00:00,-0.31,-0.01,-0.32,-0.54,-0.211290938,-0.17225
8769,20110101 09:00:00,-0.23,0.04,-0.21,-0.64,-0.345320101,-0.27289
8770,20110101 10:00:00,-0.13,0.09,-0.11,-0.69,-0.499635012,-0.39345
8771,20110101 11:00:00,-0.01,0.14,-0.01,-0.69,-0.629894846,-0.514
8772,20110101 12:00:00,0.11,0.19,0.09,-0.65,-0.69710749,-0.60462
8773,20110101 13:00:00,0.24,0.24,0.19,-0.57,-0.688566024,-0.63521
8774,20110101 14:00:00,0.34,0.28,0.27,-0.46,-0.610296909,-0.60564
8775,20110101 15:00:00,0.43,0.3,0.33,-0.33,-0.479091086,-0.52607
8776,20110101 16:00:00,0.48,0.31,0.37,-0.19,-0.328125477,-0.42637
8777,20110101 17:00:00,0.51,0.3,0.39,-0.06,-0.195260623,-0.30656
8778,20110101 18:00:00,0.48,0.28,0.39,0.06,-0.095665455,-0.1966
8779,20110101 19:00:00,0.4,0.23,0.35,0.14,-0.020096258,-0.09673
8780,20110101 20:00:00,0.28,0.17,0.27,0.19,0.03505324,-0.02684
8781,20110101 21:00:00,0.14,0.1,0.16,0.23,0.055369686,-0.00708
8782,20110101 22:00:00,0,0.01,0.02,0.26,0.031165703,-0.02732
8783,20110101 23:00:00,-0.13,-0.07,-0.14,0.27,-0.021213927,-0.05756
